State,Case Number,Persons,County,City,Month,Day,Route,Rural/Urban,Latitude,Longitude,First Harmful Event,Manner of Collision,Light Conditions,Weather
Arizona,40053,2,MARICOPA (13),SCOTTSDALE,January,Tuesday,State Highway,Urban,33.45920278,-111.8892361,Motor Vehicle In-Transport,Sideswipe - Same Direction,Dusk,Clear
Arizona,40059,1,MARICOPA (13),TEMPE,January,Wednesday,Local Street - Municipality,Urban,33.44012222,-111.9332417,Pedalcyclist,The First Harmful Event was Not a Collision with a Motor Vehicle in Transport,Dark - Lighted,Clear
Arizona,40061,1,MARICOPA (13),TOLLESON,January,Saturday,Local Street - Municipality,Urban,33.437225,-112.2382361,Pedestrian,The First Harmful Event was Not a Collision with a Motor Vehicle in Transport,Dawn,Clear
Arizona,40063,1,MARICOPA (13),PHOENIX,January,Thursday,Local Street - Municipality,Urban,33.53121111,-112.1146583,Pedestrian,The First Harmful Event was Not a Collision with a Motor Vehicle in Transport,Daylight,Clear
Arizona,40065,1,MARICOPA (13),PHOENIX,January,Thursday,Local Street - Municipality,Urban,33.60398333,-112.0365806,Pedestrian,The First Harmful Event was Not a Collision with a Motor Vehicle in Transport,Daylight,Clear
Arizona,40066,1,MARICOPA (13),PHOENIX,January,Wednesday,Local Street - Municipality,Urban,33.37774167,-112.0693694,Pedestrian,The First Harmful Event was Not a Collision with a Motor Vehicle in Transport,Dark - Lighted,Clear
Arizona,40067,2,MARICOPA (13),PHOENIX,January,Friday,Local Street - Municipality,Urban,33.5676,-112.0980972,Motor Vehicle In-Transport,Front-to-Front,Dark - Lighted,Clear
Arizona,40068,5,MARICOPA (13),PHOENIX,January,Sunday,Local Street - Municipality,Urban,33.46603333,-112.1711944,Motor Vehicle In-Transport,Sideswipe - Opposite Direction,Dark - Lighted,Rain
Arizona,40069,1,MARICOPA (13),PHOENIX,January,Tuesday,Local Street - Municipality,Urban,33.48050278,-112.1689833,Pedestrian,The First Harmful Event was Not a Collision with a Motor Vehicle in Transport,Dark - Lighted,Cloudy
Arizona,40071,1,MARICOPA (13),PHOENIX,January,Sunday,Local Street - Municipality,Urban,33.45179167,-112.2298028,Pedestrian,The First Harmful Event was Not a Collision with a Motor Vehicle in Transport,Dark - Not Lighted,Clear
Arizona,40072,6,MARICOPA (13),PHOENIX,January,Sunday,Local Street - Municipality,Urban,33.45181389,-112.2306833,Motor Vehicle In-Transport,Front-to-Front,Dark - Lighted,Clear
Arizona,40073,3,MARICOPA (13),PHOENIX,January,Tuesday,Local Street - Municipality,Urban,33.54680833,-112.0650556,Pedestrian,The First Harmful Event was Not a Collision with a Motor Vehicle in Transport,Dusk,Clear
Arizona,40074,1,MARICOPA (13),PHOENIX,January,Saturday,Local Street - Municipality,Urban,33.40602222,-112.0269194,Curb,The First Harmful Event was Not a Collision with a Motor Vehicle in Transport,Dark - Lighted,Clear
Arizona,40075,2,MARICOPA (13),PHOENIX,January,Sunday,Local Street - Municipality,Urban,33.47697778,-112.1994333,Motor Vehicle In-Transport,Angle,Daylight,Clear
Arizona,40076,2,MARICOPA (13),PHOENIX,January,Tuesday,Local Street - Municipality,Urban,33.62513611,-112.1359,Motor Vehicle In-Transport,Angle,Dark - Lighted,Clear
Arizona,40077,1,PINAL (21),ORACLE,February,Friday,State Highway,Rural,32.63995833,-110.7238889,Rollover/Overturn,The First Harmful Event was Not a Collision with a Motor Vehicle in Transport,Daylight,Clear
Arizona,40078,2,MARICOPA (13),TEMPE,February,Saturday,U.S. Highway,Urban,33.38552222,-111.9243556,Motor Vehicle In-Transport,Front-to-Rear,Dark - Lighted,Cloudy
Arizona,40079,1,MARICOPA (13),MESA,February,Friday,State Highway,Urban,33.43523611,-111.8966917,Rollover/Overturn,The First Harmful Event was Not a Collision with a Motor Vehicle in Transport,Daylight,Clear
Arizona,40081,2,PIMA (19),TUCSON,February,Saturday,Local Street - Municipality,Urban,32.25103611,-110.9096944,Motor Vehicle In-Transport,Front-to-Front,Dark - Lighted,Clear
Arizona,40082,1,MARICOPA (13),SCOTTSDALE,February,Saturday,State Highway,Urban,33.49712222,-111.8878194,Traffic Sign Support,The First Harmful Event was Not a Collision with a Motor Vehicle in Transport,Dark - Lighted,Cloudy
Arizona,40084,2,MARICOPA (13),CHANDLER,February,Wednesday,Local Street - Municipality,Urban,33.30535556,-111.9671611,Motor Vehicle In-Transport,Angle,Dark - Lighted,Clear
Arizona,40085,1,YAVAPAI (25),PRESCOTT VALLEY,February,Thursday,Local Street - Municipality,Urban,34.60965833,-112.3213639,Pedestrian,The First Harmful Event was Not a Collision with a Motor Vehicle in Transport,Daylight,Clear
Arizona,40086,2,PINAL (21),MARICOPA WELLS,February,Thursday,State Highway,Rural,33.04979444,-112.0359444,Motor Vehicle In-Transport,Front-to-Front,Daylight,Clear
Arizona,40093,1,PIMA (19),TUCSON,February,Wednesday,Local Street - Municipality,Urban,32.251075,-110.9719667,Pedestrian,The First Harmful Event was Not a Collision with a Motor Vehicle in Transport,Dark - Lighted,Clear
Arizona,40095,4,MARICOPA (13),BUCKEYE,February,Thursday,State Highway,Rural,33.37764167,-112.6265806,Motor Vehicle In-Transport,Angle,Daylight,Rain
Arizona,40097,2,MARICOPA (13),CHANDLER,February,Friday,Local Street - Municipality,Urban,33.32074444,-111.8349917,Pedestrian,The First Harmful Event was Not a Collision with a Motor Vehicle in Transport,Dark - Lighted,Clear
Arizona,40101,3,MARICOPA (13),PHOENIX,February,Sunday,Interstate,Rural,33.46297778,-112.1103222,Rollover/Overturn,The First Harmful Event was Not a Collision with a Motor Vehicle in Transport,Dark - Lighted,Cloudy
Arizona,40102,1,MARICOPA (13),GILBERT,February,Sunday,Local Street - Municipality,Urban,33.30678056,-111.7593528,Pedestrian,The First Harmful Event was Not a Collision with a Motor Vehicle in Transport,Daylight,Cloudy
Arizona,40103,3,MARICOPA (13),PEORIA,February,Sunday,Local Street - Municipality,Urban,33.55264444,-112.2118278,Motor Vehicle In-Transport,Angle,Daylight,Clear
Arizona,40105,1,MARICOPA (13),SURPRISE,February,Tuesday,U.S. Highway,Urban,33.64931667,-112.3637361,Traffic Signal Support,The First Harmful Event was Not a Collision with a Motor Vehicle in Transport,Daylight,Clear
Arizona,40106,2,MARICOPA (13),PEORIA,February,Tuesday,U.S. Highway,Urban,33.58793333,-112.2454556,Motor Vehicle In-Transport,Angle,Dark - Lighted,Clear
Arizona,40107,2,PINAL (21),CASA GRANDE,February,Thursday,Local Street - Municipality,Urban,32.86618333,-111.7402278,Motor Vehicle In-Transport,Angle,Dark - Not Lighted,Cloudy
Arizona,40108,3,MARICOPA (13),TEMPE,February,Thursday,Local Street - Municipality,Urban,33.39301111,-111.9005528,Motor Vehicle In-Transport,Angle,Daylight,Rain
Arizona,40111,2,PIMA (19),SAHUARITA,February,Friday,Interstate,Urban,31.94279167,-110.9869528,Motor Vehicle In-Transport,Front-to-Rear,Daylight,Snow
Arizona,40112,1,PIMA (19),GREEN VALLEY,February,Saturday,Interstate,Urban,31.87046944,-110.98935,Embankment,The First Harmful Event was Not a Collision with a Motor Vehicle in Transport,Daylight,Clear
Arizona,40114,2,PINAL (21),CASA GRANDE,February,Tuesday,Interstate,Urban,32.90680833,-111.6865611,Motor Vehicle In-Transport,Front-to-Rear,Dark - Not Lighted,Clear
Arizona,40117,1,PINAL (21),ELOY,February,Wednesday,Local Street - Municipality,Urban,32.7868,-111.5819528,Pedestrian,The First Harmful Event was Not a Collision with a Motor Vehicle in Transport,Dark - Not Lighted,Clear
Arizona,40118,2,PIMA (19),TUCSON,February,Thursday,Local Street - Municipality,Urban,32.19956389,-110.99035,Pedestrian,The First Harmful Event was Not a Collision with a Motor Vehicle in Transport,Daylight,Clear
Arizona,40121,2,MARICOPA (13),MESA,March,Friday,Local Street - Municipality,Urban,33.42831667,-111.6844333,Motor Vehicle In-Transport,Angle,Dusk,Clear
Arizona,40124,2,MARICOPA (13),GLENDALE,March,Tuesday,Local Street - Municipality,Urban,33.58193333,-112.1893639,Pedestrian,The First Harmful Event was Not a Collision with a Motor Vehicle in Transport,Dark - Not Lighted,Clear
Arizona,40125,2,MARICOPA (13),PEORIA,March,Tuesday,Local Street - Municipality,Urban,33.638075,-112.2389528,Traffic Sign Support,The First Harmful Event was Not a Collision with a Motor Vehicle in Transport,Daylight,Clear
Arizona,40127,2,MARICOPA (13),PHOENIX,March,Tuesday,Interstate,Urban,33.54233611,-112.1108667,Motor Vehicle In-Transport,Front-to-Rear,Dark - Lighted,Clear
Arizona,40128,2,PIMA (19),TUCSON,March,Wednesday,Local Street - Municipality,Urban,32.23786667,-110.8578333,Motor Vehicle In-Transport,Angle,Daylight,Clear
Arizona,40130,1,MARICOPA (13),PEORIA,March,Thursday,State Highway,Urban,33.72653889,-112.3090722,Fence,The First Harmful Event was Not a Collision with a Motor Vehicle in Transport,Dark - Lighted,Clear
Arizona,40133,3,PIMA (19),TUCSON,March,Saturday,Local Street - Municipality,Urban,32.133975,-110.9692222,Motor Vehicle In-Transport,Front-to-Rear,Dark - Lighted,Clear
Arizona,40136,2,APACHE (1),SANDERS,March,Sunday,Interstate,Rural,35.22019722,-109.3262806,Rollover/Overturn,The First Harmful Event was Not a Collision with a Motor Vehicle in Transport,Daylight,Clear
Arizona,40138,5,PIMA (19),TUCSON,March,Monday,State Highway,Urban,32.29678611,-110.9784944,Pedestrian,The First Harmful Event was Not a Collision with a Motor Vehicle in Transport,Dark - Not Lighted,Cloudy
Arizona,40139,2,MARICOPA (13),PHOENIX,March,Thursday,Local Street - Municipality,Urban,33.50294722,-112.1688167,Motor Vehicle In-Transport,Angle,Daylight,Clear
Arizona,40140,2,MARICOPA (13),GLENDALE,March,Friday,State Highway,Urban,33.65967778,-112.2323806,Concrete Traffic Barrier,The First Harmful Event was Not a Collision with a Motor Vehicle in Transport,Daylight,Clear
Arizona,40144,1,MARICOPA (13),SURPRISE,March,Sunday,State Highway,Urban,33.67925,-112.4058806,Rollover/Overturn,The First Harmful Event was Not a Collision with a Motor Vehicle in Transport,Daylight,Clear
Arizona,40145,2,MARICOPA (13),PHOENIX,March,Sunday,Local Street - Municipality,Urban,33.44788889,-111.9817194,Curb,The First Harmful Event was Not a Collision with a Motor Vehicle in Transport,Dusk,Clear
Arizona,40147,2,MARICOPA (13),PEORIA,March,Tuesday,Local Street - Municipality,Urban,33.55173056,-112.2549861,Motor Vehicle In-Transport,Angle,Dark - Lighted,Clear
Arizona,40148,1,MARICOPA (13),PHOENIX,March,Wednesday,State Highway,Urban,33.62656667,-112.0065111,Rollover/Overturn,The First Harmful Event was Not a Collision with a Motor Vehicle in Transport,Dark - Lighted,Clear
Arizona,40149,2,MARICOPA (13),AVONDALE,March,Thursday,County Road,Urban,33.43545556,-112.2897139,Motor Vehicle In-Transport,Angle,Daylight,Clear
Arizona,40151,3,MARICOPA (13),SUN CITY,March,Friday,Local Street - Municipality,Urban,33.63817778,-112.289525,Motor Vehicle In-Transport,Front-to-Rear,Daylight,Clear
Arizona,40155,1,PIMA (19),TUCSON,March,Tuesday,Local Street - Municipality,Urban,32.24335556,-110.8601861,Pedestrian,The First Harmful Event was Not a Collision with a Motor Vehicle in Transport,Dark - Lighted,Clear
Arizona,40158,1,PIMA (19),TUCSON,March,Wednesday,Local Street - Municipality,Urban,32.14628611,-110.9776306,Pedestrian,The First Harmful Event was Not a Collision with a Motor Vehicle in Transport,Dark - Lighted,Clear
Arizona,40160,1,COCONINO (5),FLAGSTAFF,March,Friday,Interstate,Urban,35.21593056,-111.5836583,Pedestrian,The First Harmful Event was Not a Collision with a Motor Vehicle in Transport,Dark - Not Lighted,Clear
Arizona,40161,5,MARICOPA (13),PHOENIX,March,Saturday,State Highway,Urban,33.66219167,-111.9447222,Motor Vehicle In-Transport,Front-to-Rear,Daylight,Clear
Arizona,40162,3,PIMA (19),TUCSON,March,Sunday,Local Street - Municipality,Urban,32.23554167,-110.8044806,Motor Vehicle In-Transport,Front-to-Rear,Dark - Lighted,Clear
Arizona,40165,5,MARICOPA (13),GLENDALE,February,Saturday,Local Street - Municipality,Urban,33.57801667,-112.1861806,Motor Vehicle In-Transport,Front-to-Front,Dark - Lighted,Clear
Arizona,40167,2,MARICOPA (13),SCOTTSDALE,March,Tuesday,Local Street - Municipality,Urban,33.80186111,-111.9281722,Rollover/Overturn,The First Harmful Event was Not a Collision with a Motor Vehicle in Transport,Daylight,Rain
Arizona,40169,1,MARICOPA (13),MESA,January,Sunday,Local Street - Municipality,Urban,33.40015833,-111.8187,Pedestrian,The First Harmful Event was Not a Collision with a Motor Vehicle in Transport,Dark - Lighted,Rain
Arizona,40171,1,MARICOPA (13),PHOENIX,February,Friday,Local Street - Municipality,Urban,33.46602222,-112.1615417,Pedestrian,The First Harmful Event was Not a Collision with a Motor Vehicle in Transport,Dark - Lighted,Clear
Arizona,40173,1,MARICOPA (13),PHOENIX,February,Sunday,Local Street - Municipality,Urban,33.4642,-112.0128833,Pedestrian,The First Harmful Event was Not a Collision with a Motor Vehicle in Transport,Dark - Not Lighted,Rain
Arizona,40174,2,MARICOPA (13),PHOENIX,February,Sunday,Local Street - Municipality,Urban,33.61064444,-112.1387,Object That Had Fallen From Motor Vehicle In-Transport,The First Harmful Event was Not a Collision with a Motor Vehicle in Transport,Dark - Lighted,Rain
Arizona,40179,4,MARICOPA (13),PHOENIX,February,Sunday,Local Street - Municipality,Urban,33.48044444,-112.1950222,Pedestrian,The First Harmful Event was Not a Collision with a Motor Vehicle in Transport,Daylight,Clear
Arizona,40183,3,MARICOPA (13),PHOENIX,February,Thursday,Local Street - Municipality,Urban,33.52401944,-112.0923917,Motor Vehicle In-Transport,Angle,Daylight,Rain
Arizona,40185,1,MARICOPA (13),PHOENIX,February,Thursday,Local Street - Municipality,Urban,33.39223333,-112.0822583,Pedestrian,The First Harmful Event was Not a Collision with a Motor Vehicle in Transport,Dark - Lighted,Snow
Arizona,40187,1,MARICOPA (13),PHOENIX,February,Friday,Local Street - Municipality,Urban,33.46559722,-111.984,Pedestrian,The First Harmful Event was Not a Collision with a Motor Vehicle in Transport,Dark - Lighted,Clear
Arizona,40189,3,MARICOPA (13),PHOENIX,February,Wednesday,Local Street - Municipality,Urban,33.56756111,-112.1429389,Motor Vehicle In-Transport,Angle,Daylight,Clear
Arizona,40190,1,MARICOPA (13),PHOENIX,February,Thursday,Local Street - Municipality,Urban,33.46593333,-112.1172111,Pedestrian,The First Harmful Event was Not a Collision with a Motor Vehicle in Transport,Dark - Lighted,Clear
Arizona,40191,2,MARICOPA (13),PHOENIX,February,Thursday,Local Street - Municipality,Urban,33.39221111,-112.1098556,Motor Vehicle In-Transport,Front-to-Front,Daylight,Clear
Arizona,40192,1,MARICOPA (13),PHOENIX,February,Thursday,Local Street - Municipality,Urban,33.56054167,-112.0652083,Pedestrian,The First Harmful Event was Not a Collision with a Motor Vehicle in Transport,Daylight,Clear
Arizona,40193,6,MARICOPA (13),PHOENIX,February,Thursday,Local Street - Municipality,Urban,33.59721944,-111.9958167,Motor Vehicle In-Transport,Angle,Dark - Lighted,Clear
Arizona,40195,3,MARICOPA (13),PHOENIX,March,Sunday,Local Street - Municipality,Urban,33.45121944,-112.1742722,Motor Vehicle In-Transport,Angle,Dark - Lighted,Clear
Arizona,40196,4,MARICOPA (13),SCOTTSDALE,March,Saturday,Local Street - Municipality,Urban,33.480425,-111.908975,Motor Vehicle In-Transport,Angle,Dark - Lighted,Clear
Arizona,40197,1,GREENLEE (11),CLIFTON,March,Wednesday,U.S. Highway,Rural,32.96806111,-109.2358694,Rollover/Overturn,The First Harmful Event was Not a Collision with a Motor Vehicle in Transport,Daylight,Clear
Arizona,40198,2,APACHE (1),SAINT JOHNS,March,Thursday,U.S. Highway,Rural,34.4746,-109.389,Motor Vehicle In-Transport,Sideswipe - Opposite Direction,Dark - Not Lighted,Clear
Arizona,40199,5,MARICOPA (13),PHOENIX,March,Friday,Local Street - Municipality,Urban,33.63177222,-112.0307833,Motor Vehicle In-Transport,Angle,Daylight,Clear
Arizona,40202,3,MARICOPA (13),PHOENIX,March,Sunday,Local Street - Municipality,Urban,33.37821667,-111.9784639,Motor Vehicle In-Transport,Front-to-Front,Dusk,Clear
Arizona,40204,2,APACHE (1),GANADO,March,Thursday,State Highway,Rural,35.74824722,-109.9219306,Reported as Unknown,Reported as Unknown,Reported as Unknown,Reported as Unknown
Arizona,40205,2,MARICOPA (13),PHOENIX,March,Thursday,Local Street - Municipality,Urban,33.49463056,-112.0692361,Motor Vehicle In-Transport,Angle,Dark - Lighted,Reported as Unknown
Arizona,40207,4,MARICOPA (13),TEMPE,March,Saturday,Local Street - Municipality,Urban,33.37804722,-111.9800667,Motor Vehicle In-Transport,Front-to-Front,Dark - Lighted,Clear
Arizona,40210,2,MARICOPA (13),PHOENIX,March,Thursday,Local Street - Municipality,Urban,33.43113889,-112.1692444,Motor Vehicle In-Transport,Angle,Daylight,Clear
Arizona,40212,2,MARICOPA (13),PHOENIX,March,Friday,Local Street - Municipality,Urban,33.37824444,-111.9869944,Motor Vehicle In-Transport,Angle,Daylight,Clear
Arizona,40213,6,MARICOPA (13),PHOENIX,March,Friday,Local Street - Municipality,Urban,33.40827778,-112.1953694,Motor Vehicle In-Transport,Angle,Daylight,Clear
Arizona,40214,1,MARICOPA (13),PHOENIX,March,Saturday,Local Street - Municipality,Urban,33.448025,-112.0259722,Curb,The First Harmful Event was Not a Collision with a Motor Vehicle in Transport,Daylight,Clear
Arizona,40215,1,MARICOPA (13),PHOENIX,March,Sunday,Local Street - Municipality,Urban,33.50925,-112.0650194,Pedestrian,The First Harmful Event was Not a Collision with a Motor Vehicle in Transport,Dark - Lighted,Clear
Arizona,40216,1,COCHISE (3),SIERRA VISTA,March,Wednesday,State Highway,Urban,31.55461944,-110.2441389,Pedestrian,The First Harmful Event was Not a Collision with a Motor Vehicle in Transport,Dark - Lighted,Clear
Arizona,40218,1,MARICOPA (13),PHOENIX,March,Wednesday,Local Street - Municipality,Urban,33.55311944,-112.1174944,Pedestrian,The First Harmful Event was Not a Collision with a Motor Vehicle in Transport,Dark - Lighted,Clear
Arizona,40220,1,MARICOPA (13),PHOENIX,March,Thursday,Local Street - Municipality,Urban,33.49451667,-112.2212056,Pedestrian,The First Harmful Event was Not a Collision with a Motor Vehicle in Transport,Daylight,Clear
Arizona,40221,1,MARICOPA (13),PHOENIX,March,Friday,Local Street - Municipality,Urban,33.46594167,-112.1455694,Pedestrian,The First Harmful Event was Not a Collision with a Motor Vehicle in Transport,Dark - Lighted,Clear
Arizona,40224,2,MARICOPA (13),PHOENIX,March,Wednesday,Local Street - Municipality,Urban,33.34927222,-111.9457389,Motor Vehicle In-Transport,Angle,Dark - Lighted,Clear
Arizona,40227,2,PINAL (21),ELOY,March,Sunday,Local Street - Municipality,Urban,32.79145,-111.6180417,Tree (Standing Only),The First Harmful Event was Not a Collision with a Motor Vehicle in Transport,Dark - Not Lighted,Clear
Arizona,40228,1,PIMA (19),TUCSON,April,Monday,Local Street - Municipality,Urban,32.13783611,-110.9775806,Pedestrian,The First Harmful Event was Not a Collision with a Motor Vehicle in Transport,Dark - Lighted,Clear
Arizona,40229,1,PIMA (19),TUCSON,April,Tuesday,Local Street - Municipality,Urban,32.23624722,-110.8854139,Pedestrian,The First Harmful Event was Not a Collision with a Motor Vehicle in Transport,Dark - Lighted,Clear
Arizona,40230,1,COCHISE (3),WILLCOX,April,Tuesday,Interstate,Rural,32.27199444,-109.839125,Rollover/Overturn,The First Harmful Event was Not a Collision with a Motor Vehicle in Transport,Daylight,Clear
Arizona,40231,5,MARICOPA (13),PHOENIX,April,Tuesday,Local Street - Municipality,Urban,33.58387778,-112.1220583,Motor Vehicle In-Transport,Angle,Daylight,Clear
Arizona,40232,2,MARICOPA (13),PHOENIX,April,Wednesday,State Highway,Urban,33.66956389,-112.1393056,Motor Vehicle In-Transport,Angle,Daylight,Clear
Arizona,40233,4,MARICOPA (13),MESA,April,Wednesday,Local Street - Municipality,Urban,33.40748889,-111.87875,Motor Vehicle In-Transport,Sideswipe - Same Direction,Daylight,Clear
Arizona,40235,1,YAVAPAI (25),CAMP VERDE,April,Thursday,State Highway,Rural,34.48603333,-111.6990556,Rollover/Overturn,The First Harmful Event was Not a Collision with a Motor Vehicle in Transport,Daylight,Cloudy
Arizona,40237,1,MARICOPA (13),PHOENIX,April,Friday,Interstate,Urban,33.79711389,-112.1375889,Tree (Standing Only),The First Harmful Event was Not a Collision with a Motor Vehicle in Transport,Dark - Not Lighted,Clear
Arizona,40238,2,MARICOPA (13),PHOENIX,April,Saturday,State Highway,Urban,33.67233333,-111.9708278,Motor Vehicle In-Transport,Front-to-Rear,Daylight,Clear
Arizona,40239,3,PINAL (21),SACATON,April,Saturday,State Highway,Rural,33.11825,-111.7296639,Concrete Traffic Barrier,The First Harmful Event was Not a Collision with a Motor Vehicle in Transport,Dark - Not Lighted,Clear
Arizona,40240,4,MARICOPA (13),GLENDALE,April,Sunday,State Highway,Urban,33.66826944,-112.1991917,Motor Vehicle In-Transport,Front-to-Rear,Daylight,Clear
Arizona,40241,7,MARICOPA (13),SCOTTSDALE,April,Sunday,Local Street - Municipality,Urban,33.65511667,-111.9078417,Curb,The First Harmful Event was Not a Collision with a Motor Vehicle in Transport,Daylight,Clear
Arizona,40243,7,MARICOPA (13),MESA,April,Sunday,Local Street - Municipality,Urban,33.39333611,-111.8137056,Motor Vehicle In-Transport,Angle,Dark - Lighted,Clear
Arizona,40244,5,APACHE (1),CONCHO,April,Monday,State Highway,Rural,34.29155278,-109.8075,Motor Vehicle In-Transport,Front-to-Front,Daylight,Clear
Arizona,40245,1,PIMA (19),VAIL,April,Monday,State Highway,Rural,31.87459167,-110.6768,Embankment,The First Harmful Event was Not a Collision with a Motor Vehicle in Transport,Daylight,Clear
Arizona,40246,1,PINAL (21),SUPERIOR,April,Monday,U.S. Highway,Rural,33.29284722,-111.0917472,Embankment,The First Harmful Event was Not a Collision with a Motor Vehicle in Transport,Daylight,Clear
Arizona,40247,5,PINAL (21),MARICOPA WELLS,April,Tuesday,State Highway,Rural,33.17252222,-112.0050972,Motor Vehicle In-Transport,Front-to-Rear,Daylight,Clear
Arizona,40248,3,PINAL (21),CASA GRANDE,April,Tuesday,Interstate,Urban,33.02789167,-111.7725,Motor Vehicle In-Transport,Sideswipe - Same Direction,Daylight,Clear
Arizona,40249,1,PIMA (19),VAIL,April,Tuesday,Interstate,Rural,31.98138056,-110.5348722,Embankment,The First Harmful Event was Not a Collision with a Motor Vehicle in Transport,Daylight,Clear
Arizona,40250,1,PINAL (21),ORACLE,April,Tuesday,State Highway,Rural,32.65234722,-110.7039056,Embankment,The First Harmful Event was Not a Collision with a Motor Vehicle in Transport,Dark - Not Lighted,Clear
Arizona,40251,3,PIMA (19),TUCSON,April,Wednesday,Local Street - Municipality,Rural,32.19943611,-110.9800361,Motor Vehicle In-Transport,Front-to-Rear,Daylight,Clear
Arizona,40252,2,MARICOPA (13),PHOENIX,April,Wednesday,Local Street - Municipality,Urban,33.47707222,-112.2552,Non-Motorist on Personal Conveyance,The First Harmful Event was Not a Collision with a Motor Vehicle in Transport,Daylight,Clear
Arizona,40253,3,MARICOPA (13),SCOTTSDALE,April,Thursday,Local Street - Municipality,Urban,33.52776389,-111.9258861,Motor Vehicle In-Transport,Angle,Daylight,Clear
Arizona,40255,1,MARICOPA (13),MESA,April,Thursday,Local Street - Municipality,Urban,33.4228,-111.71045,Non-Motorist on Personal Conveyance,The First Harmful Event was Not a Collision with a Motor Vehicle in Transport,Dark - Lighted,Clear
Arizona,40256,2,PINAL (21),MARICOPA WELLS,April,Friday,Local Street - Municipality,Rural,32.985575,-112.1173028,Motor Vehicle In-Transport,Angle,Daylight,Clear
Arizona,40257,17,MARICOPA (13),TOLLESON,April,Saturday,Interstate,Urban,33.46216389,-112.2520083,Motor Vehicle In-Transport,Front-to-Rear,Daylight,Clear
Arizona,40258,3,YAVAPAI (25),BLACK CANYON CITY,April,Saturday,Interstate,Rural,34.20988889,-112.1167333,Rollover/Overturn,The First Harmful Event was Not a Collision with a Motor Vehicle in Transport,Dark - Not Lighted,Clear
Arizona,40259,7,PINAL (21),ELOY,April,Sunday,Interstate,Rural,32.69079722,-111.4588,Motor Vehicle In-Transport,Sideswipe - Same Direction,Dark - Not Lighted,Clear
Arizona,40260,3,COCONINO (5),MARBLE CANYON,April,Tuesday,U.S. Highway,Rural,36.63441111,-111.6508667,Rollover/Overturn,The First Harmful Event was Not a Collision with a Motor Vehicle in Transport,Daylight,Rain
Arizona,40261,1,MARICOPA (13),TEMPE,April,Wednesday,U.S. Highway,Urban,33.38761944,-111.9610917,Impact Attenuator/Crash Cushion,The First Harmful Event was Not a Collision with a Motor Vehicle in Transport,Daylight,Clear
Arizona,40262,3,MARICOPA (13),PHOENIX,April,Wednesday,Interstate,Urban,33.46287778,-112.1665944,Pedestrian,The First Harmful Event was Not a Collision with a Motor Vehicle in Transport,Dark - Lighted,Clear
Arizona,40263,5,MARICOPA (13),PHOENIX,April,Thursday,Local Street - Municipality,Urban,33.63554167,-112.0307417,Pedestrian,The First Harmful Event was Not a Collision with a Motor Vehicle in Transport,Daylight,Clear
Arizona,40264,1,PIMA (19),TUCSON,April,Thursday,Local Street - Municipality,Urban,32.23565278,-110.8576639,Pedestrian,The First Harmful Event was Not a Collision with a Motor Vehicle in Transport,Daylight,Clear
Arizona,40265,2,PIMA (19),TUCSON,April,Friday,Local Street - Municipality,Urban,32.30543611,-110.9612222,Motor Vehicle In-Transport,Angle,Daylight,Clear
Arizona,40267,2,PIMA (19),TUCSON,April,Friday,State Highway,Rural,32.05101944,-111.4189194,Motor Vehicle In-Transport,Front-to-Front,Dusk,Clear
Arizona,40268,2,PINAL (21),SACATON,April,Saturday,Interstate,Rural,33.174575,-111.8854222,Rollover/Overturn,The First Harmful Event was Not a Collision with a Motor Vehicle in Transport,Dark - Unknown Lighting,Clear
Arizona,40269,1,MARICOPA (13),PHOENIX,April,Saturday,Local Street - Municipality,Urban,33.62621389,-112.0191806,Pedestrian,The First Harmful Event was Not a Collision with a Motor Vehicle in Transport,Dark - Not Lighted,Clear
Arizona,40270,2,COCHISE (3),COCHISE,April,Sunday,Local Street - Municipality,Rural,32.035925,-109.9538889,Rollover/Overturn,The First Harmful Event was Not a Collision with a Motor Vehicle in Transport,Daylight,Clear
Arizona,40271,3,YAVAPAI (25),BLACK CANYON CITY,April,Monday,Interstate,Rural,34.23435556,-112.1112583,Embankment,The First Harmful Event was Not a Collision with a Motor Vehicle in Transport,Dark - Not Lighted,Clear
Arizona,40272,1,MARICOPA (13),GLENDALE,April,Tuesday,Local Street - Municipality,Urban,33.53325278,-112.1862306,Pedestrian,The First Harmful Event was Not a Collision with a Motor Vehicle in Transport,Dark - Lighted,Clear
Arizona,40273,2,MARICOPA (13),SCOTTSDALE,April,Tuesday,Local Street - Municipality,Urban,33.58249722,-111.8134389,Motor Vehicle In-Transport,Angle,Daylight,Cloudy
Arizona,40275,1,PINAL (21),CASA GRANDE,April,Wednesday,Interstate,Rural,32.83486667,-111.72235,Embankment,The First Harmful Event was Not a Collision with a Motor Vehicle in Transport,Daylight,Clear
Arizona,40276,3,APACHE (1),WIDE RUINS,April,Wednesday,U.S. Highway,Rural,35.46661944,-109.5282722,Rollover/Overturn,The First Harmful Event was Not a Collision with a Motor Vehicle in Transport,Daylight,Clear
Arizona,40277,2,YUMA (27),DATELAND,April,Wednesday,Interstate,Rural,32.774175,-113.6005944,Motor Vehicle In-Transport,Front-to-Front,Daylight,Clear
Arizona,40280,7,PINAL (21),ELOY,April,Friday,Interstate,Urban,32.72319722,-111.5154611,Concrete Traffic Barrier,The First Harmful Event was Not a Collision with a Motor Vehicle in Transport,Daylight,Clear