State,Case Number,Persons,County,City,Month,Day,Route,Rural/Urban,Latitude,Longitude,First Harmful Event,Manner of Collision,Light Conditions,Weather
Arizona,40458,3,MARICOPA (13),PHOENIX,June,Monday,Local Street - Municipality,Urban,33.46565556,-111.9697222,Motor Vehicle In-Transport,Angle,Dark - Lighted,Reported as Unknown
Arizona,40459,1,NAVAJO (17),SHUNGOPAVI,June,Friday,State Highway,Rural,35.79464444,-110.4753111,"Harmful Event, Details Not Reported",The First Harmful Event was Not a Collision with a Motor Vehicle in Transport,Reported as Unknown,Reported as Unknown
Arizona,40460,2,MARICOPA (13),TEMPE,June,Saturday,Local Street - Municipality,Urban,33.39296389,-111.9044806,Curb,The First Harmful Event was Not a Collision with a Motor Vehicle in Transport,Daylight,Clear
Arizona,40461,2,MARICOPA (13),PHOENIX,June,Wednesday,Local Street - Municipality,Urban,33.64032222,-112.0772694,Motor Vehicle In-Transport,Angle,Daylight,Clear
Arizona,40462,3,MARICOPA (13),PHOENIX,June,Wednesday,Local Street - Municipality,Urban,33.61096944,-112.1112472,Motor Vehicle In-Transport,Angle,Dark - Lighted,Clear
Arizona,40463,1,NAVAJO (17),WHITERIVER,June,Friday,State Highway,Rural,33.79089167,-110.02555,Pedestrian,The First Harmful Event was Not a Collision with a Motor Vehicle in Transport,Reported as Unknown,Reported as Unknown
Arizona,40465,3,MARICOPA (13),GLENDALE,July,Monday,Local Street - Municipality,Urban,33.52406111,-112.1774806,Motor Vehicle In-Transport,Angle,Dark - Lighted,Clear
Arizona,40466,2,MARICOPA (13),GOODYEAR,July,Monday,Local Street - Municipality,Urban,33.40694722,-112.4092806,Fell/Jumped from Vehicle,The First Harmful Event was Not a Collision with a Motor Vehicle in Transport,Daylight,Clear
Arizona,40467,1,MARICOPA (13),GOODYEAR,July,Tuesday,Local Street - Municipality,Urban,33.53846111,-112.1669611,Pedestrian,The First Harmful Event was Not a Collision with a Motor Vehicle in Transport,Daylight,Clear
Arizona,40468,1,YUMA (27),DATELAND,July,Wednesday,Interstate,Rural,32.83264722,-113.3792444,Rollover/Overturn,The First Harmful Event was Not a Collision with a Motor Vehicle in Transport,Daylight,Clear
Arizona,40469,2,COCONINO (5),FLAGSTAFF,July,Friday,Interstate,Urban,35.16824167,-111.6672056,Rollover/Overturn,The First Harmful Event was Not a Collision with a Motor Vehicle in Transport,Daylight,Clear
Arizona,40470,2,MARICOPA (13),MESA,July,Saturday,U.S. Highway,Urban,33.38611667,-111.8752806,Wall,The First Harmful Event was Not a Collision with a Motor Vehicle in Transport,Dark - Lighted,Clear
Arizona,40471,1,PIMA (19),TUCSON,July,Saturday,County Road,Urban,32.30893611,-110.8291528,Guardrail Face,The First Harmful Event was Not a Collision with a Motor Vehicle in Transport,Daylight,Cloudy
Arizona,40472,1,YAVAPAI (25),CAMP VERDE,July,Saturday,State Highway,Rural,34.49980556,-111.6380722,Rollover/Overturn,The First Harmful Event was Not a Collision with a Motor Vehicle in Transport,Daylight,Clear
Arizona,40474,4,NAVAJO (17),SHOW LOW,July,Sunday,State Highway,Rural,34.34527222,-110.0522806,Motor Vehicle In-Transport,Front-to-Rear,Dark - Not Lighted,Clear
Arizona,40475,3,PIMA (19),TUCSON,July,Sunday,Local Street - Municipality,Urban,32.16313889,-111.0066389,Motor Vehicle In-Transport,Angle,Daylight,Rain
Arizona,40476,1,COCONINO (5),FLAGSTAFF,July,Sunday,Interstate,Rural,35.15873611,-111.2995361,Guardrail Face,The First Harmful Event was Not a Collision with a Motor Vehicle in Transport,Daylight,Clear
Arizona,40478,1,PIMA (19),TUCSON,July,Sunday,Local Street - Municipality,Urban,32.17058611,-110.9176694,Pedalcyclist,The First Harmful Event was Not a Collision with a Motor Vehicle in Transport,Dark - Lighted,Clear
Arizona,40479,1,MARICOPA (13),MESA,July,Tuesday,Local Street - Municipality,Urban,33.46631111,-111.7274083,Pedalcyclist,The First Harmful Event was Not a Collision with a Motor Vehicle in Transport,Daylight,Clear
Arizona,40480,1,MARICOPA (13),TOLLESON,July,Wednesday,Interstate,Rural,33.46171667,-112.2712,Pedestrian,The First Harmful Event was Not a Collision with a Motor Vehicle in Transport,Dark - Lighted,Clear
Arizona,40482,2,APACHE (1),SAINT JOHNS,July,Friday,U.S. Highway,Rural,34.81400833,-109.2376194,Rollover/Overturn,The First Harmful Event was Not a Collision with a Motor Vehicle in Transport,Daylight,Cloudy
Arizona,40483,1,APACHE (1),SANDERS,July,Friday,State Highway,Rural,34.98514444,-109.1213889,Shrubbery,The First Harmful Event was Not a Collision with a Motor Vehicle in Transport,Dark - Not Lighted,Clear
Arizona,40484,2,PIMA (19),TUCSON,July,Friday,Local Street - Municipality,Urban,32.22095556,-110.8460472,Pedestrian,The First Harmful Event was Not a Collision with a Motor Vehicle in Transport,Dark - Lighted,Clear
Arizona,40485,4,PINAL (21),CASA GRANDE,July,Friday,Interstate,Rural,32.83484722,-112.1536194,Other Object (not fixed),The First Harmful Event was Not a Collision with a Motor Vehicle in Transport,Dark - Not Lighted,Clear
Arizona,40486,5,GILA (7),PAYSON,July,Saturday,State Highway,Rural,34.18353611,-111.3341056,Motor Vehicle In-Transport,Angle,Daylight,Cloudy
Arizona,40487,2,PIMA (19),ORO VALLEY,July,Saturday,Local Street - Township,Urban,32.43833056,-110.9973306,Motor Vehicle In-Transport,Front-to-Front,Dark - Not Lighted,Cloudy
Arizona,40489,3,COCONINO (5),WILLIAMS,July,Sunday,Interstate,Rural,35.222475,-112.2459667,Guardrail Face,The First Harmful Event was Not a Collision with a Motor Vehicle in Transport,Daylight,Rain
Arizona,40490,1,MARICOPA (13),TEMPE,July,Sunday,Interstate,Urban,33.34442778,-111.9723556,Tree (Standing Only),The First Harmful Event was Not a Collision with a Motor Vehicle in Transport,Daylight,Clear
Arizona,40491,4,PINAL (21),APACHE JUNCTION,July,Sunday,State Highway,Rural,33.46270556,-111.484675,Rollover/Overturn,The First Harmful Event was Not a Collision with a Motor Vehicle in Transport,Dark - Not Lighted,Clear
Arizona,40493,1,MARICOPA (13),GILBERT,July,Tuesday,Local Street - Municipality,Urban,33.37925833,-111.7275389,Pedestrian,The First Harmful Event was Not a Collision with a Motor Vehicle in Transport,Dark - Lighted,Clear
Arizona,40494,3,MARICOPA (13),TOLLESON,July,Wednesday,State Highway,Urban,33.46136111,-112.2648667,Concrete Traffic Barrier,The First Harmful Event was Not a Collision with a Motor Vehicle in Transport,Dark - Lighted,Clear
Arizona,40495,2,PINAL (21),FLORENCE,July,Wednesday,Local Street - Municipality,Rural,33.03873611,-111.4733056,Motor Vehicle In-Transport,Sideswipe - Opposite Direction,Dark - Not Lighted,Cloudy
Arizona,40499,4,YAVAPAI (25),CORNVILLE,July,Saturday,State Highway,Rural,34.79318333,-111.9167194,Motor Vehicle In-Transport,Angle,Daylight,Clear
Arizona,40500,1,COCHISE (3),HUACHUCA CITY,July,Saturday,State Highway,Rural,31.69287222,-110.3446139,"Pavement Surface Irregularity (Ruts, Potholes, Grates, etc.)",The First Harmful Event was Not a Collision with a Motor Vehicle in Transport,Daylight,Clear
Arizona,40501,2,MARICOPA (13),PHOENIX,July,Monday,Local Street - Municipality,Urban,33.62320556,-112.0307139,Motor Vehicle In-Transport,Angle,Daylight,Clear
Arizona,40503,2,MARICOPA (13),MESA,July,Friday,Local Street - Municipality,Urban,33.40810278,-111.7862889,Pedestrian,The First Harmful Event was Not a Collision with a Motor Vehicle in Transport,Dark - Lighted,Clear
Arizona,40504,4,YAVAPAI (25),SELIGMAN,July,Saturday,Interstate,Rural,35.26883056,-113.147225,Motor Vehicle In-Transport,Sideswipe - Same Direction,Dark - Not Lighted,Clear
Arizona,40505,1,MARICOPA (13),BUCKEYE,July,Sunday,Interstate,Urban,33.4578,-112.5153667,Rollover/Overturn,The First Harmful Event was Not a Collision with a Motor Vehicle in Transport,Dawn,Cloudy
Arizona,40506,5,COCONINO (5),FLAGSTAFF,July,Monday,Interstate,Urban,35.17166389,-111.6551722,Motor Vehicle In-Transport,Angle,Daylight,Clear
Arizona,40508,2,YAVAPAI (25),RIMROCK,July,Tuesday,Interstate,Rural,34.67103889,-111.7778972,"Pavement Surface Irregularity (Ruts, Potholes, Grates, etc.)",The First Harmful Event was Not a Collision with a Motor Vehicle in Transport,Daylight,Rain
Arizona,40509,1,LA PAZ (12),SALOME,July,Tuesday,Interstate,Rural,33.60902778,-113.6165722,Pedestrian,The First Harmful Event was Not a Collision with a Motor Vehicle in Transport,Daylight,Severe Crosswinds
Arizona,40510,2,MARICOPA (13),GLENDALE,July,Tuesday,State Highway,Urban,33.64900833,-112.2330889,Motor Vehicle In-Transport,Front-to-Front,Dark - Lighted,Rain
Arizona,40511,1,MARICOPA (13),PHOENIX,July,Sunday,Local Street - Municipality,Urban,33.43211667,-112.0825083,Pedestrian,The First Harmful Event was Not a Collision with a Motor Vehicle in Transport,Daylight,Clear
Arizona,40512,3,MARICOPA (13),TEMPE,July,Sunday,Local Street - Municipality,Urban,33.40755556,-111.9085556,Motor Vehicle In-Transport,Angle,Daylight,Clear
Arizona,40514,5,MARICOPA (13),BUCKEYE,July,Monday,Interstate,Urban,33.44187222,-112.5647056,Traffic Sign Support,The First Harmful Event was Not a Collision with a Motor Vehicle in Transport,Daylight,Clear
Arizona,40515,1,MARICOPA (13),PHOENIX,July,Monday,Local Street - Municipality,Urban,33.48065556,-112.1106611,Pedestrian,The First Harmful Event was Not a Collision with a Motor Vehicle in Transport,Dark - Not Lighted,Clear
Arizona,40516,1,MARICOPA (13),LAVEEN,July,Monday,Local Street - Municipality,Urban,33.39200278,-112.1594917,Pedestrian,The First Harmful Event was Not a Collision with a Motor Vehicle in Transport,Dark - Lighted,Clear
Arizona,40517,1,MARICOPA (13),PHOENIX,July,Tuesday,Local Street - Municipality,Urban,33.56755,-112.1054056,Pedestrian,The First Harmful Event was Not a Collision with a Motor Vehicle in Transport,Dark - Lighted,Reported as Unknown
Arizona,40519,7,MARICOPA (13),TOLLESON,July,Friday,Interstate,Urban,33.46303611,-112.2553528,Motor Vehicle In-Transport,Reported as Unknown,Reported as Unknown,Reported as Unknown
Arizona,40520,2,NAVAJO (17),SHONTO,July,Friday,State Highway,Rural,36.48337222,-110.7045722,Reported as Unknown,Reported as Unknown,Reported as Unknown,Reported as Unknown
Arizona,40521,1,MARICOPA (13),CHANDLER,July,Monday,Local Street - Municipality,Urban,33.26358611,-111.8587222,Curb,The First Harmful Event was Not a Collision with a Motor Vehicle in Transport,Daylight,Clear
Arizona,40522,1,MARICOPA (13),TEMPE,July,Monday,Local Street - Municipality,Urban,33.40916111,-111.9608028,Pedestrian,The First Harmful Event was Not a Collision with a Motor Vehicle in Transport,Dark - Lighted,Clear
Arizona,40524,1,MARICOPA (13),SURPRISE,July,Wednesday,Local Street - Municipality,Urban,33.71131667,-112.4445028,Ditch,The First Harmful Event was Not a Collision with a Motor Vehicle in Transport,Daylight,Clear
Arizona,40525,1,MARICOPA (13),PHOENIX,July,Thursday,Local Street - Municipality,Urban,33.46558611,-111.9630056,Pedestrian,The First Harmful Event was Not a Collision with a Motor Vehicle in Transport,Dark - Not Lighted,Reported as Unknown
Arizona,40526,3,MARICOPA (13),PHOENIX,July,Thursday,Local Street - Municipality,Urban,33.49496667,-112.1467972,Motor Vehicle In-Transport,Angle,Dark - Lighted,Reported as Unknown
Arizona,40527,2,MARICOPA (13),PHOENIX,July,Saturday,Local Street - Municipality,Urban,33.49470556,-112.2183611,Pedestrian,The First Harmful Event was Not a Collision with a Motor Vehicle in Transport,Dark - Lighted,Reported as Unknown
Arizona,40528,4,MARICOPA (13),PHOENIX,July,Saturday,Local Street - Municipality,Urban,33.4897,-112.1516333,Pedestrian,The First Harmful Event was Not a Collision with a Motor Vehicle in Transport,Dark - Lighted,Clear
Arizona,40530,1,MARICOPA (13),PHOENIX,July,Wednesday,Local Street - Municipality,Urban,33.49068056,-112.2551889,Curb,The First Harmful Event was Not a Collision with a Motor Vehicle in Transport,Reported as Unknown,Reported as Unknown
Arizona,40531,1,PIMA (19),TUCSON,July,Wednesday,Local Street - Municipality,Urban,32.26480278,-110.9656028,Pedalcyclist,The First Harmful Event was Not a Collision with a Motor Vehicle in Transport,Daylight,Cloudy
Arizona,40532,2,YAVAPAI (25),PRESCOTT,July,Thursday,County Road,Rural,34.58286944,-112.5569722,Guardrail Face,The First Harmful Event was Not a Collision with a Motor Vehicle in Transport,Reported as Unknown,Reported as Unknown
Arizona,40535,6,MARICOPA (13),PHOENIX,July,Sunday,Local Street - Municipality,Urban,33.61071389,-112.1684861,Motor Vehicle In-Transport,Angle,Dark - Lighted,Clear
Arizona,40536,5,MARICOPA (13),CHANDLER,July,Sunday,Local Street - Municipality,Urban,33.31992778,-111.9281583,Motor Vehicle In-Transport,Angle,Daylight,Clear
Arizona,40537,1,MARICOPA (13),PHOENIX,July,Saturday,Local Street - Municipality,Urban,33.49180556,-111.99855,Reported as Unknown,Reported as Unknown,Dark - Unknown Lighting,Reported as Unknown
Arizona,40538,2,MARICOPA (13),PHOENIX,July,Tuesday,Local Street - Municipality,Urban,33.39223056,-112.0992028,Pedestrian,The First Harmful Event was Not a Collision with a Motor Vehicle in Transport,Reported as Unknown,Reported as Unknown
Arizona,40539,4,PINAL (21),ELOY,July,Tuesday,Local Street - Municipality,Rural,32.67591667,-111.5852972,Culvert,The First Harmful Event was Not a Collision with a Motor Vehicle in Transport,Reported as Unknown,Reported as Unknown
Arizona,40541,3,MARICOPA (13),MESA,July,Wednesday,County Road,Urban,33.42281389,-111.7018556,Motor Vehicle In-Transport,Angle,Dark - Lighted,Clear
Arizona,40542,2,MARICOPA (13),GLENDALE,May,Friday,Local Street - Municipality,Urban,99.9999,999.9999,Reported as Unknown,Reported as Unknown,Reported as Unknown,Reported as Unknown
Arizona,40543,1,MARICOPA (13),PHOENIX,May,Sunday,Local Street - Municipality,Urban,33.49014167,-112.0130083,Pedestrian,The First Harmful Event was Not a Collision with a Motor Vehicle in Transport,Reported as Unknown,Reported as Unknown
Arizona,40545,5,COCONINO (5),KAIBITO,August,Thursday,State Highway,Rural,36.57982222,-111.1383139,Motor Vehicle In-Transport,Sideswipe - Opposite Direction,Daylight,Clear
Arizona,40547,1,MARICOPA (13),GILA BEND,August,Saturday,Interstate,Rural,32.90450278,-112.9933111,Rollover/Overturn,The First Harmful Event was Not a Collision with a Motor Vehicle in Transport,Daylight,Clear
Arizona,40551,3,NAVAJO (17),HEBER,August,Sunday,State Highway,Rural,34.46038889,-110.4173722,Motor Vehicle In-Transport,Front-to-Front,Dark - Not Lighted,Cloudy
Arizona,40552,3,PIMA (19),ORO VALLEY,August,Monday,State Highway,Urban,32.4271,-110.9468639,Motor Vehicle In-Transport,Angle,Daylight,Clear
Arizona,40553,3,COCONINO (5),FLAGSTAFF,August,Monday,U.S. Highway,Rural,35.52212222,-111.5436389,Fell/Jumped from Vehicle,The First Harmful Event was Not a Collision with a Motor Vehicle in Transport,Daylight,Cloudy
Arizona,40554,2,PIMA (19),TUCSON,August,Monday,Local Street - Municipality,Urban,32.23851111,-110.971825,Non-Motorist on Personal Conveyance,The First Harmful Event was Not a Collision with a Motor Vehicle in Transport,Dark - Lighted,Rain
Arizona,40556,2,PIMA (19),TUCSON,August,Wednesday,Local Street - Municipality,Urban,32.19951111,-110.9785056,Motor Vehicle In-Transport,Angle,Daylight,Clear
Arizona,40558,1,COCONINO (5),FLAGSTAFF,August,Friday,State Highway,Rural,35.12113056,-111.7058278,Fence,The First Harmful Event was Not a Collision with a Motor Vehicle in Transport,Daylight,Cloudy
Arizona,40559,4,PIMA (19),TUCSON,August,Friday,Local Street - Municipality,Urban,32.18061944,-110.9551667,Pedestrian,The First Harmful Event was Not a Collision with a Motor Vehicle in Transport,Dark - Not Lighted,Cloudy
Arizona,40560,1,MARICOPA (13),PEORIA,August,Saturday,State Highway,Urban,33.60548333,-112.2495361,Pedestrian,The First Harmful Event was Not a Collision with a Motor Vehicle in Transport,Dark - Lighted,Clear
Arizona,40561,3,PINAL (21),MARICOPA WELLS,August,Saturday,Local Street - Municipality,Rural,33.00911944,-111.9706639,Rollover/Overturn,The First Harmful Event was Not a Collision with a Motor Vehicle in Transport,Dark - Not Lighted,Clear
Arizona,40562,3,MARICOPA (13),MESA,August,Sunday,Local Street - Municipality,Urban,33.40349722,-111.5979861,Rollover/Overturn,The First Harmful Event was Not a Collision with a Motor Vehicle in Transport,Daylight,Cloudy
Arizona,40563,1,YAVAPAI (25),COTTONWOOD,August,Monday,State Highway,Rural,34.73991111,-112.1238389,Fence,The First Harmful Event was Not a Collision with a Motor Vehicle in Transport,Daylight,Clear
Arizona,40564,4,PIMA (19),TUCSON,August,Monday,State Highway,Rural,32.10306111,-111.247325,Rollover/Overturn,The First Harmful Event was Not a Collision with a Motor Vehicle in Transport,Daylight,Clear
Arizona,40565,3,COCONINO (5),HAPPY JACK,August,Wednesday,State Highway,Rural,34.61458889,-111.1846333,Motor Vehicle In-Transport,Angle,Daylight,Cloudy
Arizona,40566,2,MARICOPA (13),PHOENIX,August,Wednesday,Local Street - Municipality,Urban,33.43723333,-112.0738306,Pedestrian,The First Harmful Event was Not a Collision with a Motor Vehicle in Transport,Dark - Lighted,Clear
Arizona,40567,12,MARICOPA (13),SCOTTSDALE,August,Friday,Local Street - Municipality,Urban,33.46571389,-111.9348361,Motor Vehicle In-Transport,Angle,Daylight,Clear
Arizona,40568,4,PIMA (19),TUCSON,August,Saturday,Local Street - Municipality,Urban,32.25568056,-110.9609806,Pedestrian,The First Harmful Event was Not a Collision with a Motor Vehicle in Transport,Dark - Lighted,Clear
Arizona,40569,3,MARICOPA (13),FORT MCDOWELL,August,Saturday,County Road,Rural,33.68326111,-111.6937889,Embankment,The First Harmful Event was Not a Collision with a Motor Vehicle in Transport,Daylight,Clear
Arizona,40570,1,MARICOPA (13),PHOENIX,August,Sunday,County Road,Urban,33.79828889,-112.1263222,Curb,The First Harmful Event was Not a Collision with a Motor Vehicle in Transport,Dark - Lighted,Clear
Arizona,40571,3,MARICOPA (13),PHOENIX,August,Sunday,Local Street - Municipality,Urban,33.55313889,-112.1379528,Motor Vehicle In-Transport,Angle,Daylight,Clear
Arizona,40572,2,PIMA (19),TUCSON,August,Tuesday,Local Street - Municipality,Urban,32.19187222,-110.84105,Motor Vehicle In-Transport,Angle,Daylight,Clear
Arizona,40573,2,YAVAPAI (25),PRESCOTT VALLEY,August,Tuesday,State Highway,Urban,34.58206667,-112.3502389,Pedalcyclist,The First Harmful Event was Not a Collision with a Motor Vehicle in Transport,Dark - Not Lighted,Clear
Arizona,40574,3,YAVAPAI (25),PRESCOTT VALLEY,August,Wednesday,Local Street - Township,Urban,34.60638333,-112.3032333,Motor Vehicle In-Transport,Sideswipe - Same Direction,Dark - Not Lighted,Clear
Arizona,40575,1,MARICOPA (13),GLENDALE,August,Friday,Local Street - Municipality,Urban,33.51658611,-112.2031306,Pedestrian,The First Harmful Event was Not a Collision with a Motor Vehicle in Transport,Dark - Lighted,Clear
Arizona,40576,2,PIMA (19),TUCSON,August,Friday,County Road,Urban,32.13283611,-111.05435,Pedestrian,The First Harmful Event was Not a Collision with a Motor Vehicle in Transport,Dark - Not Lighted,Clear
Arizona,40577,2,MARICOPA (13),PEORIA,August,Saturday,State Highway,Urban,33.61184167,-112.2422528,Motor Vehicle In-Transport,Front-to-Rear,Dark - Lighted,Clear
Arizona,40578,3,GRAHAM (9),SAFFORD,August,Sunday,U.S. Highway,Urban,32.83433889,-109.7068333,Motor Vehicle In-Transport,Front-to-Rear,Daylight,Clear
Arizona,40579,1,PIMA (19),TUCSON,August,Sunday,Local Street - Municipality,Urban,32.26746667,-110.9950556,Pedestrian,The First Harmful Event was Not a Collision with a Motor Vehicle in Transport,Dark - Lighted,Clear
Arizona,40580,1,MARICOPA (13),AGUILA,August,Monday,U.S. Highway,Rural,33.94275556,-113.1760667,Pedestrian,The First Harmful Event was Not a Collision with a Motor Vehicle in Transport,Daylight,Clear
Arizona,40581,3,COCONINO (5),FLAGSTAFF,August,Tuesday,Interstate,Urban,35.11801389,-111.6802361,Guardrail End,The First Harmful Event was Not a Collision with a Motor Vehicle in Transport,Daylight,Clear
Arizona,40582,2,PINAL (21),FLORENCE,August,Wednesday,State Highway,Rural,32.90561389,-111.2832278,Pedestrian,The First Harmful Event was Not a Collision with a Motor Vehicle in Transport,Dark - Not Lighted,Clear
Arizona,40583,4,MARICOPA (13),GLENDALE,August,Thursday,State Highway,Urban,33.54179167,-112.2708444,Motor Vehicle In-Transport,Sideswipe - Same Direction,Dark - Lighted,Clear
Arizona,40585,2,MARICOPA (13),MESA,August,Friday,Local Street - Municipality,Urban,33.45184444,-111.7187444,Motor Vehicle In-Transport,Front-to-Rear,Daylight,Clear
Arizona,40586,2,COCHISE (3),LOWELL,August,Saturday,State Highway,Rural,31.51487222,-110.018225,Guardrail Face,The First Harmful Event was Not a Collision with a Motor Vehicle in Transport,Daylight,Cloudy
Arizona,40587,3,COCONINO (5),FLAGSTAFF,August,Saturday,Interstate,Rural,35.159225,-111.2998583,Motor Vehicle In-Transport,Sideswipe - Opposite Direction,Dark - Not Lighted,Cloudy
Arizona,40588,2,MARICOPA (13),PHOENIX,August,Friday,Local Street - Municipality,Urban,33.48023056,-112.0638778,Motor Vehicle In-Transport,Front-to-Rear,Daylight,Clear
Arizona,40589,1,MARICOPA (13),GLENDALE,September,Sunday,Local Street - Municipality,Urban,33.61073611,-112.1803028,Pedestrian,The First Harmful Event was Not a Collision with a Motor Vehicle in Transport,Dark - Lighted,Clear
Arizona,40590,1,GRAHAM (9),SAFFORD,September,Sunday,County Road,Urban,32.811725,-109.6819556,Rollover/Overturn,The First Harmful Event was Not a Collision with a Motor Vehicle in Transport,Daylight,Cloudy
Arizona,40591,1,YAVAPAI (25),DEWEY-HUMBOLDT,September,Sunday,County Road,Rural,34.58545556,-112.0402,Ditch,The First Harmful Event was Not a Collision with a Motor Vehicle in Transport,Daylight,Cloudy
Arizona,40594,1,MARICOPA (13),TONOPAH,September,Wednesday,Interstate,Rural,33.534675,-113.1432917,Rollover/Overturn,The First Harmful Event was Not a Collision with a Motor Vehicle in Transport,Dark - Not Lighted,Rain
Arizona,40595,2,PINAL (21),SACATON,September,Thursday,State Highway,Rural,33.06105833,-111.6884833,Motor Vehicle In-Transport,Angle,Daylight,Clear
Arizona,40596,4,GILA (7),GLOBE,September,Friday,U.S. Highway,Urban,33.3952,-110.7692556,Motor Vehicle In-Transport,Angle,Daylight,Clear
Arizona,40597,1,PIMA (19),TUCSON,September,Friday,Interstate,Urban,32.16448056,-110.9220528,Curb,The First Harmful Event was Not a Collision with a Motor Vehicle in Transport,Dark - Lighted,Clear
Arizona,40598,1,MARICOPA (13),GLENDALE,September,Sunday,Local Street - Municipality,Urban,33.56750278,-112.1606889,Curb,The First Harmful Event was Not a Collision with a Motor Vehicle in Transport,Daylight,Clear
Arizona,40599,1,YAVAPAI (25),MAYER,September,Sunday,State Highway,Rural,34.43631111,-112.2615278,Guardrail Face,The First Harmful Event was Not a Collision with a Motor Vehicle in Transport,Daylight,Clear
Arizona,40600,1,MARICOPA (13),PHOENIX,September,Monday,Interstate,Urban,33.41953056,-112.018475,Concrete Traffic Barrier,The First Harmful Event was Not a Collision with a Motor Vehicle in Transport,Dawn,Clear
Arizona,40602,3,MARICOPA (13),PHOENIX,September,Monday,State Highway,Urban,33.67244167,-112.0272167,Concrete Traffic Barrier,The First Harmful Event was Not a Collision with a Motor Vehicle in Transport,Daylight,Clear
Arizona,40603,1,COCHISE (3),BENSON,September,Saturday,Interstate,Rural,31.97033056,-110.2824472,Guardrail Face,The First Harmful Event was Not a Collision with a Motor Vehicle in Transport,Dark - Not Lighted,Clear
Arizona,40605,2,GILA (7),GLOBE,September,Monday,U.S. Highway,Urban,33.39694444,-110.7896889,Motor Vehicle In-Transport,Angle,Daylight,Clear
Arizona,40606,3,MARICOPA (13),TONOPAH,September,Monday,Interstate,Rural,33.460775,-112.7725472,Motor Vehicle In-Transport,Front-to-Rear,Daylight,Clear
Arizona,40607,8,YAVAPAI (25),BLACK CANYON CITY,September,Monday,Interstate,Rural,34.04983056,-112.1456139,Motor Vehicle In-Transport,Sideswipe - Same Direction,Daylight,Clear
Arizona,40608,2,PIMA (19),TUCSON,September,Monday,Local Street - Frontage Road,Urban,32.25035833,-110.9697611,Pedalcyclist,The First Harmful Event was Not a Collision with a Motor Vehicle in Transport,Daylight,Cloudy
Arizona,40609,3,MARICOPA (13),TONOPAH,September,Monday,Interstate,Rural,33.52553333,-113.1004028,Rollover/Overturn,The First Harmful Event was Not a Collision with a Motor Vehicle in Transport,Dark - Not Lighted,Clear
Arizona,40610,8,PIMA (19),TUCSON,September,Wednesday,County Road,Urban,32.13382778,-111.0373583,Motor Vehicle In-Transport,Angle,Dusk,Clear
Arizona,40611,5,MARICOPA (13),MESA,September,Thursday,Local Street - Municipality,Urban,33.37876944,-111.6675444,Motor Vehicle In-Transport,Sideswipe - Opposite Direction,Daylight,Clear
Arizona,40612,3,PIMA (19),SAHUARITA,September,Friday,Local Street - Township,Urban,32.00058889,-110.9515806,Motor Vehicle In-Transport,Front-to-Rear,Dark - Not Lighted,Clear
Arizona,40613,3,PIMA (19),TUCSON,September,Sunday,Local Street - Municipality,Urban,32.19485833,-110.8926361,Curb,The First Harmful Event was Not a Collision with a Motor Vehicle in Transport,Dark - Lighted,Clear
Arizona,40615,1,PIMA (19),TUCSON,September,Tuesday,Local Street - Municipality,Urban,32.16546111,-110.968175,Pedestrian,The First Harmful Event was Not a Collision with a Motor Vehicle in Transport,Dark - Lighted,Rain
Arizona,40616,4,YAVAPAI (25),PRESCOTT,September,Tuesday,County Road,Rural,34.56476389,-112.66565,Motor Vehicle In-Transport,Front-to-Front,Daylight,Clear
Arizona,40617,1,MARICOPA (13),PHOENIX,September,Wednesday,Interstate,Urban,33.79525278,-112.1340667,Utility Pole/Light Support,The First Harmful Event was Not a Collision with a Motor Vehicle in Transport,Dark - Lighted,Cloudy
Arizona,40619,2,YAVAPAI (25),PRESCOTT,September,Friday,State Highway,Urban,34.63183889,-112.43065,Other Fixed Object,The First Harmful Event was Not a Collision with a Motor Vehicle in Transport,Daylight,Clear
Arizona,40620,1,MARICOPA (13),SUN LAKES,September,Friday,Local Street - Municipality,Urban,33.21333611,-111.8681694,Other Object (not fixed),The First Harmful Event was Not a Collision with a Motor Vehicle in Transport,Dark - Not Lighted,Clear
Arizona,40621,1,GILA (7),PINE,September,Saturday,State Highway,Rural,34.42148611,-111.5114667,Guardrail Face,The First Harmful Event was Not a Collision with a Motor Vehicle in Transport,Dusk,Clear
Arizona,40622,2,PIMA (19),TUCSON,September,Sunday,Local Street - Municipality,Urban,32.205725,-111.0202944,Curb,The First Harmful Event was Not a Collision with a Motor Vehicle in Transport,Dark - Not Lighted,Clear
Arizona,40623,3,SANTA CRUZ (23),RIO RICO,September,Sunday,Interstate,Rural,31.45451667,-110.9823278,Motor Vehicle In-Transport,Front-to-Rear,Dark - Not Lighted,Clear
Arizona,40624,1,YAVAPAI (25),PRESCOTT,September,Monday,State Highway,Urban,34.63134167,-112.4323306,Other Fixed Object,The First Harmful Event was Not a Collision with a Motor Vehicle in Transport,Daylight,Clear
Arizona,40625,3,COCONINO (5),FLAGSTAFF,September,Sunday,Interstate,Urban,35.18330556,-111.7003361,Motor Vehicle In-Transport,Angle,Daylight,Cloudy
Arizona,40626,2,MARICOPA (13),MESA,September,Thursday,Local Street - Municipality,Urban,33.40493889,-111.8400833,Motor Vehicle In-Transport,Angle,Daylight,Clear