State,Case Number,Persons,County,City,Month,Day,Route,Rural/Urban,Latitude,Longitude,First Harmful Event,Manner of Collision,Light Conditions,Weather
Arizona,40809,2,MARICOPA (13),MESA,November,Friday,Local Street - Municipality,Urban,33.36445833,-111.6197889,Rollover/Overturn,The First Harmful Event was Not a Collision with a Motor Vehicle in Transport,Daylight,Clear
Arizona,40810,1,PIMA (19),TUCSON,November,Friday,Local Street - Municipality,Urban,32.22487778,-110.8238333,Pedestrian,The First Harmful Event was Not a Collision with a Motor Vehicle in Transport,Dark - Lighted,Clear
Arizona,40812,2,MARICOPA (13),MESA,November,Sunday,U.S. Highway,Urban,33.38598056,-111.8294,Motor Vehicle In-Transport,Front-to-Rear,Dark - Lighted,Clear
Arizona,40813,3,COCHISE (3),SIERRA VISTA,November,Tuesday,State Highway,Urban,31.59650278,-110.3255528,Motor Vehicle In-Transport,Front-to-Front,Dark - Not Lighted,Cloudy
Arizona,40814,3,MARICOPA (13),PHOENIX,November,Tuesday,State Highway,Urban,33.45906389,-112.0007028,Pedestrian,The First Harmful Event was Not a Collision with a Motor Vehicle in Transport,Dark - Lighted,Clear
Arizona,40815,5,PIMA (19),TUCSON,November,Wednesday,State Highway,Urban,32.29006667,-110.9783222,Motor Vehicle In-Transport,Angle,Dark - Lighted,Cloudy
Arizona,40817,2,MARICOPA (13),MESA,November,Thursday,Local Street - Municipality,Urban,33.42278056,-111.7434833,Motor Vehicle In-Transport,Sideswipe - Same Direction,Daylight,Cloudy
Arizona,40818,1,MARICOPA (13),SCOTTSDALE,November,Thursday,Local Street - Municipality,Urban,33.48387222,-111.9089722,Pedestrian,The First Harmful Event was Not a Collision with a Motor Vehicle in Transport,Dark - Not Lighted,Cloudy
Arizona,40821,1,MARICOPA (13),TONOPAH,November,Saturday,Interstate,Rural,33.55312778,-113.2505667,Rollover/Overturn,The First Harmful Event was Not a Collision with a Motor Vehicle in Transport,Dark - Not Lighted,Clear
Arizona,40822,1,MARICOPA (13),PHOENIX,November,Sunday,Local Street - Municipality,Urban,33.52330278,-112.1342778,Pedestrian,The First Harmful Event was Not a Collision with a Motor Vehicle in Transport,Dark - Lighted,Reported as Unknown
Arizona,40823,1,MARICOPA (13),GLENDALE,November,Thursday,County Road,Urban,33.52568056,-112.3409361,Other Object (not fixed),The First Harmful Event was Not a Collision with a Motor Vehicle in Transport,Dark - Lighted,Clear
Arizona,40824,1,MARICOPA (13),PHOENIX,November,Monday,Local Street - Municipality,Urban,33.31101389,-112.00425,Pedestrian,The First Harmful Event was Not a Collision with a Motor Vehicle in Transport,Dark - Lighted,Reported as Unknown
Arizona,40826,1,MARICOPA (13),PHOENIX,November,Tuesday,Local Street - Municipality,Urban,33.40671944,-112.0622722,Non-Motorist on Personal Conveyance,The First Harmful Event was Not a Collision with a Motor Vehicle in Transport,Dark - Lighted,Reported as Unknown
Arizona,40827,1,MARICOPA (13),PEORIA,November,Friday,Local Street - Municipality,Urban,33.58730833,-112.2377167,Pedestrian,The First Harmful Event was Not a Collision with a Motor Vehicle in Transport,Daylight,Reported as Unknown
Arizona,40828,1,MARICOPA (13),GLENDALE,November,Saturday,Local Street - Municipality,Urban,33.52394444,-112.1556389,Pedestrian,The First Harmful Event was Not a Collision with a Motor Vehicle in Transport,Dark - Unknown Lighting,Reported as Unknown
Arizona,40829,2,MARICOPA (13),PHOENIX,November,Sunday,Local Street - Municipality,Urban,33.40729722,-111.9867472,Motor Vehicle In-Transport,Front-to-Rear,Daylight,Clear
Arizona,40830,1,MARICOPA (13),PHOENIX,November,Monday,Local Street - Municipality,Urban,99.9999,999.9999,Pedestrian,The First Harmful Event was Not a Collision with a Motor Vehicle in Transport,Dawn,Reported as Unknown
Arizona,40831,1,MARICOPA (13),PHOENIX,November,Thursday,Local Street - Municipality,Urban,33.52381111,-112.0725694,Pedalcyclist,The First Harmful Event was Not a Collision with a Motor Vehicle in Transport,Dark - Unknown Lighting,Reported as Unknown
Arizona,40832,1,MARICOPA (13),PHOENIX,November,Saturday,Local Street - Municipality,Urban,33.46789444,-112.1517861,Pedestrian,The First Harmful Event was Not a Collision with a Motor Vehicle in Transport,Dark - Lighted,Reported as Unknown
Arizona,40833,5,YUMA (27),DATELAND,November,Sunday,County Road,Rural,33.01735833,-113.3470611,Rollover/Overturn,The First Harmful Event was Not a Collision with a Motor Vehicle in Transport,Dark - Unknown Lighting,Reported as Unknown
Arizona,40834,1,MARICOPA (13),PHOENIX,November,Sunday,Local Street - Municipality,Urban,33.62533056,-112.1109306,Pedestrian,The First Harmful Event was Not a Collision with a Motor Vehicle in Transport,Dark - Lighted,Reported as Unknown
Arizona,40836,1,MARICOPA (13),PHOENIX,November,Wednesday,Local Street - Municipality,Urban,33.49439167,-112.233625,Pedestrian,The First Harmful Event was Not a Collision with a Motor Vehicle in Transport,Dark - Lighted,Reported as Unknown
Arizona,40838,1,YAVAPAI (25),BLACK CANYON CITY,October,Friday,County Road,Rural,34.05545833,-112.1470361,Reported as Unknown,Reported as Unknown,Reported as Unknown,Reported as Unknown
Arizona,40841,1,COCONINO (5),FLAGSTAFF,October,Thursday,Interstate,Urban,35.21566111,-111.5816333,Pedalcyclist,The First Harmful Event was Not a Collision with a Motor Vehicle in Transport,Dusk,Clear
Arizona,40843,1,PINAL (21),COOLIDGE,November,Friday,Local Street - Municipality,Rural,32.99989167,-111.5585694,Reported as Unknown,Reported as Unknown,Reported as Unknown,Reported as Unknown
Arizona,40844,1,PINAL (21),APACHE JUNCTION,November,Wednesday,County Road,Urban,33.41141389,-111.598,Pedestrian,The First Harmful Event was Not a Collision with a Motor Vehicle in Transport,Dusk,Clear
Arizona,40845,1,PIMA (19),TUCSON,November,Thursday,State Highway,Rural,32.13028333,-111.1827,Reported as Unknown,Reported as Unknown,Reported as Unknown,Reported as Unknown
Arizona,40847,1,MARICOPA (13),PHOENIX,November,Saturday,Local Street - Municipality,Urban,33.37808611,-111.9951917,Curb,The First Harmful Event was Not a Collision with a Motor Vehicle in Transport,Daylight,Reported as Unknown
Arizona,40849,16,PINAL (21),SACATON,December,Sunday,Interstate,Rural,33.09294444,-111.8225417,Motor Vehicle In-Transport,Front-to-Rear,Daylight,Clear
Arizona,40850,3,MARICOPA (13),PHOENIX,December,Sunday,State Highway,Urban,33.48295,-112.0390333,Motor Vehicle In-Transport,Angle,Daylight,Clear
Arizona,40852,5,MARICOPA (13),PHOENIX,December,Tuesday,Local Street - Municipality,Urban,33.49499722,-112.1733056,Pedestrian,The First Harmful Event was Not a Collision with a Motor Vehicle in Transport,Dark - Lighted,Snow
Arizona,40853,2,MARICOPA (13),MORRISTOWN,December,Wednesday,State Highway,Rural,33.84780278,-112.5336889,Motor Vehicle In-Transport,Front-to-Front,Daylight,Clear
Arizona,40854,2,PIMA (19),TUCSON,December,Wednesday,Local Street - Municipality,Urban,32.26892222,-110.9950056,Motor Vehicle In-Transport,Angle,Daylight,Cloudy
Arizona,40856,1,COCONINO (5),WILLIAMS,December,Saturday,State Highway,Rural,35.57395,-112.1541583,Parked Motor Vehicle,The First Harmful Event was Not a Collision with a Motor Vehicle in Transport,Dark - Not Lighted,Clear
Arizona,40857,4,MARICOPA (13),CHANDLER,December,Saturday,Interstate,Urban,33.26407222,-111.9546083,Motor Vehicle In-Transport,Front-to-Rear,Daylight,Cloudy
Arizona,40859,2,PINAL (21),BAPCHULE,December,Sunday,State Highway,Rural,33.19389444,-111.8211639,Embankment,The First Harmful Event was Not a Collision with a Motor Vehicle in Transport,Daylight,Cloudy
Arizona,40860,3,MARICOPA (13),CHANDLER,December,Sunday,State Highway,Urban,33.28397778,-111.8415472,Motor Vehicle In-Transport,Angle,Dusk,Cloudy
Arizona,40862,4,MARICOPA (13),PHOENIX,December,Wednesday,Local Street - Municipality,Urban,33.48033333,-112.0803917,Pedalcyclist,The First Harmful Event was Not a Collision with a Motor Vehicle in Transport,Daylight,Clear
Arizona,40863,2,PIMA (19),TUCSON,December,Wednesday,Local Street - Municipality,Urban,32.23539167,-110.810675,Motor Vehicle In-Transport,Angle,Dark - Not Lighted,Clear
Arizona,40864,7,MARICOPA (13),GLENDALE,December,Thursday,Local Street - Municipality,Urban,33.56513889,-112.1516694,Motor Vehicle In-Transport,Angle,Dusk,Cloudy
Arizona,40865,1,PIMA (19),TUCSON,December,Thursday,Local Street - Municipality,Urban,32.27935556,-110.9600111,Pedestrian,The First Harmful Event was Not a Collision with a Motor Vehicle in Transport,Dark - Not Lighted,Clear
Arizona,40866,3,MARICOPA (13),PEORIA,December,Saturday,Local Street - Municipality,Urban,33.60980556,-112.2548472,Motor Vehicle In-Transport,Angle,Daylight,Clear
Arizona,40868,2,PIMA (19),TUCSON,December,Monday,Local Street - Municipality,Urban,32.24995,-110.8520222,Motor Vehicle In-Transport,Angle,Daylight,Clear
Arizona,40869,1,MARICOPA (13),GLENDALE,December,Monday,Local Street - Municipality,Urban,33.52396111,-112.163325,Curb,The First Harmful Event was Not a Collision with a Motor Vehicle in Transport,Dark - Lighted,Clear
Arizona,40872,3,MARICOPA (13),MESA,December,Tuesday,U.S. Highway,Urban,33.38672222,-111.6078417,Motor Vehicle In-Transport,Sideswipe - Same Direction,Dark - Lighted,Clear
Arizona,40873,2,MARICOPA (13),CHANDLER,December,Wednesday,Local Street - Municipality,Urban,33.32075833,-111.8352028,Pedestrian,The First Harmful Event was Not a Collision with a Motor Vehicle in Transport,Dark - Lighted,Clear
Arizona,40875,1,MARICOPA (13),GILBERT,December,Thursday,Local Street - Municipality,Rural,33.32118889,-111.7511556,Fell/Jumped from Vehicle,The First Harmful Event was Not a Collision with a Motor Vehicle in Transport,Daylight,Clear
Arizona,40877,1,PIMA (19),TUCSON,December,Sunday,Local Street - Frontage Road,Urban,32.23578889,-110.9845389,Utility Pole/Light Support,The First Harmful Event was Not a Collision with a Motor Vehicle in Transport,Dark - Lighted,Clear
Arizona,40878,2,PIMA (19),TUCSON,December,Sunday,Local Street - Municipality,Urban,32.17785278,-110.9319861,Pedestrian,The First Harmful Event was Not a Collision with a Motor Vehicle in Transport,Daylight,Clear
Arizona,40880,6,PINAL (21),ELOY,December,Monday,State Highway,Rural,32.76313611,-111.5157278,Motor Vehicle In-Transport,Rear-to-Side,Daylight,Cloudy
Arizona,40881,1,MARICOPA (13),MESA,December,Tuesday,Local Street - Municipality,Urban,33.444575,-111.749225,Curb,The First Harmful Event was Not a Collision with a Motor Vehicle in Transport,Dark - Lighted,Rain
Arizona,40882,3,PIMA (19),TUCSON,December,Tuesday,Interstate,Rural,31.99944167,-110.6715361,Motor Vehicle In-Transport,Sideswipe - Same Direction,Dark - Not Lighted,Cloudy
Arizona,40883,1,MARICOPA (13),SCOTTSDALE,December,Wednesday,State Highway,Urban,33.58251667,-111.8914389,Curb,The First Harmful Event was Not a Collision with a Motor Vehicle in Transport,Daylight,Rain
Arizona,40885,3,GRAHAM (9),SAFFORD,December,Thursday,Local Street - Municipality,Urban,32.81760278,-109.73295,Fell/Jumped from Vehicle,The First Harmful Event was Not a Collision with a Motor Vehicle in Transport,Dark - Not Lighted,Cloudy
Arizona,40889,4,MARICOPA (13),PHOENIX,December,Tuesday,Local Street - Municipality,Urban,33.4481,-112.0128861,Motor Vehicle In-Transport,Angle,Dark - Not Lighted,Clear
Arizona,40891,1,PINAL (21),FLORENCE,December,Thursday,County Road,Rural,32.97813611,-111.3200944,Reported as Unknown,Reported as Unknown,Daylight,Reported as Unknown
Arizona,40892,1,PINAL (21),ELOY,December,Saturday,Local Street - Municipality,Rural,32.73414722,-111.4635861,Embankment,The First Harmful Event was Not a Collision with a Motor Vehicle in Transport,Reported as Unknown,Reported as Unknown
Arizona,40893,1,MARICOPA (13),PHOENIX,December,Saturday,Local Street - Municipality,Urban,33.40682222,-112.0385722,Pedestrian,The First Harmful Event was Not a Collision with a Motor Vehicle in Transport,Dark - Lighted,Reported as Unknown
Arizona,40894,1,MARICOPA (13),PHOENIX,December,Tuesday,Local Street - Municipality,Urban,33.48025556,-112.2032056,Pedestrian,The First Harmful Event was Not a Collision with a Motor Vehicle in Transport,Dark - Lighted,Reported as Unknown
Arizona,40895,1,MARICOPA (13),MESA,December,Tuesday,County Road,Urban,33.40787222,-111.6309917,Pedestrian,The First Harmful Event was Not a Collision with a Motor Vehicle in Transport,Dark - Lighted,Clear
Arizona,40897,1,MARICOPA (13),PHOENIX,December,Friday,Local Street - Municipality,Urban,33.5531,-112.1002389,Pedestrian,The First Harmful Event was Not a Collision with a Motor Vehicle in Transport,Dark - Lighted,Reported as Unknown
Arizona,40898,1,MARICOPA (13),PHOENIX,December,Saturday,Local Street - Municipality,Urban,33.47309444,-112.1258111,Wall,The First Harmful Event was Not a Collision with a Motor Vehicle in Transport,Dark - Lighted,Clear
Arizona,40900,1,MARICOPA (13),PHOENIX,December,Tuesday,Local Street - Municipality,Urban,33.44806667,-112.1518111,Pedestrian,The First Harmful Event was Not a Collision with a Motor Vehicle in Transport,Dark - Lighted,Reported as Unknown
Arizona,40902,3,PIMA (19),TUCSON,December,Thursday,Local Street - Municipality,Urban,32.235975,-110.9410083,Motor Vehicle In-Transport,Angle,Daylight,Clear
Arizona,40903,7,MARICOPA (13),PHOENIX,December,Friday,Local Street - Municipality,Urban,33.73451667,-112.0036361,Motor Vehicle In-Transport,Angle,Daylight,Reported as Unknown
Arizona,40904,1,MARICOPA (13),PHOENIX,December,Sunday,Local Street - Municipality,Urban,33.44823889,-112.0751028,Road Vehicle on Rails,The First Harmful Event was Not a Collision with a Motor Vehicle in Transport,Dark - Lighted,Reported as Unknown
Arizona,40905,2,MARICOPA (13),PHOENIX,December,Monday,Local Street - Municipality,Urban,33.64043333,-112.0265167,Motor Vehicle In-Transport,Angle,Daylight,Reported as Unknown
Arizona,40906,2,MARICOPA (13),PHOENIX,December,Thursday,Local Street - Municipality,Urban,33.46357222,-112.1172333,Motor Vehicle In-Transport,Angle,Dark - Lighted,Clear
Arizona,40907,2,MARICOPA (13),PHOENIX,December,Saturday,Local Street - Municipality,Urban,33.65466944,-112.1688722,Motor Vehicle In-Transport,Front-to-Rear,Dark - Lighted,Rain
Arizona,40908,3,MARICOPA (13),PHOENIX,December,Tuesday,Local Street - Municipality,Urban,33.56753611,-112.1177861,Motor Vehicle In-Transport,Angle,Dark - Lighted,Reported as Unknown
Arizona,40909,1,MARICOPA (13),GLENDALE,September,Friday,Local Street - Municipality,Urban,33.65439444,-112.1872861,Curb,The First Harmful Event was Not a Collision with a Motor Vehicle in Transport,Dark - Lighted,Clear
Arizona,40910,5,YAVAPAI (25),CONGRESS,October,Tuesday,U.S. Highway,Rural,34.23615,-113.0732778,Motor Vehicle In-Transport,Front-to-Rear,Daylight,Clear
Arizona,40911,3,MARICOPA (13),GLENDALE,November,Saturday,Local Street - Municipality,Urban,33.53257222,-112.1686306,Motor Vehicle In-Transport,Front-to-Front,Daylight,Clear
Arizona,40913,1,MARICOPA (13),GLENDALE,November,Monday,Local Street - Municipality,Urban,33.50951944,-112.1687528,Pedalcyclist,The First Harmful Event was Not a Collision with a Motor Vehicle in Transport,Daylight,Clear
Arizona,40915,2,MARICOPA (13),PHOENIX,November,Thursday,Local Street - Municipality,Urban,33.45343333,-112.0301806,Motor Vehicle In-Transport,Angle,Daylight,Clear
Arizona,40916,1,MARICOPA (13),GOODYEAR,November,Friday,Local Street - Municipality,Urban,33.48577222,-112.36845,Pedestrian,The First Harmful Event was Not a Collision with a Motor Vehicle in Transport,Daylight,Clear
Arizona,40918,1,PIMA (19),TUCSON,December,Tuesday,Local Street - Municipality,Urban,32.22610833,-111.0010778,Pedestrian,The First Harmful Event was Not a Collision with a Motor Vehicle in Transport,Dark - Not Lighted,Clear
Arizona,40919,5,MARICOPA (13),PHOENIX,December,Friday,Local Street - Municipality,Urban,33.49509722,-112.1820306,Motor Vehicle In-Transport,Angle,Dark - Lighted,Rain
Arizona,40920,1,GILA (7),GLOBE,July,Tuesday,State Highway,Urban,33.41673333,-110.8286694,"Post, Pole or Other Supports",The First Harmful Event was Not a Collision with a Motor Vehicle in Transport,Daylight,Clear
Arizona,40921,4,MARICOPA (13),PHOENIX,November,Friday,Local Street - Municipality,Urban,33.61105556,-112.1038778,Motor Vehicle In-Transport,Angle,Dark - Not Lighted,Reported as Unknown
Arizona,40922,1,MARICOPA (13),PHOENIX,November,Friday,Local Street - Municipality,Urban,33.48055278,-112.0129306,Pedalcyclist,The First Harmful Event was Not a Collision with a Motor Vehicle in Transport,Dark - Lighted,Reported as Unknown
Arizona,40923,3,MARICOPA (13),PHOENIX,December,Wednesday,Local Street - Municipality,Urban,33.38858333,-112.0819639,Motor Vehicle In-Transport,Reported as Unknown,Reported as Unknown,Reported as Unknown
Arizona,40924,2,MARICOPA (13),PHOENIX,December,Thursday,Local Street - Municipality,Urban,33.63966667,-112.1342917,Motor Vehicle In-Transport,Angle,Daylight,Reported as Unknown
Arizona,40925,2,MARICOPA (13),PHOENIX,September,Tuesday,Local Street - Municipality,Urban,33.59746944,-112.0133222,Motor Vehicle In-Transport,Front-to-Rear,Daylight,Reported as Unknown
Arizona,40926,1,MARICOPA (13),GLENDALE,December,Saturday,Local Street - Municipality,Urban,33.52404444,-112.1802306,Pedestrian,The First Harmful Event was Not a Collision with a Motor Vehicle in Transport,Dark - Lighted,Clear
Arizona,40927,1,MARICOPA (13),GLENDALE,December,Monday,Local Street - Municipality,Urban,33.51056389,-112.1863444,Pedestrian,The First Harmful Event was Not a Collision with a Motor Vehicle in Transport,Dark - Lighted,Clear
Arkansas,50001,1,CALHOUN (13),HAMPTON,January,Tuesday,U.S. Highway,Rural,33.53544167,-92.46988056,Pedestrian,The First Harmful Event was Not a Collision with a Motor Vehicle in Transport,Daylight,Clear
Arkansas,50010,2,PULASKI (119),LITTLE ROCK,January,Monday,Local Street - Frontage Road,Urban,34.67012778,-92.37976389,Motor Vehicle In-Transport,Angle,Dark - Lighted,Clear
Arkansas,50011,1,MARION (89),SUMMIT,January,Friday,State Highway,Rural,36.24960556,-92.69368611,Pedestrian,The First Harmful Event was Not a Collision with a Motor Vehicle in Transport,Dark - Not Lighted,Clear
Arkansas,50013,2,PULASKI (119),LITTLE ROCK,January,Thursday,Interstate,Urban,34.71202222,-92.26339722,Motor Vehicle In-Transport,Reported as Unknown,Dark - Not Lighted,Clear
Arkansas,50016,1,GARLAND (51),HOT SPRINGS,January,Saturday,State Highway,Urban,34.52963333,-93.04946944,Pedestrian,The First Harmful Event was Not a Collision with a Motor Vehicle in Transport,Dark - Lighted,Rain
Arkansas,50018,1,PULASKI (119),LITTLE ROCK,January,Saturday,Interstate,Urban,34.74055556,-92.2625,Pedestrian,The First Harmful Event was Not a Collision with a Motor Vehicle in Transport,Dark - Not Lighted,Clear
Arkansas,50023,1,PULASKI (119),JACKSONVILLE,January,Saturday,U.S. Highway,Urban,34.87451389,-92.11928889,Motor Vehicle In-Transport,Front-to-Rear,Dark - Not Lighted,Clear
Arkansas,50025,3,CRAIGHEAD (31),JONESBORO,January,Thursday,State Highway,Urban,35.77003333,-90.67740556,Motor Vehicle In-Transport,Front-to-Front,Daylight,Clear
Arkansas,50033,3,MONROE (95),MONROE,January,Thursday,Interstate,Rural,34.84970278,-91.35446944,Motor Vehicle In-Transport,Front-to-Rear,Dark - Not Lighted,Clear
Arkansas,50039,1,CRITTENDEN (35),WEST MEMPHIS,February,Thursday,Interstate,Urban,35.15730833,-90.15542778,Pedestrian,The First Harmful Event was Not a Collision with a Motor Vehicle in Transport,Dark - Lighted,Rain
Arkansas,50040,1,PULASKI (119),LITTLE ROCK,February,Saturday,U.S. Highway,Urban,34.71211944,-92.343275,Pedestrian,The First Harmful Event was Not a Collision with a Motor Vehicle in Transport,Dark - Not Lighted,Clear
Arkansas,50046,2,BENTON (7),SILOAM SPRINGS,January,Thursday,U.S. Highway,Urban,36.18079167,-94.51798889,Other Fixed Object,The First Harmful Event was Not a Collision with a Motor Vehicle in Transport,Dark - Not Lighted,Rain
Arkansas,50047,2,PULASKI (119),NORTH LITTLE ROCK,March,Wednesday,Interstate,Urban,34.77735,-92.24061389,Tree (Standing Only),The First Harmful Event was Not a Collision with a Motor Vehicle in Transport,Daylight,Clear
Arkansas,50051,3,MISSISSIPPI (93),MANILA,February,Sunday,State Highway,Rural,35.88732222,-90.18364722,Motor Vehicle In-Transport,Angle,Daylight,Clear
Arkansas,50054,5,BENTON (7),ROGERS,January,Wednesday,U.S. Highway,Urban,36.29716111,-94.12674444,Motor Vehicle In-Transport,Angle,Dark - Lighted,Clear
Arkansas,50057,3,PULASKI (119),JACKSONVILLE,March,Tuesday,State Highway,Urban,34.82409722,-92.15262222,Motor Vehicle In-Transport,Angle,Dark - Not Lighted,Clear
Arkansas,50061,2,CALHOUN (13),HAMPTON,March,Tuesday,U.S. Highway,Urban,33.53743333,-92.46978611,Pedestrian,The First Harmful Event was Not a Collision with a Motor Vehicle in Transport,Dark - Lighted,Clear
Arkansas,50062,7,PULASKI (119),LITTLE ROCK,March,Friday,Local Street - Municipality,Urban,34.74135556,-92.34147778,Motor Vehicle In-Transport,Angle,Dark - Lighted,Clear
Arkansas,50065,1,PULASKI (119),LITTLE ROCK,March,Wednesday,U.S. Highway,Urban,34.72561667,-92.31043889,Pedestrian,The First Harmful Event was Not a Collision with a Motor Vehicle in Transport,Dark - Not Lighted,Clear
Arkansas,50066,1,CRAIGHEAD (31),JONESBORO,March,Friday,U.S. Highway,Urban,35.82952778,-90.66861389,Pedestrian,The First Harmful Event was Not a Collision with a Motor Vehicle in Transport,Dark - Lighted,Clear
Arkansas,50068,2,CRAIGHEAD (31),JONESBORO,March,Friday,Local Street - Municipality,Urban,35.843675,-90.65757222,Culvert,The First Harmful Event was Not a Collision with a Motor Vehicle in Transport,Dark - Lighted,Clear
Arkansas,50070,1,JEFFERSON (69),PINE BLUFF,March,Tuesday,Interstate,Urban,34.18881944,-92.05426667,Rollover/Overturn,The First Harmful Event was Not a Collision with a Motor Vehicle in Transport,Dark - Not Lighted,Clear
Arkansas,50071,2,JEFFERSON (69),JEFFERSON,March,Wednesday,State Highway,Rural,34.14099167,-91.97499722,Motor Vehicle In-Transport,Front-to-Front,Dark - Not Lighted,Clear
Arkansas,50072,2,BENTON (7),BENTONVILLE,January,Saturday,Local Street - Municipality,Urban,36.36027222,-94.19686389,Pedalcyclist,The First Harmful Event was Not a Collision with a Motor Vehicle in Transport,Dark - Unknown Lighting,Clear
Arkansas,50076,1,WASHINGTON (143),FAYETTEVILLE,February,Saturday,State Highway,Urban,36.07271111,-94.17547222,Pedestrian,The First Harmful Event was Not a Collision with a Motor Vehicle in Transport,Daylight,Clear
Arkansas,50077,6,GREENE (55),PARAGOULD,March,Monday,U.S. Highway,Urban,36.08373611,-90.48500556,Motor Vehicle In-Transport,Front-to-Front,Daylight,Clear
Arkansas,50083,1,CONWAY (29),OPPELO,April,Thursday,State Highway,Rural,35.10185278,-92.79555,Tree (Standing Only),The First Harmful Event was Not a Collision with a Motor Vehicle in Transport,Daylight,Rain
Arkansas,50084,1,PULASKI (119),LITTLE ROCK,April,Friday,State Highway,Urban,34.75815,-92.303275,Traffic Signal Support,The First Harmful Event was Not a Collision with a Motor Vehicle in Transport,Dark - Lighted,Clear
Arkansas,50086,1,JEFFERSON (69),PINE BLUFF,February,Thursday,U.S. Highway,Urban,34.20591944,-92.04359167,Guardrail Face,The First Harmful Event was Not a Collision with a Motor Vehicle in Transport,Daylight,Clear
Arkansas,50089,4,POLK (113),HATFIELD,April,Saturday,U.S. Highway,Rural,34.49178056,-94.374275,Motor Vehicle In-Transport,Angle,Daylight,Rain
Arkansas,50090,2,LAWRENCE (75),SEDGWICK,March,Saturday,U.S. Highway,Rural,35.97351389,-90.85541944,Motor Vehicle In-Transport,Angle,Dark - Not Lighted,Clear
Arkansas,50098,1,MISSISSIPPI (93),WILSON,April,Sunday,U.S. Highway,Rural,35.563275,-90.05367778,Ditch,The First Harmful Event was Not a Collision with a Motor Vehicle in Transport,Daylight,Rain
Arkansas,50101,4,PULASKI (119),LITTLE ROCK,April,Friday,Local Street - Municipality,Urban,34.74217778,-92.37854722,Motor Vehicle In-Transport,Angle,Daylight,Clear
Arkansas,50107,1,SEBASTIAN (131),FORT SMITH,January,Friday,Local Street - Municipality,Urban,35.38616389,-94.40753333,Pedestrian,The First Harmful Event was Not a Collision with a Motor Vehicle in Transport,Dark - Not Lighted,Rain
Arkansas,50108,3,BAXTER (5),MOUNTAIN HOME,February,Saturday,U.S. Highway,Urban,36.35067778,-92.36559444,Motor Vehicle In-Transport,Angle,Daylight,Cloudy
Arkansas,50109,1,INDEPENDENCE (63),NEWARK,April,Thursday,State Highway,Rural,35.70281667,-91.44727222,Non-Motorist on Personal Conveyance,The First Harmful Event was Not a Collision with a Motor Vehicle in Transport,Dark - Not Lighted,Rain
Arkansas,50110,2,SEBASTIAN (131),FORT SMITH,March,Tuesday,Local Street - Municipality,Urban,35.34166667,-94.37448333,Motor Vehicle In-Transport,Angle,Dark - Lighted,Clear
Arkansas,50112,3,OUACHITA (103),BEARDEN,April,Friday,U.S. Highway,Urban,33.73883333,-92.61791389,Motor Vehicle In-Transport,Angle,Daylight,Clear
Arkansas,50113,2,CRAIGHEAD (31),JONESBORO,April,Wednesday,State Highway,Urban,35.805725,-90.63498056,Motor Vehicle In-Transport,Front-to-Rear,Dark - Lighted,Clear
Arkansas,50114,1,BENTON (7),BELLA VISTA,April,Friday,Local Street - Municipality,Urban,36.438225,-94.31786389,Tree (Standing Only),The First Harmful Event was Not a Collision with a Motor Vehicle in Transport,Reported as Unknown,Clear
Arkansas,50115,1,MILLER (91),TEXARKANA,April,Thursday,U.S. Highway,Urban,33.42964722,-93.96337222,Fence,The First Harmful Event was Not a Collision with a Motor Vehicle in Transport,Daylight,Clear
Arkansas,50117,1,MILLER (91),TEXARKANA,April,Saturday,U.S. Highway,Urban,33.49383611,-93.9516,Traffic Sign Support,The First Harmful Event was Not a Collision with a Motor Vehicle in Transport,Dark - Not Lighted,Clear
Arkansas,50121,1,PERRY (105),PERRY,April,Friday,State Highway,Rural,35.06953611,-92.57408333,Rollover/Overturn,The First Harmful Event was Not a Collision with a Motor Vehicle in Transport,Daylight,Clear
Arkansas,50123,9,CRITTENDEN (35),MARION,April,Tuesday,Interstate,Urban,35.21244444,-90.20678333,Motor Vehicle In-Transport,Front-to-Rear,Daylight,Clear
Arkansas,50124,1,PULASKI (119),LITTLE ROCK,April,Tuesday,Interstate,Urban,34.73241111,-92.39989444,Cable Barrier,The First Harmful Event was Not a Collision with a Motor Vehicle in Transport,Daylight,Clear
Arkansas,50125,2,PULASKI (119),LITTLE ROCK,April,Tuesday,Interstate,Urban,34.71313333,-92.27029167,Motor Vehicle In-Transport,Sideswipe - Same Direction,Daylight,Clear
Arkansas,50127,1,GARLAND (51),HOT SPRINGS,May,Friday,State Highway,Urban,34.47618333,-93.062775,Pedalcyclist,The First Harmful Event was Not a Collision with a Motor Vehicle in Transport,Dark - Unknown Lighting,Cloudy
Arkansas,50128,1,PULASKI (119),SHERWOOD,March,Saturday,State Highway,Urban,34.84595833,-92.23151944,Utility Pole/Light Support,The First Harmful Event was Not a Collision with a Motor Vehicle in Transport,Dark - Lighted,Clear
Arkansas,50133,2,BENTON (7),LOWELL,March,Wednesday,Local Street - Municipality,Urban,36.23155833,-94.01423889,Rollover/Overturn,The First Harmful Event was Not a Collision with a Motor Vehicle in Transport,Dark - Not Lighted,Rain
Arkansas,50135,1,LITTLE RIVER (81),FOREMAN,May,Friday,County Road,Rural,33.72841667,-94.39545,Tree (Standing Only),The First Harmful Event was Not a Collision with a Motor Vehicle in Transport,Daylight,Clear