State,Case Number,Persons,County,City,Month,Day,Route,Rural/Urban,Latitude,Longitude,First Harmful Event,Manner of Collision,Light Conditions,Weather
Arkansas,50136,3,CRAIGHEAD (31),JONESBORO,May,Thursday,U.S. Highway,Urban,35.80008611,-90.72839167,Motor Vehicle In-Transport,Angle,Daylight,Clear
Arkansas,50137,3,PULASKI (119),LITTLE ROCK,May,Tuesday,U.S. Highway,Urban,34.69811667,-92.34558611,Motor Vehicle In-Transport,Front-to-Rear,Daylight,Clear
Arkansas,50138,3,IZARD (65),WISEMAN,January,Wednesday,County Road,Rural,36.22741944,-91.81107778,Motor Vehicle In-Transport,Front-to-Front,Dusk,Clear
Arkansas,50140,2,PULASKI (119),LITTLE ROCK,May,Thursday,State Highway,Urban,34.66848889,-92.33080556,Pedestrian,The First Harmful Event was Not a Collision with a Motor Vehicle in Transport,Dark - Lighted,Clear
Arkansas,50141,4,CRAIGHEAD (31),JONESBORO,May,Wednesday,Interstate,Urban,35.77438611,-90.58401111,Motor Vehicle In-Transport,Front-to-Front,Daylight,Clear
Arkansas,50145,1,PULASKI (119),LITTLE ROCK,May,Saturday,Local Street - Municipality,Urban,34.73986667,-92.30388056,Fence,The First Harmful Event was Not a Collision with a Motor Vehicle in Transport,Dark - Lighted,Clear
Arkansas,50153,6,PULASKI (119),SHERWOOD,May,Sunday,U.S. Highway,Urban,34.83226667,-92.17683333,Parked Motor Vehicle,The First Harmful Event was Not a Collision with a Motor Vehicle in Transport,Daylight,Clear
Arkansas,50159,2,UNION (139),SMACKOVER,May,Tuesday,State Highway,Urban,33.34768333,-92.73690833,Motor Vehicle In-Transport,Angle,Dark - Not Lighted,Clear
Arkansas,50164,2,CRAWFORD (33),VAN BUREN,May,Sunday,Interstate,Urban,35.45619722,-94.32481389,Rollover/Overturn,The First Harmful Event was Not a Collision with a Motor Vehicle in Transport,Dark - Not Lighted,Clear
Arkansas,50166,2,LOGAN (83),MAGAZINE,May,Thursday,State Highway,Urban,35.15596944,-93.8082,Tree (Standing Only),The First Harmful Event was Not a Collision with a Motor Vehicle in Transport,Dark - Lighted,Cloudy
Arkansas,50167,1,PRAIRIE (117),HAZEN,May,Wednesday,Interstate,Rural,34.81826111,-91.60190556,Rollover/Overturn,The First Harmful Event was Not a Collision with a Motor Vehicle in Transport,Dark - Not Lighted,Cloudy
Arkansas,50170,4,GRANT (53),PRATTSVILLE,June,Saturday,U.S. Highway,Rural,34.31715833,-92.52556389,Motor Vehicle In-Transport,Sideswipe - Opposite Direction,Daylight,Clear
Arkansas,50174,2,PULASKI (119),LITTLE ROCK,April,Friday,Local Street - Municipality,Urban,34.65463333,-92.34509722,Motor Vehicle In-Transport,Angle,Daylight,Clear
Arkansas,50175,1,JEFFERSON (69),JEFFERSON,June,Wednesday,U.S. Highway,Rural,34.37910556,-91.77591667,Tree (Standing Only),The First Harmful Event was Not a Collision with a Motor Vehicle in Transport,Daylight,Clear
Arkansas,50179,3,BENTON (7),BENTONVILLE,April,Monday,State Highway,Urban,36.33565833,-94.22245278,Motor Vehicle In-Transport,Angle,Dark - Unknown Lighting,Clear
Arkansas,50180,3,CRAIGHEAD (31),JONESBORO,April,Saturday,U.S. Highway,Urban,35.82121944,-90.73797778,Ditch,The First Harmful Event was Not a Collision with a Motor Vehicle in Transport,Daylight,Cloudy
Arkansas,50184,2,PULASKI (119),LITTLE ROCK,June,Tuesday,Local Street - Municipality,Urban,34.73131667,-92.29516111,Motor Vehicle In-Transport,Angle,Daylight,Clear
Arkansas,50187,2,DREW (43),WINCHESTER,April,Saturday,State Highway,Rural,33.777225,-91.46343889,Motor Vehicle In-Transport,Angle,Daylight,Clear
Arkansas,50188,2,LAWRENCE (75),WALNUT RIDGE,June,Thursday,U.S. Highway,Urban,36.0991,-90.95530833,Motor Vehicle In-Transport,Angle,Daylight,Cloudy
Arkansas,50192,1,LONOKE (85),LONOKE,April,Friday,County Road,Rural,34.77765556,-92.06183611,Tree (Standing Only),The First Harmful Event was Not a Collision with a Motor Vehicle in Transport,Reported as Unknown,Clear
Arkansas,50198,1,POINSETT (111),TRUMANN,April,Monday,State Highway,Urban,35.67861111,-90.5235,Pedestrian,The First Harmful Event was Not a Collision with a Motor Vehicle in Transport,Dark - Not Lighted,Cloudy
Arkansas,50202,1,PERRY (105),PERRY,June,Saturday,State Highway,Rural,35.03646389,-92.793975,Traffic Sign Support,The First Harmful Event was Not a Collision with a Motor Vehicle in Transport,Daylight,Clear
Arkansas,50203,1,PULASKI (119),LITTLE ROCK,April,Friday,Interstate,Urban,34.73740556,-92.27069444,Pedestrian,The First Harmful Event was Not a Collision with a Motor Vehicle in Transport,Daylight,Clear
Arkansas,50205,3,GRANT (53),SHERIDAN,April,Monday,U.S. Highway,Urban,34.31091667,-92.39905,Motor Vehicle In-Transport,Angle,Daylight,Clear
Arkansas,50206,3,JEFFERSON (69),PINE BLUFF,April,Tuesday,U.S. Highway,Urban,34.19558333,-91.958,Motor Vehicle In-Transport,Angle,Daylight,Clear
Arkansas,50207,1,SEBASTIAN (131),GREENWOOD,June,Sunday,State Highway,Urban,35.21275278,-94.26014722,Guardrail Face,The First Harmful Event was Not a Collision with a Motor Vehicle in Transport,Dusk,Rain
Arkansas,50209,1,OUACHITA (103),CAMDEN,June,Tuesday,State Highway,Urban,33.56226667,-92.82858333,Pedestrian,The First Harmful Event was Not a Collision with a Motor Vehicle in Transport,Dark - Not Lighted,Clear
Arkansas,50213,3,ARKANSAS (1),STUTTGART,June,Saturday,Local Street - Municipality,Urban,34.49415833,-91.56350833,Railway Vehicle,The First Harmful Event was Not a Collision with a Motor Vehicle in Transport,Daylight,Clear
Arkansas,50218,1,GARLAND (51),HOT SPRINGS,May,Monday,Local Street - Municipality,Urban,34.48903056,-93.05496667,Tree (Standing Only),The First Harmful Event was Not a Collision with a Motor Vehicle in Transport,Daylight,Clear
Arkansas,50225,3,PULASKI (119),LITTLE ROCK,July,Saturday,State Highway,Urban,34.71691944,-92.355425,Motor Vehicle In-Transport,Angle,Dark - Lighted,Clear
Arkansas,50227,3,LONOKE (85),LONOKE,June,Saturday,State Highway,Rural,34.95175278,-91.87403333,Motor Vehicle In-Transport,Front-to-Front,Dark - Not Lighted,Clear
Arkansas,50228,1,CROSS (37),CHERRY VALLEY,June,Sunday,State Highway,Rural,35.40787222,-90.75452778,Tree (Standing Only),The First Harmful Event was Not a Collision with a Motor Vehicle in Transport,Daylight,Clear
Arkansas,50232,2,BENTON (7),ROGERS,May,Saturday,Local Street - Municipality,Urban,36.31492778,-94.14416111,Motor Vehicle In-Transport,Front-to-Rear,Dark - Lighted,Clear
Arkansas,50235,1,ARKANSAS (1),DE WITT,January,Saturday,State Highway,Rural,34.293225,-91.33076944,Pedestrian,The First Harmful Event was Not a Collision with a Motor Vehicle in Transport,Dark - Not Lighted,Clear
Arkansas,50236,1,GREENE (55),PARAGOULD,May,Monday,Local Street - Municipality,Urban,36.06291111,-90.4979,Mail Box,The First Harmful Event was Not a Collision with a Motor Vehicle in Transport,Daylight,Clear
Arkansas,50237,1,CLEBURNE (23),CONCORD,June,Friday,State Highway,Rural,35.66482222,-91.84615556,Utility Pole/Light Support,The First Harmful Event was Not a Collision with a Motor Vehicle in Transport,Dark - Not Lighted,Clear
Arkansas,50238,2,PULASKI (119),LITTLE ROCK,July,Saturday,Local Street - Municipality,Urban,34.77515556,-92.31191389,Other Fixed Object,The First Harmful Event was Not a Collision with a Motor Vehicle in Transport,Dark - Lighted,Clear
Arkansas,50243,2,WASHINGTON (143),FAYETTEVILLE,July,Friday,U.S. Highway,Urban,36.11866389,-94.14493889,Pedestrian,The First Harmful Event was Not a Collision with a Motor Vehicle in Transport,Dark - Not Lighted,Clear
Arkansas,50245,2,WHITE (145),SEARCY,July,Wednesday,U.S. Highway,Urban,35.25044444,-91.69751389,Pedestrian,The First Harmful Event was Not a Collision with a Motor Vehicle in Transport,Daylight,Clear
Arkansas,50246,4,PULASKI (119),LITTLE ROCK,July,Saturday,Interstate,Urban,34.67603056,-92.36535,Pedestrian,The First Harmful Event was Not a Collision with a Motor Vehicle in Transport,Dark - Not Lighted,Clear
Arkansas,50247,4,GARLAND (51),HOT SPRINGS,August,Thursday,State Highway,Urban,34.44616667,-93.08970833,Motor Vehicle In-Transport,Front-to-Front,Daylight,Clear
Arkansas,50254,1,WASHINGTON (143),SPRINGDALE,June,Friday,U.S. Highway,Urban,36.17539167,-94.18622778,Pedestrian,The First Harmful Event was Not a Collision with a Motor Vehicle in Transport,Dark - Not Lighted,Clear
Arkansas,50256,1,INDEPENDENCE (63),BATESVILLE,July,Wednesday,State Highway,Urban,35.783225,-91.62414722,Rollover/Overturn,The First Harmful Event was Not a Collision with a Motor Vehicle in Transport,Dusk,Clear
Arkansas,50259,2,WASHINGTON (143),FAYETTEVILLE,May,Monday,Local Street - Municipality,Urban,36.0939,-94.13925556,Parked Motor Vehicle,The First Harmful Event was Not a Collision with a Motor Vehicle in Transport,Dark - Not Lighted,Clear
Arkansas,50260,2,JEFFERSON (69),PINE BLUFF,May,Monday,State Highway,Urban,34.2238,-92.045525,Traffic Sign Support,The First Harmful Event was Not a Collision with a Motor Vehicle in Transport,Dark - Lighted,Clear
Arkansas,50264,1,DREW (43),WILMAR,June,Sunday,Local Street - Municipality,Rural,33.62423333,-91.9313,Rollover/Overturn,The First Harmful Event was Not a Collision with a Motor Vehicle in Transport,Dark - Not Lighted,Clear
Arkansas,50267,3,FAULKNER (45),CONWAY,August,Sunday,Interstate,Urban,35.11312778,-92.44248889,Motor Vehicle In-Transport,Sideswipe - Same Direction,Dark - Not Lighted,"Fog, Smog, Smoke"
Arkansas,50270,1,BAXTER (5),MOUNTAIN HOME,June,Friday,County Road,Rural,36.28404722,-92.34583333,Ditch,The First Harmful Event was Not a Collision with a Motor Vehicle in Transport,Dark - Not Lighted,Clear
Arkansas,50271,3,CRITTENDEN (35),WEST MEMPHIS,June,Wednesday,State Highway,Urban,35.16081389,-90.18473889,Motor Vehicle In-Transport,Angle,Dusk,Clear
Arkansas,50272,1,PULASKI (119),LITTLE ROCK,June,Sunday,Local Street - Municipality,Urban,34.73920278,-92.24713056,Rollover/Overturn,The First Harmful Event was Not a Collision with a Motor Vehicle in Transport,Daylight,Clear
Arkansas,50273,5,PULASKI (119),JACKSONVILLE,July,Sunday,U.S. Highway,Urban,34.941225,-92.07349722,Parked Motor Vehicle,The First Harmful Event was Not a Collision with a Motor Vehicle in Transport,Daylight,Clear
Arkansas,50276,3,PIKE (109),PIKE CITY,July,Wednesday,County Road,Rural,34.16185,-93.7009,Rollover/Overturn,The First Harmful Event was Not a Collision with a Motor Vehicle in Transport,Daylight,Clear
Arkansas,50278,2,MONROE (95),MONROE,August,Monday,U.S. Highway,Rural,34.68253056,-91.31475556,Motor Vehicle In-Transport,Front-to-Front,Daylight,Cloudy
Arkansas,50282,3,WASHINGTON (143),FAYETTEVILLE,January,Saturday,State Highway,Urban,36.07918056,-94.24367778,Motor Vehicle In-Transport,Angle,Daylight,Clear
Arkansas,50284,3,CRAIGHEAD (31),JONESBORO,July,Saturday,U.S. Highway,Urban,35.82613333,-90.66874722,Motor Vehicle In-Transport,Angle,Daylight,Clear
Arkansas,50288,2,SEBASTIAN (131),FORT SMITH,August,Friday,State Highway,Urban,35.34451389,-94.42700833,Motor Vehicle In-Transport,Angle,Dawn,Cloudy
Arkansas,50297,1,PULASKI (119),SHERWOOD,July,Thursday,State Highway,Urban,34.85434722,-92.20801111,Pedalcyclist,The First Harmful Event was Not a Collision with a Motor Vehicle in Transport,Daylight,Clear
Arkansas,50298,1,PULASKI (119),LITTLE ROCK,July,Saturday,Local Street - Municipality,Urban,34.69030278,-92.33228889,Pedestrian,The First Harmful Event was Not a Collision with a Motor Vehicle in Transport,Dark - Lighted,Clear
Arkansas,50299,3,CRAIGHEAD (31),JONESBORO,August,Tuesday,U.S. Highway,Urban,35.86417778,-90.64052222,Motor Vehicle In-Transport,Front-to-Front,Daylight,Clear
Arkansas,50300,1,PULASKI (119),LITTLE ROCK,August,Wednesday,Interstate,Urban,34.74970833,-92.38970556,Embankment,The First Harmful Event was Not a Collision with a Motor Vehicle in Transport,Dark - Lighted,Clear
Arkansas,50301,1,SEBASTIAN (131),FORT SMITH,August,Saturday,Local Street - Municipality,Urban,35.38153889,-94.36576111,Ditch,The First Harmful Event was Not a Collision with a Motor Vehicle in Transport,Dark - Not Lighted,Rain
Arkansas,50305,1,WHITE (145),MCRAE,August,Monday,State Highway,Urban,35.11361111,-91.82245833,Pedestrian,The First Harmful Event was Not a Collision with a Motor Vehicle in Transport,Dark - Lighted,"Fog, Smog, Smoke"
Arkansas,50308,1,BAXTER (5),MOUNTAIN HOME,July,Sunday,Local Street - Municipality,Urban,36.35098611,-92.38581667,Traffic Sign Support,The First Harmful Event was Not a Collision with a Motor Vehicle in Transport,Dark - Lighted,Clear
Arkansas,50309,1,WHITE (145),BEEBE,August,Wednesday,U.S. Highway,Urban,35.06905556,-91.92466389,Pedestrian,The First Harmful Event was Not a Collision with a Motor Vehicle in Transport,Dark - Unknown Lighting,Clear
Arkansas,50311,2,BAXTER (5),MOUNTAIN HOME,August,Thursday,U.S. Highway,Urban,36.31467778,-92.40905833,Pedestrian,The First Harmful Event was Not a Collision with a Motor Vehicle in Transport,Daylight,Clear
Arkansas,50316,2,WASHINGTON (143),FAYETTEVILLE,July,Friday,State Highway,Urban,36.08645,-94.13465556,Motor Vehicle In-Transport,Angle,Daylight,Clear
Arkansas,50318,2,CRITTENDEN (35),WEST MEMPHIS,August,Thursday,Local Street - Frontage Road,Urban,35.169825,-90.19184722,Motor Vehicle In-Transport,Sideswipe - Opposite Direction,Daylight,Clear
Arkansas,50319,2,PULASKI (119),LITTLE ROCK,July,Wednesday,U.S. Highway,Urban,34.72511944,-92.29732778,Pedestrian,The First Harmful Event was Not a Collision with a Motor Vehicle in Transport,Dark - Not Lighted,Clear
Arkansas,50321,2,CRAIGHEAD (31),JONESBORO,August,Tuesday,U.S. Highway,Urban,35.84140833,-90.75308056,Tree (Standing Only),The First Harmful Event was Not a Collision with a Motor Vehicle in Transport,Daylight,Clear
Arkansas,50325,2,FRANKLIN (47),OZARK,August,Tuesday,U.S. Highway,Urban,35.49013611,-93.85714167,Motor Vehicle In-Transport,Angle,Daylight,Clear
Arkansas,50326,1,JEFFERSON (69),JEFFERSON,September,Tuesday,State Highway,Rural,34.34758333,-92.142225,Rollover/Overturn,The First Harmful Event was Not a Collision with a Motor Vehicle in Transport,Dark - Not Lighted,Clear
Arkansas,50328,1,CONWAY (29),PLUMERVILLE,August,Monday,U.S. Highway,Urban,35.15857222,-92.66175833,Guardrail End,The First Harmful Event was Not a Collision with a Motor Vehicle in Transport,Daylight,Clear
Arkansas,50329,2,SEARCY (129),MARSHALL,August,Monday,U.S. Highway,Urban,35.90401944,-92.62520278,Motor Vehicle In-Transport,Front-to-Front,Dark - Not Lighted,Clear
Arkansas,50332,1,BENTON (7),LOWELL,August,Wednesday,Interstate,Rural,36.26331389,-94.15041667,Parked Motor Vehicle,The First Harmful Event was Not a Collision with a Motor Vehicle in Transport,Dark - Not Lighted,Clear
Arkansas,50333,2,PULASKI (119),LITTLE ROCK,September,Sunday,State Highway,Urban,34.66946111,-92.35381944,Motor Vehicle In-Transport,Front-to-Front,Dark - Lighted,Clear
Arkansas,50334,3,CRAWFORD (33),MULBERRY,September,Friday,Interstate,Rural,35.52791667,-94.042375,Motor Vehicle In-Transport,Front-to-Rear,Daylight,Clear
Arkansas,50340,5,CHICOT (17),EUDORA,September,Friday,U.S. Highway,Rural,33.13956389,-91.26162778,Motor Vehicle In-Transport,Front-to-Front,Dark - Not Lighted,Clear
Arkansas,50342,1,WHITE (145),SEARCY,August,Tuesday,State Highway,Urban,35.26531111,-91.74614167,Curb,The First Harmful Event was Not a Collision with a Motor Vehicle in Transport,Daylight,Clear
Arkansas,50343,3,GARLAND (51),HOT SPRINGS,September,Saturday,U.S. Highway,Urban,34.47588056,-93.119675,Motor Vehicle In-Transport,Sideswipe - Opposite Direction,Daylight,Clear
Arkansas,50344,1,SHARP (135),EVENING SHADE,September,Wednesday,U.S. Highway,Rural,36.07019722,-91.614875,Culvert,The First Harmful Event was Not a Collision with a Motor Vehicle in Transport,Dark - Lighted,Clear
Arkansas,50345,2,WASHINGTON (143),FAYETTEVILLE,August,Saturday,State Highway,Rural,36.07878611,-94.22226389,Motor Vehicle In-Transport,Front-to-Front,Dark - Lighted,Clear
Arkansas,50346,1,WASHINGTON (143),SPRINGDALE,September,Friday,U.S. Highway,Urban,36.17466944,-94.14639167,Pedestrian,The First Harmful Event was Not a Collision with a Motor Vehicle in Transport,Daylight,Cloudy
Arkansas,50351,1,WASHINGTON (143),FAYETTEVILLE,August,Wednesday,State Highway,Urban,36.07588889,-94.27695278,Pedestrian,The First Harmful Event was Not a Collision with a Motor Vehicle in Transport,Daylight,Clear
Arkansas,50352,1,WASHINGTON (143),FAYETTEVILLE,August,Friday,State Highway,Urban,36.05659722,-94.18430278,Pedestrian,The First Harmful Event was Not a Collision with a Motor Vehicle in Transport,Dark - Not Lighted,Clear
Arkansas,50353,1,CRITTENDEN (35),CRAWFORDSVILLE,August,Wednesday,County Road,Rural,35.227625,-90.33453056,Tree (Standing Only),The First Harmful Event was Not a Collision with a Motor Vehicle in Transport,Dark - Lighted,Clear
Arkansas,50354,1,PULASKI (119),JACKSONVILLE,September,Monday,Local Street - Frontage Road,Urban,34.92400278,-92.08193889,Pedestrian,The First Harmful Event was Not a Collision with a Motor Vehicle in Transport,Dark - Not Lighted,Clear
Arkansas,50355,2,PULASKI (119),LITTLE ROCK,September,Monday,Local Street - Municipality,Urban,34.66553333,-92.36268611,Motor Vehicle In-Transport,Angle,Dark - Not Lighted,Clear
Arkansas,50358,3,LONOKE (85),CABOT,September,Friday,State Highway,Urban,34.98284722,-92.00803056,Motor Vehicle In-Transport,Angle,Daylight,Clear
Arkansas,50359,4,LAWRENCE (75),PORTIA,September,Wednesday,U.S. Highway,Rural,36.08531111,-91.06398056,Motor Vehicle In-Transport,Angle,Daylight,Clear
Arkansas,50362,3,CRAIGHEAD (31),JONESBORO,August,Saturday,Local Street - Municipality,Urban,35.86808889,-90.71200556,Rollover/Overturn,The First Harmful Event was Not a Collision with a Motor Vehicle in Transport,Daylight,Clear
Arkansas,50364,2,JACKSON (67),DIAZ,September,Tuesday,State Highway,Urban,35.63825833,-91.25284444,Motor Vehicle In-Transport,Sideswipe - Opposite Direction,Daylight,Clear
Arkansas,50369,3,GARLAND (51),HOT SPRINGS,September,Thursday,U.S. Highway,Urban,34.46572222,-93.06943889,Motor Vehicle In-Transport,Front-to-Front,Dawn,Cloudy
Arkansas,50370,2,SALINE (125),BRYANT,September,Wednesday,Local Street - Frontage Road,Urban,34.61201667,-92.51323611,Motor Vehicle In-Transport,Angle,Daylight,Cloudy
Arkansas,50371,1,PULASKI (119),LITTLE ROCK,September,Saturday,State Highway,Urban,34.765975,-92.31443333,Utility Pole/Light Support,The First Harmful Event was Not a Collision with a Motor Vehicle in Transport,Dark - Lighted,Clear
Arkansas,50374,2,LONOKE (85),LONOKE,September,Wednesday,U.S. Highway,Rural,34.95545278,-92.05646667,Motor Vehicle In-Transport,Front-to-Rear,Dark - Not Lighted,Clear
Arkansas,50376,1,LONOKE (85),LONOKE,September,Monday,Interstate,Rural,34.80131667,-92.01188056,Tree (Standing Only),The First Harmful Event was Not a Collision with a Motor Vehicle in Transport,Daylight,Rain
Arkansas,50378,2,WASHINGTON (143),FAYETTEVILLE,September,Saturday,Interstate,Urban,36.10556944,-94.18021111,Rollover/Overturn,The First Harmful Event was Not a Collision with a Motor Vehicle in Transport,Daylight,Clear
Arkansas,50380,3,BOONE (9),HARRISON,September,Friday,Local Street - Municipality,Urban,36.24854444,-93.13979444,Motor Vehicle In-Transport,Angle,Daylight,Clear
Arkansas,50385,2,JEFFERSON (69),JEFFERSON,October,Friday,U.S. Highway,Urban,34.27554444,-92.13705278,Motor Vehicle In-Transport,Front-to-Front,Dawn,Clear
Arkansas,50390,1,PULASKI (119),LITTLE ROCK,September,Thursday,Interstate,Urban,34.70501944,-92.291975,Tree (Standing Only),The First Harmful Event was Not a Collision with a Motor Vehicle in Transport,Dark - Not Lighted,Cloudy
Arkansas,50392,1,ST. FRANCIS (123),CALDWELL,October,Tuesday,State Highway,Rural,35.077525,-90.81701944,Pedestrian,The First Harmful Event was Not a Collision with a Motor Vehicle in Transport,Dusk,Clear
Arkansas,50393,2,CARROLL (15),GREEN FOREST,September,Saturday,U.S. Highway,Rural,36.33894722,-93.45912778,Pedestrian,The First Harmful Event was Not a Collision with a Motor Vehicle in Transport,Dark - Not Lighted,Clear
Arkansas,50395,1,NEVADA (99),PRESCOTT,October,Sunday,Interstate,Rural,33.80970278,-93.42425833,Bridge Pier or Support,The First Harmful Event was Not a Collision with a Motor Vehicle in Transport,Daylight,Clear
Arkansas,50398,3,PULASKI (119),JACKSONVILLE,October,Saturday,State Highway,Urban,34.21645833,-92.06650556,Motor Vehicle In-Transport,Front-to-Front,Dark - Not Lighted,Clear
Arkansas,50404,2,BAXTER (5),MOUNTAIN HOME,August,Sunday,State Highway,Rural,36.33301944,-92.38655,Fell/Jumped from Vehicle,The First Harmful Event was Not a Collision with a Motor Vehicle in Transport,Daylight,Clear
Arkansas,50408,1,LONOKE (85),LONOKE,October,Sunday,State Highway,Rural,35.06052222,-92.06658333,Ditch,The First Harmful Event was Not a Collision with a Motor Vehicle in Transport,Daylight,Clear
Arkansas,50410,2,LAWRENCE (75),WALNUT RIDGE,October,Thursday,U.S. Highway,Urban,36.07193056,-90.92439167,Motor Vehicle In-Transport,Front-to-Front,Daylight,Cloudy
Arkansas,50411,8,POPE (115),ATKINS,October,Wednesday,Interstate,Rural,35.25311389,-92.93098611,Motor Vehicle In-Transport,Front-to-Rear,Daylight,Clear
Arkansas,50413,3,PULASKI (119),LITTLE ROCK,November,Friday,State Highway,Urban,34.71775278,-92.34543611,Pedestrian,The First Harmful Event was Not a Collision with a Motor Vehicle in Transport,Dark - Not Lighted,Clear
Arkansas,50414,1,GARLAND (51),HOT SPRINGS,November,Friday,State Highway,Rural,34.46782222,-93.02075,Culvert,The First Harmful Event was Not a Collision with a Motor Vehicle in Transport,Daylight,Clear
Arkansas,50415,2,CRAWFORD (33),MULBERRY,November,Wednesday,U.S. Highway,Rural,35.51098056,-94.10723056,Motor Vehicle In-Transport,Sideswipe - Opposite Direction,Dark - Not Lighted,Cloudy
Arkansas,50417,2,WASHINGTON (143),FAYETTEVILLE,October,Saturday,State Highway,Urban,36.05357222,-94.12618056,Motor Vehicle In-Transport,Front-to-Front,Dusk,Clear
Arkansas,50422,1,FULTON (49),VIOLA,October,Sunday,U.S. Highway,Rural,36.39667222,-91.98629444,Culvert,The First Harmful Event was Not a Collision with a Motor Vehicle in Transport,Daylight,Clear
Arkansas,50423,2,MONROE (95),MONROE,October,Thursday,Interstate,Rural,34.88238056,-91.26309722,Motor Vehicle In-Transport,Front-to-Rear,Daylight,Clear
Arkansas,50426,1,PRAIRIE (117),HAZEN,November,Tuesday,Interstate,Rural,34.82068056,-91.51543333,Tree (Standing Only),The First Harmful Event was Not a Collision with a Motor Vehicle in Transport,Daylight,Clear
Arkansas,50427,1,CRAWFORD (33),VAN BUREN,November,Friday,Interstate,Urban,35.46148333,-94.34223889,Guardrail Face,The First Harmful Event was Not a Collision with a Motor Vehicle in Transport,Dark - Not Lighted,Clear
Arkansas,50428,5,SALINE (125),BRYANT,November,Wednesday,Interstate,Rural,34.61642222,-92.50286944,Motor Vehicle In-Transport,Sideswipe - Same Direction,Dark - Not Lighted,Clear
Arkansas,50432,3,SEBASTIAN (131),FORT SMITH,November,Thursday,Local Street - Municipality,Urban,35.43068056,-94.37314722,Motor Vehicle In-Transport,Angle,Daylight,Rain
Arkansas,50436,1,FAULKNER (45),CONWAY,November,Saturday,State Highway,Urban,35.07168611,-92.53242778,Tree (Standing Only),The First Harmful Event was Not a Collision with a Motor Vehicle in Transport,Daylight,Clear
Arkansas,50439,4,SEBASTIAN (131),FORT SMITH,November,Saturday,Local Street - Municipality,Urban,35.34610556,-94.40993333,Curb,The First Harmful Event was Not a Collision with a Motor Vehicle in Transport,Dark - Not Lighted,Clear
Arkansas,50442,5,WASHINGTON (143),SPRINGDALE,November,Monday,U.S. Highway,Urban,36.17565556,-94.1994,Pedestrian,The First Harmful Event was Not a Collision with a Motor Vehicle in Transport,Dark - Not Lighted,Clear
Arkansas,50443,5,PULASKI (119),JACKSONVILLE,November,Saturday,Local Street - Municipality,Urban,34.86694722,-92.09516389,Motor Vehicle In-Transport,Angle,Dark - Lighted,Clear
Arkansas,50452,6,SALINE (125),BRYANT,November,Thursday,Interstate,Urban,34.61968333,-92.49633056,Motor Vehicle In-Transport,Front-to-Rear,Dark - Not Lighted,Rain
Arkansas,50453,2,SALINE (125),BRYANT,November,Thursday,Interstate,Urban,34.63129722,-92.46914722,Motor Vehicle In-Transport,Angle,Daylight,Cloudy
Arkansas,50454,2,PULASKI (119),LITTLE ROCK,December,Tuesday,Interstate,Urban,34.74612222,-92.39141667,Parked Motor Vehicle,The First Harmful Event was Not a Collision with a Motor Vehicle in Transport,Dark - Lighted,Clear
Arkansas,50455,5,PULASKI (119),NORTH LITTLE ROCK,December,Tuesday,Interstate,Urban,34.76868333,-92.26198056,Motor Vehicle In-Transport,Front-to-Front,Dark - Not Lighted,Clear
Arkansas,50459,2,MONROE (95),MONROE,November,Friday,County Road,Rural,34.85282778,-91.17792778,Rollover/Overturn,The First Harmful Event was Not a Collision with a Motor Vehicle in Transport,Dark - Not Lighted,Clear
Arkansas,50460,2,MONROE (95),MONROE,December,Tuesday,U.S. Highway,Rural,34.89424167,-91.16348056,Motor Vehicle In-Transport,Front-to-Front,Daylight,Cloudy
Arkansas,50462,5,PULASKI (119),NORTH LITTLE ROCK,November,Monday,Interstate,Urban,34.78047222,-92.26555,Pedestrian,The First Harmful Event was Not a Collision with a Motor Vehicle in Transport,Dark - Lighted,Clear
Arkansas,50466,1,SEBASTIAN (131),GREENWOOD,December,Friday,U.S. Highway,Urban,35.21893611,-94.29781389,Ditch,The First Harmful Event was Not a Collision with a Motor Vehicle in Transport,Daylight,Clear
Arkansas,50474,3,LONOKE (85),LONOKE,December,Thursday,Interstate,Rural,34.799275,-91.81698611,Parked Motor Vehicle,The First Harmful Event was Not a Collision with a Motor Vehicle in Transport,Dark - Not Lighted,Clear
Arkansas,50476,4,PULASKI (119),LITTLE ROCK,December,Saturday,Interstate,Rural,34.67688889,-92.36288611,Pedestrian,The First Harmful Event was Not a Collision with a Motor Vehicle in Transport,Dark - Not Lighted,Clear
Arkansas,50478,2,BENTON (7),GATEWAY,December,Saturday,U.S. Highway,Rural,36.47153889,-93.95152222,Tree (Standing Only),The First Harmful Event was Not a Collision with a Motor Vehicle in Transport,Dark - Not Lighted,Rain
Arkansas,50479,2,PULASKI (119),LITTLE ROCK,December,Monday,Interstate,Urban,34.73843611,-92.26220556,Pedestrian,The First Harmful Event was Not a Collision with a Motor Vehicle in Transport,Dark - Lighted,Clear
Arkansas,50480,1,UNION (139),EL DORADO,November,Friday,Local Street - Municipality,Urban,33.18469167,-92.63498889,Pedestrian,The First Harmful Event was Not a Collision with a Motor Vehicle in Transport,Dark - Unknown Lighting,Clear
Arkansas,50484,2,MILLER (91),TEXARKANA,December,Monday,U.S. Highway,Urban,33.46608611,-94.043125,Pedestrian,The First Harmful Event was Not a Collision with a Motor Vehicle in Transport,Dark - Lighted,Cloudy
Arkansas,50486,1,LONOKE (85),CABOT,December,Tuesday,State Highway,Urban,34.97036111,-92.02088611,Pedestrian,The First Harmful Event was Not a Collision with a Motor Vehicle in Transport,Dark - Not Lighted,Clear
Arkansas,50490,2,POPE (115),RUSSELLVILLE,December,Saturday,U.S. Highway,Urban,35.27810833,-93.13238889,Traffic Sign Support,The First Harmful Event was Not a Collision with a Motor Vehicle in Transport,Dark - Lighted,Clear
Arkansas,50491,3,JOHNSON (71),KNOXVILLE,December,Saturday,U.S. Highway,Rural,35.34908611,-93.33552222,Motor Vehicle In-Transport,Front-to-Front,Daylight,Clear
Arkansas,50492,2,CROSS (37),WYNNE,October,Tuesday,State Highway,Urban,35.22185556,-90.78739722,Motor Vehicle In-Transport,Angle,Daylight,Cloudy