State,Case Number,Persons,County,City,Month,Day,Route,Rural/Urban,Latitude,Longitude,First Harmful Event,Manner of Collision,Light Conditions,Weather
Delaware,100061,1,SUSSEX (5),MILTON,July,Monday,Local Street - Municipality,Rural,38.77133889,-75.3123,Curb,The First Harmful Event was Not a Collision with a Motor Vehicle in Transport,Dark - Lighted,Clear
Delaware,100062,1,SUSSEX (5),GREENWOOD,July,Sunday,U.S. Highway,Rural,38.80616111,-75.58515,Curb,The First Harmful Event was Not a Collision with a Motor Vehicle in Transport,Daylight,Clear
Delaware,100072,1,KENT (1),WYOMING,August,Saturday,Local Street - Municipality,Urban,39.12053889,-75.55421667,Pedestrian,The First Harmful Event was Not a Collision with a Motor Vehicle in Transport,Dark - Lighted,Clear
Delaware,100081,3,SUSSEX (5),LINCOLN,September,Tuesday,State Highway,Rural,38.87096944,-75.419,Motor Vehicle In-Transport,Angle,Dark - Not Lighted,Clear
Delaware,100085,1,NEW CASTLE (3),NEW CASTLE,September,Saturday,Local Street - Municipality,Urban,39.65243056,-75.6233,Pedalcyclist,The First Harmful Event was Not a Collision with a Motor Vehicle in Transport,Daylight,Clear
Delaware,100098,1,NEW CASTLE (3),WILMINGTON,October,Sunday,Local Street - Municipality,Urban,39.73166944,-75.55355,Pedestrian,The First Harmful Event was Not a Collision with a Motor Vehicle in Transport,Dark - Lighted,Cloudy
Delaware,100102,2,KENT (1),DOVER,October,Tuesday,U.S. Highway,Urban,39.13273056,-75.52838056,Motor Vehicle In-Transport,Front-to-Front,Dark - Not Lighted,Cloudy
Delaware,100104,6,NEW CASTLE (3),WILMINGTON,October,Thursday,Local Street - Municipality,Rural,39.57743056,-75.59265,Motor Vehicle In-Transport,Angle,Daylight,Clear
Delaware,100111,2,KENT (1),DOVER,November,Sunday,U.S. Highway,Urban,39.18053889,-75.52881944,Utility Pole/Light Support,The First Harmful Event was Not a Collision with a Motor Vehicle in Transport,Dark - Lighted,Clear
Delaware,100116,1,KENT (1),MILFORD,November,Friday,U.S. Highway,Rural,38.92621944,-75.43411111,Pedestrian,The First Harmful Event was Not a Collision with a Motor Vehicle in Transport,Dark - Not Lighted,Cloudy
Delaware,100118,4,KENT (1),SMYRNA,December,Tuesday,U.S. Highway,Urban,39.3094,-75.60972778,Pedestrian,The First Harmful Event was Not a Collision with a Motor Vehicle in Transport,Dark - Not Lighted,Clear
Delaware,100120,1,KENT (1),MILFORD,December,Wednesday,State Highway,Rural,38.9227,-75.45313056,Pedestrian,The First Harmful Event was Not a Collision with a Motor Vehicle in Transport,Dark - Not Lighted,Clear
Delaware,100123,1,SUSSEX (5),GEORGETOWN,December,Monday,Local Street - Township,Rural,38.65071944,-75.26638056,Pedestrian,The First Harmful Event was Not a Collision with a Motor Vehicle in Transport,Dark - Not Lighted,Clear
Delaware,100124,2,NEW CASTLE (3),WILMINGTON,December,Wednesday,Interstate,Urban,39.76056944,-75.55151944,Motor Vehicle In-Transport,Angle,Dark - Lighted,Rain
Delaware,100125,5,NEW CASTLE (3),WILMINGTON,September,Wednesday,Local Street - Municipality,Urban,39.72975,-75.54553889,Motor Vehicle In-Transport,Angle,Dark - Lighted,Cloudy
District of Columbia,110001,1,DISTRICT OF COLUMBIA (1),WASHINGTON,February,Monday,Local Street - Municipality,Urban,38.91078056,-77.00907222,Pedestrian,The First Harmful Event was Not a Collision with a Motor Vehicle in Transport,Dark - Lighted,Rain
District of Columbia,110002,1,DISTRICT OF COLUMBIA (1),WASHINGTON,February,Wednesday,Local Street - Municipality,Urban,38.95094722,-77.00890556,Pedestrian,The First Harmful Event was Not a Collision with a Motor Vehicle in Transport,Dark - Lighted,Rain
District of Columbia,110003,1,DISTRICT OF COLUMBIA (1),WASHINGTON,March,Tuesday,Local Street - Municipality,Urban,38.92592778,-76.98285,Pedestrian,The First Harmful Event was Not a Collision with a Motor Vehicle in Transport,Dark - Lighted,Clear
District of Columbia,110004,2,DISTRICT OF COLUMBIA (1),WASHINGTON,May,Monday,Local Street - Municipality,Urban,38.86066667,-77.00341667,Motor Vehicle In-Transport,Angle,Dark - Lighted,Rain
District of Columbia,110005,2,DISTRICT OF COLUMBIA (1),WASHINGTON,August,Sunday,Local Street - Municipality,Urban,38.92673611,-77.02911389,Curb,The First Harmful Event was Not a Collision with a Motor Vehicle in Transport,Dark - Lighted,Clear
District of Columbia,110006,7,DISTRICT OF COLUMBIA (1),WASHINGTON,April,Friday,Interstate,Urban,38.86521389,-76.99254722,Motor Vehicle In-Transport,Front-to-Front,Dark - Lighted,Clear
District of Columbia,110007,5,DISTRICT OF COLUMBIA (1),WASHINGTON,April,Sunday,Local Street - Municipality,Urban,38.864475,-76.98240556,Motor Vehicle In-Transport,Angle,Daylight,Clear
District of Columbia,110008,1,DISTRICT OF COLUMBIA (1),WASHINGTON,April,Saturday,Local Street - Municipality,Urban,38.88987778,-76.94704167,Curb,The First Harmful Event was Not a Collision with a Motor Vehicle in Transport,Daylight,Clear
District of Columbia,110009,2,DISTRICT OF COLUMBIA (1),WASHINGTON,April,Friday,Local Street - Municipality,Urban,38.90275,-76.99015556,Motor Vehicle In-Transport,Angle,Daylight,Clear
District of Columbia,110010,1,DISTRICT OF COLUMBIA (1),WASHINGTON,May,Friday,Local Street - Municipality,Urban,38.87070556,-76.93780833,Pedestrian,The First Harmful Event was Not a Collision with a Motor Vehicle in Transport,Dark - Lighted,Clear
District of Columbia,110011,1,DISTRICT OF COLUMBIA (1),WASHINGTON,April,Sunday,Local Street - Municipality,Urban,38.86066944,-77.00355556,Curb,The First Harmful Event was Not a Collision with a Motor Vehicle in Transport,Dark - Lighted,Clear
District of Columbia,110012,1,DISTRICT OF COLUMBIA (1),WASHINGTON,May,Friday,Local Street - Municipality,Urban,38.84950833,-76.99597222,Pedestrian,The First Harmful Event was Not a Collision with a Motor Vehicle in Transport,Dark - Lighted,Clear
District of Columbia,110013,1,DISTRICT OF COLUMBIA (1),WASHINGTON,August,Tuesday,Local Street - Municipality,Urban,38.92391111,-77.00910556,Pedestrian,The First Harmful Event was Not a Collision with a Motor Vehicle in Transport,Dark - Lighted,Clear
District of Columbia,110014,2,DISTRICT OF COLUMBIA (1),WASHINGTON,September,Monday,Local Street - Municipality,Urban,38.84507778,-76.99744167,Motor Vehicle In-Transport,Angle,Dark - Lighted,Clear
District of Columbia,110015,8,DISTRICT OF COLUMBIA (1),WASHINGTON,October,Wednesday,Local Street - Municipality,Urban,38.95873889,-77.01336667,Motor Vehicle In-Transport,Angle,Daylight,Clear
District of Columbia,110016,5,DISTRICT OF COLUMBIA (1),WASHINGTON,October,Tuesday,Local Street - Municipality,Urban,38.96494444,-77.00147778,Motor Vehicle In-Transport,Angle,Dark - Lighted,Clear
District of Columbia,110017,2,DISTRICT OF COLUMBIA (1),WASHINGTON,October,Thursday,Local Street - Municipality,Urban,38.88973056,-76.94749722,Pedestrian,The First Harmful Event was Not a Collision with a Motor Vehicle in Transport,Daylight,Clear
District of Columbia,110018,3,DISTRICT OF COLUMBIA (1),WASHINGTON,November,Friday,Local Street - Municipality,Urban,38.84808611,-77.00822222,Curb,The First Harmful Event was Not a Collision with a Motor Vehicle in Transport,Dark - Lighted,Clear
District of Columbia,110019,2,DISTRICT OF COLUMBIA (1),WASHINGTON,October,Wednesday,Local Street - Municipality,Urban,38.88803611,-76.95129167,Utility Pole/Light Support,The First Harmful Event was Not a Collision with a Motor Vehicle in Transport,Daylight,Clear
District of Columbia,110020,1,DISTRICT OF COLUMBIA (1),WASHINGTON,November,Friday,Local Street - Municipality,Urban,38.90020278,-77.00455,Pedestrian,The First Harmful Event was Not a Collision with a Motor Vehicle in Transport,Dark - Lighted,Clear
District of Columbia,110022,5,DISTRICT OF COLUMBIA (1),WASHINGTON,December,Tuesday,Local Street - Municipality,Urban,38.97216389,-77.01615833,Motor Vehicle In-Transport,Sideswipe - Same Direction,Daylight,Rain
District of Columbia,110023,1,DISTRICT OF COLUMBIA (1),WASHINGTON,December,Tuesday,Local Street - Municipality,Urban,38.86870278,-76.98808333,Bridge Rail (Includes parapet),The First Harmful Event was Not a Collision with a Motor Vehicle in Transport,Dark - Lighted,Clear
Florida,120002,1,BREVARD (9),PALM BAY,January,Tuesday,Local Street - Municipality,Rural,27.999475,-80.71193889,Immersion or Partial Immersion,The First Harmful Event was Not a Collision with a Motor Vehicle in Transport,Dark - Not Lighted,Clear
Florida,120009,2,SARASOTA (115),NORTH PORT,January,Thursday,U.S. Highway,Urban,27.04544444,-82.24363889,Pedalcyclist,The First Harmful Event was Not a Collision with a Motor Vehicle in Transport,Dark - Lighted,Clear
Florida,120011,2,DUVAL (31),JACKSONVILLE,January,Tuesday,Local Street - Municipality,Urban,30.36668611,-81.66666667,Tree (Standing Only),The First Harmful Event was Not a Collision with a Motor Vehicle in Transport,Dark - Lighted,Clear
Florida,120018,1,MIAMI-DADE (86),MIAMI,January,Thursday,State Highway,Urban,25.77139722,-80.27348333,Pedestrian,The First Harmful Event was Not a Collision with a Motor Vehicle in Transport,Dawn,Clear
Florida,120020,1,BREVARD (9),MELBOURNE,January,Tuesday,U.S. Highway,Urban,28.12743889,-80.63023056,Pedalcyclist,The First Harmful Event was Not a Collision with a Motor Vehicle in Transport,Daylight,Cloudy
Florida,120021,1,HILLSBOROUGH (57),TAMPA,January,Saturday,County Road,Urban,28.02529167,-82.45586944,Concrete Traffic Barrier,The First Harmful Event was Not a Collision with a Motor Vehicle in Transport,Dark - Lighted,Clear
Florida,120023,2,LEON (73),TALLAHASSEE,January,Tuesday,State Highway,Urban,30.47107222,-84.36126667,Motor Vehicle In-Transport,Sideswipe - Same Direction,Daylight,Clear
Florida,120030,1,PINELLAS (103),SAINT PETERSBURG,January,Thursday,Local Street - Municipality,Urban,27.76419722,-82.72429444,Pedalcyclist,The First Harmful Event was Not a Collision with a Motor Vehicle in Transport,Daylight,Clear
Florida,120033,2,DUVAL (31),JACKSONVILLE,January,Thursday,Local Street - Municipality,Urban,30.33144444,-81.67071389,Building,The First Harmful Event was Not a Collision with a Motor Vehicle in Transport,Dark - Lighted,Clear
Florida,120034,2,MIAMI-DADE (86),MIAMI,January,Thursday,Local Street - Municipality,Urban,25.77325833,-80.193475,Curb,The First Harmful Event was Not a Collision with a Motor Vehicle in Transport,Dark - Lighted,Clear
Florida,120035,1,ST. LUCIE (111),PORT SAINT LUCIE,January,Thursday,Local Street - Municipality,Urban,27.29458611,-80.43182222,Curb,The First Harmful Event was Not a Collision with a Motor Vehicle in Transport,Dark - Lighted,Clear
Florida,120044,4,PALM BEACH (99),PALM SPRINGS,January,Tuesday,State Highway,Urban,26.61811111,-80.1054,Motor Vehicle In-Transport,Angle,Dark - Lighted,Clear
Florida,120051,4,PASCO (101),NEW PORT RICHEY,January,Friday,U.S. Highway,Urban,28.25340556,-82.72768333,Pedestrian,The First Harmful Event was Not a Collision with a Motor Vehicle in Transport,Dark - Lighted,Clear
Florida,120053,1,ALACHUA (1),GAINESVILLE,January,Saturday,U.S. Highway,Urban,29.6274,-82.33941389,Pedestrian,The First Harmful Event was Not a Collision with a Motor Vehicle in Transport,Dark - Not Lighted,Cloudy
Florida,120058,3,OKALOOSA (91),VALPARAISO,January,Thursday,State Highway,Urban,30.51426944,-86.51038611,Motor Vehicle In-Transport,Angle,Daylight,Clear
Florida,120066,2,BROWARD (11),SUNRISE,January,Wednesday,State Highway,Urban,26.15324722,-80.25708333,Motor Vehicle In-Transport,Angle,Dusk,Cloudy
Florida,120068,1,DUVAL (31),JACKSONVILLE,January,Saturday,State Highway,Urban,30.20316111,-81.61706111,Curb,The First Harmful Event was Not a Collision with a Motor Vehicle in Transport,Dark - Lighted,Clear
Florida,120070,2,MIAMI-DADE (86),MIAMI,January,Monday,U.S. Highway,Urban,25.83336389,-80.18414167,Motor Vehicle In-Transport,Angle,Daylight,Clear
Florida,120072,1,VOLUSIA (127),DEBARY,January,Saturday,Local Street - Municipality,Urban,28.88090556,-81.30962778,Pedalcyclist,The First Harmful Event was Not a Collision with a Motor Vehicle in Transport,Dark - Lighted,Clear
Florida,120073,2,LEE (71),BONITA SPRINGS,January,Wednesday,County Road,Urban,26.33046667,-81.84147222,Pedalcyclist,The First Harmful Event was Not a Collision with a Motor Vehicle in Transport,Daylight,Clear
Florida,120082,4,SEMINOLE (117),SANFORD,January,Monday,Local Street - Municipality,Urban,28.74875556,-81.30931667,Curb,The First Harmful Event was Not a Collision with a Motor Vehicle in Transport,Daylight,Clear
Florida,120085,4,BAY (5),PANAMA CITY,January,Saturday,U.S. Highway,Urban,30.18955833,-85.65837222,Motor Vehicle In-Transport,Front-to-Front,Daylight,Clear
Florida,120088,3,ORANGE (95),ORLANDO,January,Wednesday,State Highway,Urban,28.53825833,-81.33934444,Pedestrian,The First Harmful Event was Not a Collision with a Motor Vehicle in Transport,Dark - Lighted,Clear
Florida,120089,2,DUVAL (31),JACKSONVILLE,January,Sunday,State Highway,Urban,30.3974,-81.6833,Pedestrian,The First Harmful Event was Not a Collision with a Motor Vehicle in Transport,Dark - Not Lighted,Rain
Florida,120099,1,BROWARD (11),HOLLYWOOD,January,Tuesday,State Highway,Urban,26.01137778,-80.14983611,Pedestrian,The First Harmful Event was Not a Collision with a Motor Vehicle in Transport,Dark - Lighted,Clear
Florida,120100,1,LEON (73),TALLAHASSEE,January,Saturday,Local Street - Municipality,Urban,30.512575,-84.22530278,Pedestrian,The First Harmful Event was Not a Collision with a Motor Vehicle in Transport,Dark - Lighted,Clear
Florida,120110,4,HILLSBOROUGH (57),TAMPA,January,Saturday,U.S. Highway,Urban,28.07863056,-82.4595,Motor Vehicle In-Transport,Angle,Daylight,Clear
Florida,120115,2,VOLUSIA (127),DELAND,January,Thursday,U.S. Highway,Urban,28.99173889,-81.30218333,Pedestrian,The First Harmful Event was Not a Collision with a Motor Vehicle in Transport,Dark - Not Lighted,Clear
Florida,120118,1,PINELLAS (103),SAINT PETERSBURG,January,Friday,U.S. Highway,Urban,27.78545278,-82.67948889,Pedestrian,The First Harmful Event was Not a Collision with a Motor Vehicle in Transport,Dark - Lighted,Clear
Florida,120119,2,LEE (71),CAPE CORAL,January,Wednesday,Local Street - Municipality,Urban,26.58972222,-82.00689722,Motor Vehicle In-Transport,Front-to-Front,Dark - Lighted,Clear
Florida,120121,3,PALM BEACH (99),BOCA RATON,January,Friday,State Highway,Urban,26.37672222,-80.12118333,Motor Vehicle In-Transport,Angle,Daylight,Clear
Florida,120122,1,POLK (105),DUNDEE,January,Saturday,Local Street - Municipality,Rural,28.02589444,-81.62986111,Pedestrian,The First Harmful Event was Not a Collision with a Motor Vehicle in Transport,Dark - Not Lighted,Clear
Florida,120123,4,HILLSBOROUGH (57),TAMPA,January,Saturday,Local Street - Municipality,Urban,27.96663611,-82.482775,Motor Vehicle In-Transport,Angle,Dark - Lighted,Cloudy
Florida,120124,1,LEE (71),CAPE CORAL,January,Saturday,Local Street - Municipality,Rural,26.62607778,-81.92531944,Fell/Jumped from Vehicle,The First Harmful Event was Not a Collision with a Motor Vehicle in Transport,Dark - Not Lighted,Clear
Florida,120125,3,BROWARD (11),TAMARAC,January,Wednesday,State Highway,Urban,26.18728889,-80.29755,Motor Vehicle In-Transport,Front-to-Rear,Dark - Lighted,Cloudy
Florida,120127,3,PALM BEACH (99),LANTANA,January,Friday,Interstate,Rural,26.58723056,-80.06841944,Pedestrian,The First Harmful Event was Not a Collision with a Motor Vehicle in Transport,Dark - Lighted,Cloudy
Florida,120131,3,CITRUS (17),HERNANDO,January,Saturday,State Highway,Urban,28.84901111,-82.37418056,Motor Vehicle In-Transport,Angle,Dark - Not Lighted,Clear
Florida,120136,4,BROWARD (11),FORT LAUDERDALE,January,Wednesday,U.S. Highway,Urban,26.14873611,-80.11996667,Motor Vehicle In-Transport,Angle,Daylight,Clear
Florida,120137,4,DUVAL (31),JACKSONVILLE,January,Monday,State Highway,Urban,30.16081667,-81.63305,Motor Vehicle In-Transport,Angle,Dark - Unknown Lighting,Clear
Florida,120138,1,MIAMI-DADE (86),MIAMI,January,Tuesday,Local Street - Municipality,Urban,25.83455556,-80.20046389,Pedestrian,The First Harmful Event was Not a Collision with a Motor Vehicle in Transport,Dark - Unknown Lighting,Clear
Florida,120139,3,PASCO (101),DADE CITY,January,Saturday,U.S. Highway,Urban,28.37256944,-82.18826111,Pedestrian,The First Harmful Event was Not a Collision with a Motor Vehicle in Transport,Dark - Not Lighted,Clear
Florida,120140,1,LAKE (69),CLERMONT,January,Thursday,Local Street - Municipality,Urban,28.55382778,-81.719225,Curb,The First Harmful Event was Not a Collision with a Motor Vehicle in Transport,Dark - Not Lighted,Clear
Florida,120141,17,MIAMI-DADE (86),PINECREST,January,Tuesday,State Highway,Urban,25.68641111,-80.31114722,Motor Vehicle In-Transport,Front-to-Front,Dark - Lighted,Clear
Florida,120143,1,PALM BEACH (99),SOUTH PALM BEACH,January,Thursday,State Highway,Urban,26.58657778,-80.03851667,Pedestrian,The First Harmful Event was Not a Collision with a Motor Vehicle in Transport,Daylight,Clear
Florida,120147,1,DUVAL (31),JACKSONVILLE,January,Monday,State Highway,Urban,30.30148056,-81.7629,Pedestrian,The First Harmful Event was Not a Collision with a Motor Vehicle in Transport,Dark - Not Lighted,Clear
Florida,120149,5,DUVAL (31),JACKSONVILLE,January,Tuesday,State Highway,Urban,30.41726944,-81.53025278,Motor Vehicle In-Transport,Front-to-Front,Daylight,Cloudy
Florida,120155,1,INDIAN RIVER (61),VERO BEACH,January,Monday,State Highway,Urban,27.63862222,-80.40567222,Rollover/Overturn,The First Harmful Event was Not a Collision with a Motor Vehicle in Transport,Dark - Unknown Lighting,Cloudy
Florida,120157,4,PALM BEACH (99),BOCA RATON,January,Monday,Interstate,Rural,26.36236389,-80.11981667,Motor Vehicle In-Transport,Angle,Dark - Lighted,Clear
Florida,120158,4,PINELLAS (103),SAINT PETERSBURG,January,Monday,Local Street - Municipality,Urban,27.757125,-82.64661667,Fell/Jumped from Vehicle,The First Harmful Event was Not a Collision with a Motor Vehicle in Transport,Dark - Lighted,Clear
Florida,120162,4,OSCEOLA (97),KISSIMMEE,January,Monday,Local Street - Municipality,Urban,28.19496944,-81.46892222,Motor Vehicle In-Transport,Front-to-Front,Dark - Not Lighted,Clear
Florida,120165,1,HILLSBOROUGH (57),TAMPA,January,Sunday,State Highway,Urban,27.94462222,-82.47542222,Pedestrian,The First Harmful Event was Not a Collision with a Motor Vehicle in Transport,Dark - Lighted,Clear
Florida,120167,4,BROWARD (11),HOLLYWOOD,January,Friday,Interstate,Urban,26.00607778,-80.16685278,Motor Vehicle In-Transport,Front-to-Rear,Daylight,Clear
Florida,120173,1,PASCO (101),NEW PORT RICHEY,January,Thursday,Local Street - Municipality,Urban,28.25780833,-82.70731667,Pedestrian,The First Harmful Event was Not a Collision with a Motor Vehicle in Transport,Dark - Not Lighted,Clear
Florida,120174,1,VOLUSIA (127),HOLLY HILL,January,Tuesday,U.S. Highway,Urban,29.25548333,-81.04681944,Pedestrian,The First Harmful Event was Not a Collision with a Motor Vehicle in Transport,Daylight,Clear
Florida,120175,1,LAKE (69),LEESBURG,January,Monday,U.S. Highway,Urban,28.82086389,-81.78022222,Pedestrian,The First Harmful Event was Not a Collision with a Motor Vehicle in Transport,Dark - Lighted,Clear
Florida,120177,2,PALM BEACH (99),BOYNTON BEACH,January,Sunday,Interstate,Urban,26.51456667,-80.07248889,Motor Vehicle In-Transport,Angle,Daylight,Clear
Florida,120179,3,POLK (105),LAKELAND,February,Friday,State Highway,Urban,28.09560833,-81.95218056,Motor Vehicle In-Transport,Sideswipe - Same Direction,Dark - Not Lighted,Cloudy
Florida,120180,1,BREVARD (9),COCOA,January,Wednesday,State Highway,Urban,28.3558,-80.74443611,Pedestrian,The First Harmful Event was Not a Collision with a Motor Vehicle in Transport,Dark - Lighted,Clear
Florida,120181,6,VOLUSIA (127),EDGEWATER,February,Friday,County Road,Urban,28.98341944,-80.93011667,Motor Vehicle In-Transport,Angle,Dark - Not Lighted,Clear
Florida,120185,1,MIAMI-DADE (86),MIAMI,January,Sunday,Local Street - Municipality,Urban,25.83176944,-80.22515833,Pedestrian,The First Harmful Event was Not a Collision with a Motor Vehicle in Transport,Dark - Lighted,Rain
Florida,120186,1,MIAMI-DADE (86),MIAMI GARDENS,January,Friday,State Highway,Urban,25.94256667,-80.20249167,Curb,The First Harmful Event was Not a Collision with a Motor Vehicle in Transport,Dark - Lighted,Clear
Florida,120187,1,MIAMI-DADE (86),MIAMI,January,Tuesday,Local Street - Municipality,Urban,25.74205833,-80.25177222,Parked Motor Vehicle,The First Harmful Event was Not a Collision with a Motor Vehicle in Transport,Daylight,Clear
Florida,120189,1,DUVAL (31),JACKSONVILLE,February,Tuesday,State Highway,Urban,30.31581944,-81.56010556,Pedestrian,The First Harmful Event was Not a Collision with a Motor Vehicle in Transport,Dark - Lighted,Clear
Florida,120190,4,CITRUS (17),CRYSTAL RIVER,January,Sunday,U.S. Highway,Urban,28.91323056,-82.60711944,Motor Vehicle In-Transport,Angle,Daylight,Rain
Florida,120193,9,PINELLAS (103),SAINT PETERSBURG,January,Sunday,Local Street - Municipality,Urban,27.80685,-82.70014167,Motor Vehicle In-Transport,Front-to-Rear,Daylight,Rain
Florida,120198,1,LEON (73),TALLAHASSEE,February,Monday,Interstate,Urban,30.48422222,-84.30208333,Pedestrian,The First Harmful Event was Not a Collision with a Motor Vehicle in Transport,Dark - Lighted,Clear
Florida,120200,1,VOLUSIA (127),DAYTONA BEACH,February,Monday,Local Street - Municipality,Urban,29.15565833,-81.07535278,Pedestrian,The First Harmful Event was Not a Collision with a Motor Vehicle in Transport,Daylight,Clear
Florida,120203,2,MIAMI-DADE (86),MIAMI BEACH,February,Tuesday,State Highway,Urban,25.85573056,-80.12993056,Curb,The First Harmful Event was Not a Collision with a Motor Vehicle in Transport,Dark - Lighted,Clear
Florida,120209,6,PINELLAS (103),LARGO,January,Sunday,County Road,Urban,27.90543333,-82.76250833,Motor Vehicle In-Transport,Angle,Dark - Lighted,Rain
Florida,120210,2,MIAMI-DADE (86),MIAMI,January,Friday,U.S. Highway,Urban,25.81995556,-80.18765,Fell/Jumped from Vehicle,The First Harmful Event was Not a Collision with a Motor Vehicle in Transport,Daylight,Clear
Florida,120212,1,BROWARD (11),PEMBROKE PINES,February,Wednesday,State Highway,Urban,26.00778889,-80.29868889,Pedestrian,The First Harmful Event was Not a Collision with a Motor Vehicle in Transport,Dark - Lighted,Clear
Florida,120214,1,ORANGE (95),APOPKA,January,Thursday,Local Street - Municipality,Rural,28.65479722,-81.49940833,Pedestrian,The First Harmful Event was Not a Collision with a Motor Vehicle in Transport,Dark - Not Lighted,Clear
Florida,120215,1,HILLSBOROUGH (57),TAMPA,February,Friday,Local Street - Municipality,Urban,27.93964722,-82.43475,Pedalcyclist,The First Harmful Event was Not a Collision with a Motor Vehicle in Transport,Daylight,Clear
Florida,120217,2,MIAMI-DADE (86),MIAMI BEACH,February,Friday,State Highway,Urban,25.78731667,-80.14110278,Pedestrian,The First Harmful Event was Not a Collision with a Motor Vehicle in Transport,Dark - Lighted,Clear
Florida,120218,1,LEON (73),TALLAHASSEE,February,Saturday,State Highway,Urban,30.4413,-84.33320278,Pedestrian,The First Harmful Event was Not a Collision with a Motor Vehicle in Transport,Dusk,Cloudy
Florida,120222,1,DUVAL (31),JACKSONVILLE,January,Saturday,Local Street - Municipality,Rural,30.37918333,-81.84056389,Pedalcyclist,The First Harmful Event was Not a Collision with a Motor Vehicle in Transport,Dark - Lighted,Clear
Florida,120225,3,BROWARD (11),PEMBROKE PINES,February,Saturday,Local Street - Municipality,Urban,25.99320833,-80.33636389,Motor Vehicle In-Transport,Angle,Daylight,Clear
Florida,120226,1,PASCO (101),ZEPHYRHILLS,February,Sunday,Local Street - Municipality,Rural,28.22503056,-82.19128889,Parked Motor Vehicle,The First Harmful Event was Not a Collision with a Motor Vehicle in Transport,Daylight,Cloudy
Florida,120230,1,DUVAL (31),JACKSONVILLE,February,Thursday,Local Street - Municipality,Urban,30.459,-81.2892,Fence,The First Harmful Event was Not a Collision with a Motor Vehicle in Transport,Daylight,Clear
Florida,120237,2,PINELLAS (103),SAINT PETERSBURG,February,Friday,U.S. Highway,Urban,27.83268611,-82.63859444,Pedestrian,The First Harmful Event was Not a Collision with a Motor Vehicle in Transport,Dark - Lighted,Clear
Florida,120238,2,DUVAL (31),JACKSONVILLE,February,Monday,Local Street - Municipality,Urban,30.33949444,-81.54370278,Pedestrian,The First Harmful Event was Not a Collision with a Motor Vehicle in Transport,Daylight,Clear
Florida,120245,1,ORANGE (95),ORLANDO,February,Tuesday,State Highway,Urban,28.550625,-81.41386389,Pedestrian,The First Harmful Event was Not a Collision with a Motor Vehicle in Transport,Dark - Lighted,Clear
Florida,120246,2,PALM BEACH (99),PALM BEACH GARDENS,February,Monday,County Road,Urban,26.81200556,-80.21200278,Motor Vehicle In-Transport,Front-to-Rear,Daylight,Rain
Florida,120250,2,MIAMI-DADE (86),MEDLEY,February,Wednesday,Local Street - Municipality,Urban,25.84077222,-80.32446111,Motor Vehicle In-Transport,Angle,Daylight,Clear
Florida,120251,1,SARASOTA (115),VENICE,February,Tuesday,Local Street - Municipality,Urban,27.09991111,-82.44195833,Pedalcyclist,The First Harmful Event was Not a Collision with a Motor Vehicle in Transport,Daylight,Clear
Florida,120252,2,HILLSBOROUGH (57),TAMPA,February,Sunday,U.S. Highway,Urban,27.99598611,-82.415275,Pedestrian,The First Harmful Event was Not a Collision with a Motor Vehicle in Transport,Dark - Lighted,Clear
Florida,120254,2,MIAMI-DADE (86),HIALEAH,February,Friday,State Highway,Urban,25.86183611,-80.26664444,Motor Vehicle In-Transport,Angle,Dark - Lighted,Clear
Florida,120255,3,BROWARD (11),LAUDERDALE LAKES,February,Sunday,U.S. Highway,Urban,26.17121111,-80.20320556,Motor Vehicle In-Transport,Front-to-Front,Dark - Lighted,Clear
Florida,120257,4,PALM BEACH (99),DELRAY BEACH,February,Saturday,State Highway,Urban,26.46075278,-80.09357778,Motor Vehicle In-Transport,Angle,Dark - Lighted,Clear
Florida,120265,1,SEMINOLE (117),ALTAMONTE SPRINGS,January,Saturday,Local Street - Municipality,Urban,28.67866667,-81.403375,Utility Pole/Light Support,The First Harmful Event was Not a Collision with a Motor Vehicle in Transport,Daylight,Clear
Florida,120269,2,MIAMI-DADE (86),NORTH MIAMI BEACH,January,Saturday,Local Street - Municipality,Urban,25.94165556,-80.16261389,Curb,The First Harmful Event was Not a Collision with a Motor Vehicle in Transport,Daylight,Rain
Florida,120271,1,BROWARD (11),LIGHTHOUSE POINT,February,Sunday,U.S. Highway,Urban,26.26848333,-80.09849722,Pedestrian,The First Harmful Event was Not a Collision with a Motor Vehicle in Transport,Dark - Lighted,Clear
Florida,120273,2,BROWARD (11),FORT LAUDERDALE,January,Monday,State Highway,Urban,26.18979722,-80.10692222,Motor Vehicle In-Transport,Angle,Dark - Lighted,Clear
Florida,120275,1,DUVAL (31),JACKSONVILLE,February,Friday,Local Street - Municipality,Urban,30.2485,-81.8139,Pedestrian,The First Harmful Event was Not a Collision with a Motor Vehicle in Transport,Dark - Lighted,Clear
Florida,120281,1,DUVAL (31),JACKSONVILLE,February,Wednesday,Interstate,Urban,30.29971944,-81.77063889,Tree (Standing Only),The First Harmful Event was Not a Collision with a Motor Vehicle in Transport,Dark - Lighted,Rain