State,Case Number,Persons,County,City,Month,Day,Route,Rural/Urban,Latitude,Longitude,First Harmful Event,Manner of Collision,Light Conditions,Weather
Florida,120287,1,BROWARD (11),FORT LAUDERDALE,February,Thursday,Local Street - Municipality,Urban,26.11124167,-80.14318056,Non-Motorist on Personal Conveyance,The First Harmful Event was Not a Collision with a Motor Vehicle in Transport,Dark - Lighted,Clear
Florida,120289,2,ORANGE (95),ORLANDO,February,Wednesday,State Highway,Urban,28.54973333,-81.41383056,Pedestrian,The First Harmful Event was Not a Collision with a Motor Vehicle in Transport,Dark - Lighted,Clear
Florida,120290,3,DUVAL (31),JACKSONVILLE,February,Tuesday,State Highway,Urban,30.46743889,-81.70773056,Motor Vehicle In-Transport,Front-to-Front,Daylight,Cloudy
Florida,120292,2,DUVAL (31),JACKSONVILLE,February,Tuesday,Interstate,Urban,30.40838056,-81.75246667,Motor Vehicle In-Transport,Angle,Dark - Lighted,Clear
Florida,120301,1,DUVAL (31),JACKSONVILLE,February,Thursday,Interstate,Urban,30.19130833,-81.68868333,Concrete Traffic Barrier,The First Harmful Event was Not a Collision with a Motor Vehicle in Transport,Dawn,Clear
Florida,120307,3,DUVAL (31),JACKSONVILLE,February,Saturday,State Highway,Urban,30.33152222,-81.55334167,Curb,The First Harmful Event was Not a Collision with a Motor Vehicle in Transport,Dark - Lighted,Clear
Florida,120308,4,MIAMI-DADE (86),MIAMI,January,Wednesday,Local Street - Municipality,Urban,25.81921944,-80.19567778,Motor Vehicle In-Transport,Angle,Dark - Lighted,Clear
Florida,120316,1,DUVAL (31),JACKSONVILLE,February,Friday,U.S. Highway,Urban,30.51448889,-81.62266944,Pedestrian,The First Harmful Event was Not a Collision with a Motor Vehicle in Transport,Dark - Lighted,Clear
Florida,120322,4,MIAMI-DADE (86),MIAMI,February,Tuesday,U.S. Highway,Urban,25.80897222,-80.24432222,Motor Vehicle In-Transport,Angle,Dusk,Clear
Florida,120323,2,CLAY (19),GREEN COVE SPRINGS,February,Friday,U.S. Highway,Urban,29.98835833,-81.67774167,Motor Vehicle In-Transport,Front-to-Rear,Dawn,Cloudy
Florida,120324,1,BROWARD (11),LAUDERDALE LAKES,February,Wednesday,U.S. Highway,Urban,26.17111944,-80.20331389,Pedestrian,The First Harmful Event was Not a Collision with a Motor Vehicle in Transport,Daylight,Clear
Florida,120331,2,JACKSON (63),MARIANNA,February,Thursday,State Highway,Urban,30.76441111,-85.25470278,Motor Vehicle In-Transport,Angle,Daylight,Clear
Florida,120338,4,DE SOTO (27),ARCADIA,February,Sunday,U.S. Highway,Urban,27.20755,-81.86171944,Pedestrian,The First Harmful Event was Not a Collision with a Motor Vehicle in Transport,Dark - Lighted,Clear
Florida,120343,2,TAYLOR (123),PERRY,February,Monday,U.S. Highway,Urban,30.096825,-83.58173333,Motor Vehicle In-Transport,Angle,Dark - Lighted,Clear
Florida,120344,1,MIAMI-DADE (86),HIALEAH,February,Monday,Local Street - Municipality,Urban,25.85912222,-80.31472778,Pedalcyclist,The First Harmful Event was Not a Collision with a Motor Vehicle in Transport,Dark - Lighted,Clear
Florida,120345,1,DUVAL (31),JACKSONVILLE,February,Monday,State Highway,Urban,30.28695278,-81.53436389,Pedestrian,The First Harmful Event was Not a Collision with a Motor Vehicle in Transport,Dark - Lighted,Clear
Florida,120347,2,OKALOOSA (91),FORT WALTON BEACH,February,Thursday,U.S. Highway,Urban,30.40476111,-86.62022778,Curb,The First Harmful Event was Not a Collision with a Motor Vehicle in Transport,Dark - Lighted,"Fog, Smog, Smoke"
Florida,120350,1,ST. LUCIE (111),FORT PIERCE,February,Friday,U.S. Highway,Urban,27.41073611,-80.32594722,Pedestrian,The First Harmful Event was Not a Collision with a Motor Vehicle in Transport,Dark - Lighted,Cloudy
Florida,120351,1,MIAMI-DADE (86),HIALEAH,January,Sunday,U.S. Highway,Urban,25.95132222,-80.43130278,Pedestrian,The First Harmful Event was Not a Collision with a Motor Vehicle in Transport,Daylight,Clear
Florida,120354,2,BROWARD (11),DAVIE,February,Sunday,Interstate,Urban,26.09318889,-80.22693056,Motor Vehicle In-Transport,Front-to-Rear,Daylight,Clear
Florida,120355,6,MIAMI-DADE (86),HOMESTEAD,February,Friday,Local Street - Municipality,Urban,25.47718889,-80.47582222,Pedestrian,The First Harmful Event was Not a Collision with a Motor Vehicle in Transport,Daylight,Clear
Florida,120356,2,MIAMI-DADE (86),HIALEAH,February,Saturday,Local Street - Municipality,Urban,25.87701111,-80.32174167,Pedestrian,The First Harmful Event was Not a Collision with a Motor Vehicle in Transport,Dark - Lighted,Clear
Florida,120358,1,ST. JOHNS (109),SAINT AUGUSTINE,February,Tuesday,Local Street - Municipality,Urban,29.87781111,-81.31235,Other Fixed Object,The First Harmful Event was Not a Collision with a Motor Vehicle in Transport,Dark - Lighted,Clear
Florida,120362,2,POLK (105),AUBURNDALE,February,Friday,State Highway,Urban,28.05598611,-81.77934722,Motor Vehicle In-Transport,Angle,Dark - Lighted,Clear
Florida,120366,2,DUVAL (31),JACKSONVILLE,February,Tuesday,Interstate,Urban,30.30905,-81.84866944,Guardrail Face,The First Harmful Event was Not a Collision with a Motor Vehicle in Transport,Dark - Lighted,Cloudy
Florida,120373,1,SEMINOLE (117),CASSELBERRY,February,Sunday,U.S. Highway,Urban,28.65966944,-81.34203056,Curb,The First Harmful Event was Not a Collision with a Motor Vehicle in Transport,Dark - Lighted,Cloudy
Florida,120376,1,DUVAL (31),JACKSONVILLE,February,Tuesday,U.S. Highway,Urban,30.30540556,-81.93111389,Pedestrian,The First Harmful Event was Not a Collision with a Motor Vehicle in Transport,Dark - Not Lighted,Clear
Florida,120383,1,MIAMI-DADE (86),HIALEAH,February,Friday,Local Street - Municipality,Urban,25.84795,-80.29619444,Pedestrian,The First Harmful Event was Not a Collision with a Motor Vehicle in Transport,Dark - Lighted,Clear
Florida,120384,1,LEON (73),TALLAHASSEE,January,Saturday,County Road,Urban,30.42575,-84.24568889,Curb,The First Harmful Event was Not a Collision with a Motor Vehicle in Transport,Dark - Not Lighted,Cloudy
Florida,120385,1,PINELLAS (103),PINELLAS PARK,February,Saturday,County Road,Urban,27.87931667,-82.69454722,Pedestrian,The First Harmful Event was Not a Collision with a Motor Vehicle in Transport,Dark - Lighted,Clear
Florida,120389,1,PINELLAS (103),REDINGTON BEACH,January,Friday,State Highway,Urban,27.81968611,-82.82498333,Pedestrian,The First Harmful Event was Not a Collision with a Motor Vehicle in Transport,Dark - Lighted,Clear
Florida,120395,1,MARION (83),OCALA,February,Sunday,State Highway,Urban,29.13635,-82.19906111,Pedestrian,The First Harmful Event was Not a Collision with a Motor Vehicle in Transport,Dark - Lighted,Clear
Florida,120397,1,HILLSBOROUGH (57),TAMPA,February,Thursday,Interstate,Urban,27.95116389,-82.51376389,Guardrail Face,The First Harmful Event was Not a Collision with a Motor Vehicle in Transport,Dark - Lighted,Clear
Florida,120399,2,BREVARD (9),MERRITT ISLAND,February,Thursday,Local Street - Township,Rural,28.3834,-80.70553056,Tree (Standing Only),The First Harmful Event was Not a Collision with a Motor Vehicle in Transport,Dark - Not Lighted,Clear
Florida,120401,2,PALM BEACH (99),JUPITER,February,Sunday,State Highway,Urban,26.94324722,-80.09304167,Curb,The First Harmful Event was Not a Collision with a Motor Vehicle in Transport,Dark - Not Lighted,Clear
Florida,120407,1,PINELLAS (103),SAINT PETERSBURG,February,Monday,U.S. Highway,Urban,27.82913056,-82.6386,Pedestrian,The First Harmful Event was Not a Collision with a Motor Vehicle in Transport,Dark - Lighted,Clear
Florida,120409,2,DUVAL (31),JACKSONVILLE,February,Monday,U.S. Highway,Urban,30.19606111,-81.70753889,Motor Vehicle In-Transport,Angle,Dark - Lighted,Clear
Florida,120412,2,MIAMI-DADE (86),MIAMI,February,Sunday,Local Street - Municipality,Urban,25.79480278,-80.22122222,Motor Vehicle In-Transport,Angle,Dark - Lighted,Clear
Florida,120413,2,MIAMI-DADE (86),MIAMI,February,Sunday,U.S. Highway,Urban,25.76489722,-80.25210833,Motor Vehicle In-Transport,Angle,Dark - Lighted,Clear
Florida,120414,1,BREVARD (9),PALM BAY,March,Saturday,County Road,Urban,28.03510833,-80.64571111,Pedestrian,The First Harmful Event was Not a Collision with a Motor Vehicle in Transport,Dark - Lighted,Clear
Florida,120418,2,DUVAL (31),JACKSONVILLE,March,Monday,State Highway,Urban,30.26513611,-81.85394444,Motor Vehicle In-Transport,Angle,Dawn,Cloudy
Florida,120419,2,MIAMI-DADE (86),MIAMI GARDENS,February,Tuesday,State Highway,Urban,25.92619444,-80.246475,Motor Vehicle In-Transport,Front-to-Rear,Dark - Lighted,Clear
Florida,120421,1,DUVAL (31),JACKSONVILLE,March,Tuesday,Local Street - Municipality,Urban,30.13668889,-81.57860278,Tree (Standing Only),The First Harmful Event was Not a Collision with a Motor Vehicle in Transport,Dark - Not Lighted,Clear
Florida,120422,3,PALM BEACH (99),WELLINGTON,February,Saturday,State Highway,Urban,26.65076667,-80.18192778,Pedestrian,The First Harmful Event was Not a Collision with a Motor Vehicle in Transport,Daylight,Clear
Florida,120423,1,BREVARD (9),PALM BAY,February,Sunday,Local Street - Municipality,Urban,27.94669167,-80.67653611,Rollover/Overturn,The First Harmful Event was Not a Collision with a Motor Vehicle in Transport,Daylight,Clear
Florida,120424,4,DUVAL (31),JACKSONVILLE,March,Friday,U.S. Highway,Urban,30.40419722,-81.74290278,Motor Vehicle In-Transport,Angle,Dark - Lighted,Cloudy
Florida,120447,2,ORANGE (95),APOPKA,March,Wednesday,Local Street - Municipality,Urban,28.65316111,-81.48493056,Curb,The First Harmful Event was Not a Collision with a Motor Vehicle in Transport,Dark - Not Lighted,Clear
Florida,120451,1,BROWARD (11),FORT LAUDERDALE,March,Thursday,Interstate,Urban,26.06286944,-80.16416111,Traffic Sign Support,The First Harmful Event was Not a Collision with a Motor Vehicle in Transport,Dark - Lighted,Clear
Florida,120454,2,NASSAU (89),HILLIARD,February,Wednesday,Local Street - Municipality,Urban,30.69833333,-81.92769167,Mail Box,The First Harmful Event was Not a Collision with a Motor Vehicle in Transport,Dark - Not Lighted,Rain
Florida,120458,1,PINELLAS (103),INDIAN ROCKS BEACH,February,Saturday,State Highway,Urban,27.88422222,-82.84694167,Tree (Standing Only),The First Harmful Event was Not a Collision with a Motor Vehicle in Transport,Dark - Lighted,Cloudy
Florida,120459,6,MIAMI-DADE (86),HIALEAH,February,Sunday,U.S. Highway,Urban,25.88341111,-80.36218889,Motor Vehicle In-Transport,Front-to-Front,Dark - Lighted,Clear
Florida,120461,1,PALM BEACH (99),GREENACRES CITY,February,Thursday,Local Street - Municipality,Urban,26.64336111,-80.14551944,Pedestrian,The First Harmful Event was Not a Collision with a Motor Vehicle in Transport,Dark - Lighted,Clear
Florida,120464,1,DUVAL (31),JACKSONVILLE,March,Sunday,State Highway,Urban,30.3427,-81.6559,Pedestrian,The First Harmful Event was Not a Collision with a Motor Vehicle in Transport,Dark - Lighted,Clear
Florida,120466,1,INDIAN RIVER (61),VERO BEACH,March,Friday,State Highway,Urban,27.6444,-80.38156389,Utility Pole/Light Support,The First Harmful Event was Not a Collision with a Motor Vehicle in Transport,Daylight,Clear
Florida,120471,7,PALM BEACH (99),WELLINGTON,March,Sunday,State Highway,Urban,26.65069722,-80.18995556,Curb,The First Harmful Event was Not a Collision with a Motor Vehicle in Transport,Daylight,Clear
Florida,120473,2,BREVARD (9),PALM BAY,March,Saturday,Local Street - Municipality,Urban,27.99871667,-80.63601944,Pedestrian,The First Harmful Event was Not a Collision with a Motor Vehicle in Transport,Dark - Not Lighted,Clear
Florida,120477,1,HILLSBOROUGH (57),TAMPA,March,Sunday,State Highway,Urban,27.98141111,-82.45114167,Pedestrian,The First Harmful Event was Not a Collision with a Motor Vehicle in Transport,Dark - Lighted,Clear
Florida,120479,2,DUVAL (31),JACKSONVILLE,March,Saturday,Local Street - Municipality,Urban,30.1805,-81.7916,Motor Vehicle In-Transport,Angle,Daylight,Clear
Florida,120481,1,DUVAL (31),JACKSONVILLE,March,Sunday,State Highway,Rural,30.503125,-81.74944444,Pedalcyclist,The First Harmful Event was Not a Collision with a Motor Vehicle in Transport,Dark - Not Lighted,Rain
Florida,120482,2,DUVAL (31),JACKSONVILLE,February,Sunday,Interstate,Urban,30.169675,-81.604725,Motor Vehicle In-Transport,Front-to-Rear,Dark - Lighted,Clear
Florida,120486,4,MIAMI-DADE (86),MIAMI GARDENS,February,Monday,Local Street - Municipality,Urban,25.93291667,-80.26503889,Motor Vehicle In-Transport,Angle,Dark - Lighted,Clear
Florida,120488,5,VOLUSIA (127),ORMOND BEACH,March,Friday,State Highway,Urban,29.25678333,-81.11650278,Motor Vehicle In-Transport,Angle,Daylight,Clear
Florida,120489,3,HILLSBOROUGH (57),TAMPA,March,Saturday,Local Street - Municipality,Urban,27.87717778,-82.52692778,Tree (Standing Only),The First Harmful Event was Not a Collision with a Motor Vehicle in Transport,Dark - Lighted,Clear
Florida,120490,8,ESCAMBIA (33),PENSACOLA,March,Saturday,U.S. Highway,Urban,30.42561111,-87.1923,Motor Vehicle In-Transport,Sideswipe - Same Direction,Dark - Lighted,Clear
Florida,120491,2,OKALOOSA (91),VALPARAISO,March,Tuesday,State Highway,Urban,30.51731944,-86.49794444,Motor Vehicle In-Transport,Angle,Daylight,Clear
Florida,120494,2,MIAMI-DADE (86),NORTH MIAMI BEACH,February,Saturday,State Highway,Urban,25.94194167,-80.18263889,Curb,The First Harmful Event was Not a Collision with a Motor Vehicle in Transport,Dark - Lighted,Clear
Florida,120496,1,MIAMI-DADE (86),MIAMI GARDENS,February,Sunday,State Highway,Urban,25.971925,-80.24031389,Pedalcyclist,The First Harmful Event was Not a Collision with a Motor Vehicle in Transport,Dark - Not Lighted,Clear
Florida,120502,6,BROWARD (11),DEERFIELD BEACH,March,Sunday,State Highway,Urban,26.31798611,-80.14766944,Motor Vehicle In-Transport,Angle,Dark - Lighted,Clear
Florida,120504,1,BAY (5),CALLAWAY,March,Wednesday,Local Street - Municipality,Rural,30.14207222,-85.580975,Tree (Standing Only),The First Harmful Event was Not a Collision with a Motor Vehicle in Transport,Dark - Lighted,Clear
Florida,120506,2,HILLSBOROUGH (57),TAMPA,March,Tuesday,U.S. Highway,Urban,27.99620833,-82.49223333,Pedestrian,The First Harmful Event was Not a Collision with a Motor Vehicle in Transport,Dark - Lighted,Cloudy
Florida,120507,3,VOLUSIA (127),DAYTONA BEACH,January,Wednesday,U.S. Highway,Urban,29.242275,-81.03971944,Rollover/Overturn,The First Harmful Event was Not a Collision with a Motor Vehicle in Transport,Dark - Lighted,Clear
Florida,120509,2,ST. LUCIE (111),PORT SAINT LUCIE,January,Wednesday,Local Street - Municipality,Urban,27.29405,-80.39915278,Motor Vehicle In-Transport,Sideswipe - Same Direction,Daylight,Clear
Florida,120510,1,ORANGE (95),APOPKA,February,Monday,U.S. Highway,Urban,28.68514722,-81.53321944,Pedestrian,The First Harmful Event was Not a Collision with a Motor Vehicle in Transport,Dark - Not Lighted,Cloudy
Florida,120513,1,DUVAL (31),JACKSONVILLE,February,Monday,Local Street - Municipality,Urban,30.30631111,-81.77143889,Culvert,The First Harmful Event was Not a Collision with a Motor Vehicle in Transport,Daylight,Clear
Florida,120517,1,MIAMI-DADE (86),MIAMI,February,Wednesday,U.S. Highway,Urban,25.82688611,-80.18686667,Curb,The First Harmful Event was Not a Collision with a Motor Vehicle in Transport,Dark - Lighted,Cloudy
Florida,120519,2,BROWARD (11),TAMARAC,March,Friday,Local Street - Municipality,Urban,26.20831111,-80.24934722,Motor Vehicle In-Transport,Angle,Daylight,Clear
Florida,120522,2,POLK (105),LAKELAND,March,Monday,Local Street - Municipality,Urban,28.09156667,-81.99228611,Tree (Standing Only),The First Harmful Event was Not a Collision with a Motor Vehicle in Transport,Daylight,Clear
Florida,120525,1,PINELLAS (103),PINELLAS PARK,March,Monday,U.S. Highway,Urban,27.83360556,-82.68051667,Pedestrian,The First Harmful Event was Not a Collision with a Motor Vehicle in Transport,Dark - Lighted,"Fog, Smog, Smoke"
Florida,120528,5,ST. LUCIE (111),PORT SAINT LUCIE,February,Friday,Local Street - Municipality,Urban,27.22479167,-80.378525,Motor Vehicle In-Transport,Angle,Daylight,Clear
Florida,120529,1,BROWARD (11),FORT LAUDERDALE,March,Friday,State Highway,Urban,26.12141389,-80.18645278,Pedestrian,The First Harmful Event was Not a Collision with a Motor Vehicle in Transport,Dark - Lighted,Clear
Florida,120540,3,BREVARD (9),MIMS,March,Sunday,Interstate,Rural,28.70023889,-80.88356111,Motor Vehicle In-Transport,Angle,Daylight,Clear
Florida,120541,2,DUVAL (31),JACKSONVILLE,March,Tuesday,State Highway,Urban,30.15903056,-81.63266944,Motor Vehicle In-Transport,Angle,Dark - Lighted,Clear
Florida,120542,10,OSCEOLA (97),SAINT CLOUD,March,Friday,Local Street - Municipality,Urban,28.23194167,-81.31766111,Motor Vehicle In-Transport,Angle,Dark - Not Lighted,Clear
Florida,120544,1,HILLSBOROUGH (57),TAMPA,March,Sunday,State Highway,Urban,28.03277778,-82.45095833,Pedestrian,The First Harmful Event was Not a Collision with a Motor Vehicle in Transport,Dark - Lighted,Clear
Florida,120552,6,DUVAL (31),JACKSONVILLE,February,Wednesday,Interstate,Urban,30.34003333,-81.6683,Culvert,The First Harmful Event was Not a Collision with a Motor Vehicle in Transport,Dark - Lighted,Rain
Florida,120564,2,DUVAL (31),JACKSONVILLE,March,Tuesday,Local Street - Municipality,Urban,30.2939,-81.4853,Motor Vehicle In-Transport,Front-to-Front,Daylight,Cloudy
Florida,120568,1,MANATEE (81),BRADENTON,February,Tuesday,Local Street - Municipality,Urban,27.48492778,-82.53926667,Pedestrian,The First Harmful Event was Not a Collision with a Motor Vehicle in Transport,Daylight,Clear
Florida,120570,2,DUVAL (31),JACKSONVILLE,March,Thursday,State Highway,Urban,30.41223056,-81.56078889,Motor Vehicle In-Transport,Angle,Daylight,Clear
Florida,120574,1,OSCEOLA (97),SAINT CLOUD,March,Thursday,U.S. Highway,Urban,28.24593056,-81.26836667,Pedestrian,The First Harmful Event was Not a Collision with a Motor Vehicle in Transport,Dusk,Clear
Florida,120576,2,PALM BEACH (99),BOYNTON BEACH,March,Tuesday,State Highway,Urban,26.52886667,-80.07645,Motor Vehicle In-Transport,Rear-to-Side,Daylight,Rain
Florida,120581,1,DUVAL (31),JACKSONVILLE,March,Monday,U.S. Highway,Urban,30.34531944,-81.63683056,Utility Pole/Light Support,The First Harmful Event was Not a Collision with a Motor Vehicle in Transport,Dark - Lighted,Clear
Florida,120582,2,PALM BEACH (99),PALM BEACH GARDENS,March,Wednesday,Local Street - Municipality,Urban,26.84475556,-80.06441111,Motor Vehicle In-Transport,Angle,Daylight,Cloudy
Florida,120587,2,SARASOTA (115),NORTH PORT,March,Friday,Interstate,Rural,27.08848056,-82.11666111,Tree (Standing Only),The First Harmful Event was Not a Collision with a Motor Vehicle in Transport,Daylight,Clear
Florida,120597,1,DUVAL (31),JACKSONVILLE,March,Sunday,U.S. Highway,Urban,30.286,-81.5567,Pedalcyclist,The First Harmful Event was Not a Collision with a Motor Vehicle in Transport,Dark - Lighted,Clear
Florida,120598,1,DUVAL (31),JACKSONVILLE,March,Saturday,Local Street - Municipality,Urban,30.29967778,-81.77455,Pedestrian,The First Harmful Event was Not a Collision with a Motor Vehicle in Transport,Dark - Lighted,Clear
Florida,120599,1,MIAMI-DADE (86),NORTH MIAMI BEACH,March,Sunday,State Highway,Urban,25.92586944,-80.16391667,Pedestrian,The First Harmful Event was Not a Collision with a Motor Vehicle in Transport,Dark - Lighted,Clear
Florida,120601,1,BROWARD (11),HOLLYWOOD,March,Sunday,U.S. Highway,Urban,26.00441389,-80.20744444,Pedalcyclist,The First Harmful Event was Not a Collision with a Motor Vehicle in Transport,Dark - Lighted,Clear
Florida,120607,1,BREVARD (9),MELBOURNE,March,Saturday,State Highway,Urban,28.13712222,-80.58069444,Pedestrian,The First Harmful Event was Not a Collision with a Motor Vehicle in Transport,Dark - Not Lighted,Clear
Florida,120608,1,LAKE (69),LEESBURG,March,Friday,Local Street - Municipality,Urban,28.809,-81.86851111,Pedestrian,The First Harmful Event was Not a Collision with a Motor Vehicle in Transport,Dusk,Clear
Florida,120611,9,HILLSBOROUGH (57),TAMPA,March,Saturday,U.S. Highway,Urban,28.02260556,-82.45127222,Motor Vehicle In-Transport,Angle,Dark - Lighted,Cloudy
Florida,120613,2,BROWARD (11),POMPANO BEACH,March,Saturday,Local Street - Municipality,Urban,26.21589444,-80.1375,Building,The First Harmful Event was Not a Collision with a Motor Vehicle in Transport,Dark - Unknown Lighting,Cloudy
Florida,120616,1,BREVARD (9),COCOA,February,Wednesday,State Highway,Urban,28.40086944,-80.74972222,Tree (Standing Only),The First Harmful Event was Not a Collision with a Motor Vehicle in Transport,Dark - Not Lighted,Rain
Florida,120618,1,HARDEE (49),BOWLING GREEN,March,Friday,U.S. Highway,Urban,27.63828056,-81.82391389,Pedalcyclist,The First Harmful Event was Not a Collision with a Motor Vehicle in Transport,Daylight,Clear
Florida,120622,3,PALM BEACH (99),BOYNTON BEACH,March,Sunday,Interstate,Urban,26.53616389,-80.07362778,Shrubbery,The First Harmful Event was Not a Collision with a Motor Vehicle in Transport,Dark - Lighted,Clear
Florida,120625,1,HILLSBOROUGH (57),TAMPA,March,Tuesday,Local Street - Municipality,Urban,27.95803333,-82.49326389,Pedestrian,The First Harmful Event was Not a Collision with a Motor Vehicle in Transport,Daylight,Clear
Florida,120626,1,LEON (73),TALLAHASSEE,March,Tuesday,U.S. Highway,Urban,30.46608333,-84.28407778,Pedestrian,The First Harmful Event was Not a Collision with a Motor Vehicle in Transport,Dark - Not Lighted,Clear
Florida,120627,2,VOLUSIA (127),DAYTONA BEACH,March,Friday,Local Street - Municipality,Urban,29.18826667,-81.08168889,Motor Vehicle In-Transport,Angle,Daylight,Clear
Florida,120628,2,VOLUSIA (127),ORMOND BEACH,March,Friday,State Highway,Urban,29.28280833,-81.08264722,Motor Vehicle In-Transport,Angle,Daylight,Clear
Florida,120629,2,MIAMI-DADE (86),MIAMI,March,Monday,Local Street - Municipality,Urban,25.83276667,-80.19423611,Pedestrian,The First Harmful Event was Not a Collision with a Motor Vehicle in Transport,Dark - Lighted,Clear
Florida,120630,2,HILLSBOROUGH (57),PLANT CITY,March,Tuesday,State Highway,Urban,28.01471111,-82.13839722,Motor Vehicle In-Transport,Front-to-Rear,Dark - Lighted,Clear
Florida,120632,1,BROWARD (11),HOLLYWOOD,February,Saturday,Local Street - Municipality,Rural,26.02863611,-80.22933056,Fell/Jumped from Vehicle,The First Harmful Event was Not a Collision with a Motor Vehicle in Transport,Dark - Not Lighted,Clear
Florida,120633,3,BROWARD (11),HOLLYWOOD,March,Wednesday,Local Street - Municipality,Urban,26.02834167,-80.21638889,Motor Vehicle In-Transport,Angle,Dark - Lighted,Clear
Florida,120637,1,PINELLAS (103),SAINT PETERSBURG,March,Saturday,Local Street - Municipality,Urban,27.77118333,-82.67119444,Pedestrian,The First Harmful Event was Not a Collision with a Motor Vehicle in Transport,Dark - Lighted,Clear
Florida,120639,5,MIAMI-DADE (86),MIAMI,March,Sunday,State Highway,Urban,25.81105833,-80.25454722,Fell/Jumped from Vehicle,The First Harmful Event was Not a Collision with a Motor Vehicle in Transport,Dark - Lighted,Clear
Florida,120640,2,BROWARD (11),MIRAMAR,March,Wednesday,State Highway,Urban,25.99069167,-80.24755833,Motor Vehicle In-Transport,Angle,Dark - Lighted,Clear
Florida,120644,1,LEE (71),CAPE CORAL,March,Monday,Local Street - Municipality,Urban,26.68856111,-81.96806944,Pedestrian,The First Harmful Event was Not a Collision with a Motor Vehicle in Transport,Dark - Lighted,Clear
Florida,120646,1,MIAMI-DADE (86),NORTH MIAMI,March,Tuesday,State Highway,Urban,25.90492222,-80.18721667,Pedestrian,The First Harmful Event was Not a Collision with a Motor Vehicle in Transport,Dark - Lighted,Clear
Florida,120649,6,SARASOTA (115),NORTH PORT,March,Sunday,U.S. Highway,Rural,27.04933889,-82.32054722,Motor Vehicle In-Transport,Front-to-Rear,Dusk,Clear
Florida,120650,1,VOLUSIA (127),DAYTONA BEACH,March,Sunday,State Highway,Urban,29.09549167,-80.93464167,Pedestrian,The First Harmful Event was Not a Collision with a Motor Vehicle in Transport,Dark - Lighted,Cloudy
Florida,120652,2,HILLSBOROUGH (57),TAMPA,March,Wednesday,Local Street - Municipality,Urban,27.94277778,-82.45483611,Motor Vehicle In-Transport,Sideswipe - Same Direction,Daylight,Clear
Florida,120654,4,MIAMI-DADE (86),MIAMI,March,Thursday,U.S. Highway,Urban,25.74578333,-80.22177222,Motor Vehicle In-Transport,Angle,Dawn,Clear
Florida,120661,6,BROWARD (11),DEERFIELD BEACH,March,Saturday,State Highway,Urban,26.31791389,-80.16045833,Motor Vehicle In-Transport,Angle,Daylight,Clear
Florida,120663,1,BREVARD (9),MERRITT ISLAND,March,Thursday,State Highway,Urban,28.35718056,-80.67818889,Traffic Sign Support,The First Harmful Event was Not a Collision with a Motor Vehicle in Transport,Dark - Lighted,Clear
Florida,120664,2,VOLUSIA (127),ORANGE CITY,March,Saturday,Local Street - Municipality,Urban,28.91135,-81.28141944,Pedestrian,The First Harmful Event was Not a Collision with a Motor Vehicle in Transport,Dark - Not Lighted,Clear
Florida,120671,1,DUVAL (31),JACKSONVILLE,March,Sunday,Local Street - Municipality,Urban,30.351675,-81.60150278,Pedestrian,The First Harmful Event was Not a Collision with a Motor Vehicle in Transport,Dark - Lighted,Rain
Florida,120678,2,MIAMI-DADE (86),MIAMI BEACH,March,Monday,Local Street - Municipality,Urban,25.86116667,-80.12380833,Motor Vehicle In-Transport,Angle,Dark - Lighted,Clear
Florida,120679,4,SEMINOLE (117),SANFORD,March,Thursday,Interstate,Urban,28.81852778,-81.33414722,Motor Vehicle In-Transport,Front-to-Rear,Dark - Not Lighted,Rain
Florida,120693,4,BROWARD (11),SUNRISE,March,Thursday,State Highway,Urban,26.15669722,-80.25734444,Motor Vehicle In-Transport,Front-to-Front,Dark - Lighted,Clear
Florida,120694,2,SARASOTA (115),SARASOTA,February,Sunday,U.S. Highway,Urban,27.31917222,-82.52971944,Pedalcyclist,The First Harmful Event was Not a Collision with a Motor Vehicle in Transport,Dark - Lighted,Clear
Florida,120695,2,SARASOTA (115),SARASOTA,March,Friday,Local Street - Municipality,Urban,27.35568333,-82.54488889,Motor Vehicle In-Transport,Angle,Daylight,Clear
Florida,120698,3,COLUMBIA (23),FORT WHITE,March,Friday,U.S. Highway,Rural,29.92166111,-82.70998056,Motor Vehicle In-Transport,Front-to-Front,Daylight,Clear
Florida,120700,2,BROWARD (11),SUNRISE,March,Friday,State Highway,Urban,26.16670833,-80.25464444,Rollover/Overturn,The First Harmful Event was Not a Collision with a Motor Vehicle in Transport,Daylight,Clear
Florida,120705,1,HENDRY (51),LABELLE,April,Thursday,County Road,Urban,26.74690833,-81.44981667,Pedestrian,The First Harmful Event was Not a Collision with a Motor Vehicle in Transport,Dark - Lighted,Clear
Florida,120707,2,VOLUSIA (127),NEW SMYRNA BEACH,March,Sunday,Local Street - Municipality,Urban,29.05124167,-80.95633056,Rollover/Overturn,The First Harmful Event was Not a Collision with a Motor Vehicle in Transport,Daylight,Clear
Florida,120710,3,MIAMI-DADE (86),HIALEAH,April,Tuesday,U.S. Highway,Urban,25.86978056,-80.34376944,Motor Vehicle In-Transport,Front-to-Rear,Dark - Not Lighted,Clear
Florida,120712,1,VOLUSIA (127),DAYTONA BEACH,March,Saturday,U.S. Highway,Urban,29.16706944,-81.08708889,Guardrail Face,The First Harmful Event was Not a Collision with a Motor Vehicle in Transport,Daylight,Clear
Florida,120714,3,DUVAL (31),JACKSONVILLE,April,Sunday,U.S. Highway,Urban,30.33406389,-81.66101667,Motor Vehicle In-Transport,Angle,Daylight,Clear