State,Case Number,Persons,County,City,Month,Day,Route,Rural/Urban,Latitude,Longitude,First Harmful Event,Manner of Collision,Light Conditions,Weather
Florida,120715,1,BROWARD (11),FORT LAUDERDALE,March,Sunday,State Highway,Urban,26.13883889,-80.15406111,Pedestrian,The First Harmful Event was Not a Collision with a Motor Vehicle in Transport,Dark - Lighted,Clear
Florida,120719,3,ORANGE (95),APOPKA,February,Tuesday,U.S. Highway,Urban,28.679725,-81.52217222,Pedestrian,The First Harmful Event was Not a Collision with a Motor Vehicle in Transport,Dark - Lighted,Rain
Florida,120720,1,MIAMI-DADE (86),MIAMI GARDENS,April,Tuesday,State Highway,Urban,25.95046944,-80.24586111,Pedestrian,The First Harmful Event was Not a Collision with a Motor Vehicle in Transport,Dark - Lighted,Clear
Florida,120727,1,POLK (105),LAKELAND,March,Saturday,County Road,Urban,28.01256667,-81.92336389,Curb,The First Harmful Event was Not a Collision with a Motor Vehicle in Transport,Dark - Lighted,Clear
Florida,120728,2,LEE (71),CAPE CORAL,April,Friday,County Road,Urban,26.63293611,-81.94081389,Motor Vehicle In-Transport,Angle,Dark - Lighted,Clear
Florida,120730,1,VOLUSIA (127),HOLLY HILL,April,Friday,U.S. Highway,Urban,29.22906667,-81.03265,Pedalcyclist,The First Harmful Event was Not a Collision with a Motor Vehicle in Transport,Daylight,Cloudy
Florida,120731,5,ESCAMBIA (33),PENSACOLA,April,Thursday,U.S. Highway,Urban,30.38542778,-87.18169444,Motor Vehicle In-Transport,Front-to-Front,Dark - Lighted,Clear
Florida,120737,1,OKALOOSA (91),DESTIN,April,Tuesday,U.S. Highway,Urban,30.38850833,-86.41395833,Pedestrian,The First Harmful Event was Not a Collision with a Motor Vehicle in Transport,Dark - Not Lighted,Rain
Florida,120738,1,LEE (71),FORT MYERS,March,Friday,State Highway,Urban,26.59769167,-81.84126111,Pedestrian,The First Harmful Event was Not a Collision with a Motor Vehicle in Transport,Dark - Lighted,Clear
Florida,120739,3,ST. LUCIE (111),PORT SAINT LUCIE,March,Sunday,Local Street - Municipality,Urban,27.35964722,-80.36597778,Motor Vehicle In-Transport,Front-to-Front,Daylight,Clear
Florida,120740,6,SEMINOLE (117),ALTAMONTE SPRINGS,March,Friday,Local Street - Municipality,Urban,28.68121667,-81.40268611,Motor Vehicle In-Transport,Angle,Dark - Lighted,Clear
Florida,120741,1,BROWARD (11),DANIA BEACH,April,Saturday,State Highway,Urban,26.03366389,-80.14109722,Pedestrian,The First Harmful Event was Not a Collision with a Motor Vehicle in Transport,Daylight,Clear
Florida,120742,3,ORANGE (95),APOPKA,April,Monday,County Road,Urban,28.66693889,-81.51773056,Motor Vehicle In-Transport,Angle,Dark - Lighted,Cloudy
Florida,120743,2,ORANGE (95),APOPKA,April,Friday,County Road,Urban,28.68399444,-81.50938889,Motor Vehicle In-Transport,Angle,Dark - Lighted,Clear
Florida,120745,1,OKALOOSA (91),DESTIN,March,Wednesday,Local Street - Municipality,Urban,30.3969,-86.48140833,Pedalcyclist,The First Harmful Event was Not a Collision with a Motor Vehicle in Transport,Daylight,Clear
Florida,120756,1,DUVAL (31),JACKSONVILLE,April,Thursday,Local Street - Municipality,Rural,30.14105833,-81.58566389,Utility Pole/Light Support,The First Harmful Event was Not a Collision with a Motor Vehicle in Transport,Dark - Lighted,Clear
Florida,120758,1,DUVAL (31),JACKSONVILLE,March,Tuesday,Local Street - Municipality,Urban,30.193425,-81.57658889,Utility Pole/Light Support,The First Harmful Event was Not a Collision with a Motor Vehicle in Transport,Daylight,Clear
Florida,120759,2,MIAMI-DADE (86),MIAMI BEACH,April,Thursday,State Highway,Urban,25.78715278,-80.141075,Pedestrian,The First Harmful Event was Not a Collision with a Motor Vehicle in Transport,Dark - Lighted,Clear
Florida,120761,3,VOLUSIA (127),DAYTONA BEACH,April,Monday,Local Street - Municipality,Urban,29.15637778,-81.03825556,Motor Vehicle In-Transport,Angle,Daylight,Clear
Florida,120766,2,BREVARD (9),MELBOURNE,April,Friday,U.S. Highway,Urban,28.06515,-80.59803611,Pedalcyclist,The First Harmful Event was Not a Collision with a Motor Vehicle in Transport,Daylight,Clear
Florida,120769,2,LEON (73),TALLAHASSEE,March,Sunday,U.S. Highway,Urban,30.49718056,-84.246375,Motor Vehicle In-Transport,Angle,Dark - Lighted,Clear
Florida,120770,1,BROWARD (11),HOLLYWOOD,April,Wednesday,U.S. Highway,Urban,26.01765278,-80.20794444,Pedalcyclist,The First Harmful Event was Not a Collision with a Motor Vehicle in Transport,Daylight,Clear
Florida,120771,1,VOLUSIA (127),ORMOND BEACH,April,Friday,State Highway,Urban,29.26327222,-81.1066,Pedestrian,The First Harmful Event was Not a Collision with a Motor Vehicle in Transport,Dark - Not Lighted,Rain
Florida,120772,1,HILLSBOROUGH (57),TAMPA,March,Saturday,Local Street - Municipality,Urban,28.01564444,-82.48557778,Curb,The First Harmful Event was Not a Collision with a Motor Vehicle in Transport,Dark - Lighted,Clear
Florida,120773,1,HILLSBOROUGH (57),TAMPA,March,Saturday,State Highway,Urban,28.05450833,-82.42708611,Pedestrian,The First Harmful Event was Not a Collision with a Motor Vehicle in Transport,Dark - Lighted,Clear
Florida,120774,1,PINELLAS (103),SEMINOLE,March,Sunday,Local Street - Municipality,Urban,27.84133889,-82.76235278,Pedestrian,The First Harmful Event was Not a Collision with a Motor Vehicle in Transport,Dark - Not Lighted,Clear
Florida,120775,3,PINELLAS (103),CLEARWATER,March,Saturday,U.S. Highway,Urban,27.95547222,-82.73041111,Motor Vehicle In-Transport,Front-to-Rear,Dark - Lighted,Clear
Florida,120782,8,SEMINOLE (117),LAKE MARY,March,Monday,Interstate,Urban,28.75075,-81.36508889,Motor Vehicle In-Transport,Front-to-Rear,Dark - Not Lighted,Clear
Florida,120783,1,BREVARD (9),TITUSVILLE,April,Friday,U.S. Highway,Urban,28.622725,-80.82124722,Pedalcyclist,The First Harmful Event was Not a Collision with a Motor Vehicle in Transport,Dark - Lighted,Clear
Florida,120788,1,MIAMI-DADE (86),NORTH MIAMI BEACH,April,Wednesday,State Highway,Urban,25.92241389,-80.15589444,Guardrail Face,The First Harmful Event was Not a Collision with a Motor Vehicle in Transport,Dark - Lighted,Clear
Florida,120790,2,OKALOOSA (91),FORT WALTON BEACH,March,Wednesday,State Highway,Urban,30.41073056,-86.613,Pedestrian,The First Harmful Event was Not a Collision with a Motor Vehicle in Transport,Dark - Not Lighted,Clear
Florida,120791,1,BROWARD (11),DEERFIELD BEACH,March,Friday,U.S. Highway,Urban,26.32063333,-80.09062778,Pedestrian,The First Harmful Event was Not a Collision with a Motor Vehicle in Transport,Dark - Lighted,Clear
Florida,120792,3,VOLUSIA (127),DAYTONA BEACH,March,Friday,County Road,Urban,29.22383889,-81.09378611,Motor Vehicle In-Transport,Angle,Dark - Lighted,Clear
Florida,120794,1,MIAMI-DADE (86),MIAMI,March,Wednesday,U.S. Highway,Urban,25.78660833,-80.20688333,Pedestrian,The First Harmful Event was Not a Collision with a Motor Vehicle in Transport,Dark - Lighted,Clear
Florida,120795,4,BAY (5),PANAMA CITY BEACH,March,Friday,State Highway,Urban,30.23006944,-85.88784167,Motor Vehicle In-Transport,Front-to-Front,Daylight,Clear
Florida,120796,2,MIAMI-DADE (86),MIAMI,March,Monday,U.S. Highway,Urban,25.764325,-80.26700556,Pedestrian,The First Harmful Event was Not a Collision with a Motor Vehicle in Transport,Dark - Lighted,Cloudy
Florida,120797,2,ST. LUCIE (111),FORT PIERCE,March,Tuesday,Local Street - Municipality,Urban,27.43993056,-80.34118611,Motor Vehicle In-Transport,Angle,Daylight,Cloudy
Florida,120798,2,ORANGE (95),ORLANDO,March,Thursday,State Highway,Urban,28.56394444,-81.37294167,Fell/Jumped from Vehicle,The First Harmful Event was Not a Collision with a Motor Vehicle in Transport,Dark - Lighted,Clear
Florida,120801,1,MIAMI-DADE (86),NORTH MIAMI,March,Wednesday,State Highway,Urban,25.89080833,-80.17064722,Railway Vehicle,The First Harmful Event was Not a Collision with a Motor Vehicle in Transport,Dark - Lighted,Cloudy
Florida,120803,4,BROWARD (11),DANIA BEACH,March,Tuesday,State Highway,Urban,26.05282778,-80.12817222,Motor Vehicle In-Transport,Sideswipe - Same Direction,Dark - Lighted,Cloudy
Florida,120810,4,DUVAL (31),JACKSONVILLE,March,Thursday,Interstate,Urban,30.20828056,-81.75947778,Pedestrian,The First Harmful Event was Not a Collision with a Motor Vehicle in Transport,Dark - Lighted,Clear
Florida,120814,1,VOLUSIA (127),DAYTONA BEACH,April,Saturday,Local Street - Municipality,Urban,29.18044444,-81.04228889,Tree (Standing Only),The First Harmful Event was Not a Collision with a Motor Vehicle in Transport,Dark - Not Lighted,Clear
Florida,120815,3,ORANGE (95),OCOEE,January,Thursday,Local Street - Municipality,Urban,28.54796944,-81.54193333,Motor Vehicle In-Transport,Front-to-Rear,Dark - Lighted,Clear
Florida,120816,4,WALTON (131),DE FUNIAK SPRINGS,March,Monday,U.S. Highway,Urban,30.70755556,-86.12276389,Motor Vehicle In-Transport,Angle,Daylight,Cloudy
Florida,120817,13,SARASOTA (115),NORTH PORT,April,Saturday,Local Street - Municipality,Urban,27.07089167,-82.09388333,Rollover/Overturn,The First Harmful Event was Not a Collision with a Motor Vehicle in Transport,Dark - Not Lighted,Clear
Florida,120819,4,BROWARD (11),PLANTATION,April,Friday,Local Street - Municipality,Urban,26.14903056,-80.26783333,Pedestrian,The First Harmful Event was Not a Collision with a Motor Vehicle in Transport,Dark - Lighted,Clear
Florida,120823,1,PALM BEACH (99),WEST PALM BEACH,March,Monday,Local Street - Municipality,Urban,26.75980833,-80.10888889,Pedestrian,The First Harmful Event was Not a Collision with a Motor Vehicle in Transport,Dark - Lighted,Cloudy
Florida,120825,1,SEMINOLE (117),LAKE MARY,April,Friday,Interstate,Urban,28.75075,-81.36508889,Motor Vehicle In-Transport,Front-to-Rear,Dark - Not Lighted,Cloudy
Florida,120829,2,VOLUSIA (127),DAYTONA BEACH,April,Wednesday,Local Street - Municipality,Urban,29.17642222,-81.09065278,Fence,The First Harmful Event was Not a Collision with a Motor Vehicle in Transport,Daylight,Clear
Florida,120830,2,ALACHUA (1),GAINESVILLE,January,Friday,State Highway,Urban,29.6851,-82.28931389,Pedestrian,The First Harmful Event was Not a Collision with a Motor Vehicle in Transport,Dark - Lighted,Clear
Florida,120831,1,MIAMI-DADE (86),MIAMI,February,Friday,State Highway,Urban,25.82466111,-80.21590278,Pedestrian,The First Harmful Event was Not a Collision with a Motor Vehicle in Transport,Daylight,Clear
Florida,120832,1,HILLSBOROUGH (57),TAMPA,February,Tuesday,State Highway,Urban,27.96669444,-82.50868333,Pedestrian,The First Harmful Event was Not a Collision with a Motor Vehicle in Transport,Dark - Lighted,Clear
Florida,120833,1,PINELLAS (103),BELLEAIR BLUFFS,February,Sunday,Local Street - Municipality,Urban,27.91678333,-82.82270278,Pedalcyclist,The First Harmful Event was Not a Collision with a Motor Vehicle in Transport,Dark - Lighted,Clear
Florida,120834,1,BROWARD (11),DAVIE,February,Sunday,State Highway,Urban,26.10183889,-80.31387778,Curb,The First Harmful Event was Not a Collision with a Motor Vehicle in Transport,Daylight,Clear
Florida,120835,2,OSCEOLA (97),KISSIMMEE,April,Tuesday,U.S. Highway,Urban,28.3328,-81.49775,Motor Vehicle In-Transport,Angle,Daylight,Clear
Florida,120844,4,MIAMI-DADE (86),OPA-LOCKA,April,Tuesday,State Highway,Urban,25.90949167,-80.23248611,Motor Vehicle In-Transport,Sideswipe - Same Direction,Daylight,Clear
Florida,120848,1,VOLUSIA (127),DAYTONA BEACH,April,Friday,State Highway,Urban,29.17035,-81.02595278,Utility Pole/Light Support,The First Harmful Event was Not a Collision with a Motor Vehicle in Transport,Dark - Not Lighted,Clear
Florida,120852,1,BREVARD (9),ROCKLEDGE,April,Sunday,U.S. Highway,Urban,28.33595556,-80.72588333,Pedestrian,The First Harmful Event was Not a Collision with a Motor Vehicle in Transport,Daylight,Clear
Florida,120854,1,INDIAN RIVER (61),SEBASTIAN,March,Saturday,Local Street - Municipality,Urban,27.76021111,-80.46353611,"Harmful Event, Details Not Reported",The First Harmful Event was Not a Collision with a Motor Vehicle in Transport,Dark - Not Lighted,Clear
Florida,120856,2,LEE (71),BONITA SPRINGS,April,Sunday,Interstate,Urban,26.37763056,-81.77186944,Ditch,The First Harmful Event was Not a Collision with a Motor Vehicle in Transport,Dark - Not Lighted,Clear
Florida,120857,2,HILLSBOROUGH (57),TAMPA,April,Wednesday,U.S. Highway,Urban,28.05006389,-82.45113333,Pedestrian,The First Harmful Event was Not a Collision with a Motor Vehicle in Transport,Dark - Lighted,Clear
Florida,120858,1,MIAMI-DADE (86),FLORIDA CITY,April,Thursday,U.S. Highway,Urban,25.46251944,-80.47525278,Pedalcyclist,The First Harmful Event was Not a Collision with a Motor Vehicle in Transport,Dark - Lighted,Clear
Florida,120859,2,DUVAL (31),JACKSONVILLE,April,Wednesday,U.S. Highway,Urban,30.35602778,-81.64115833,Motor Vehicle In-Transport,Angle,Daylight,Cloudy
Florida,120863,3,POLK (105),DAVENPORT,April,Monday,U.S. Highway,Rural,28.26108333,-81.54249444,Motor Vehicle In-Transport,Angle,Daylight,Clear
Florida,120868,1,BREVARD (9),PALM BAY,March,Sunday,Local Street - Municipality,Urban,28.03210833,-80.68008056,Pedestrian,The First Harmful Event was Not a Collision with a Motor Vehicle in Transport,Dark - Not Lighted,Clear
Florida,120872,3,DUVAL (31),JACKSONVILLE,April,Thursday,U.S. Highway,Urban,30.23220833,-82.00305,Motor Vehicle In-Transport,Front-to-Front,Dark - Not Lighted,Clear
Florida,120875,1,POLK (105),BARTOW,April,Tuesday,U.S. Highway,Urban,27.91636667,-81.74171944,Rollover/Overturn,The First Harmful Event was Not a Collision with a Motor Vehicle in Transport,Daylight,Clear
Florida,120876,4,HIGHLANDS (55),SEBRING,April,Sunday,U.S. Highway,Urban,27.4597,-81.4286,Motor Vehicle In-Transport,Angle,Daylight,Rain
Florida,120878,1,DUVAL (31),JACKSONVILLE,April,Saturday,State Highway,Urban,30.11308611,-81.51265,Bridge Pier or Support,The First Harmful Event was Not a Collision with a Motor Vehicle in Transport,Dark - Lighted,Clear
Florida,120879,1,DUVAL (31),JACKSONVILLE,April,Tuesday,Interstate,Urban,30.26322778,-81.51882222,Traffic Sign Support,The First Harmful Event was Not a Collision with a Motor Vehicle in Transport,Daylight,Cloudy
Florida,120887,1,PINELLAS (103),SEMINOLE,April,Thursday,U.S. Highway,Urban,27.82533333,-82.78678611,Pedestrian,The First Harmful Event was Not a Collision with a Motor Vehicle in Transport,Daylight,Clear
Florida,120888,4,VOLUSIA (127),DELTONA,March,Friday,Local Street - Municipality,Urban,28.90814722,-81.25012778,Motor Vehicle In-Transport,Angle,Dark - Not Lighted,Clear
Florida,120889,2,POLK (105),BARTOW,April,Wednesday,U.S. Highway,Urban,27.90248056,-81.84042778,Motor Vehicle In-Transport,Front-to-Rear,Dark - Not Lighted,Clear
Florida,120897,1,BROWARD (11),FORT LAUDERDALE,April,Monday,State Highway,Urban,26.20623889,-80.14654167,Curb,The First Harmful Event was Not a Collision with a Motor Vehicle in Transport,Dark - Not Lighted,Clear
Florida,120916,2,PALM BEACH (99),JUPITER,April,Sunday,Interstate,Urban,26.92758889,-80.14870556,Pedestrian,The First Harmful Event was Not a Collision with a Motor Vehicle in Transport,Dark - Lighted,Cloudy
Florida,120919,4,DUVAL (31),JACKSONVILLE,April,Thursday,U.S. Highway,Urban,30.3213,-81.49701944,Motor Vehicle In-Transport,Front-to-Rear,Daylight,Clear
Florida,120923,1,PALM BEACH (99),WEST PALM BEACH,April,Tuesday,Local Street - Municipality,Urban,26.69030833,-80.05268889,Curb,The First Harmful Event was Not a Collision with a Motor Vehicle in Transport,Dark - Lighted,Clear
Florida,120930,15,POLK (105),LAKELAND,January,Monday,U.S. Highway,Urban,28.08831944,-81.97298611,Motor Vehicle In-Transport,Sideswipe - Same Direction,Daylight,Clear
Florida,120932,1,DUVAL (31),JACKSONVILLE,April,Friday,Local Street - Municipality,Urban,30.2915,-81.7845,Ditch,The First Harmful Event was Not a Collision with a Motor Vehicle in Transport,Daylight,Cloudy
Florida,120934,3,ALACHUA (1),GAINESVILLE,April,Thursday,County Road,Urban,29.67345,-82.388675,Pedestrian,The First Harmful Event was Not a Collision with a Motor Vehicle in Transport,Daylight,Cloudy
Florida,120936,2,BROWARD (11),PEMBROKE PINES,April,Thursday,U.S. Highway,Urban,26.00691389,-80.43425833,Motor Vehicle In-Transport,Angle,Dawn,"Fog, Smog, Smoke"
Florida,120940,4,PALM BEACH (99),LAKE WORTH,April,Friday,State Highway,Urban,26.61793889,-80.0993,Motor Vehicle In-Transport,Angle,Dark - Lighted,Rain
Florida,120944,1,BROWARD (11),SUNRISE,April,Monday,Local Street - Municipality,Urban,26.16861111,-80.30194722,Pedalcyclist,The First Harmful Event was Not a Collision with a Motor Vehicle in Transport,Daylight,Clear
Florida,120946,2,SANTA ROSA (113),GULF BREEZE,January,Friday,U.S. Highway,Urban,30.371775,-87.17655,Motor Vehicle In-Transport,Front-to-Front,Daylight,Clear
Florida,120947,1,HILLSBOROUGH (57),PLANT CITY,January,Thursday,U.S. Highway,Urban,28.02420556,-82.07353611,Pedestrian,The First Harmful Event was Not a Collision with a Motor Vehicle in Transport,Dark - Not Lighted,Clear
Florida,120949,1,BROWARD (11),COCONUT CREEK,April,Tuesday,Local Street - Municipality,Urban,26.25102778,-80.18641389,Pedestrian,The First Harmful Event was Not a Collision with a Motor Vehicle in Transport,Daylight,Clear
Florida,120951,1,BROWARD (11),MIRAMAR,April,Tuesday,State Highway,Urban,25.99524167,-80.20941389,Curb,The First Harmful Event was Not a Collision with a Motor Vehicle in Transport,Dark - Lighted,Clear
Florida,120954,3,BROWARD (11),HOLLYWOOD,April,Monday,State Highway,Urban,25.99564444,-80.21318056,Rollover/Overturn,The First Harmful Event was Not a Collision with a Motor Vehicle in Transport,Dark - Lighted,Clear
Florida,120956,1,PALM BEACH (99),LAKE WORTH,April,Tuesday,State Highway,Urban,26.61792222,-80.10443611,Pedestrian,The First Harmful Event was Not a Collision with a Motor Vehicle in Transport,Dark - Lighted,Clear
Florida,120958,2,ALACHUA (1),GAINESVILLE,April,Tuesday,State Highway,Urban,29.68258889,-82.33582778,Motor Vehicle In-Transport,Angle,Dark - Lighted,Clear
Florida,120962,1,VOLUSIA (127),DELTONA,April,Wednesday,Local Street - Municipality,Urban,28.8834,-81.27875556,Utility Pole/Light Support,The First Harmful Event was Not a Collision with a Motor Vehicle in Transport,Dark - Lighted,Clear
Florida,120968,1,BROWARD (11),FORT LAUDERDALE,April,Thursday,U.S. Highway,Urban,26.12983889,-80.13740556,Non-Motorist on Personal Conveyance,The First Harmful Event was Not a Collision with a Motor Vehicle in Transport,Dark - Lighted,Clear
Florida,120969,2,FLAGLER (35),PALM COAST,March,Monday,Interstate,Urban,29.54965833,-81.21646111,Motor Vehicle In-Transport,Front-to-Rear,Daylight,Clear
Florida,120970,3,DUVAL (31),JACKSONVILLE,April,Friday,Interstate,Urban,30.19158889,-81.70688611,Motor Vehicle In-Transport,Angle,Daylight,Rain
Florida,120971,2,DUVAL (31),JACKSONVILLE,March,Thursday,Interstate,Urban,30.20057778,-81.74930278,Motor Vehicle In-Transport,Front-to-Rear,Dark - Lighted,Clear
Florida,120974,5,ESCAMBIA (33),PENSACOLA,April,Monday,State Highway,Urban,30.44386944,-87.21181111,Motor Vehicle In-Transport,Front-to-Front,Daylight,Clear
Florida,120975,5,BREVARD (9),MELBOURNE,April,Sunday,County Road,Urban,28.23041111,-80.71276944,Motor Vehicle In-Transport,Front-to-Rear,Daylight,Clear
Florida,120977,2,MIAMI-DADE (86),MIAMI,March,Thursday,State Highway,Urban,25.93165,-80.37204722,Motor Vehicle In-Transport,Front-to-Rear,Dark - Lighted,Clear
Florida,120980,1,LAKE (69),CLERMONT,May,Wednesday,State Highway,Urban,28.54819722,-81.745375,Pedestrian,The First Harmful Event was Not a Collision with a Motor Vehicle in Transport,Dark - Not Lighted,Clear
Florida,120981,1,PINELLAS (103),CLEARWATER,February,Wednesday,State Highway,Urban,27.96046111,-82.74605,Pedestrian,The First Harmful Event was Not a Collision with a Motor Vehicle in Transport,Dark - Lighted,Clear
Florida,120982,2,BROWARD (11),WESTON,April,Sunday,U.S. Highway,Urban,26.11658056,-80.43567778,Motor Vehicle In-Transport,Front-to-Rear,Daylight,Clear
Florida,120983,1,POLK (105),LAKE WALES,April,Sunday,U.S. Highway,Urban,27.96200278,-81.62486389,Rollover/Overturn,The First Harmful Event was Not a Collision with a Motor Vehicle in Transport,Dark - Lighted,Clear
Florida,120986,1,BROWARD (11),FORT LAUDERDALE,April,Wednesday,Local Street - Municipality,Urban,26.15118333,-80.17481111,Pedestrian,The First Harmful Event was Not a Collision with a Motor Vehicle in Transport,Dark - Lighted,Cloudy
Florida,120987,1,ST. LUCIE (111),FORT PIERCE,May,Wednesday,Local Street - Municipality,Rural,27.42984444,-80.3502,Mail Box,The First Harmful Event was Not a Collision with a Motor Vehicle in Transport,Daylight,Clear
Florida,120988,1,PALM BEACH (99),WEST PALM BEACH,April,Tuesday,Local Street - Municipality,Urban,26.76401667,-80.07141111,Pedestrian,The First Harmful Event was Not a Collision with a Motor Vehicle in Transport,Dark - Lighted,Clear
Florida,120991,3,HILLSBOROUGH (57),PLANT CITY,April,Thursday,State Highway,Urban,28.03043056,-82.10498056,Motor Vehicle In-Transport,Angle,Dark - Lighted,Clear
Florida,120993,1,POLK (105),WINTER HAVEN,May,Wednesday,State Highway,Urban,28.03611667,-81.72692222,Pedestrian,The First Harmful Event was Not a Collision with a Motor Vehicle in Transport,Daylight,Clear
Florida,120994,1,LEON (73),TALLAHASSEE,May,Wednesday,State Highway,Urban,30.46791667,-84.36137222,Pedestrian,The First Harmful Event was Not a Collision with a Motor Vehicle in Transport,Daylight,Clear
Florida,120997,1,DUVAL (31),JACKSONVILLE,May,Sunday,Interstate,Urban,30.45163333,-81.71350278,Pedestrian,The First Harmful Event was Not a Collision with a Motor Vehicle in Transport,Dark - Not Lighted,Cloudy
Florida,121001,2,FLAGLER (35),PALM COAST,May,Wednesday,Local Street - Municipality,Urban,29.60386944,-81.23486111,Motor Vehicle In-Transport,Angle,Daylight,Clear
Florida,121003,3,BROWARD (11),DAVIE,May,Monday,Local Street - Municipality,Urban,26.09790278,-80.26564722,Motor Vehicle In-Transport,Angle,Daylight,Rain
Florida,121004,9,BREVARD (9),TITUSVILLE,April,Thursday,Interstate,Rural,28.54545,-80.8515,Motor Vehicle In-Transport,Sideswipe - Same Direction,Daylight,Clear
Florida,121005,2,HILLSBOROUGH (57),TAMPA,April,Monday,Local Street - Municipality,Urban,27.97790833,-82.55324722,Traffic Sign Support,The First Harmful Event was Not a Collision with a Motor Vehicle in Transport,Daylight,Clear
Florida,121006,4,DUVAL (31),JACKSONVILLE,May,Saturday,Local Street - Municipality,Urban,30.3715,-81.7221,Motor Vehicle In-Transport,Angle,Daylight,Clear
Florida,121007,4,BROWARD (11),POMPANO BEACH,April,Sunday,Interstate,Urban,26.29312778,-80.12307222,Concrete Traffic Barrier,The First Harmful Event was Not a Collision with a Motor Vehicle in Transport,Daylight,Clear
Florida,121009,2,BROWARD (11),DEERFIELD BEACH,May,Sunday,State Highway,Urban,26.30446111,-80.15263611,Motor Vehicle In-Transport,Angle,Dark - Lighted,Clear
Florida,121010,3,VOLUSIA (127),ORANGE CITY,May,Thursday,Local Street - Municipality,Urban,28.91331389,-81.28157222,Motor Vehicle In-Transport,Angle,Dawn,Clear
Florida,121012,2,HILLSBOROUGH (57),TAMPA,April,Sunday,U.S. Highway,Urban,27.96689722,-82.45951111,Motor Vehicle In-Transport,Front-to-Front,Dusk,Clear
Florida,121013,4,HILLSBOROUGH (57),TAMPA,May,Friday,U.S. Highway,Urban,28.04065278,-82.45938056,Pedestrian,The First Harmful Event was Not a Collision with a Motor Vehicle in Transport,Dark - Lighted,Cloudy
Florida,121014,1,LEE (71),CAPE CORAL,May,Friday,Local Street - Municipality,Urban,26.56278611,-81.957975,Pedestrian,The First Harmful Event was Not a Collision with a Motor Vehicle in Transport,Dark - Lighted,Clear
Florida,121021,1,BROWARD (11),FORT LAUDERDALE,April,Saturday,State Highway,Urban,26.13694444,-80.13586389,Curb,The First Harmful Event was Not a Collision with a Motor Vehicle in Transport,Daylight,Clear
Florida,121029,1,PINELLAS (103),SAINT PETERSBURG,February,Saturday,Local Street - Municipality,Urban,27.77081667,-82.74422778,Curb,The First Harmful Event was Not a Collision with a Motor Vehicle in Transport,Daylight,Clear
Florida,121030,3,PALM BEACH (99),WEST PALM BEACH,March,Friday,Interstate,Urban,26.74598056,-80.09064722,Motor Vehicle In-Transport,Front-to-Rear,Daylight,Clear
Florida,121034,1,SARASOTA (115),SARASOTA,April,Monday,U.S. Highway,Urban,27.30963889,-82.52993056,Pedestrian,The First Harmful Event was Not a Collision with a Motor Vehicle in Transport,Dark - Lighted,Clear
Florida,121035,1,HILLSBOROUGH (57),TAMPA,April,Sunday,U.S. Highway,Urban,27.98155833,-82.44339167,Pedalcyclist,The First Harmful Event was Not a Collision with a Motor Vehicle in Transport,Dark - Not Lighted,Rain
Florida,121036,1,HILLSBOROUGH (57),TAMPA,April,Monday,State Highway,Urban,27.95219444,-82.37258889,Guardrail Face,The First Harmful Event was Not a Collision with a Motor Vehicle in Transport,Dark - Not Lighted,Clear
Florida,121037,2,BROWARD (11),HOLLYWOOD,April,Wednesday,State Highway,Urban,26.01013056,-80.21108333,Motor Vehicle In-Transport,Front-to-Rear,Daylight,Clear
Florida,121038,1,BROWARD (11),CORAL SPRINGS,May,Friday,State Highway,Urban,26.27234722,-80.22158611,Curb,The First Harmful Event was Not a Collision with a Motor Vehicle in Transport,Daylight,Cloudy
Florida,121040,2,DUVAL (31),JACKSONVILLE,May,Thursday,Interstate,Urban,30.20019167,-81.749125,Guardrail Face,The First Harmful Event was Not a Collision with a Motor Vehicle in Transport,Dark - Lighted,Clear
Florida,121043,3,PALM BEACH (99),WEST PALM BEACH,May,Tuesday,State Highway,Urban,26.74885833,-80.10923333,Motor Vehicle In-Transport,Angle,Daylight,Clear
Florida,121045,3,GLADES (43),MOORE HAVEN,May,Saturday,State Highway,Rural,26.83386944,-81.10393889,Motor Vehicle In-Transport,Angle,Daylight,Clear
Florida,121048,2,DUVAL (31),JACKSONVILLE,April,Friday,Interstate,Urban,30.16809722,-81.58224444,Motor Vehicle In-Transport,Front-to-Rear,Dark - Lighted,Clear
Florida,121050,1,BROWARD (11),TAMARAC,May,Wednesday,Local Street - Municipality,Urban,26.19385833,-80.26807778,Curb,The First Harmful Event was Not a Collision with a Motor Vehicle in Transport,Dark - Lighted,Clear
Florida,121051,1,ORANGE (95),MAITLAND,April,Monday,Local Street - Frontage Road,Urban,28.64032222,-81.39862222,Pedestrian,The First Harmful Event was Not a Collision with a Motor Vehicle in Transport,Dark - Not Lighted,Clear
Florida,121053,5,PALM BEACH (99),LAKE WORTH,April,Tuesday,U.S. Highway,Urban,26.61785278,-80.05729444,Motor Vehicle In-Transport,Angle,Daylight,Clear
Florida,121058,4,BROWARD (11),DAVIE,April,Saturday,U.S. Highway,Urban,26.10755556,-80.14325556,Motor Vehicle In-Transport,Front-to-Front,Daylight,Clear
Florida,121059,1,DUVAL (31),JACKSONVILLE,May,Monday,Local Street - Municipality,Urban,30.19073056,-81.60846667,Curb,The First Harmful Event was Not a Collision with a Motor Vehicle in Transport,Daylight,Clear
Florida,121060,2,SEMINOLE (117),SANFORD,May,Saturday,U.S. Highway,Urban,28.78665,-81.27311111,Motor Vehicle In-Transport,Angle,Dark - Lighted,Clear
Florida,121062,3,BROWARD (11),SUNRISE,May,Thursday,State Highway,Urban,26.15669444,-80.25735278,Motor Vehicle In-Transport,Angle,Daylight,Cloudy
Florida,121067,2,MIAMI-DADE (86),HIALEAH,May,Saturday,State Highway,Urban,25.84892222,-80.2663,Motor Vehicle In-Transport,Angle,Daylight,Clear