State,Case Number,Persons,County,City,Month,Day,Route,Rural/Urban,Latitude,Longitude,First Harmful Event,Manner of Collision,Light Conditions,Weather
Florida,121486,3,ORANGE (95),ORLANDO,July,Tuesday,State Highway,Urban,28.56973333,-81.23230556,Motor Vehicle In-Transport,Angle,Daylight,Clear
Florida,121488,4,DUVAL (31),JACKSONVILLE,June,Saturday,Interstate,Urban,30.34735,-81.66843056,Motor Vehicle In-Transport,Sideswipe - Same Direction,Daylight,Clear
Florida,121490,1,ALACHUA (1),HIGH SPRINGS,July,Tuesday,U.S. Highway,Rural,29.81101944,-82.56,Pedestrian,The First Harmful Event was Not a Collision with a Motor Vehicle in Transport,Daylight,Clear
Florida,121491,2,HILLSBOROUGH (57),TAMPA,June,Saturday,Interstate,Urban,28.13453889,-82.37859444,Motor Vehicle In-Transport,Angle,Dark - Not Lighted,Cloudy
Florida,121494,2,DUVAL (31),JACKSONVILLE,June,Friday,Interstate,Urban,30.11786111,-81.51723056,Motor Vehicle In-Transport,Front-to-Front,Dark - Not Lighted,Cloudy
Florida,121498,3,FRANKLIN (37),CARRABELLE,June,Thursday,Local Street - Municipality,Rural,29.85281111,-84.66008056,Pedalcyclist,The First Harmful Event was Not a Collision with a Motor Vehicle in Transport,Dark - Lighted,Cloudy
Florida,121500,3,ALACHUA (1),ALACHUA,July,Wednesday,County Road,Urban,29.75781944,-82.52701111,Motor Vehicle In-Transport,Front-to-Rear,Daylight,Clear
Florida,121507,2,HILLSBOROUGH (57),TAMPA,June,Thursday,State Highway,Urban,27.99671111,-82.57116944,Motor Vehicle In-Transport,Angle,Dark - Lighted,Clear
Florida,121508,3,PINELLAS (103),SAINT PETERSBURG,June,Friday,U.S. Highway,Urban,27.80652778,-82.67969444,Pedestrian,The First Harmful Event was Not a Collision with a Motor Vehicle in Transport,Dark - Lighted,Rain
Florida,121509,3,PINELLAS (103),SAINT PETERSBURG,June,Saturday,Local Street - Municipality,Urban,27.80861667,-82.61975833,Motor Vehicle In-Transport,Sideswipe - Same Direction,Dusk,Clear
Florida,121510,2,PINELLAS (103),SAINT PETERSBURG,June,Wednesday,Local Street - Municipality,Urban,27.77092778,-82.71220278,Motor Vehicle In-Transport,Angle,Daylight,Clear
Florida,121512,2,BREVARD (9),MELBOURNE,July,Monday,U.S. Highway,Urban,28.08404444,-80.60573056,Motor Vehicle In-Transport,Front-to-Front,Daylight,Clear
Florida,121514,1,LAKE (69),LEESBURG,June,Thursday,U.S. Highway,Urban,28.79010833,-81.88772778,Pedestrian,The First Harmful Event was Not a Collision with a Motor Vehicle in Transport,Daylight,Clear
Florida,121517,1,PINELLAS (103),CLEARWATER,June,Sunday,U.S. Highway,Urban,27.96672778,-82.72941944,Utility Pole/Light Support,The First Harmful Event was Not a Collision with a Motor Vehicle in Transport,Daylight,Clear
Florida,121520,1,PINELLAS (103),LARGO,March,Sunday,U.S. Highway,Urban,27.89717222,-82.787025,Non-Motorist on Personal Conveyance,The First Harmful Event was Not a Collision with a Motor Vehicle in Transport,Daylight,Clear
Florida,121521,7,PINELLAS (103),LARGO,April,Thursday,State Highway,Urban,27.91658056,-82.75199167,Motor Vehicle In-Transport,Angle,Daylight,Clear
Florida,121522,3,OSCEOLA (97),SAINT CLOUD,June,Tuesday,U.S. Highway,Urban,28.24518611,-81.25617222,Motor Vehicle In-Transport,Front-to-Front,Daylight,Clear
Florida,121524,1,POLK (105),LAKELAND,July,Monday,Local Street - Municipality,Rural,28.00731944,-81.93041389,Immersion or Partial Immersion,The First Harmful Event was Not a Collision with a Motor Vehicle in Transport,Daylight,Cloudy
Florida,121529,2,ORANGE (95),ORLANDO,February,Tuesday,Local Street - Municipality,Urban,28.53473611,-81.39233333,Utility Pole/Light Support,The First Harmful Event was Not a Collision with a Motor Vehicle in Transport,Dark - Lighted,Clear
Florida,121530,1,ORANGE (95),ORLANDO,February,Friday,State Highway,Urban,28.57817778,-81.41022222,Pedestrian,The First Harmful Event was Not a Collision with a Motor Vehicle in Transport,Dark - Not Lighted,Clear
Florida,121531,1,ORANGE (95),ORLANDO,June,Friday,State Highway,Urban,28.39024722,-81.25574722,Rollover/Overturn,The First Harmful Event was Not a Collision with a Motor Vehicle in Transport,Dark - Not Lighted,Clear
Florida,121532,2,MARION (83),OCALA,June,Sunday,State Highway,Urban,29.200575,-82.10665278,Curb,The First Harmful Event was Not a Collision with a Motor Vehicle in Transport,Dark - Lighted,Cloudy
Florida,121533,1,BROWARD (11),FORT LAUDERDALE,May,Saturday,U.S. Highway,Urban,26.12620278,-80.13745556,Pedestrian,The First Harmful Event was Not a Collision with a Motor Vehicle in Transport,Dark - Lighted,Clear
Florida,121534,2,BROWARD (11),FORT LAUDERDALE,May,Sunday,State Highway,Urban,26.10743333,-80.14760556,Motor Vehicle In-Transport,Angle,Daylight,Clear
Florida,121535,1,BROWARD (11),FORT LAUDERDALE,June,Saturday,State Highway,Urban,26.13656111,-80.16326944,Pedalcyclist,The First Harmful Event was Not a Collision with a Motor Vehicle in Transport,Dark - Lighted,Clear
Florida,121536,1,BROWARD (11),FORT LAUDERDALE,July,Thursday,State Highway,Urban,26.13693056,-80.13847222,Pedestrian,The First Harmful Event was Not a Collision with a Motor Vehicle in Transport,Dark - Lighted,Clear
Florida,121537,2,BROWARD (11),FORT LAUDERDALE,July,Saturday,Local Street - Municipality,Urban,26.09508611,-80.18568056,Motor Vehicle In-Transport,Angle,Daylight,Clear
Florida,121538,5,LAKE (69),EUSTIS,July,Friday,County Road,Urban,28.87405278,-81.69935833,Motor Vehicle In-Transport,Front-to-Front,Dark - Lighted,Clear
Florida,121539,2,MIAMI-DADE (86),HIALEAH,June,Friday,State Highway,Urban,25.83793056,-80.28992778,Motor Vehicle In-Transport,Angle,Dark - Lighted,Clear
Florida,121540,3,MIAMI-DADE (86),HIALEAH,July,Monday,Local Street - Municipality,Urban,25.85978056,-80.27264722,Motor Vehicle In-Transport,Angle,Daylight,Clear
Florida,121541,5,MIAMI-DADE (86),MIAMI GARDENS,June,Sunday,State Highway,Urban,25.97277222,-80.20584167,Motor Vehicle In-Transport,Front-to-Rear,Dark - Lighted,Clear
Florida,121542,2,MIAMI-DADE (86),MIAMI GARDENS,June,Saturday,Local Street - Municipality,Urban,25.97017778,-80.26693056,Motor Vehicle In-Transport,Front-to-Front,Daylight,Clear
Florida,121543,3,ST. LUCIE (111),FORT PIERCE,July,Monday,State Highway,Urban,27.42527222,-80.33461667,Motor Vehicle In-Transport,Angle,Daylight,Clear
Florida,121544,3,MIAMI-DADE (86),MIAMI SHORES,June,Sunday,State Highway,Urban,25.86962778,-80.19346667,Motor Vehicle In-Transport,Sideswipe - Same Direction,Dark - Lighted,Clear
Florida,121550,4,POLK (105),WINTER HAVEN,July,Sunday,State Highway,Urban,27.99767778,-81.68884722,Motor Vehicle In-Transport,Front-to-Front,Daylight,Cloudy
Florida,121552,4,BROWARD (11),OAKLAND PARK,June,Thursday,State Highway,Urban,26.18883611,-80.13374722,Motor Vehicle In-Transport,Angle,Dark - Lighted,Clear
Florida,121555,1,MIAMI-DADE (86),NORTH MIAMI,May,Saturday,State Highway,Urban,25.89098056,-80.172025,Curb,The First Harmful Event was Not a Collision with a Motor Vehicle in Transport,Dark - Lighted,Clear
Florida,121557,1,DUVAL (31),JACKSONVILLE,June,Thursday,Local Street - Municipality,Urban,30.34216111,-81.66181389,Tree (Standing Only),The First Harmful Event was Not a Collision with a Motor Vehicle in Transport,Daylight,Clear
Florida,121558,1,DUVAL (31),JACKSONVILLE,June,Friday,State Highway,Urban,30.39253889,-81.68034167,Pedestrian,The First Harmful Event was Not a Collision with a Motor Vehicle in Transport,Daylight,Clear
Florida,121559,4,DUVAL (31),JACKSONVILLE,June,Monday,U.S. Highway,Urban,30.33689722,-81.67823056,Motor Vehicle In-Transport,Front-to-Front,Daylight,Clear
Florida,121560,4,DUVAL (31),JACKSONVILLE,June,Wednesday,State Highway,Urban,30.32825833,-81.73116389,Motor Vehicle In-Transport,Front-to-Rear,Daylight,Clear
Florida,121561,2,PALM BEACH (99),WEST PALM BEACH,June,Sunday,U.S. Highway,Urban,26.79176111,-80.05423611,Curb,The First Harmful Event was Not a Collision with a Motor Vehicle in Transport,Dark - Lighted,Clear
Florida,121562,1,PALM BEACH (99),WEST PALM BEACH,June,Tuesday,U.S. Highway,Urban,26.65024444,-80.05616111,Pedestrian,The First Harmful Event was Not a Collision with a Motor Vehicle in Transport,Dark - Lighted,Clear
Florida,121563,1,PALM BEACH (99),WEST PALM BEACH,June,Friday,U.S. Highway,Urban,26.70857778,-80.05540556,Fell/Jumped from Vehicle,The First Harmful Event was Not a Collision with a Motor Vehicle in Transport,Dark - Unknown Lighting,Clear
Florida,121564,1,VOLUSIA (127),DAYTONA BEACH,June,Saturday,Local Street - Municipality,Rural,29.22007222,-81.00662778,Pedalcyclist,The First Harmful Event was Not a Collision with a Motor Vehicle in Transport,Dark - Lighted,Clear
Florida,121565,1,VOLUSIA (127),DAYTONA BEACH,July,Tuesday,Local Street - Municipality,Urban,29.16515,-81.11929722,Traffic Sign Support,The First Harmful Event was Not a Collision with a Motor Vehicle in Transport,Daylight,Clear
Florida,121567,4,CHARLOTTE (15),PORT CHARLOTTE,February,Monday,State Highway,Rural,26.96503056,-82.21090833,Motor Vehicle In-Transport,Angle,Daylight,Clear
Florida,121568,1,OKALOOSA (91),LAUREL HILL,May,Monday,County Road,Rural,30.94618889,-86.52931944,Fell/Jumped from Vehicle,The First Harmful Event was Not a Collision with a Motor Vehicle in Transport,Daylight,Clear
Florida,121569,2,BROWARD (11),DEERFIELD BEACH,May,Wednesday,State Highway,Urban,26.30722222,-80.07763611,Motor Vehicle In-Transport,Rear-to-Side,Dark - Lighted,Clear
Florida,121570,2,OSCEOLA (97),KISSIMMEE,May,Thursday,County Road,Urban,28.31190833,-81.41612222,Motor Vehicle In-Transport,Angle,Dark - Unknown Lighting,Clear
Florida,121573,4,BROWARD (11),DEERFIELD BEACH,June,Monday,U.S. Highway,Urban,26.31518333,-80.09127778,Motor Vehicle In-Transport,Front-to-Rear,Daylight,Clear
Florida,121575,3,PALM BEACH (99),BOYNTON BEACH,June,Saturday,State Highway,Urban,26.52748611,-80.09367778,Motor Vehicle In-Transport,Front-to-Front,Daylight,Clear
Florida,121580,2,POLK (105),LAKELAND,June,Saturday,State Highway,Urban,28.08205,-81.95320833,Motor Vehicle In-Transport,Angle,Dark - Lighted,Clear
Florida,121582,3,MIAMI-DADE (86),MIAMI,June,Sunday,State Highway,Urban,25.8407,-80.31409722,Motor Vehicle In-Transport,Angle,Daylight,Clear
Florida,121583,2,VOLUSIA (127),DAYTONA BEACH,May,Saturday,State Highway,Urban,29.26752222,-81.02810278,Rollover/Overturn,The First Harmful Event was Not a Collision with a Motor Vehicle in Transport,Daylight,Clear
Florida,121588,1,HILLSBOROUGH (57),TAMPA,June,Thursday,U.S. Highway,Urban,27.94714167,-82.43644722,Non-Motorist on Personal Conveyance,The First Harmful Event was Not a Collision with a Motor Vehicle in Transport,Daylight,Clear
Florida,121589,4,HILLSBOROUGH (57),TAMPA,June,Wednesday,U.S. Highway,Urban,28.0345,-82.45121389,Motor Vehicle In-Transport,Angle,Daylight,Clear
Florida,121590,2,HILLSBOROUGH (57),TAMPA,June,Saturday,U.S. Highway,Urban,27.8845,-82.5634,Motor Vehicle In-Transport,Front-to-Rear,Dark - Lighted,Clear
Florida,121591,3,HILLSBOROUGH (57),TAMPA,July,Monday,State Highway,Urban,27.96761389,-82.56861944,Motor Vehicle In-Transport,Angle,Daylight,Rain
Florida,121592,1,ORANGE (95),ORLANDO,July,Tuesday,U.S. Highway,Urban,28.58067778,-81.40774444,Pedestrian,The First Harmful Event was Not a Collision with a Motor Vehicle in Transport,Dark - Not Lighted,Clear
Florida,121593,2,VOLUSIA (127),ORMOND BEACH,June,Tuesday,State Highway,Urban,29.28384722,-81.08263611,Motor Vehicle In-Transport,Angle,Daylight,Clear
Florida,121594,2,MIAMI-DADE (86),MIAMI,June,Monday,U.S. Highway,Urban,25.80677778,-80.19675,Pedestrian,The First Harmful Event was Not a Collision with a Motor Vehicle in Transport,Dark - Lighted,Clear
Florida,121595,2,MIAMI-DADE (86),MIAMI,June,Sunday,U.S. Highway,Urban,25.76620833,-80.23485,Non-Motorist on Personal Conveyance,The First Harmful Event was Not a Collision with a Motor Vehicle in Transport,Daylight,Clear
Florida,121597,4,DUVAL (31),JACKSONVILLE,July,Monday,Local Street - Municipality,Urban,30.2694,-81.7372,Motor Vehicle In-Transport,Front-to-Rear,Daylight,Cloudy
Florida,121598,5,BAY (5),PANAMA CITY BEACH,June,Saturday,State Highway,Urban,30.17526667,-85.65060556,Pedalcyclist,The First Harmful Event was Not a Collision with a Motor Vehicle in Transport,Dark - Not Lighted,Clear
Florida,121599,4,BAY (5),PANAMA CITY BEACH,July,Thursday,State Highway,Urban,30.22540556,-85.88984167,Motor Vehicle In-Transport,Angle,Daylight,Clear
Florida,121600,3,BROWARD (11),SUNRISE,June,Thursday,Local Street - Municipality,Urban,26.16961667,-80.28456111,Motor Vehicle In-Transport,Angle,Daylight,Cloudy
Florida,121601,2,OSCEOLA (97),KISSIMMEE,July,Thursday,Local Street - Municipality,Urban,28.31533611,-81.39131389,Motor Vehicle In-Transport,Angle,Dark - Lighted,Clear
Florida,121602,2,ST. JOHNS (109),SAINT AUGUSTINE,July,Monday,State Highway,Urban,29.89295833,-81.30458333,Curb,The First Harmful Event was Not a Collision with a Motor Vehicle in Transport,Dark - Lighted,Clear
Florida,121606,1,DUVAL (31),JACKSONVILLE BEACH,July,Friday,Local Street - Municipality,Urban,30.29593611,-81.392175,Pedestrian,The First Harmful Event was Not a Collision with a Motor Vehicle in Transport,Dark - Lighted,Clear
Florida,121608,2,MIAMI-DADE (86),NORTH MIAMI,June,Sunday,State Highway,Urban,25.89970833,-80.18081111,Motor Vehicle In-Transport,Angle,Dark - Lighted,Clear
Florida,121610,11,HIGHLANDS (55),LAKE PLACID,June,Saturday,U.S. Highway,Urban,27.29991111,-81.35853056,Motor Vehicle In-Transport,Angle,Daylight,Rain
Florida,121611,1,OSCEOLA (97),SAINT CLOUD,May,Sunday,County Road,Urban,28.33263056,-81.22838056,Curb,The First Harmful Event was Not a Collision with a Motor Vehicle in Transport,Dark - Lighted,Clear
Florida,121623,6,MONROE (87),KEY LARGO,July,Wednesday,U.S. Highway,Urban,25.11936667,-80.41761944,Motor Vehicle In-Transport,Angle,Daylight,Clear
Florida,121629,2,MIAMI-DADE (86),MIAMI,July,Sunday,Interstate,Urban,25.95631667,-80.17438056,Motor Vehicle In-Transport,Angle,Dark - Lighted,Clear
Florida,121631,1,PINELLAS (103),SAINT PETERSBURG,July,Saturday,County Road,Urban,27.79814722,-82.71211667,Curb,The First Harmful Event was Not a Collision with a Motor Vehicle in Transport,Dark - Lighted,Clear
Florida,121633,2,ST. LUCIE (111),PORT SAINT LUCIE,May,Tuesday,Local Street - Municipality,Urban,27.25772222,-80.39965278,Motor Vehicle In-Transport,Angle,Daylight,Clear
Florida,121634,4,BAY (5),LYNN HAVEN,July,Sunday,State Highway,Urban,30.25309722,-85.64748889,Motor Vehicle In-Transport,Front-to-Front,Daylight,Clear
Florida,121636,6,PUTNAM (107),INTERLACHEN,April,Saturday,County Road,Urban,29.63153889,-81.8867,Motor Vehicle In-Transport,Front-to-Front,Daylight,Clear
Florida,121647,2,ORANGE (95),ORLANDO,July,Sunday,County Road,Urban,28.36368889,-81.24436944,Motor Vehicle In-Transport,Angle,Dark - Not Lighted,Cloudy
Florida,121648,4,MIAMI-DADE (86),HIALEAH,July,Tuesday,Local Street - Municipality,Urban,25.87705833,-80.31534444,Motor Vehicle In-Transport,Angle,Daylight,Clear
Florida,121649,1,BROWARD (11),MIRAMAR,July,Tuesday,State Highway,Urban,25.98969722,-80.3107,Pedestrian,The First Harmful Event was Not a Collision with a Motor Vehicle in Transport,Dark - Lighted,Clear
Florida,121652,1,MONROE (87),KEY WEST,May,Tuesday,Local Street - Municipality,Urban,24.57481944,-81.73513889,Tree (Standing Only),The First Harmful Event was Not a Collision with a Motor Vehicle in Transport,Dark - Lighted,Clear
Florida,121653,3,PINELLAS (103),SAINT PETERSBURG,July,Thursday,Local Street - Municipality,Urban,27.87203333,-82.64692222,Motor Vehicle In-Transport,Angle,Daylight,Rain
Florida,121655,2,ALACHUA (1),GAINESVILLE,July,Saturday,State Highway,Urban,29.65938333,-82.33116667,Motor Vehicle In-Transport,Angle,Daylight,Clear
Florida,121656,1,MONROE (87),MARATHON,July,Tuesday,U.S. Highway,Urban,24.71196944,-81.092,Pedestrian,The First Harmful Event was Not a Collision with a Motor Vehicle in Transport,Dark - Not Lighted,Clear
Florida,121657,3,VOLUSIA (127),DEBARY,July,Wednesday,Local Street - Municipality,Urban,28.89021389,-81.30931389,Motor Vehicle In-Transport,Front-to-Front,Daylight,Cloudy
Florida,121659,2,DUVAL (31),JACKSONVILLE,June,Sunday,State Highway,Urban,30.43875,-81.6954,Pedestrian,The First Harmful Event was Not a Collision with a Motor Vehicle in Transport,Dark - Lighted,Clear
Florida,121662,2,PINELLAS (103),SAINT PETERSBURG,July,Friday,Local Street - Municipality,Urban,27.75203889,-82.67136944,Motor Vehicle In-Transport,Angle,Dark - Lighted,Rain
Florida,121663,4,LEE (71),FORT MYERS,July,Friday,State Highway,Urban,26.612775,-81.80036111,Motor Vehicle In-Transport,Angle,Dark - Lighted,Clear
Florida,121665,2,ALACHUA (1),GAINESVILLE,July,Sunday,U.S. Highway,Urban,29.68009444,-82.33907222,Motor Vehicle In-Transport,Angle,Daylight,Clear
Florida,121672,1,PINELLAS (103),SAINT PETERSBURG,July,Monday,Local Street - Municipality,Urban,27.73756667,-82.646575,Pedestrian,The First Harmful Event was Not a Collision with a Motor Vehicle in Transport,Dark - Lighted,Clear
Florida,121675,2,BROWARD (11),FORT LAUDERDALE,July,Monday,Local Street - Municipality,Urban,26.143725,-80.150225,Pedestrian,The First Harmful Event was Not a Collision with a Motor Vehicle in Transport,Dark - Lighted,Clear
Florida,121676,2,VOLUSIA (127),DAYTONA BEACH,July,Thursday,Local Street - Municipality,Rural,29.21802778,-81.03113056,Pedestrian,The First Harmful Event was Not a Collision with a Motor Vehicle in Transport,Dark - Lighted,Clear
Florida,121682,3,VOLUSIA (127),ORMOND BEACH,June,Wednesday,State Highway,Urban,29.25696944,-81.16493056,Motor Vehicle In-Transport,Front-to-Front,Daylight,Cloudy
Florida,121684,4,MIAMI-DADE (86),OPA-LOCKA,February,Sunday,State Highway,Urban,25.89744722,-80.23552778,Motor Vehicle In-Transport,Angle,Daylight,Clear
Florida,121688,1,VOLUSIA (127),DAYTONA BEACH,June,Sunday,State Highway,Urban,29.1951,-81.03515556,Pedestrian,The First Harmful Event was Not a Collision with a Motor Vehicle in Transport,Dark - Not Lighted,Clear
Florida,121694,1,OSCEOLA (97),KISSIMMEE,July,Saturday,U.S. Highway,Urban,28.26746944,-81.42780833,Pedestrian,The First Harmful Event was Not a Collision with a Motor Vehicle in Transport,Dark - Not Lighted,Cloudy
Florida,121695,1,LAKE (69),HOWIE IN THE HILLS,July,Wednesday,State Highway,Rural,28.69987222,-81.77977778,Pedestrian,The First Harmful Event was Not a Collision with a Motor Vehicle in Transport,Dark - Not Lighted,Rain
Florida,121696,4,MONROE (87),KEY LARGO,July,Thursday,U.S. Highway,Urban,25.13521389,-80.40429722,Motor Vehicle In-Transport,Angle,Daylight,Clear
Florida,121697,1,BROWARD (11),HOLLYWOOD,July,Sunday,U.S. Highway,Urban,26.00763056,-80.20758056,Pedestrian,The First Harmful Event was Not a Collision with a Motor Vehicle in Transport,Dark - Lighted,Clear
Florida,121705,1,HILLSBOROUGH (57),TAMPA,July,Tuesday,Local Street - Municipality,Urban,27.89267778,-82.48655833,Curb,The First Harmful Event was Not a Collision with a Motor Vehicle in Transport,Daylight,Clear
Florida,121707,3,VOLUSIA (127),NEW SMYRNA BEACH,July,Thursday,U.S. Highway,Urban,29.04169722,-80.93391944,Motor Vehicle In-Transport,Angle,Daylight,Clear
Florida,121708,1,ALACHUA (1),ALACHUA,July,Monday,Interstate,Rural,29.81763889,-82.51591111,Tree (Standing Only),The First Harmful Event was Not a Collision with a Motor Vehicle in Transport,Dawn,Clear
Florida,121709,1,CLAY (19),KEYSTONE HEIGHTS,July,Wednesday,County Road,Rural,29.79805,-81.93553889,Pedalcyclist,The First Harmful Event was Not a Collision with a Motor Vehicle in Transport,Dark - Not Lighted,Clear
Florida,121710,2,BAY (5),PANAMA CITY,July,Friday,U.S. Highway,Urban,30.17793889,-85.70158611,Pedestrian,The First Harmful Event was Not a Collision with a Motor Vehicle in Transport,Dark - Lighted,Rain
Florida,121711,1,VOLUSIA (127),NEW SMYRNA BEACH,July,Friday,U.S. Highway,Urban,29.07993611,-80.95740278,Pedestrian,The First Harmful Event was Not a Collision with a Motor Vehicle in Transport,Dark - Lighted,Clear
Florida,121713,1,MIAMI-DADE (86),MEDLEY,July,Sunday,State Highway,Urban,25.84262778,-80.38703333,Guardrail Face,The First Harmful Event was Not a Collision with a Motor Vehicle in Transport,Dark - Lighted,Clear
Florida,121715,2,PALM BEACH (99),PALM SPRINGS,July,Tuesday,State Highway,Urban,26.65076111,-80.0818,Motor Vehicle In-Transport,Angle,Daylight,Clear
Florida,121716,1,HILLSBOROUGH (57),TAMPA,July,Sunday,Local Street - Municipality,Urban,27.96679444,-82.43060833,Pedalcyclist,The First Harmful Event was Not a Collision with a Motor Vehicle in Transport,Dark - Lighted,Clear
Florida,121723,4,VOLUSIA (127),DAYTONA BEACH,July,Saturday,U.S. Highway,Urban,29.15460556,-81.10428333,Pedalcyclist,The First Harmful Event was Not a Collision with a Motor Vehicle in Transport,Daylight,Cloudy
Florida,121724,4,POLK (105),LAKELAND,July,Friday,State Highway,Urban,28.143475,-81.89596389,Motor Vehicle In-Transport,Angle,Daylight,Cloudy
Florida,121729,8,BROWARD (11),MIRAMAR,July,Saturday,Interstate,Urban,25.96016389,-80.35216944,Motor Vehicle In-Transport,Front-to-Rear,Dark - Lighted,Clear
Florida,121730,1,ALACHUA (1),ALACHUA,July,Saturday,Local Street - Municipality,Rural,29.89815,-82.45006111,Rollover/Overturn,The First Harmful Event was Not a Collision with a Motor Vehicle in Transport,Dark - Not Lighted,Cloudy
Florida,121739,2,POLK (105),LAKELAND,June,Wednesday,U.S. Highway,Rural,28.21557778,-82.01913333,Motor Vehicle In-Transport,Front-to-Front,Dark - Not Lighted,Clear
Florida,121740,2,BROWARD (11),DEERFIELD BEACH,July,Sunday,State Highway,Urban,26.30341667,-80.13023056,Motor Vehicle In-Transport,Angle,Dark - Lighted,Clear
Florida,121741,1,BREVARD (9),PALM BAY,July,Tuesday,U.S. Highway,Urban,28.04083333,-80.58278611,Pedestrian,The First Harmful Event was Not a Collision with a Motor Vehicle in Transport,Daylight,Cloudy
Florida,121742,1,MIAMI-DADE (86),MIAMI,July,Tuesday,State Highway,Urban,25.84079444,-80.38650278,Immersion or Partial Immersion,The First Harmful Event was Not a Collision with a Motor Vehicle in Transport,Dark - Lighted,Clear
Florida,121744,1,DUVAL (31),JACKSONVILLE,July,Tuesday,Interstate,Urban,30.1183,-81.51706111,Tree (Standing Only),The First Harmful Event was Not a Collision with a Motor Vehicle in Transport,Dark - Unknown Lighting,Clear
Florida,121746,2,MONROE (87),KEY LARGO,July,Monday,U.S. Highway,Urban,25.03475,-80.50035,Motor Vehicle In-Transport,Angle,Daylight,Clear
Florida,121749,4,ALACHUA (1),ARCHER,July,Friday,State Highway,Urban,29.57672778,-82.46090833,Motor Vehicle In-Transport,Front-to-Front,Daylight,Cloudy
Florida,121751,2,SEMINOLE (117),SANFORD,July,Thursday,Interstate,Rural,28.82343611,-81.33106944,Pedestrian,The First Harmful Event was Not a Collision with a Motor Vehicle in Transport,Dark - Not Lighted,Clear
Florida,121753,2,VOLUSIA (127),ORMOND BEACH,July,Sunday,U.S. Highway,Urban,29.30122778,-81.08914444,Tree (Standing Only),The First Harmful Event was Not a Collision with a Motor Vehicle in Transport,Dark - Not Lighted,Clear
Florida,121754,1,HILLSBOROUGH (57),TAMPA,July,Thursday,U.S. Highway,Urban,27.99613056,-82.38058056,Pedestrian,The First Harmful Event was Not a Collision with a Motor Vehicle in Transport,Daylight,Clear
Florida,121755,2,PALM BEACH (99),WEST PALM BEACH,July,Sunday,Interstate,Urban,26.74857222,-80.09066667,Tree (Standing Only),The First Harmful Event was Not a Collision with a Motor Vehicle in Transport,Daylight,Clear
Florida,121764,1,PALM BEACH (99),WEST PALM BEACH,August,Saturday,Local Street - Municipality,Urban,26.68424722,-80.06064444,Pedestrian,The First Harmful Event was Not a Collision with a Motor Vehicle in Transport,Dark - Lighted,Cloudy
Florida,121766,4,HILLSBOROUGH (57),PLANT CITY,May,Saturday,State Highway,Urban,27.99216111,-82.13700556,Motor Vehicle In-Transport,Angle,Daylight,Clear
Florida,121767,1,HILLSBOROUGH (57),PLANT CITY,May,Saturday,Local Street - Municipality,Urban,27.97299722,-82.15905556,Curb,The First Harmful Event was Not a Collision with a Motor Vehicle in Transport,Dark - Lighted,Clear
Florida,121771,1,PALM BEACH (99),BOYNTON BEACH,July,Sunday,U.S. Highway,Urban,26.53605278,-80.05773056,Pedestrian,The First Harmful Event was Not a Collision with a Motor Vehicle in Transport,Dark - Lighted,Clear
Florida,121776,1,MIAMI-DADE (86),MIAMI,August,Tuesday,U.S. Highway,Urban,25.78190278,-80.17272778,Curb,The First Harmful Event was Not a Collision with a Motor Vehicle in Transport,Daylight,Clear
Florida,121777,1,DUVAL (31),JACKSONVILLE,July,Tuesday,Interstate,Urban,30.30761944,-81.87826944,Traffic Sign Support,The First Harmful Event was Not a Collision with a Motor Vehicle in Transport,Dark - Lighted,Clear
Florida,121781,1,ORANGE (95),ORLANDO,July,Saturday,Local Street - Municipality,Urban,28.39982778,-81.29472222,Pedalcyclist,The First Harmful Event was Not a Collision with a Motor Vehicle in Transport,Daylight,Clear
Florida,121785,1,SEMINOLE (117),SANFORD,July,Thursday,Local Street - Municipality,Urban,28.79854167,-81.30243889,Tree (Standing Only),The First Harmful Event was Not a Collision with a Motor Vehicle in Transport,Daylight,Rain
Florida,121789,1,HILLSBOROUGH (57),TAMPA,July,Saturday,State Highway,Urban,27.98988056,-82.45107778,Pedestrian,The First Harmful Event was Not a Collision with a Motor Vehicle in Transport,Dark - Lighted,Clear
Florida,121792,1,BROWARD (11),FORT LAUDERDALE,July,Friday,Local Street - Municipality,Urban,26.20314167,-80.15469722,Utility Pole/Light Support,The First Harmful Event was Not a Collision with a Motor Vehicle in Transport,Dark - Lighted,Clear
Florida,121793,3,BAY (5),PANAMA CITY,August,Monday,State Highway,Urban,30.17150278,-85.65033889,Motor Vehicle In-Transport,Angle,Dawn,Rain
Florida,121794,2,PINELLAS (103),KENNETH CITY,July,Monday,County Road,Urban,27.82102222,-82.7165,Motor Vehicle In-Transport,Front-to-Rear,Daylight,Clear
Florida,121796,2,BAY (5),PANAMA CITY,July,Friday,State Highway,Urban,30.18983889,-85.69190833,Motor Vehicle In-Transport,Angle,Dusk,Clear
Florida,121799,2,PINELLAS (103),SAINT PETERSBURG,July,Thursday,Local Street - Municipality,Urban,27.77137222,-82.63848333,Tree (Standing Only),The First Harmful Event was Not a Collision with a Motor Vehicle in Transport,Dark - Lighted,Cloudy
Florida,121800,1,PASCO (101),PORT RICHEY,August,Sunday,U.S. Highway,Urban,28.27656389,-82.72017222,Pedestrian,The First Harmful Event was Not a Collision with a Motor Vehicle in Transport,Dark - Lighted,Clear
Florida,121801,1,DUVAL (31),JACKSONVILLE,July,Saturday,Interstate,Urban,30.27254722,-81.521525,Rollover/Overturn,The First Harmful Event was Not a Collision with a Motor Vehicle in Transport,Dark - Lighted,Cloudy
Florida,121805,1,BROWARD (11),HOLLYWOOD,August,Monday,State Highway,Urban,26.01017778,-80.20796111,Pedestrian,The First Harmful Event was Not a Collision with a Motor Vehicle in Transport,Dark - Not Lighted,Clear
Florida,121806,2,BROWARD (11),LAUDERHILL,August,Wednesday,U.S. Highway,Urban,26.15281111,-80.2028,Motor Vehicle In-Transport,Front-to-Front,Dark - Lighted,Clear
Florida,121815,2,DUVAL (31),JACKSONVILLE,August,Thursday,U.S. Highway,Urban,30.34904167,-81.63679167,Motor Vehicle In-Transport,Front-to-Rear,Dark - Lighted,Clear
Florida,121818,3,BREVARD (9),TITUSVILLE,August,Tuesday,State Highway,Urban,28.60791667,-80.818575,Motor Vehicle In-Transport,Angle,Dark - Not Lighted,Clear