State,Case Number,Persons,County,City,Month,Day,Route,Rural/Urban,Latitude,Longitude,First Harmful Event,Manner of Collision,Light Conditions,Weather
Florida,121819,1,VOLUSIA (127),NEW SMYRNA BEACH,July,Thursday,Local Street - Municipality,Urban,29.02448889,-80.89381667,Fell/Jumped from Vehicle,The First Harmful Event was Not a Collision with a Motor Vehicle in Transport,Daylight,Cloudy
Florida,121820,2,SARASOTA (115),SARASOTA,April,Friday,U.S. Highway,Urban,27.35276111,-82.54698056,Pedestrian,The First Harmful Event was Not a Collision with a Motor Vehicle in Transport,Dark - Lighted,Clear
Florida,121822,1,ST. LUCIE (111),FORT PIERCE,July,Friday,State Highway,Urban,27.44383056,-80.34995,Pedestrian,The First Harmful Event was Not a Collision with a Motor Vehicle in Transport,Dusk,Clear
Florida,121825,2,SEMINOLE (117),CASSELBERRY,July,Tuesday,State Highway,Urban,28.61113611,-81.30897778,Pedestrian,The First Harmful Event was Not a Collision with a Motor Vehicle in Transport,Dark - Lighted,Clear
Florida,121826,2,VOLUSIA (127),DAYTONA BEACH,August,Saturday,Local Street - Municipality,Urban,29.22575278,-81.06085,Motor Vehicle In-Transport,Front-to-Front,Daylight,Clear
Florida,121829,3,HILLSBOROUGH (57),TAMPA,August,Saturday,Local Street - Municipality,Urban,28.00335833,-82.48441389,Motor Vehicle In-Transport,Angle,Daylight,Clear
Florida,121830,1,HILLSBOROUGH (57),TAMPA,August,Thursday,State Highway,Urban,27.95913889,-82.53900556,Guardrail Face,The First Harmful Event was Not a Collision with a Motor Vehicle in Transport,Dark - Lighted,Cloudy
Florida,121836,3,ORANGE (95),ORLANDO,August,Saturday,State Highway,Urban,28.44636111,-81.41811111,Motor Vehicle In-Transport,Front-to-Front,Dark - Lighted,Cloudy
Florida,121839,1,ORANGE (95),ORLANDO,August,Sunday,State Highway,Urban,28.55226111,-81.45656111,Pedestrian,The First Harmful Event was Not a Collision with a Motor Vehicle in Transport,Dark - Lighted,Clear
Florida,121840,1,BROWARD (11),DAVIE,August,Thursday,U.S. Highway,Urban,26.10846111,-80.13694167,Pedestrian,The First Harmful Event was Not a Collision with a Motor Vehicle in Transport,Daylight,Cloudy
Florida,121841,2,MIAMI-DADE (86),MIAMI,August,Wednesday,Local Street - Municipality,Urban,25.76833333,-80.22266111,Motor Vehicle In-Transport,Front-to-Front,Dark - Lighted,Clear
Florida,121848,1,DUVAL (31),JACKSONVILLE,August,Tuesday,State Highway,Urban,30.48205833,-81.64727778,Pedestrian,The First Harmful Event was Not a Collision with a Motor Vehicle in Transport,Dark - Lighted,Clear
Florida,121849,5,MIAMI-DADE (86),FLORIDA CITY,August,Saturday,Local Street - Municipality,Urban,25.46245278,-80.48132222,Motor Vehicle In-Transport,Front-to-Front,Daylight,Clear
Florida,121850,1,ORANGE (95),APOPKA,August,Sunday,U.S. Highway,Urban,28.67311111,-81.50743889,Pedestrian,The First Harmful Event was Not a Collision with a Motor Vehicle in Transport,Dark - Lighted,Clear
Florida,121851,1,ORANGE (95),ORLANDO,August,Friday,State Highway,Urban,28.53667778,-81.45756667,Pedestrian,The First Harmful Event was Not a Collision with a Motor Vehicle in Transport,Dark - Lighted,Clear
Florida,121854,1,BROWARD (11),HOLLYWOOD,June,Wednesday,U.S. Highway,Urban,26.00855,-80.14301389,Pedestrian,The First Harmful Event was Not a Collision with a Motor Vehicle in Transport,Dark - Lighted,Clear
Florida,121856,2,SEMINOLE (117),ALTAMONTE SPRINGS,June,Wednesday,State Highway,Urban,28.66395,-81.37115278,Motor Vehicle In-Transport,Front-to-Front,Daylight,Clear
Florida,121857,2,SEMINOLE (117),ALTAMONTE SPRINGS,June,Tuesday,Local Street - Municipality,Urban,28.65549167,-81.42100278,Motor Vehicle In-Transport,Angle,Daylight,Clear
Florida,121858,1,VOLUSIA (127),DAYTONA BEACH,June,Saturday,State Highway,Urban,29.22144444,-81.04819167,Pedestrian,The First Harmful Event was Not a Collision with a Motor Vehicle in Transport,Dark - Not Lighted,Clear
Florida,121859,3,PALM BEACH (99),WEST PALM BEACH,July,Tuesday,State Highway,Urban,26.65530556,-80.06392222,Pedestrian,The First Harmful Event was Not a Collision with a Motor Vehicle in Transport,Daylight,Cloudy
Florida,121860,1,MIAMI-DADE (86),MIAMI,July,Monday,State Highway,Urban,25.77193056,-80.25288056,Pedestrian,The First Harmful Event was Not a Collision with a Motor Vehicle in Transport,Daylight,Clear
Florida,121861,4,MIAMI-DADE (86),MIAMI BEACH,July,Thursday,U.S. Highway,Urban,25.77746667,-80.16359444,Motor Vehicle In-Transport,Front-to-Rear,Dark - Lighted,Clear
Florida,121862,2,MARION (83),OCALA,July,Tuesday,U.S. Highway,Urban,29.1826,-82.14036111,Motor Vehicle In-Transport,Angle,Dark - Lighted,Cloudy
Florida,121868,1,PALM BEACH (99),BOYNTON BEACH,July,Saturday,Interstate,Rural,26.5145,-80.06983889,Impact Attenuator/Crash Cushion,The First Harmful Event was Not a Collision with a Motor Vehicle in Transport,Dark - Lighted,Clear
Florida,121869,2,VOLUSIA (127),DELTONA,August,Sunday,Interstate,Rural,28.88888889,-81.27863889,Motor Vehicle In-Transport,Front-to-Rear,Dark - Not Lighted,Clear
Florida,121870,1,DUVAL (31),JACKSONVILLE,August,Tuesday,State Highway,Urban,30.29024167,-81.78880833,Pedestrian,The First Harmful Event was Not a Collision with a Motor Vehicle in Transport,Dark - Not Lighted,Cloudy
Florida,121872,1,BREVARD (9),MELBOURNE,August,Wednesday,Local Street - Municipality,Urban,28.15454167,-80.67185556,Non-Motorist on Personal Conveyance,The First Harmful Event was Not a Collision with a Motor Vehicle in Transport,Dark - Lighted,Clear
Florida,121874,1,DUVAL (31),JACKSONVILLE,August,Saturday,Local Street - Municipality,Urban,30.34363333,-81.67734167,Pedestrian,The First Harmful Event was Not a Collision with a Motor Vehicle in Transport,Dark - Not Lighted,Cloudy
Florida,121875,1,BROWARD (11),FORT LAUDERDALE,August,Thursday,U.S. Highway,Urban,26.09746667,-80.136775,Pedestrian,The First Harmful Event was Not a Collision with a Motor Vehicle in Transport,Dark - Lighted,Clear
Florida,121877,2,HILLSBOROUGH (57),TAMPA,August,Sunday,State Highway,Urban,27.94482778,-82.48837778,Pedalcyclist,The First Harmful Event was Not a Collision with a Motor Vehicle in Transport,Daylight,Clear
Florida,121878,4,PALM BEACH (99),BOCA RATON,August,Thursday,Local Street - Municipality,Urban,26.39414444,-80.14605,Motor Vehicle In-Transport,Front-to-Front,Daylight,Clear
Florida,121879,1,BREVARD (9),PALM BAY,August,Sunday,County Road,Urban,28.0348,-80.60733611,Pedestrian,The First Harmful Event was Not a Collision with a Motor Vehicle in Transport,Dark - Not Lighted,Clear
Florida,121881,1,ESCAMBIA (33),PENSACOLA,July,Monday,State Highway,Urban,30.45128889,-87.21766944,Curb,The First Harmful Event was Not a Collision with a Motor Vehicle in Transport,Dark - Not Lighted,Clear
Florida,121883,2,MIAMI-DADE (86),MIAMI BEACH,August,Tuesday,State Highway,Urban,25.90003611,-80.12456389,Motor Vehicle In-Transport,Angle,Dark - Lighted,Clear
Florida,121887,2,DUVAL (31),JACKSONVILLE,August,Wednesday,State Highway,Urban,30.29346944,-81.75473333,Motor Vehicle In-Transport,Rear-to-Side,Daylight,Clear
Florida,121888,1,LAKE (69),LEESBURG,August,Sunday,U.S. Highway,Urban,28.81730833,-81.87770556,Pedestrian,The First Harmful Event was Not a Collision with a Motor Vehicle in Transport,Dark - Lighted,Clear
Florida,121892,2,BROWARD (11),HOLLYWOOD,August,Wednesday,Local Street - Municipality,Urban,26.0168,-80.23689722,Motor Vehicle In-Transport,Front-to-Front,Dark - Not Lighted,Clear
Florida,121893,2,BROWARD (11),CORAL SPRINGS,August,Monday,State Highway,Urban,26.23093889,-80.29630833,Motor Vehicle In-Transport,Front-to-Rear,Dark - Lighted,Cloudy
Florida,121897,2,ORANGE (95),ORLANDO,August,Friday,U.S. Highway,Urban,28.53652778,-81.39720278,Motor Vehicle In-Transport,Angle,Dark - Lighted,Clear
Florida,121898,3,MONROE (87),KEY WEST,March,Saturday,State Highway,Urban,24.55438333,-81.74936944,Motor Vehicle In-Transport,Angle,Daylight,Clear
Florida,121899,2,MONROE (87),KEY WEST,May,Saturday,U.S. Highway,Urban,24.56909722,-81.76750556,Curb,The First Harmful Event was Not a Collision with a Motor Vehicle in Transport,Dark - Lighted,Clear
Florida,121903,4,OKALOOSA (91),NICEVILLE,July,Wednesday,State Highway,Urban,30.51618889,-86.46629444,Motor Vehicle In-Transport,Sideswipe - Same Direction,Daylight,Clear
Florida,121906,1,DUVAL (31),JACKSONVILLE,August,Saturday,U.S. Highway,Urban,30.3346,-81.6884,Utility Pole/Light Support,The First Harmful Event was Not a Collision with a Motor Vehicle in Transport,Dark - Lighted,Clear
Florida,121910,1,BAY (5),PANAMA CITY BEACH,August,Saturday,State Highway,Urban,30.18468333,-85.77705278,Pedalcyclist,The First Harmful Event was Not a Collision with a Motor Vehicle in Transport,Dark - Lighted,Clear
Florida,121912,1,PALM BEACH (99),WELLINGTON,August,Friday,Local Street - Municipality,Urban,26.64170278,-80.26064444,Guardrail Face,The First Harmful Event was Not a Collision with a Motor Vehicle in Transport,Daylight,Clear
Florida,121913,1,ALACHUA (1),GAINESVILLE,August,Friday,State Highway,Urban,29.68502222,-82.28929444,Pedestrian,The First Harmful Event was Not a Collision with a Motor Vehicle in Transport,Dark - Lighted,Clear
Florida,121914,2,BROWARD (11),HAMMONDVILLE,August,Saturday,U.S. Highway,Urban,26.22388611,-80.20435,Motor Vehicle In-Transport,Angle,Daylight,Clear
Florida,121918,4,DUVAL (31),JACKSONVILLE,August,Sunday,State Highway,Urban,30.37881111,-81.66723056,Motor Vehicle In-Transport,Front-to-Front,Daylight,Cloudy
Florida,121921,1,LAKE (69),LEESBURG,August,Saturday,Local Street - Municipality,Rural,28.69558611,-81.85009722,Utility Pole/Light Support,The First Harmful Event was Not a Collision with a Motor Vehicle in Transport,Daylight,Clear
Florida,121941,1,PINELLAS (103),LARGO,August,Friday,U.S. Highway,Urban,27.91706389,-82.73014167,Pedestrian,The First Harmful Event was Not a Collision with a Motor Vehicle in Transport,Dark - Lighted,Clear
Florida,121942,2,BROWARD (11),PLANTATION,August,Saturday,Local Street - Municipality,Urban,26.12082778,-80.25357778,Curb,The First Harmful Event was Not a Collision with a Motor Vehicle in Transport,Dark - Lighted,Clear
Florida,121943,2,OSCEOLA (97),SAINT CLOUD,August,Monday,County Road,Urban,28.22603611,-81.31729722,Motor Vehicle In-Transport,Angle,Daylight,Clear
Florida,121949,7,BROWARD (11),LAUDERDALE LAKES,August,Sunday,State Highway,Urban,26.16535556,-80.19110278,Motor Vehicle In-Transport,Front-to-Rear,Dark - Lighted,Clear
Florida,121951,1,BREVARD (9),MELBOURNE,August,Friday,U.S. Highway,Urban,28.1594,-80.64178889,Pedestrian,The First Harmful Event was Not a Collision with a Motor Vehicle in Transport,Dark - Lighted,Clear
Florida,121952,2,BREVARD (9),COCOA BEACH,August,Sunday,State Highway,Urban,28.34945,-80.60916389,Motor Vehicle In-Transport,Angle,Daylight,Clear
Florida,121957,1,DUVAL (31),JACKSONVILLE,August,Sunday,Interstate,Urban,30.16678056,-81.55776944,Concrete Traffic Barrier,The First Harmful Event was Not a Collision with a Motor Vehicle in Transport,Dark - Lighted,Cloudy
Florida,121959,1,ORANGE (95),ORLANDO,August,Monday,State Highway,Urban,28.52984722,-81.31041111,Pedestrian,The First Harmful Event was Not a Collision with a Motor Vehicle in Transport,Dark - Lighted,Rain
Florida,121960,2,DUVAL (31),JACKSONVILLE,August,Friday,Local Street - Municipality,Rural,30.3145,-81.4531,Pedalcyclist,The First Harmful Event was Not a Collision with a Motor Vehicle in Transport,Daylight,Clear
Florida,121964,1,DUVAL (31),JACKSONVILLE,August,Saturday,Interstate,Urban,30.2737,-81.76888889,Rollover/Overturn,The First Harmful Event was Not a Collision with a Motor Vehicle in Transport,Dark - Lighted,Cloudy
Florida,121967,1,ESCAMBIA (33),PENSACOLA,July,Tuesday,U.S. Highway,Urban,30.42068056,-87.24126944,Pedestrian,The First Harmful Event was Not a Collision with a Motor Vehicle in Transport,Dark - Lighted,Clear
Florida,121968,4,BROWARD (11),OAKLAND PARK,August,Thursday,State Highway,Urban,26.16536667,-80.179525,Live Animal,The First Harmful Event was Not a Collision with a Motor Vehicle in Transport,Dark - Lighted,Clear
Florida,121969,1,BROWARD (11),LAUDERHILL,August,Saturday,State Highway,Urban,26.12108333,-80.19388056,Pedestrian,The First Harmful Event was Not a Collision with a Motor Vehicle in Transport,Dark - Lighted,Clear
Florida,121970,1,DUVAL (31),JACKSONVILLE,August,Saturday,U.S. Highway,Urban,30.2865,-81.5559,Pedestrian,The First Harmful Event was Not a Collision with a Motor Vehicle in Transport,Dark - Lighted,Clear
Florida,121973,1,DUVAL (31),JACKSONVILLE,August,Wednesday,State Highway,Urban,30.288,-81.7981,Pedalcyclist,The First Harmful Event was Not a Collision with a Motor Vehicle in Transport,Daylight,Clear
Florida,121977,2,WASHINGTON (133),CARYVILLE,August,Wednesday,Interstate,Rural,30.76046944,-85.7995,Motor Vehicle In-Transport,Angle,Dark - Not Lighted,Clear
Florida,121984,1,PINELLAS (103),SAINT PETERSBURG,August,Thursday,U.S. Highway,Urban,27.84247222,-82.63878333,Pedestrian,The First Harmful Event was Not a Collision with a Motor Vehicle in Transport,Dark - Lighted,Clear
Florida,121986,1,MIAMI-DADE (86),MIAMI GARDENS,August,Thursday,State Highway,Urban,25.93350278,-80.24502222,Pedestrian,The First Harmful Event was Not a Collision with a Motor Vehicle in Transport,Dark - Lighted,Clear
Florida,121987,3,MIAMI-DADE (86),MIAMI GARDENS,August,Thursday,Local Street - Municipality,Urban,25.95229444,-80.20456667,Motor Vehicle In-Transport,Angle,Daylight,Clear
Florida,121990,1,BAY (5),PANAMA CITY,August,Thursday,U.S. Highway,Urban,30.17903333,-85.70229444,Pedalcyclist,The First Harmful Event was Not a Collision with a Motor Vehicle in Transport,Daylight,Cloudy
Florida,121992,3,OKALOOSA (91),FORT WALTON BEACH,August,Friday,Local Street - Municipality,Urban,30.41111111,-86.60147222,Motor Vehicle In-Transport,Angle,Daylight,Clear
Florida,121994,1,MIAMI-DADE (86),MIAMI,August,Thursday,Local Street - Municipality,Urban,25.78985833,-80.18865833,Pedalcyclist,The First Harmful Event was Not a Collision with a Motor Vehicle in Transport,Dawn,Clear
Florida,121996,4,FLAGLER (35),PALM COAST,August,Sunday,Local Street - Municipality,Urban,29.50963889,-81.22078889,Motor Vehicle In-Transport,Angle,Dark - Lighted,Clear
Florida,121997,9,MIAMI-DADE (86),MIAMI LAKES,August,Tuesday,State Highway,Urban,25.92471944,-80.30951111,Motor Vehicle In-Transport,Front-to-Rear,Dark - Lighted,Clear
Florida,122001,2,HILLSBOROUGH (57),TAMPA,August,Monday,Local Street - Municipality,Rural,28.01767778,-82.44255556,Fence,The First Harmful Event was Not a Collision with a Motor Vehicle in Transport,Dark - Lighted,Clear
Florida,122010,3,LEE (71),FORT MYERS,August,Friday,U.S. Highway,Urban,26.58611667,-81.87193333,Motor Vehicle In-Transport,Angle,Daylight,Clear
Florida,122014,4,HILLSBOROUGH (57),TAMPA,August,Friday,Local Street - Municipality,Urban,27.97110556,-82.44300556,Parked Motor Vehicle,The First Harmful Event was Not a Collision with a Motor Vehicle in Transport,Dusk,Clear
Florida,122015,1,HILLSBOROUGH (57),TAMPA,August,Thursday,State Highway,Urban,27.95205278,-82.38080556,Pedestrian,The First Harmful Event was Not a Collision with a Motor Vehicle in Transport,Dark - Not Lighted,Clear
Florida,122021,1,MANATEE (81),PALMETTO,August,Friday,Local Street - Municipality,Urban,27.52125278,-82.583175,Pedestrian,The First Harmful Event was Not a Collision with a Motor Vehicle in Transport,Dark - Lighted,Clear
Florida,122022,3,LAKE (69),GROVELAND,August,Sunday,State Highway,Urban,28.55800833,-81.83560556,Motor Vehicle In-Transport,Front-to-Front,Dark - Not Lighted,Clear
Florida,122023,3,DE SOTO (27),ARCADIA,August,Saturday,U.S. Highway,Urban,27.205075,-81.86231111,Motor Vehicle In-Transport,Angle,Daylight,Clear
Florida,122024,1,ORANGE (95),ORLANDO,August,Friday,State Highway,Urban,28.48065278,-81.30997778,Pedestrian,The First Harmful Event was Not a Collision with a Motor Vehicle in Transport,Dark - Lighted,Clear
Florida,122025,1,DUVAL (31),JACKSONVILLE,September,Saturday,Local Street - Municipality,Rural,30.46211389,-81.49303056,Pedestrian,The First Harmful Event was Not a Collision with a Motor Vehicle in Transport,Daylight,Clear
Florida,122026,4,LEE (71),CAPE CORAL,September,Thursday,Local Street - Municipality,Urban,26.58316944,-81.99079167,Motor Vehicle In-Transport,Angle,Dark - Lighted,Clear
Florida,122032,5,MIAMI-DADE (86),MIAMI GARDENS,August,Saturday,State Highway,Urban,25.92775278,-80.21323333,Motor Vehicle In-Transport,Sideswipe - Same Direction,Daylight,Rain
Florida,122034,3,MIAMI-DADE (86),CORAL GABLES,May,Saturday,U.S. Highway,Urban,25.72935278,-80.25778611,Motor Vehicle In-Transport,Angle,Dark - Lighted,Clear
Florida,122036,2,POLK (105),WINTER HAVEN,July,Monday,State Highway,Urban,28.03672222,-81.72678333,Motor Vehicle In-Transport,Sideswipe - Same Direction,Daylight,Clear
Florida,122040,1,LEON (73),TALLAHASSEE,June,Sunday,Local Street - Municipality,Urban,30.39773056,-84.28276389,Utility Pole/Light Support,The First Harmful Event was Not a Collision with a Motor Vehicle in Transport,Dark - Lighted,Clear
Florida,122049,4,PALM BEACH (99),BOYNTON BEACH,September,Tuesday,Interstate,Rural,26.55058889,-80.07002222,Concrete Traffic Barrier,The First Harmful Event was Not a Collision with a Motor Vehicle in Transport,Dark - Lighted,Rain
Florida,122050,1,PALM BEACH (99),WEST PALM BEACH,September,Friday,Local Street - Municipality,Urban,26.692475,-80.05691111,Railway Vehicle,The First Harmful Event was Not a Collision with a Motor Vehicle in Transport,Dark - Lighted,Cloudy
Florida,122051,2,ORANGE (95),ORLANDO,August,Friday,Local Street - Municipality,Urban,28.58306944,-81.25923056,Guardrail Face,The First Harmful Event was Not a Collision with a Motor Vehicle in Transport,Dark - Lighted,Clear
Florida,122054,1,BROWARD (11),FORT LAUDERDALE,September,Sunday,State Highway,Urban,26.13741389,-80.12115833,Curb,The First Harmful Event was Not a Collision with a Motor Vehicle in Transport,Dark - Lighted,Clear
Florida,122059,3,PALM BEACH (99),WEST PALM BEACH,June,Saturday,Interstate,Urban,26.64093889,-80.06881667,Concrete Traffic Barrier,The First Harmful Event was Not a Collision with a Motor Vehicle in Transport,Dark - Lighted,Cloudy
Florida,122061,2,HILLSBOROUGH (57),TEMPLE TERRACE,September,Saturday,State Highway,Urban,28.03251389,-82.39656944,Motor Vehicle In-Transport,Angle,Daylight,Clear
Florida,122065,1,FLAGLER (35),PALM COAST,September,Saturday,Interstate,Urban,29.55033056,-81.21623056,Embankment,The First Harmful Event was Not a Collision with a Motor Vehicle in Transport,Dark - Lighted,Clear
Florida,122067,2,BROWARD (11),MIRAMAR,September,Monday,Interstate,Rural,25.990275,-80.34301389,Motor Vehicle In-Transport,Front-to-Rear,Dark - Lighted,Clear
Florida,122069,1,SARASOTA (115),SARASOTA,July,Saturday,U.S. Highway,Urban,27.31040556,-82.52989722,Pedalcyclist,The First Harmful Event was Not a Collision with a Motor Vehicle in Transport,Dark - Lighted,Clear
Florida,122072,1,LEE (71),CAPE CORAL,September,Saturday,County Road,Urban,26.60720556,-82.02328889,"Post, Pole or Other Supports",The First Harmful Event was Not a Collision with a Motor Vehicle in Transport,Daylight,Clear
Florida,122073,5,MIAMI-DADE (86),OPA-LOCKA,June,Saturday,State Highway,Urban,25.90903333,-80.24409167,Tree (Standing Only),The First Harmful Event was Not a Collision with a Motor Vehicle in Transport,Dark - Lighted,Cloudy
Florida,122075,1,BROWARD (11),OAKLAND PARK,September,Thursday,State Highway,Urban,26.17048333,-80.13144167,Railway Vehicle,The First Harmful Event was Not a Collision with a Motor Vehicle in Transport,Daylight,Clear
Florida,122078,3,LEE (71),LEHIGH ACRES,July,Wednesday,State Highway,Rural,26.708975,-81.61018333,Motor Vehicle In-Transport,Angle,Daylight,Clear
Florida,122081,4,DUVAL (31),JACKSONVILLE,August,Sunday,State Highway,Urban,30.36015,-81.50293889,Curb,The First Harmful Event was Not a Collision with a Motor Vehicle in Transport,Daylight,Clear
Florida,122084,2,BROWARD (11),POMPANO BEACH,August,Monday,U.S. Highway,Urban,26.23726667,-80.10290833,Motor Vehicle In-Transport,Angle,Dark - Lighted,Clear
Florida,122085,3,PINELLAS (103),PINELLAS PARK,September,Monday,County Road,Urban,27.8391,-82.73951111,Rollover/Overturn,The First Harmful Event was Not a Collision with a Motor Vehicle in Transport,Daylight,Clear
Florida,122094,2,BROWARD (11),DEERFIELD BEACH,September,Sunday,State Highway,Urban,26.31798889,-80.14774444,Pedestrian,The First Harmful Event was Not a Collision with a Motor Vehicle in Transport,Dark - Lighted,Clear
Florida,122096,1,MONROE (87),ISLAMORADA,September,Wednesday,U.S. Highway,Urban,24.93166389,-80.61970833,Pedestrian,The First Harmful Event was Not a Collision with a Motor Vehicle in Transport,Dark - Lighted,Cloudy
Florida,122099,2,LAKE (69),CLERMONT,September,Thursday,Local Street - Municipality,Urban,28.55961389,-81.71389167,Motor Vehicle In-Transport,Front-to-Front,Daylight,Clear
Florida,122100,3,DUVAL (31),JACKSONVILLE,September,Monday,Local Street - Municipality,Urban,30.18996389,-81.8261,Tree (Standing Only),The First Harmful Event was Not a Collision with a Motor Vehicle in Transport,Daylight,Clear
Florida,122106,3,MIAMI-DADE (86),HIALEAH,September,Saturday,Local Street - Municipality,Urban,25.83010556,-80.275575,Motor Vehicle In-Transport,Angle,Daylight,Cloudy
Florida,122107,1,HOLMES (59),BONIFAY,September,Saturday,State Highway,Rural,30.85998889,-85.66681944,Live Animal,The First Harmful Event was Not a Collision with a Motor Vehicle in Transport,Dark - Not Lighted,Clear
Florida,122110,1,LAKE (69),LADY LAKE,September,Sunday,U.S. Highway,Urban,28.91343889,-81.92045,Pedestrian,The First Harmful Event was Not a Collision with a Motor Vehicle in Transport,Dawn,Clear
Florida,122115,3,ORANGE (95),APOPKA,August,Thursday,County Road,Urban,28.69123056,-81.50943889,Motor Vehicle In-Transport,Front-to-Front,Dawn,Clear
Florida,122117,1,BROWARD (11),FORT LAUDERDALE,September,Monday,State Highway,Urban,26.12202222,-80.15946389,Pedalcyclist,The First Harmful Event was Not a Collision with a Motor Vehicle in Transport,Daylight,Clear
Florida,122118,3,DUVAL (31),JACKSONVILLE,September,Sunday,U.S. Highway,Urban,30.28709722,-81.50263333,Motor Vehicle In-Transport,Angle,Dark - Lighted,Cloudy
Florida,122119,2,BROWARD (11),OAKLAND PARK,April,Saturday,State Highway,Urban,26.16580833,-80.16698333,Pedestrian,The First Harmful Event was Not a Collision with a Motor Vehicle in Transport,Dark - Lighted,Clear
Florida,122123,1,ORANGE (95),ORLANDO,September,Wednesday,Local Street - Municipality,Urban,28.53876667,-81.33076111,Pedestrian,The First Harmful Event was Not a Collision with a Motor Vehicle in Transport,Dark - Lighted,Clear
Florida,122124,2,PASCO (101),DADE CITY,September,Thursday,U.S. Highway,Urban,28.36612222,-82.18511667,Motor Vehicle In-Transport,Angle,Daylight,Clear
Florida,122125,4,POLK (105),LAKELAND,September,Saturday,U.S. Highway,Urban,28.10502778,-81.973825,Motor Vehicle In-Transport,Front-to-Rear,Dark - Lighted,Clear
Florida,122130,1,PINELLAS (103),SAINT PETERSBURG,September,Thursday,Local Street - Municipality,Urban,27.798175,-82.64670556,Pedalcyclist,The First Harmful Event was Not a Collision with a Motor Vehicle in Transport,Daylight,Clear
Florida,122132,1,POLK (105),AUBURNDALE,September,Tuesday,Local Street - Municipality,Rural,28.11741389,-81.772425,Rollover/Overturn,The First Harmful Event was Not a Collision with a Motor Vehicle in Transport,Dark - Not Lighted,Clear
Florida,122133,2,HIGHLANDS (55),SEBRING,February,Friday,U.S. Highway,Urban,27.52215,-81.49773889,Utility Pole/Light Support,The First Harmful Event was Not a Collision with a Motor Vehicle in Transport,Daylight,Clear
Florida,122136,5,MARION (83),OKLAWAHA,September,Sunday,County Road,Urban,29.0539,-81.91821111,Motor Vehicle In-Transport,Front-to-Front,Daylight,Cloudy
Florida,122139,2,DUVAL (31),JACKSONVILLE,September,Sunday,U.S. Highway,Urban,30.21587778,-81.70315,Curb,The First Harmful Event was Not a Collision with a Motor Vehicle in Transport,Dark - Lighted,Clear
Florida,122142,1,BROWARD (11),SUNRISE,September,Friday,Local Street - Municipality,Urban,26.12004722,-80.36165278,Pedestrian,The First Harmful Event was Not a Collision with a Motor Vehicle in Transport,Dark - Not Lighted,Clear
Florida,122143,1,PALM BEACH (99),BOYNTON BEACH,June,Saturday,Interstate,Urban,26.55024722,-80.07037222,Motor Vehicle In-Transport,Front-to-Rear,Dark - Lighted,Rain
Florida,122146,1,LEE (71),FORT MYERS,September,Monday,Local Street - Municipality,Urban,26.62581944,-81.79423889,Immersion or Partial Immersion,The First Harmful Event was Not a Collision with a Motor Vehicle in Transport,Daylight,Clear
Florida,122150,1,DUVAL (31),JACKSONVILLE BEACH,September,Tuesday,U.S. Highway,Urban,30.28800278,-81.41296389,Pedalcyclist,The First Harmful Event was Not a Collision with a Motor Vehicle in Transport,Dark - Lighted,Clear
Florida,122152,1,ORANGE (95),APOPKA,September,Sunday,U.S. Highway,Urban,28.673175,-81.49986667,Pedestrian,The First Harmful Event was Not a Collision with a Motor Vehicle in Transport,Dark - Not Lighted,Clear
Florida,122153,2,PINELLAS (103),CLEARWATER,August,Friday,U.S. Highway,Urban,27.94708056,-82.78744722,Non-Motorist on Personal Conveyance,The First Harmful Event was Not a Collision with a Motor Vehicle in Transport,Dark - Lighted,Clear
Florida,122161,2,PALM BEACH (99),WELLINGTON,September,Sunday,Local Street - Municipality,Urban,26.63037222,-80.26101389,Motor Vehicle In-Transport,Angle,Daylight,Clear
Florida,122163,3,SARASOTA (115),SARASOTA,June,Tuesday,State Highway,Urban,27.33578889,-82.55001111,Curb,The First Harmful Event was Not a Collision with a Motor Vehicle in Transport,Dark - Lighted,Clear
Florida,122164,2,PALM BEACH (99),WEST PALM BEACH,September,Tuesday,Local Street - Municipality,Urban,26.70817222,-80.15196389,Motor Vehicle In-Transport,Angle,Daylight,Clear
Florida,122165,1,PALM BEACH (99),WEST PALM BEACH,September,Wednesday,Local Street - Municipality,Urban,26.76006944,-80.11434722,Curb,The First Harmful Event was Not a Collision with a Motor Vehicle in Transport,Dark - Lighted,Clear
Florida,122166,3,BROWARD (11),SUNRISE,September,Wednesday,Local Street - Municipality,Urban,26.17193056,-80.26768333,Motor Vehicle In-Transport,Front-to-Front,Daylight,Clear
Florida,122173,1,PINELLAS (103),SEMINOLE,July,Tuesday,U.S. Highway,Urban,27.83263333,-82.78692778,Pedestrian,The First Harmful Event was Not a Collision with a Motor Vehicle in Transport,Dark - Lighted,Rain
Florida,122177,3,PINELLAS (103),SAINT PETERSBURG,July,Thursday,U.S. Highway,Urban,27.7774,-82.66036389,Motor Vehicle In-Transport,Angle,Dark - Lighted,Clear
Florida,122179,1,VOLUSIA (127),NEW SMYRNA BEACH,September,Monday,State Highway,Urban,29.01327778,-80.96991111,Curb,The First Harmful Event was Not a Collision with a Motor Vehicle in Transport,Dark - Not Lighted,Clear
Florida,122180,1,POLK (105),HAINES CITY,September,Wednesday,U.S. Highway,Urban,28.12128889,-81.61777222,Pedestrian,The First Harmful Event was Not a Collision with a Motor Vehicle in Transport,Dark - Lighted,Clear
Florida,122186,3,BROWARD (11),POMPANO BEACH,September,Tuesday,State Highway,Urban,26.23161111,-80.16632778,Motor Vehicle In-Transport,Front-to-Front,Daylight,Clear