State,Case Number,Persons,County,City,Month,Day,Route,Rural/Urban,Latitude,Longitude,First Harmful Event,Manner of Collision,Light Conditions,Weather
Florida,122544,1,BAY (5),PANAMA CITY BEACH,November,Saturday,State Highway,Urban,30.2108,-85.86738889,Pedestrian,The First Harmful Event was Not a Collision with a Motor Vehicle in Transport,Dark - Lighted,Clear
Florida,122545,1,VOLUSIA (127),PORT ORANGE,October,Saturday,State Highway,Urban,29.10529722,-81.02841944,Tree (Standing Only),The First Harmful Event was Not a Collision with a Motor Vehicle in Transport,Dark - Not Lighted,Clear
Florida,122548,2,BROWARD (11),DEERFIELD BEACH,November,Sunday,Local Street - Municipality,Urban,26.28965833,-80.12687778,Pedestrian,The First Harmful Event was Not a Collision with a Motor Vehicle in Transport,Dark - Not Lighted,Clear
Florida,122549,2,HILLSBOROUGH (57),TAMPA,November,Saturday,Local Street - Municipality,Urban,28.01074167,-82.48444167,Motor Vehicle In-Transport,Angle,Daylight,Clear
Florida,122552,2,BROWARD (11),DAVIE,November,Monday,U.S. Highway,Urban,26.23029722,-80.204575,Motor Vehicle In-Transport,Angle,Daylight,Clear
Florida,122556,2,DUVAL (31),JACKSONVILLE,November,Friday,State Highway,Urban,30.2837,-81.80943889,Pedalcyclist,The First Harmful Event was Not a Collision with a Motor Vehicle in Transport,Dusk,Rain
Florida,122557,3,OSCEOLA (97),SAINT CLOUD,October,Saturday,Local Street - Municipality,Urban,28.22290556,-81.27670278,Motor Vehicle In-Transport,Angle,Dark - Lighted,Clear
Florida,122561,1,LEE (71),FORT MYERS,September,Wednesday,County Road,Urban,26.61865278,-81.76808611,Pedestrian,The First Harmful Event was Not a Collision with a Motor Vehicle in Transport,Daylight,Clear
Florida,122563,2,OSCEOLA (97),KISSIMMEE,November,Tuesday,Local Street - Municipality,Urban,28.31081944,-81.39131389,Motor Vehicle In-Transport,Angle,Dark - Lighted,Clear
Florida,122564,1,LAKE (69),GROVELAND,November,Friday,U.S. Highway,Urban,28.63901389,-81.78869722,Pedestrian,The First Harmful Event was Not a Collision with a Motor Vehicle in Transport,Dark - Not Lighted,Clear
Florida,122570,3,MIAMI-DADE (86),HIALEAH,November,Saturday,U.S. Highway,Urban,25.8532,-80.32143889,Motor Vehicle In-Transport,Angle,Dark - Lighted,Clear
Florida,122571,1,SEMINOLE (117),CASSELBERRY,March,Monday,State Highway,Urban,28.61850556,-81.312525,Other Object (not fixed),The First Harmful Event was Not a Collision with a Motor Vehicle in Transport,Dark - Lighted,Clear
Florida,122575,2,SUWANNEE (121),LIVE OAK,November,Saturday,U.S. Highway,Urban,30.30098889,-82.99443889,Pedestrian,The First Harmful Event was Not a Collision with a Motor Vehicle in Transport,Dark - Not Lighted,Clear
Florida,122580,3,OSCEOLA (97),KISSIMMEE,October,Tuesday,Local Street - Municipality,Urban,28.33356111,-81.27861944,Motor Vehicle In-Transport,Front-to-Front,Dark - Lighted,Clear
Florida,122581,1,DUVAL (31),JACKSONVILLE,November,Sunday,Local Street - Municipality,Urban,30.0953,-81.7963,Tree (Standing Only),The First Harmful Event was Not a Collision with a Motor Vehicle in Transport,Dark - Lighted,Clear
Florida,122582,1,MIAMI-DADE (86),DORAL,March,Saturday,Local Street - Municipality,Urban,25.83339444,-80.36211667,Other Object (not fixed),The First Harmful Event was Not a Collision with a Motor Vehicle in Transport,Dark - Lighted,Clear
Florida,122587,1,ESCAMBIA (33),PENSACOLA,September,Saturday,U.S. Highway,Urban,30.42561111,-87.1923,Pedestrian,The First Harmful Event was Not a Collision with a Motor Vehicle in Transport,Dark - Lighted,Clear
Florida,122588,2,BROWARD (11),LAUDERHILL,September,Thursday,State Highway,Urban,26.19373333,-80.23795833,Motor Vehicle In-Transport,Front-to-Rear,Dark - Lighted,Clear
Florida,122589,2,LEON (73),TALLAHASSEE,September,Tuesday,State Highway,Urban,30.41252778,-84.28301667,Motor Vehicle In-Transport,Front-to-Front,Dark - Lighted,Clear
Florida,122591,1,BROWARD (11),FORT LAUDERDALE,October,Friday,U.S. Highway,Urban,26.09748333,-80.13676111,Pedestrian,The First Harmful Event was Not a Collision with a Motor Vehicle in Transport,Dark - Lighted,Clear
Florida,122593,5,PINELLAS (103),SAINT PETERSBURG,October,Sunday,Local Street - Municipality,Urban,27.82854167,-82.634875,Motor Vehicle In-Transport,Sideswipe - Same Direction,Daylight,Clear
Florida,122596,1,BROWARD (11),POMPANO BEACH,October,Tuesday,State Highway,Urban,26.23151389,-80.14569167,Pedestrian,The First Harmful Event was Not a Collision with a Motor Vehicle in Transport,Dark - Not Lighted,Clear
Florida,122598,1,BREVARD (9),TITUSVILLE,October,Wednesday,Local Street - Municipality,Urban,28.56463056,-80.80126667,Pedestrian,The First Harmful Event was Not a Collision with a Motor Vehicle in Transport,Dark - Lighted,Clear
Florida,122599,1,SEMINOLE (117),CASSELBERRY,November,Tuesday,State Highway,Urban,28.66037222,-81.34134722,Pedestrian,The First Harmful Event was Not a Collision with a Motor Vehicle in Transport,Dark - Lighted,Clear
Florida,122606,5,CLAY (19),ORANGE PARK,November,Tuesday,U.S. Highway,Urban,30.17155278,-81.70138333,Motor Vehicle In-Transport,Angle,Dark - Lighted,Clear
Florida,122607,7,ORANGE (95),ORLANDO,November,Tuesday,State Highway,Urban,28.37928889,-81.27733611,Motor Vehicle In-Transport,Angle,Daylight,Clear
Florida,122608,1,DUVAL (31),JACKSONVILLE,October,Tuesday,State Highway,Urban,30.43878889,-81.67771944,Pedestrian,The First Harmful Event was Not a Collision with a Motor Vehicle in Transport,Dark - Not Lighted,Clear
Florida,122614,6,OSCEOLA (97),KISSIMMEE,November,Friday,Local Street - Municipality,Urban,28.19783056,-81.47289167,Motor Vehicle In-Transport,Front-to-Front,Daylight,Clear
Florida,122617,1,ORANGE (95),OCOEE,November,Friday,Local Street - Municipality,Urban,28.52983889,-81.54018889,Curb,The First Harmful Event was Not a Collision with a Motor Vehicle in Transport,Dawn,Cloudy
Florida,122618,3,MIAMI-DADE (86),MIAMI,November,Saturday,U.S. Highway,Urban,25.81606944,-80.20783333,Motor Vehicle In-Transport,Angle,Daylight,Clear
Florida,122620,5,HILLSBOROUGH (57),TAMPA,November,Tuesday,Local Street - Municipality,Urban,27.97785,-82.45528056,Motor Vehicle In-Transport,Angle,Dusk,Rain
Florida,122622,2,DUVAL (31),JACKSONVILLE,November,Wednesday,State Highway,Urban,30.16626389,-81.63215833,Motor Vehicle In-Transport,Angle,Dark - Lighted,Clear
Florida,122635,1,BROWARD (11),HOLLYWOOD,November,Saturday,State Highway,Urban,26.03257778,-80.19331389,Pedalcyclist,The First Harmful Event was Not a Collision with a Motor Vehicle in Transport,Daylight,Clear
Florida,122639,1,ORANGE (95),ORLANDO,November,Tuesday,State Highway,Urban,28.56818611,-81.26912778,Pedestrian,The First Harmful Event was Not a Collision with a Motor Vehicle in Transport,Dark - Lighted,Cloudy
Florida,122641,4,BROWARD (11),COCONUT CREEK,November,Wednesday,State Highway,Urban,26.24065,-80.16975,Motor Vehicle In-Transport,Angle,Dark - Not Lighted,Cloudy
Florida,122647,1,HILLSBOROUGH (57),TAMPA,November,Wednesday,State Highway,Urban,27.98155278,-82.45264722,Pedestrian,The First Harmful Event was Not a Collision with a Motor Vehicle in Transport,Dark - Lighted,Clear
Florida,122649,1,BROWARD (11),HOLLYWOOD,November,Friday,State Highway,Urban,26.00818889,-80.21361944,Fence,The First Harmful Event was Not a Collision with a Motor Vehicle in Transport,Daylight,Cloudy
Florida,122651,1,BAY (5),PANAMA CITY,November,Monday,U.S. Highway,Urban,30.157175,-85.6396,Tree (Standing Only),The First Harmful Event was Not a Collision with a Motor Vehicle in Transport,Dark - Lighted,Clear
Florida,122653,1,BROWARD (11),DANIA BEACH,November,Saturday,State Highway,Urban,26.03353889,-80.14985833,Traffic Signal Support,The First Harmful Event was Not a Collision with a Motor Vehicle in Transport,Dark - Lighted,Cloudy
Florida,122655,2,DUVAL (31),JACKSONVILLE,November,Saturday,State Highway,Urban,30.2821,-81.6512,Motor Vehicle In-Transport,Angle,Dark - Lighted,Clear
Florida,122656,1,DUVAL (31),JACKSONVILLE,November,Saturday,U.S. Highway,Urban,30.34506944,-81.6865,Pedestrian,The First Harmful Event was Not a Collision with a Motor Vehicle in Transport,Dark - Lighted,Rain
Florida,122661,3,INDIAN RIVER (61),VERO BEACH,November,Friday,State Highway,Urban,27.63424722,-80.37951667,Motor Vehicle In-Transport,Angle,Daylight,Clear
Florida,122663,2,BROWARD (11),FORT LAUDERDALE,November,Sunday,State Highway,Urban,26.120925,-80.10589444,Working Motor Vehicle,The First Harmful Event was Not a Collision with a Motor Vehicle in Transport,Daylight,Clear
Florida,122665,2,BROWARD (11),PEMBROKE PINES,November,Sunday,Local Street - Municipality,Urban,26.02141944,-80.28014444,Motor Vehicle In-Transport,Front-to-Front,Dark - Lighted,Clear
Florida,122669,3,BROWARD (11),FORT LAUDERDALE,November,Friday,State Highway,Urban,26.10663333,-80.16781111,Motor Vehicle In-Transport,Angle,Dark - Lighted,Clear
Florida,122671,1,SEMINOLE (117),SANFORD,November,Saturday,Local Street - Municipality,Urban,28.78661389,-81.28031111,Pedestrian,The First Harmful Event was Not a Collision with a Motor Vehicle in Transport,Dark - Lighted,Clear
Florida,122690,2,MIAMI-DADE (86),MIAMI,November,Monday,Local Street - Municipality,Urban,25.81481944,-80.22421667,Motor Vehicle In-Transport,Angle,Dusk,Clear
Florida,122694,2,MIAMI-DADE (86),HIALEAH,November,Wednesday,Interstate,Urban,25.86963333,-80.29089722,Motor Vehicle In-Transport,Front-to-Rear,Dark - Not Lighted,Clear
Florida,122695,2,VOLUSIA (127),DELAND,November,Sunday,State Highway,Urban,29.04254722,-81.32459167,Motor Vehicle In-Transport,Front-to-Front,Daylight,Cloudy
Florida,122703,7,BROWARD (11),POMPANO BEACH,October,Tuesday,Local Street - Municipality,Urban,26.24531944,-80.15958611,Motor Vehicle In-Transport,Angle,Dark - Lighted,Clear
Florida,122705,3,BREVARD (9),COCOA BEACH,November,Saturday,State Highway,Urban,28.33801944,-80.61033333,Motor Vehicle In-Transport,Angle,Dark - Unknown Lighting,Clear
Florida,122706,2,LEE (71),FORT MYERS,November,Tuesday,State Highway,Urban,26.61016944,-81.852375,Motor Vehicle In-Transport,Angle,Dark - Lighted,Clear
Florida,122708,1,MARION (83),OCALA,November,Friday,U.S. Highway,Urban,29.18562778,-82.14033056,Pedestrian,The First Harmful Event was Not a Collision with a Motor Vehicle in Transport,Dark - Lighted,Clear
Florida,122709,1,PINELLAS (103),PINELLAS PARK,November,Thursday,County Road,Urban,27.87929167,-82.68565556,Other Object (not fixed),The First Harmful Event was Not a Collision with a Motor Vehicle in Transport,Dark - Lighted,Clear
Florida,122712,1,HILLSBOROUGH (57),TAMPA,November,Wednesday,U.S. Highway,Urban,28.02546389,-82.45942778,Pedestrian,The First Harmful Event was Not a Collision with a Motor Vehicle in Transport,Dark - Lighted,Clear
Florida,122714,1,ORANGE (95),ORLANDO,November,Monday,Local Street - Municipality,Urban,28.55459444,-81.43045,Pedestrian,The First Harmful Event was Not a Collision with a Motor Vehicle in Transport,Dark - Lighted,Clear
Florida,122720,1,DUVAL (31),JACKSONVILLE,November,Saturday,Interstate,Rural,30.35208611,-81.55461111,Guardrail Face,The First Harmful Event was Not a Collision with a Motor Vehicle in Transport,Daylight,Clear
Florida,122723,5,DUVAL (31),JACKSONVILLE,November,Wednesday,Interstate,Rural,30.25225,-81.76276111,Motor Vehicle In-Transport,Front-to-Rear,Dark - Lighted,Clear
Florida,122726,10,HILLSBOROUGH (57),TAMPA,November,Wednesday,Interstate,Urban,28.15036111,-82.38755,Motor Vehicle In-Transport,Front-to-Rear,Dark - Not Lighted,Cloudy
Florida,122729,1,BROWARD (11),DAVIE,November,Saturday,U.S. Highway,Urban,26.06973889,-80.20722222,Curb,The First Harmful Event was Not a Collision with a Motor Vehicle in Transport,Dark - Lighted,Clear
Florida,122733,1,PALM BEACH (99),WEST PALM BEACH,November,Saturday,State Highway,Urban,26.7059,-80.07036389,Curb,The First Harmful Event was Not a Collision with a Motor Vehicle in Transport,Daylight,Clear
Florida,122735,2,LEE (71),BONITA SPRINGS,November,Saturday,U.S. Highway,Urban,26.32950556,-81.80591944,Pedestrian,The First Harmful Event was Not a Collision with a Motor Vehicle in Transport,Dark - Lighted,Clear
Florida,122743,4,VOLUSIA (127),DAYTONA BEACH,November,Friday,Local Street - Municipality,Urban,29.22506111,-81.01283056,Motor Vehicle In-Transport,Front-to-Front,Dark - Lighted,Clear
Florida,122753,3,MIAMI-DADE (86),OPA-LOCKA,December,Monday,Local Street - Municipality,Urban,25.89413889,-80.24805,Tree (Standing Only),The First Harmful Event was Not a Collision with a Motor Vehicle in Transport,Dark - Lighted,Clear
Florida,122759,1,MIAMI-DADE (86),NORTH MIAMI BEACH,November,Thursday,State Highway,Urban,25.92159444,-80.15661111,Pedalcyclist,The First Harmful Event was Not a Collision with a Motor Vehicle in Transport,Dawn,Clear
Florida,122763,1,DUVAL (31),JACKSONVILLE,December,Thursday,Local Street - Municipality,Urban,30.33594722,-81.74354722,Pedestrian,The First Harmful Event was Not a Collision with a Motor Vehicle in Transport,Dark - Not Lighted,Clear
Florida,122766,3,LAKE (69),TAVARES,November,Monday,U.S. Highway,Urban,28.81302778,-81.75150278,Motor Vehicle In-Transport,Angle,Daylight,Clear
Florida,122769,1,BROWARD (11),FORT LAUDERDALE,November,Tuesday,State Highway,Urban,26.09268333,-80.13617222,Pedestrian,The First Harmful Event was Not a Collision with a Motor Vehicle in Transport,Daylight,Clear
Florida,122771,2,PASCO (101),ZEPHYRHILLS,November,Friday,U.S. Highway,Urban,28.23714722,-82.18360278,Motor Vehicle In-Transport,Angle,Dark - Lighted,Clear
Florida,122772,1,BROWARD (11),OAKLAND PARK,December,Thursday,State Highway,Urban,26.16533056,-80.18090833,Pedestrian,The First Harmful Event was Not a Collision with a Motor Vehicle in Transport,Dark - Lighted,Clear
Florida,122773,1,DUVAL (31),JACKSONVILLE,December,Saturday,U.S. Highway,Urban,30.28815833,-81.72034444,Pedestrian,The First Harmful Event was Not a Collision with a Motor Vehicle in Transport,Dark - Lighted,Clear
Florida,122778,3,COLLIER (21),NAPLES,May,Tuesday,U.S. Highway,Urban,26.20297778,-81.80038889,Curb,The First Harmful Event was Not a Collision with a Motor Vehicle in Transport,Daylight,Cloudy
Florida,122779,2,SARASOTA (115),SARASOTA,March,Saturday,State Highway,Urban,27.33774167,-82.52598333,Pedalcyclist,The First Harmful Event was Not a Collision with a Motor Vehicle in Transport,Dark - Lighted,Clear
Florida,122781,3,MIAMI-DADE (86),PINECREST,December,Friday,U.S. Highway,Urban,25.69043889,-80.30675,Motor Vehicle In-Transport,Front-to-Rear,Dark - Lighted,Clear
Florida,122785,2,BREVARD (9),MELBOURNE,November,Thursday,U.S. Highway,Urban,28.12159722,-80.63091389,Tree (Standing Only),The First Harmful Event was Not a Collision with a Motor Vehicle in Transport,Daylight,Rain
Florida,122786,2,DUVAL (31),JACKSONVILLE,December,Saturday,Local Street - Municipality,Urban,30.2378,-81.60664167,Motor Vehicle In-Transport,Angle,Daylight,Cloudy
Florida,122787,1,MIAMI-DADE (86),HIALEAH,November,Wednesday,Interstate,Urban,25.94699722,-80.35376389,Bridge Overhead Structure,The First Harmful Event was Not a Collision with a Motor Vehicle in Transport,Daylight,Clear
Florida,122788,3,BREVARD (9),ROCKLEDGE,November,Friday,Interstate,Urban,28.31871111,-80.76743889,Motor Vehicle In-Transport,Front-to-Rear,Daylight,Cloudy
Florida,122796,2,BROWARD (11),PLANTATION,November,Friday,State Highway,Urban,26.0514,-80.21481111,Guardrail Face,The First Harmful Event was Not a Collision with a Motor Vehicle in Transport,Dark - Lighted,Clear
Florida,122799,2,MIAMI-DADE (86),MIAMI GARDENS,November,Tuesday,State Highway,Urban,25.94152222,-80.22854167,Motor Vehicle In-Transport,Angle,Daylight,Clear
Florida,122802,1,PINELLAS (103),TREASURE ISLAND,June,Saturday,Local Street - Municipality,Rural,27.76842778,-82.76825833,Rollover/Overturn,The First Harmful Event was Not a Collision with a Motor Vehicle in Transport,Dusk,Clear
Florida,122806,2,HILLSBOROUGH (57),TAMPA,December,Friday,U.S. Highway,Urban,27.90872778,-82.506225,Motor Vehicle In-Transport,Angle,Dark - Lighted,Clear
Florida,122807,1,MIAMI-DADE (86),MIAMI,December,Tuesday,State Highway,Urban,25.82459167,-80.21909444,Non-Motorist on Personal Conveyance,The First Harmful Event was Not a Collision with a Motor Vehicle in Transport,Dark - Lighted,Clear
Florida,122808,2,BROWARD (11),POMPANO BEACH,November,Tuesday,Local Street - Municipality,Urban,26.23421667,-80.12686667,Motor Vehicle In-Transport,Sideswipe - Same Direction,Daylight,Clear
Florida,122813,3,MIAMI-DADE (86),MIAMI,November,Tuesday,State Highway,Urban,25.68613056,-80.42496111,Motor Vehicle In-Transport,Front-to-Front,Daylight,Clear
Florida,122817,5,MIAMI-DADE (86),MIAMI,February,Sunday,Local Street - Municipality,Urban,25.82811111,-80.22474167,Motor Vehicle In-Transport,Angle,Daylight,Cloudy
Florida,122819,7,BROWARD (11),DANIA BEACH,November,Saturday,Interstate,Urban,26.08225,-80.16883056,Motor Vehicle In-Transport,Angle,Dark - Lighted,Clear
Florida,122820,2,BROWARD (11),PLANTATION,November,Thursday,State Highway,Urban,26.13588889,-80.21301111,Pedestrian,The First Harmful Event was Not a Collision with a Motor Vehicle in Transport,Dark - Lighted,Clear
Florida,122821,1,MIAMI-DADE (86),MIAMI GARDENS,November,Friday,Local Street - Municipality,Urban,25.95863333,-80.20565278,Pedestrian,The First Harmful Event was Not a Collision with a Motor Vehicle in Transport,Dark - Lighted,Clear
Florida,122822,1,VOLUSIA (127),ORMOND BEACH,November,Saturday,State Highway,Urban,29.28115278,-81.067525,Non-Motorist on Personal Conveyance,The First Harmful Event was Not a Collision with a Motor Vehicle in Transport,Dark - Lighted,Clear
Florida,122825,1,SUMTER (119),WEBSTER,December,Wednesday,State Highway,Rural,28.60992222,-82.05471944,Non-Motorist on Personal Conveyance,The First Harmful Event was Not a Collision with a Motor Vehicle in Transport,Dark - Not Lighted,Clear
Florida,122827,2,LAKE (69),CLERMONT,December,Sunday,County Road,Urban,28.65956111,-81.74301111,Motor Vehicle In-Transport,Front-to-Front,Daylight,Clear
Florida,122833,2,ALACHUA (1),GAINESVILLE,December,Monday,State Highway,Rural,29.60431944,-82.21343889,Motor Vehicle In-Transport,Angle,Dark - Not Lighted,Clear
Florida,122835,1,MIAMI-DADE (86),MIAMI GARDENS,December,Saturday,State Highway,Urban,25.94071111,-80.25338889,Pedestrian,The First Harmful Event was Not a Collision with a Motor Vehicle in Transport,Dark - Lighted,Clear
Florida,122837,1,MARION (83),OCALA,December,Monday,State Highway,Urban,29.17169444,-82.14180556,Curb,The First Harmful Event was Not a Collision with a Motor Vehicle in Transport,Dark - Lighted,Clear
Florida,122838,1,PALM BEACH (99),RIVIERA BEACH,May,Thursday,State Highway,Urban,26.76137778,-80.09004444,Curb,The First Harmful Event was Not a Collision with a Motor Vehicle in Transport,Dark - Not Lighted,Clear
Florida,122840,1,HILLSBOROUGH (57),TAMPA,November,Wednesday,Interstate,Urban,27.9601,-82.4257,Concrete Traffic Barrier,The First Harmful Event was Not a Collision with a Motor Vehicle in Transport,Dark - Lighted,Clear
Florida,122843,6,MIAMI-DADE (86),MIAMI,December,Sunday,U.S. Highway,Urban,25.80943333,-80.23091389,Pedestrian,The First Harmful Event was Not a Collision with a Motor Vehicle in Transport,Daylight,Clear
Florida,122845,10,VOLUSIA (127),DELAND,May,Thursday,U.S. Highway,Urban,29.05538333,-81.28119444,Motor Vehicle In-Transport,Front-to-Rear,Daylight,Clear
Florida,122846,2,PALM BEACH (99),JUPITER,June,Friday,State Highway,Urban,26.92131667,-80.09368889,Motor Vehicle In-Transport,Angle,Daylight,Clear
Florida,122849,4,SUMTER (119),WILDWOOD,November,Thursday,U.S. Highway,Urban,28.89871944,-82.0363,Motor Vehicle In-Transport,Angle,Daylight,Clear
Florida,122850,2,PASCO (101),DADE CITY,November,Monday,U.S. Highway,Urban,28.35271111,-82.18740556,Motor Vehicle In-Transport,Angle,Daylight,Clear
Florida,122854,1,LAKE (69),LEESBURG,November,Friday,U.S. Highway,Urban,28.80666111,-81.88764444,Pedestrian,The First Harmful Event was Not a Collision with a Motor Vehicle in Transport,Dark - Lighted,Rain
Florida,122855,1,MIAMI-DADE (86),MIAMI,November,Sunday,State Highway,Urban,25.77924167,-80.21476111,Non-Motorist on Personal Conveyance,The First Harmful Event was Not a Collision with a Motor Vehicle in Transport,Dark - Lighted,Clear
Florida,122856,5,BROWARD (11),DAVIE,November,Saturday,State Highway,Urban,26.079975,-80.313875,Traffic Sign Support,The First Harmful Event was Not a Collision with a Motor Vehicle in Transport,Dark - Not Lighted,Rain
Florida,122862,6,MIAMI-DADE (86),MIAMI,November,Saturday,State Highway,Urban,25.80166667,-80.23986389,Motor Vehicle In-Transport,Angle,Daylight,Clear
Florida,122863,4,BROWARD (11),FORT LAUDERDALE,November,Monday,U.S. Highway,Urban,26.20444444,-80.10855,Motor Vehicle In-Transport,Angle,Daylight,Clear
Florida,122864,5,ST. JOHNS (109),SAINT AUGUSTINE,December,Sunday,State Highway,Urban,29.91578889,-81.37353889,Motor Vehicle In-Transport,Angle,Daylight,Clear
Florida,122865,1,DUVAL (31),JACKSONVILLE,December,Monday,U.S. Highway,Urban,30.28536111,-81.46291944,Pedestrian,The First Harmful Event was Not a Collision with a Motor Vehicle in Transport,Daylight,Cloudy
Florida,122867,2,BROWARD (11),DAVIE,May,Wednesday,State Highway,Urban,26.08483889,-80.18789167,Guardrail Face,The First Harmful Event was Not a Collision with a Motor Vehicle in Transport,Dark - Not Lighted,Clear
Florida,122872,2,LEE (71),BONITA SPRINGS,December,Monday,Local Street - Municipality,Urban,26.3788,-81.77321944,Motor Vehicle In-Transport,Front-to-Front,Dusk,Clear
Florida,122877,5,POLK (105),DAVENPORT,December,Friday,U.S. Highway,Urban,28.15515,-81.63961111,Motor Vehicle In-Transport,Angle,Daylight,Rain
Florida,122885,2,MIAMI-DADE (86),HIALEAH,December,Thursday,U.S. Highway,Urban,25.85091389,-80.31833611,Motor Vehicle In-Transport,Front-to-Front,Dusk,Cloudy
Florida,122889,1,PINELLAS (103),SEMINOLE,November,Thursday,Local Street - Municipality,Urban,27.86718889,-82.78703889,Pedestrian,The First Harmful Event was Not a Collision with a Motor Vehicle in Transport,Dark - Lighted,Rain
Florida,122891,5,SARASOTA (115),SARASOTA,October,Monday,U.S. Highway,Urban,27.31489444,-82.52971944,Motor Vehicle In-Transport,Front-to-Front,Daylight,Cloudy
Florida,122892,1,BROWARD (11),FORT LAUDERDALE,November,Thursday,State Highway,Urban,26.13677222,-80.14883333,Pedestrian,The First Harmful Event was Not a Collision with a Motor Vehicle in Transport,Dark - Lighted,Clear
Florida,122893,1,BROWARD (11),FORT LAUDERDALE,December,Thursday,State Highway,Urban,26.13705833,-80.13339722,Pedestrian,The First Harmful Event was Not a Collision with a Motor Vehicle in Transport,Dark - Lighted,Rain
Florida,122894,1,BROWARD (11),FORT LAUDERDALE,December,Thursday,State Highway,Urban,26.12226389,-80.14173611,Pedestrian,The First Harmful Event was Not a Collision with a Motor Vehicle in Transport,Dark - Lighted,Cloudy
Florida,122895,5,BROWARD (11),DANIA BEACH,December,Saturday,State Highway,Urban,26.062325,-80.18231389,Motor Vehicle In-Transport,Angle,Dark - Lighted,Clear
Florida,122898,5,BREVARD (9),TITUSVILLE,November,Tuesday,Interstate,Urban,28.63193889,-80.85553889,Motor Vehicle In-Transport,Angle,Dark - Not Lighted,Clear
Florida,122899,1,PALM BEACH (99),LAKE WORTH,December,Tuesday,U.S. Highway,Urban,26.62372222,-80.05709167,Pedestrian,The First Harmful Event was Not a Collision with a Motor Vehicle in Transport,Daylight,Clear
Florida,122901,2,PINELLAS (103),SAINT PETERSBURG,December,Tuesday,Local Street - Municipality,Urban,27.71938056,-82.6731,Motor Vehicle In-Transport,Angle,Dark - Lighted,Clear
Florida,122902,2,MARION (83),OCALA,November,Saturday,Local Street - Municipality,Urban,29.19003889,-82.13766111,Pedestrian,The First Harmful Event was Not a Collision with a Motor Vehicle in Transport,Daylight,Cloudy
Florida,122903,1,BROWARD (11),WILTON MANORS,December,Sunday,Local Street - Municipality,Urban,26.16340278,-80.14642778,Pedestrian,The First Harmful Event was Not a Collision with a Motor Vehicle in Transport,Dark - Lighted,Clear
Florida,122904,1,ALACHUA (1),GAINESVILLE,December,Wednesday,State Highway,Urban,29.65108611,-82.35926389,Guardrail Face,The First Harmful Event was Not a Collision with a Motor Vehicle in Transport,Dark - Lighted,Cloudy
Florida,122908,3,PALM BEACH (99),BOYNTON BEACH,December,Saturday,Local Street - Municipality,Urban,26.53186111,-80.09742222,Motor Vehicle In-Transport,Angle,Dark - Not Lighted,Clear
Florida,122914,3,HILLSBOROUGH (57),TAMPA,November,Sunday,Local Street - Municipality,Urban,28.16485,-82.30470278,Curb,The First Harmful Event was Not a Collision with a Motor Vehicle in Transport,Daylight,Cloudy
Florida,122919,2,ALACHUA (1),ARCHER,December,Friday,State Highway,Rural,29.51743889,-82.54823056,Motor Vehicle In-Transport,Front-to-Front,Dark - Not Lighted,Clear
Florida,122921,3,DUVAL (31),JACKSONVILLE,December,Monday,U.S. Highway,Urban,30.28835833,-81.57811389,Pedestrian,The First Harmful Event was Not a Collision with a Motor Vehicle in Transport,Dark - Lighted,Clear
Florida,122924,2,DUVAL (31),JACKSONVILLE,December,Friday,U.S. Highway,Urban,30.3206,-81.5519,Motor Vehicle In-Transport,Sideswipe - Same Direction,Dusk,Cloudy
Florida,122926,2,PASCO (101),ZEPHYRHILLS,November,Saturday,U.S. Highway,Urban,28.25911111,-82.18805,Motor Vehicle In-Transport,Angle,Daylight,Cloudy
Florida,122935,2,VOLUSIA (127),NEW SMYRNA BEACH,December,Saturday,State Highway,Urban,29.01432778,-80.94255278,Pedestrian,The First Harmful Event was Not a Collision with a Motor Vehicle in Transport,Dark - Not Lighted,Clear
Florida,122945,1,MIAMI-DADE (86),SWEETWATER,December,Sunday,Local Street - Municipality,Urban,25.76841389,-80.37009167,Pedestrian,The First Harmful Event was Not a Collision with a Motor Vehicle in Transport,Dark - Not Lighted,Clear
Florida,122948,1,BROWARD (11),SUNRISE,December,Friday,Local Street - Municipality,Urban,26.14083889,-80.2316,Pedalcyclist,The First Harmful Event was Not a Collision with a Motor Vehicle in Transport,Dark - Lighted,Cloudy
Florida,122949,2,PINELLAS (103),SAINT PETERSBURG,December,Monday,Local Street - Municipality,Urban,27.77090278,-82.71459722,Motor Vehicle In-Transport,Sideswipe - Same Direction,Daylight,Clear
Florida,122950,5,VOLUSIA (127),DAYTONA BEACH,December,Friday,State Highway,Urban,29.17800556,-81.02888333,Pedestrian,The First Harmful Event was Not a Collision with a Motor Vehicle in Transport,Dark - Not Lighted,Clear
Florida,122951,1,BREVARD (9),TITUSVILLE,November,Monday,Local Street - Municipality,Urban,28.61261944,-80.81095556,Guardrail Face,The First Harmful Event was Not a Collision with a Motor Vehicle in Transport,Dark - Not Lighted,Clear
Florida,122953,2,VOLUSIA (127),DAYTONA BEACH,December,Sunday,U.S. Highway,Urban,29.19329167,-81.01330278,Pedestrian,The First Harmful Event was Not a Collision with a Motor Vehicle in Transport,Dark - Not Lighted,Clear
Florida,122956,2,MIAMI-DADE (86),MIAMI BEACH,December,Monday,Local Street - Municipality,Urban,25.85352778,-80.14196111,Motor Vehicle In-Transport,Angle,Dusk,Clear
Florida,122957,1,MIAMI-DADE (86),HIALEAH,December,Sunday,State Highway,Urban,25.84104722,-80.30201389,Tree (Standing Only),The First Harmful Event was Not a Collision with a Motor Vehicle in Transport,Daylight,Clear