State,Case Number,Persons,County,City,Month,Day,Route,Rural/Urban,Latitude,Longitude,First Harmful Event,Manner of Collision,Light Conditions,Weather
Georgia,130196,2,FULTON (121),ATLANTA,February,Sunday,Interstate,Urban,33.74278056,-84.40364167,Motor Vehicle In-Transport,Front-to-Rear,Dark - Lighted,Clear
Georgia,130205,3,FULTON (121),ATLANTA,February,Wednesday,Local Street - Municipality,Urban,33.74227222,-84.43665278,Motor Vehicle In-Transport,Front-to-Rear,Daylight,Cloudy
Georgia,130208,1,FULTON (121),COLLEGE PARK,February,Thursday,U.S. Highway,Urban,33.61488611,-84.51567778,Pedalcyclist,The First Harmful Event was Not a Collision with a Motor Vehicle in Transport,Dark - Not Lighted,Clear
Georgia,130209,3,GWINNETT (135),SUWANEE,February,Thursday,State Highway,Urban,34.03585556,-84.05262222,Pedestrian,The First Harmful Event was Not a Collision with a Motor Vehicle in Transport,Dark - Lighted,Cloudy
Georgia,130211,2,COFFEE (69),DOUGLAS,March,Friday,State Highway,Urban,31.48914722,-82.86669167,Motor Vehicle In-Transport,Angle,Dark - Lighted,Rain
Georgia,130215,1,FULTON (121),ATLANTA,March,Saturday,Local Street - Municipality,Urban,33.66444722,-84.39179444,Pedestrian,The First Harmful Event was Not a Collision with a Motor Vehicle in Transport,Dark - Lighted,Clear
Georgia,130221,1,ROCKDALE (247),CONYERS,March,Sunday,Interstate,Urban,33.67361944,-84.05371389,Motor Vehicle In-Transport,Front-to-Rear,Dark - Not Lighted,Clear
Georgia,130226,3,WHITE (311),CLEVELAND,March,Monday,U.S. Highway,Rural,34.60715833,-83.77035,Pedestrian,The First Harmful Event was Not a Collision with a Motor Vehicle in Transport,Dark - Not Lighted,Clear
Georgia,130228,2,FLOYD (115),ROME,March,Tuesday,Local Street - Municipality,Urban,34.21408889,-85.12463889,Other Fixed Object,The First Harmful Event was Not a Collision with a Motor Vehicle in Transport,Daylight,Clear
Georgia,130232,1,SUMTER (261),AMERICUS,March,Tuesday,Local Street - Municipality,Urban,32.05836667,-84.19919722,Pedalcyclist,The First Harmful Event was Not a Collision with a Motor Vehicle in Transport,Dark - Not Lighted,Clear
Georgia,130234,4,CARROLL (45),CARROLLTON,March,Wednesday,State Highway,Urban,33.60639167,-85.02053611,Motor Vehicle In-Transport,Angle,Dusk,Clear
Georgia,130238,5,THOMAS (275),THOMASVILLE,March,Wednesday,U.S. Highway,Urban,30.8396,-83.94388889,Motor Vehicle In-Transport,Angle,Daylight,Clear
Georgia,130239,6,CHATHAM (51),SAVANNAH,March,Thursday,U.S. Highway,Urban,32.05258056,-81.10302222,Motor Vehicle In-Transport,Angle,Daylight,Clear
Georgia,130241,3,FULTON (121),UNION CITY,March,Friday,Interstate,Urban,33.59128889,-84.50322222,Motor Vehicle In-Transport,Sideswipe - Same Direction,Daylight,Clear
Georgia,130242,1,BIBB (21),MACON,March,Saturday,County Road,Urban,32.83666667,-83.66820556,Tree (Standing Only),The First Harmful Event was Not a Collision with a Motor Vehicle in Transport,Dark - Not Lighted,Clear
Georgia,130243,1,BIBB (21),MACON,March,Saturday,County Road,Urban,32.82252778,-83.69937778,Pedestrian,The First Harmful Event was Not a Collision with a Motor Vehicle in Transport,Dark - Lighted,Clear
Georgia,130248,1,RICHMOND (245),AUGUSTA,March,Sunday,U.S. Highway,Urban,33.450225,-82.03345278,Rollover/Overturn,The First Harmful Event was Not a Collision with a Motor Vehicle in Transport,Dark - Lighted,Clear
Georgia,130249,3,RICHMOND (245),AUGUSTA,March,Sunday,State Highway,Urban,33.467525,-82.12038333,Rollover/Overturn,The First Harmful Event was Not a Collision with a Motor Vehicle in Transport,Daylight,Clear
Georgia,130250,1,WHITE (311),CLEVELAND,March,Sunday,State Highway,Rural,34.56240556,-83.78952778,Culvert,The First Harmful Event was Not a Collision with a Motor Vehicle in Transport,Daylight,Clear
Georgia,130252,3,GRADY (131),CAIRO,March,Monday,U.S. Highway,Urban,30.87743333,-84.18601111,Motor Vehicle In-Transport,Angle,Daylight,"Fog, Smog, Smoke"
Georgia,130253,2,LONG (183),LUDOWICI,March,Monday,U.S. Highway,Urban,31.76088333,-81.65697778,Motor Vehicle In-Transport,Front-to-Rear,Dark - Not Lighted,Rain
Georgia,130255,1,CLAYTON (63),JONESBORO,March,Tuesday,U.S. Highway,Urban,33.51735,-84.36359722,Pedestrian,The First Harmful Event was Not a Collision with a Motor Vehicle in Transport,Dark - Not Lighted,Clear
Georgia,130258,2,BIBB (21),MACON,March,Wednesday,County Road,Urban,32.74451944,-83.71878889,Motor Vehicle In-Transport,Angle,Daylight,Clear
Georgia,130260,4,FULTON (121),ATLANTA,March,Thursday,State Highway,Urban,33.7507,-84.44613056,Motor Vehicle In-Transport,Angle,Dusk,Clear
Georgia,130265,2,BIBB (21),MACON,March,Saturday,Interstate,Urban,32.81461667,-83.65654722,Traffic Sign Support,The First Harmful Event was Not a Collision with a Motor Vehicle in Transport,Daylight,Clear
Georgia,130268,1,CHATHAM (51),SAVANNAH,March,Saturday,State Highway,Urban,32.08320556,-81.09972778,Pedestrian,The First Harmful Event was Not a Collision with a Motor Vehicle in Transport,Dark - Not Lighted,Clear
Georgia,130274,1,TOOMBS (279),VIDALIA,March,Sunday,Local Street - Municipality,Urban,32.20245278,-82.380275,Tree (Standing Only),The First Harmful Event was Not a Collision with a Motor Vehicle in Transport,Dark - Lighted,Cloudy
Georgia,130280,2,FULTON (121),ATLANTA,March,Tuesday,State Highway,Urban,33.71063056,-84.59123889,Motor Vehicle In-Transport,Angle,Daylight,Clear
Georgia,130283,3,FULTON (121),ATLANTA,March,Thursday,Local Street - Municipality,Urban,33.78838889,-84.43664444,Motor Vehicle In-Transport,Angle,Dark - Lighted,Clear
Georgia,130284,4,FULTON (121),COLLEGE PARK,March,Thursday,State Highway,Urban,33.61741111,-84.51582222,Motor Vehicle In-Transport,Sideswipe - Same Direction,Daylight,Clear
Georgia,130285,16,CRISP (81),CORDELE,March,Friday,Local Street - Municipality,Urban,31.95466111,-83.75609722,Motor Vehicle In-Transport,Angle,Daylight,Clear
Georgia,130287,1,RICHMOND (245),AUGUSTA,March,Friday,State Highway,Urban,33.43772222,-82.02611667,Tree (Standing Only),The First Harmful Event was Not a Collision with a Motor Vehicle in Transport,Dark - Lighted,Clear
Georgia,130288,2,RICHMOND (245),AUGUSTA,March,Friday,Local Street - Municipality,Urban,33.44784167,-82.12906389,Motor Vehicle In-Transport,Sideswipe - Opposite Direction,Daylight,Clear
Georgia,130292,4,DEKALB (89),STONE MOUNTAIN,March,Saturday,Local Street - Municipality,Urban,33.78531944,-84.12628611,Motor Vehicle In-Transport,Angle,Daylight,Clear
Georgia,130294,1,FULTON (121),ATLANTA,March,Saturday,Interstate,Urban,33.69699444,-84.40466667,Rollover/Overturn,The First Harmful Event was Not a Collision with a Motor Vehicle in Transport,Dark - Lighted,Clear
Georgia,130301,4,JEFF DAVIS (161),HAZLEHURST,March,Sunday,Local Street - Municipality,Rural,31.85328889,-82.60638333,Pedestrian,The First Harmful Event was Not a Collision with a Motor Vehicle in Transport,Dark - Not Lighted,Clear
Georgia,130302,1,WHITFIELD (313),DALTON,March,Sunday,State Highway,Urban,34.75991111,-84.99384167,Rollover/Overturn,The First Harmful Event was Not a Collision with a Motor Vehicle in Transport,Daylight,Clear
Georgia,130305,1,BIBB (21),MACON,March,Monday,Local Street - Municipality,Urban,32.85186111,-83.58709444,Pedestrian,The First Harmful Event was Not a Collision with a Motor Vehicle in Transport,Dark - Not Lighted,Rain
Georgia,130312,1,CARROLL (45),VILLA RICA,March,Wednesday,Interstate,Urban,33.725275,-84.90555,Tree (Standing Only),The First Harmful Event was Not a Collision with a Motor Vehicle in Transport,Daylight,Clear
Georgia,130313,1,CLAYTON (63),JONESBORO,March,Wednesday,Local Street - Municipality,Urban,33.51409722,-84.34619722,Utility Pole/Light Support,The First Harmful Event was Not a Collision with a Motor Vehicle in Transport,Dawn,Clear
Georgia,130315,2,GORDON (129),CALHOUN,March,Wednesday,State Highway,Urban,34.46798611,-84.91489444,Pedestrian,The First Harmful Event was Not a Collision with a Motor Vehicle in Transport,Dark - Not Lighted,Cloudy
Georgia,130316,1,CHATHAM (51),SAVANNAH,March,Thursday,Local Street - Municipality,Urban,32.05423056,-81.10857222,Tree (Standing Only),The First Harmful Event was Not a Collision with a Motor Vehicle in Transport,Daylight,Clear
Georgia,130317,1,CLAYTON (63),RIVERDALE,March,Thursday,Local Street - Municipality,Urban,33.62972778,-84.45385,Pedestrian,The First Harmful Event was Not a Collision with a Motor Vehicle in Transport,Dark - Not Lighted,Clear
Georgia,130324,2,HOUSTON (153),WARNER ROBINS,March,Friday,Local Street - Municipality,Urban,32.59384722,-83.62317778,Motor Vehicle In-Transport,Angle,Daylight,Clear
Georgia,130325,4,BARROW (13),AUBURN,March,Saturday,State Highway,Urban,34.01135278,-83.84226389,Motor Vehicle In-Transport,Angle,Daylight,Clear
Georgia,130326,5,BIBB (21),MACON,March,Saturday,Local Street - Municipality,Urban,32.71664722,-83.73488333,Motor Vehicle In-Transport,Front-to-Front,Dark - Not Lighted,Clear
Georgia,130328,1,GWINNETT (135),LILBURN,March,Saturday,State Highway,Urban,33.90823333,-84.10667222,Pedestrian,The First Harmful Event was Not a Collision with a Motor Vehicle in Transport,Dark - Not Lighted,Clear
Georgia,130329,3,JACKSON (157),COMMERCE,March,Saturday,U.S. Highway,Urban,34.21794167,-83.44542778,Motor Vehicle In-Transport,Angle,Daylight,Clear
Georgia,130333,1,BIBB (21),MACON,March,Sunday,State Highway,Urban,32.6711,-83.62428056,Rollover/Overturn,The First Harmful Event was Not a Collision with a Motor Vehicle in Transport,Dark - Not Lighted,Clear
Georgia,130337,1,MITCHELL (205),CAMILLA,March,Sunday,U.S. Highway,Urban,31.29591944,-84.18309167,Pedestrian,The First Harmful Event was Not a Collision with a Motor Vehicle in Transport,Dark - Not Lighted,Clear
Georgia,130338,1,FULTON (121),ATLANTA,February,Wednesday,Local Street - Municipality,Urban,33.74351667,-84.40404722,Pedalcyclist,The First Harmful Event was Not a Collision with a Motor Vehicle in Transport,Dark - Lighted,Rain
Georgia,130342,1,HOUSTON (153),WARNER ROBINS,April,Tuesday,State Highway,Urban,32.61828611,-83.65966944,Pedestrian,The First Harmful Event was Not a Collision with a Motor Vehicle in Transport,Daylight,Clear
Georgia,130343,2,RICHMOND (245),AUGUSTA,April,Tuesday,County Road,Urban,33.48175556,-82.01041667,Motor Vehicle In-Transport,Front-to-Front,Daylight,Clear
Georgia,130349,1,MORGAN (211),MADISON,April,Wednesday,Interstate,Rural,33.57395556,-83.52703611,Tree (Standing Only),The First Harmful Event was Not a Collision with a Motor Vehicle in Transport,Daylight,Clear
Georgia,130350,2,MUSCOGEE (215),COLUMBUS,April,Wednesday,U.S. Highway,Urban,32.5389,-84.84044722,Motor Vehicle In-Transport,Angle,Daylight,Clear
Georgia,130352,1,MUSCOGEE (215),COLUMBUS,April,Thursday,County Road,Urban,32.46670278,-84.99335,Pedestrian,The First Harmful Event was Not a Collision with a Motor Vehicle in Transport,Daylight,Clear
Georgia,130359,2,BULLOCH (31),STATESBORO,April,Sunday,State Highway,Urban,32.408775,-81.76399167,Motor Vehicle In-Transport,Front-to-Rear,Dark - Not Lighted,Clear
Georgia,130360,3,CARROLL (45),CARROLLTON,April,Sunday,State Highway,Urban,33.59607778,-85.04224722,Motor Vehicle In-Transport,Angle,Daylight,Clear
Georgia,130363,1,WALTON (297),MONROE,April,Sunday,Local Street - Municipality,Urban,33.77967778,-83.74213611,Pedestrian,The First Harmful Event was Not a Collision with a Motor Vehicle in Transport,Dark - Not Lighted,Clear
Georgia,130365,3,GWINNETT (135),NORCROSS,April,Monday,County Road,Urban,33.94904444,-84.19646667,Motor Vehicle In-Transport,Angle,Daylight,Clear
Georgia,130368,2,IRWIN (155),OCILLA,April,Monday,U.S. Highway,Rural,31.62586944,-83.25016667,Curb,The First Harmful Event was Not a Collision with a Motor Vehicle in Transport,Daylight,Cloudy
Georgia,130371,1,WARE (299),WAYCROSS,April,Wednesday,U.S. Highway,Urban,31.2323,-82.368925,Traffic Sign Support,The First Harmful Event was Not a Collision with a Motor Vehicle in Transport,Daylight,Clear
Georgia,130373,6,BRYAN (29),RICHMOND HILL,April,Thursday,Interstate,Urban,31.92781111,-81.33098056,Motor Vehicle In-Transport,Front-to-Rear,Daylight,Clear
Georgia,130375,2,FULTON (121),ATLANTA,April,Thursday,U.S. Highway,Urban,33.77305278,-84.41735556,Motor Vehicle In-Transport,Angle,Daylight,Clear
Georgia,130378,2,COBB (67),MARIETTA,April,Friday,State Highway,Urban,33.94338611,-84.54591111,Motor Vehicle In-Transport,Angle,Daylight,Clear
Georgia,130380,2,LONG (183),LUDOWICI,April,Friday,U.S. Highway,Rural,31.70056667,-81.76974444,Rollover/Overturn,The First Harmful Event was Not a Collision with a Motor Vehicle in Transport,Daylight,Clear
Georgia,130382,2,BIBB (21),MACON,April,Saturday,U.S. Highway,Urban,32.81438056,-83.65887222,Motor Vehicle In-Transport,Angle,Dark - Lighted,Clear
Georgia,130383,1,DOUGHERTY (95),ALBANY,April,Saturday,State Highway,Urban,31.57407778,-84.15596111,Pedestrian,The First Harmful Event was Not a Collision with a Motor Vehicle in Transport,Dark - Lighted,Clear
Georgia,130385,1,CHATHAM (51),SAVANNAH,April,Sunday,County Road,Urban,32.14214167,-81.20905556,Traffic Sign Support,The First Harmful Event was Not a Collision with a Motor Vehicle in Transport,Dark - Not Lighted,Clear
Georgia,130388,5,CHATHAM (51),POOLER,April,Monday,Interstate,Urban,32.07323333,-81.23638889,Motor Vehicle In-Transport,Front-to-Rear,Daylight,Clear
Georgia,130392,1,GWINNETT (135),SNELLVILLE,April,Tuesday,Local Street - Municipality,Urban,33.87411944,-84.00955556,Tree (Standing Only),The First Harmful Event was Not a Collision with a Motor Vehicle in Transport,Dark - Not Lighted,Clear
Georgia,130394,3,COBB (67),SMYRNA,April,Wednesday,Local Street - Municipality,Urban,33.84393333,-84.53045278,Motor Vehicle In-Transport,Angle,Daylight,Clear
Georgia,130401,3,DODGE (91),EASTMAN,April,Friday,State Highway,Urban,32.204325,-83.18368333,Motor Vehicle In-Transport,Front-to-Front,Daylight,Rain
Georgia,130402,2,RICHMOND (245),AUGUSTA,April,Friday,Local Street - Municipality,Urban,33.41933333,-82.07613889,Motor Vehicle In-Transport,Angle,Daylight,Rain
Georgia,130404,8,FULTON (121),ATLANTA,April,Saturday,Interstate,Urban,33.77540833,-84.39067222,Motor Vehicle In-Transport,Angle,Dark - Lighted,Cloudy
Georgia,130405,1,FULTON (121),SANDY SPRINGS,April,Saturday,Local Street - Municipality,Urban,33.91509167,-84.37935278,Pedestrian,The First Harmful Event was Not a Collision with a Motor Vehicle in Transport,Dark - Not Lighted,Cloudy
Georgia,130410,3,FULTON (121),SANDY SPRINGS,April,Monday,Interstate,Urban,33.91357778,-84.35210556,Motor Vehicle In-Transport,Front-to-Rear,Dark - Not Lighted,Clear
Georgia,130414,1,TERRELL (273),DAWSON,April,Monday,U.S. Highway,Rural,31.77141389,-84.44815,Pedestrian,The First Harmful Event was Not a Collision with a Motor Vehicle in Transport,Dark - Lighted,Clear
Georgia,130415,2,BIBB (21),MACON,April,Wednesday,State Highway,Urban,32.84016111,-83.58095556,Motor Vehicle In-Transport,Angle,Daylight,Clear
Georgia,130418,3,MONTGOMERY (209),HIGGSTON,April,Wednesday,State Highway,Rural,32.22110833,-82.47078333,Motor Vehicle In-Transport,Angle,Daylight,Clear
Georgia,130419,1,BARTOW (15),CARTERSVILLE,April,Thursday,State Highway,Urban,34.18379167,-84.78552778,Tree (Standing Only),The First Harmful Event was Not a Collision with a Motor Vehicle in Transport,Daylight,Clear
Georgia,130424,1,FULTON (121),ATLANTA,April,Friday,State Highway,Urban,33.69641111,-84.54357222,Pedestrian,The First Harmful Event was Not a Collision with a Motor Vehicle in Transport,Daylight,Clear
Georgia,130425,1,FULTON (121),PALMETTO,April,Friday,U.S. Highway,Urban,33.53568889,-84.64284167,Utility Pole/Light Support,The First Harmful Event was Not a Collision with a Motor Vehicle in Transport,Daylight,Clear
Georgia,130437,4,PICKENS (227),JASPER,April,Sunday,Local Street - Municipality,Urban,34.47153333,-84.43475,Motor Vehicle In-Transport,Angle,Daylight,Clear
Georgia,130438,2,FULTON (121),FAIRBURN,April,Monday,State Highway,Urban,33.54037778,-84.61843611,Motor Vehicle In-Transport,Front-to-Front,Daylight,Cloudy
Georgia,130444,2,GWINNETT (135),LAWRENCEVILLE,April,Wednesday,State Highway,Urban,33.96714444,-84.01638889,Rollover/Overturn,The First Harmful Event was Not a Collision with a Motor Vehicle in Transport,Daylight,Clear
Georgia,130449,2,PEACH (225),BYRON,May,Wednesday,State Highway,Urban,32.65710556,-83.74829444,Motor Vehicle In-Transport,Front-to-Front,Daylight,Clear
Georgia,130452,1,DEKALB (89),DORAVILLE,May,Thursday,Interstate,Urban,33.91320556,-84.28630278,Guardrail Face,The First Harmful Event was Not a Collision with a Motor Vehicle in Transport,Dawn,Clear
Georgia,130453,2,ROCKDALE (247),CONYERS,May,Thursday,Interstate,Urban,33.66695556,-84.03461389,Motor Vehicle In-Transport,Front-to-Front,Dark - Not Lighted,Clear
Georgia,130454,2,BIBB (21),MACON,May,Friday,Interstate,Urban,32.79946111,-83.66046111,Tree (Standing Only),The First Harmful Event was Not a Collision with a Motor Vehicle in Transport,Daylight,Clear
Georgia,130455,1,HOUSTON (153),PERRY,May,Friday,U.S. Highway,Urban,32.44875278,-83.74745833,Pedestrian,The First Harmful Event was Not a Collision with a Motor Vehicle in Transport,Dark - Lighted,Cloudy
Georgia,130461,2,CHATHAM (51),SAVANNAH,May,Sunday,Local Street - Municipality,Urban,32.050275,-81.11353056,Motor Vehicle In-Transport,Angle,Dark - Lighted,Clear
Georgia,130465,1,CARROLL (45),VILLA RICA,May,Tuesday,Interstate,Urban,33.72216667,-84.94668056,Pedestrian,The First Harmful Event was Not a Collision with a Motor Vehicle in Transport,Dark - Not Lighted,Clear
Georgia,130466,4,FULTON (121),ATLANTA,May,Tuesday,State Highway,Urban,33.76381944,-84.50952778,Motor Vehicle In-Transport,Angle,Dark - Lighted,Clear
Georgia,130470,4,COWETA (77),EAST NEWNAN,May,Wednesday,Local Street - Municipality,Urban,33.35923611,-84.75309722,Motor Vehicle In-Transport,Angle,Daylight,Cloudy
Georgia,130471,4,FULTON (121),ATLANTA,May,Wednesday,State Highway,Urban,33.75427222,-84.47640278,Motor Vehicle In-Transport,Angle,Dark - Lighted,Clear
Georgia,130472,6,PUTNAM (237),EATONTON,May,Wednesday,U.S. Highway,Rural,33.353125,-83.39080278,Motor Vehicle In-Transport,Sideswipe - Opposite Direction,Daylight,Cloudy
Georgia,130474,4,FULTON (121),ATLANTA,May,Thursday,Interstate,Urban,33.70318056,-84.40416111,Motor Vehicle In-Transport,Front-to-Rear,Dark - Lighted,Clear
Georgia,130477,4,DEKALB (89),CHAMBLEE,May,Friday,County Road,Urban,33.91181667,-84.29845556,Motor Vehicle In-Transport,Angle,Daylight,Clear
Georgia,130478,2,FULTON (121),EAST POINT,May,Friday,Interstate,Urban,33.65966111,-84.49774444,Embankment,The First Harmful Event was Not a Collision with a Motor Vehicle in Transport,Dark - Not Lighted,Cloudy
Georgia,130479,2,BIBB (21),MACON,May,Saturday,U.S. Highway,Urban,32.80396111,-83.73596667,Ditch,The First Harmful Event was Not a Collision with a Motor Vehicle in Transport,Daylight,Rain
Georgia,130490,1,FULTON (121),ATLANTA,May,Monday,U.S. Highway,Urban,33.8561,-84.38265,Pedestrian,The First Harmful Event was Not a Collision with a Motor Vehicle in Transport,Dark - Lighted,Clear
Georgia,130495,1,GWINNETT (135),LILBURN,May,Tuesday,Interstate,Urban,34.02793056,-84.05070556,Pedestrian,The First Harmful Event was Not a Collision with a Motor Vehicle in Transport,Dark - Not Lighted,Clear
Georgia,130498,1,FULTON (121),ATLANTA,May,Thursday,Interstate,Urban,33.65284444,-84.39603333,Pedestrian,The First Harmful Event was Not a Collision with a Motor Vehicle in Transport,Dark - Lighted,Clear
Georgia,130499,1,FULTON (121),ATLANTA,May,Thursday,Local Street - Municipality,Urban,33.75290278,-84.44428611,Non-Motorist on Personal Conveyance,The First Harmful Event was Not a Collision with a Motor Vehicle in Transport,Dark - Lighted,Clear
Georgia,130507,7,FULTON (121),ATLANTA,May,Friday,Interstate,Urban,33.72188333,-84.39477222,Motor Vehicle In-Transport,Front-to-Rear,Daylight,Cloudy
Georgia,130508,1,FULTON (121),ATLANTA,May,Friday,Interstate,Urban,33.8207,-84.36055,Tree (Standing Only),The First Harmful Event was Not a Collision with a Motor Vehicle in Transport,Dark - Lighted,Clear
Georgia,130516,3,CLARKE (59),ATHENS,May,Saturday,Local Street - Municipality,Urban,33.95752778,-83.38004167,Motor Vehicle In-Transport,Angle,Dark - Lighted,Clear
Georgia,130517,1,EVANS (109),HAGAN,May,Saturday,Local Street - Municipality,Rural,32.15269167,-81.94178611,Ditch,The First Harmful Event was Not a Collision with a Motor Vehicle in Transport,Dark - Not Lighted,Clear
Georgia,130518,1,FULTON (121),ROSWELL,May,Saturday,State Highway,Urban,34.02581944,-84.36001944,Pedestrian,The First Harmful Event was Not a Collision with a Motor Vehicle in Transport,Dark - Not Lighted,Clear
Georgia,130519,2,GWINNETT (135),LILBURN,May,Sunday,Local Street - Municipality,Urban,33.90183056,-84.1501,Pedestrian,The First Harmful Event was Not a Collision with a Motor Vehicle in Transport,Dark - Lighted,Clear
Georgia,130522,1,WHITFIELD (313),DALTON,May,Sunday,State Highway,Urban,34.76110278,-84.94653333,"Post, Pole or Other Supports",The First Harmful Event was Not a Collision with a Motor Vehicle in Transport,Daylight,Clear
Georgia,130529,1,CLARKE (59),ATHENS,May,Wednesday,State Highway,Urban,34.00415556,-83.45202778,Culvert,The First Harmful Event was Not a Collision with a Motor Vehicle in Transport,Daylight,Clear
Georgia,130531,3,BIBB (21),MACON,May,Thursday,State Highway,Urban,32.82100556,-83.69567222,Motor Vehicle In-Transport,Front-to-Front,Dark - Lighted,Clear
Georgia,130535,3,CAMDEN (39),KINGSLAND,May,Friday,State Highway,Urban,30.78692778,-81.64707778,Rollover/Overturn,The First Harmful Event was Not a Collision with a Motor Vehicle in Transport,Dark - Lighted,Clear
Georgia,130536,1,CHATHAM (51),SAVANNAH,May,Friday,Interstate,Urban,32.16044167,-81.22603889,Pedestrian,The First Harmful Event was Not a Collision with a Motor Vehicle in Transport,Dark - Not Lighted,Clear
Georgia,130537,1,GWINNETT (135),NORCROSS,May,Friday,Local Street - Municipality,Urban,33.92643333,-84.18536667,Curb,The First Harmful Event was Not a Collision with a Motor Vehicle in Transport,Dark - Not Lighted,Clear
Georgia,130540,3,LIBERTY (179),HINESVILLE,May,Friday,State Highway,Urban,31.78561111,-81.61081111,Motor Vehicle In-Transport,Angle,Dark - Lighted,Clear
Georgia,130546,2,HOUSTON (153),WARNER ROBINS,May,Saturday,State Highway,Urban,32.618275,-83.66701667,Utility Pole/Light Support,The First Harmful Event was Not a Collision with a Motor Vehicle in Transport,Daylight,Clear
Georgia,130547,3,WHITE (311),CLEVELAND,May,Saturday,U.S. Highway,Rural,34.63560278,-83.82786389,Motor Vehicle In-Transport,Front-to-Front,Daylight,Clear
Georgia,130548,3,BARTOW (15),CARTERSVILLE,May,Sunday,State Highway,Urban,34.21825278,-84.79174167,Motor Vehicle In-Transport,Angle,Daylight,Clear
Georgia,130551,1,FORSYTH (117),CUMMING,May,Sunday,State Highway,Urban,34.23079444,-84.12536111,Pedestrian,The First Harmful Event was Not a Collision with a Motor Vehicle in Transport,Dark - Lighted,Clear
Georgia,130552,2,FULTON (121),ATLANTA,May,Sunday,Interstate,Urban,33.79426389,-84.39149167,Motor Vehicle In-Transport,Sideswipe - Same Direction,Dark - Lighted,Clear
Georgia,130555,1,FULTON (121),EAST POINT,May,Monday,Local Street - Municipality,Urban,33.65425833,-84.49215,Tree (Standing Only),The First Harmful Event was Not a Collision with a Motor Vehicle in Transport,Dark - Lighted,Clear
Georgia,130558,2,BIBB (21),MACON,May,Tuesday,Local Street - Municipality,Urban,32.791075,-83.67166944,Motor Vehicle In-Transport,Front-to-Front,Daylight,Clear
Georgia,130564,1,COBB (67),SMYRNA,May,Wednesday,Local Street - Municipality,Urban,33.84308889,-84.528875,Tree (Standing Only),The First Harmful Event was Not a Collision with a Motor Vehicle in Transport,Daylight,Clear
Georgia,130566,3,DODGE (91),CHESTER,May,Wednesday,Local Street - Municipality,Rural,32.39723889,-83.15601389,Motor Vehicle In-Transport,Angle,Daylight,Clear
Georgia,130567,1,FULTON (121),ATLANTA,May,Wednesday,Local Street - Municipality,Urban,33.76333056,-84.39051111,Curb,The First Harmful Event was Not a Collision with a Motor Vehicle in Transport,Dark - Lighted,Clear
Georgia,130569,3,CLARKE (59),ATHENS,May,Thursday,Local Street - Municipality,Urban,33.90517778,-83.31608333,Motor Vehicle In-Transport,Angle,Daylight,Cloudy
Georgia,130571,1,DEKALB (89),STONE MOUNTAIN,May,Thursday,Local Street - Municipality,Urban,33.78665278,-84.21804167,Non-Motorist on Personal Conveyance,The First Harmful Event was Not a Collision with a Motor Vehicle in Transport,Daylight,Clear
Georgia,130575,2,HALL (139),GAINESVILLE,May,Friday,County Road,Urban,34.2781,-83.85520278,Motor Vehicle In-Transport,Angle,Dark - Not Lighted,Clear
Georgia,130576,5,RICHMOND (245),HEPHZIBAH,May,Friday,County Road,Urban,33.37752222,-82.07710833,Motor Vehicle In-Transport,Angle,Daylight,Clear
Georgia,130578,1,DEKALB (89),CLARKSTON,March,Monday,County Road,Urban,33.81591111,-84.23541389,Pedestrian,The First Harmful Event was Not a Collision with a Motor Vehicle in Transport,Daylight,Cloudy
Georgia,130584,1,FULTON (121),ATLANTA,June,Saturday,State Highway,Urban,33.77029167,-84.47306667,Curb,The First Harmful Event was Not a Collision with a Motor Vehicle in Transport,Dark - Lighted,Clear
Georgia,130585,4,GLYNN (127),SAINT SIMONS ISLAND,June,Saturday,County Road,Urban,31.13555833,-81.38815556,Motor Vehicle In-Transport,Front-to-Front,Daylight,Clear
Georgia,130587,1,CHATHAM (51),POOLER,June,Sunday,Local Street - Municipality,Urban,32.08495,-81.23870278,Curb,The First Harmful Event was Not a Collision with a Motor Vehicle in Transport,Daylight,Clear
Georgia,130589,1,FULTON (121),ATLANTA,June,Sunday,Interstate,Urban,33.83124444,-84.42716667,Concrete Traffic Barrier,The First Harmful Event was Not a Collision with a Motor Vehicle in Transport,Daylight,Clear
Georgia,130592,2,WALTON (297),MONROE,June,Sunday,U.S. Highway,Urban,33.81786944,-83.80768611,Motor Vehicle In-Transport,Angle,Daylight,Clear
Georgia,130594,2,CARROLL (45),TEMPLE,June,Monday,U.S. Highway,Urban,33.73194722,-85.04450556,Motor Vehicle In-Transport,Front-to-Rear,Daylight,Clear
Georgia,130599,3,BIBB (21),MACON,June,Tuesday,U.S. Highway,Urban,32.71660278,-83.64887778,Pedestrian,The First Harmful Event was Not a Collision with a Motor Vehicle in Transport,Daylight,Clear
Georgia,130600,6,FULTON (121),ATLANTA,June,Tuesday,U.S. Highway,Urban,33.78155556,-84.40749722,Motor Vehicle In-Transport,Angle,Daylight,Clear
Georgia,130601,6,FULTON (121),ATLANTA,June,Tuesday,State Highway,Urban,33.75187222,-84.46746667,Motor Vehicle In-Transport,Angle,Daylight,Clear
Georgia,130604,1,HALL (139),GAINESVILLE,June,Wednesday,U.S. Highway,Urban,34.28065278,-83.78488889,Pedestrian,The First Harmful Event was Not a Collision with a Motor Vehicle in Transport,Daylight,Cloudy
Georgia,130610,4,FULTON (121),FAIRBURN,June,Thursday,U.S. Highway,Urban,33.54924444,-84.60475278,Motor Vehicle In-Transport,Angle,Daylight,Cloudy
Georgia,130611,1,COBB (67),MARIETTA,June,Friday,Local Street - Municipality,Urban,33.94686944,-84.56530278,Tree (Standing Only),The First Harmful Event was Not a Collision with a Motor Vehicle in Transport,Daylight,Rain