State,Case Number,Persons,County,City,Month,Day,Route,Rural/Urban,Latitude,Longitude,First Harmful Event,Manner of Collision,Light Conditions,Weather
Georgia,130614,4,FLOYD (115),ROME,June,Saturday,Local Street - Municipality,Urban,34.23765833,-85.15971944,Motor Vehicle In-Transport,Angle,Dark - Lighted,Cloudy
Georgia,130617,2,ROCKDALE (247),CONYERS,June,Saturday,State Highway,Urban,33.68540278,-83.99886667,Pedestrian,The First Harmful Event was Not a Collision with a Motor Vehicle in Transport,Dark - Not Lighted,Cloudy
Georgia,130624,1,BIBB (21),MACON,June,Monday,U.S. Highway,Urban,32.78516667,-83.66682778,Pedestrian,The First Harmful Event was Not a Collision with a Motor Vehicle in Transport,Dark - Not Lighted,Clear
Georgia,130631,4,MUSCOGEE (215),COLUMBUS,June,Wednesday,U.S. Highway,Urban,32.48081667,-84.98767222,Motor Vehicle In-Transport,Sideswipe - Same Direction,Daylight,Cloudy
Georgia,130632,4,DEKALB (89),CLARKSTON,June,Thursday,Local Street - Municipality,Urban,33.80404722,-84.23891944,Pedalcyclist,The First Harmful Event was Not a Collision with a Motor Vehicle in Transport,Daylight,Clear
Georgia,130636,4,CHEROKEE (57),CANTON,April,Tuesday,State Highway,Urban,34.25549444,-84.46563056,Motor Vehicle In-Transport,Angle,Daylight,Clear
Georgia,130637,2,COBB (67),SMYRNA,May,Friday,Local Street - Municipality,Urban,33.89432778,-84.52136111,Motor Vehicle In-Transport,Front-to-Rear,Dawn,Clear
Georgia,130647,5,LIBERTY (179),FORT STEWART,June,Sunday,State Highway,Urban,31.91023611,-81.66733611,Motor Vehicle In-Transport,Front-to-Front,Daylight,Clear
Georgia,130650,2,ROCKDALE (247),CONYERS,June,Monday,Local Street - Municipality,Urban,33.66804722,-84.03879167,Motor Vehicle In-Transport,Front-to-Front,Dark - Lighted,Clear
Georgia,130652,1,CHEROKEE (57),CANTON,June,Tuesday,Interstate,Urban,34.21355278,-84.49096389,Tree (Standing Only),The First Harmful Event was Not a Collision with a Motor Vehicle in Transport,Dark - Not Lighted,Cloudy
Georgia,130654,2,RICHMOND (245),AUGUSTA,June,Tuesday,Local Street - Municipality,Urban,33.46326667,-82.03736667,Motor Vehicle In-Transport,Front-to-Front,Daylight,Cloudy
Georgia,130655,3,DEKALB (89),CLARKSTON,June,Wednesday,Local Street - Municipality,Urban,33.80789167,-84.22504167,Motor Vehicle In-Transport,Front-to-Front,Daylight,Clear
Georgia,130659,1,COFFEE (69),DOUGLAS,June,Friday,State Highway,Urban,31.51901944,-82.82440556,Pedalcyclist,The First Harmful Event was Not a Collision with a Motor Vehicle in Transport,Dark - Not Lighted,Cloudy
Georgia,130660,2,HALL (139),GAINESVILLE,June,Friday,U.S. Highway,Urban,34.31565556,-83.79979444,Motor Vehicle In-Transport,Front-to-Front,Daylight,Clear
Georgia,130664,6,FLOYD (115),ROME,June,Saturday,State Highway,Urban,34.27084167,-85.22165,Motor Vehicle In-Transport,Angle,Daylight,Clear
Georgia,130666,4,PUTNAM (237),EATONTON,June,Saturday,Local Street - Municipality,Rural,33.29870278,-83.40824167,Embankment,The First Harmful Event was Not a Collision with a Motor Vehicle in Transport,Dark - Not Lighted,Clear
Georgia,130672,2,JEFF DAVIS (161),HAZLEHURST,June,Monday,State Highway,Rural,31.86170278,-82.57928056,Motor Vehicle In-Transport,Angle,Dark - Not Lighted,Cloudy
Georgia,130678,3,FULTON (121),SANDY SPRINGS,June,Friday,Local Street - Municipality,Urban,33.92289167,-84.37919167,Motor Vehicle In-Transport,Angle,Daylight,Clear
Georgia,130688,1,FULTON (121),ATLANTA,June,Sunday,Local Street - Municipality,Urban,33.68105278,-84.39015278,Pedestrian,The First Harmful Event was Not a Collision with a Motor Vehicle in Transport,Dark - Lighted,Clear
Georgia,130690,2,GWINNETT (135),SNELLVILLE,June,Sunday,State Highway,Urban,33.87017222,-84.01514722,Motor Vehicle In-Transport,Angle,Dark - Not Lighted,Clear
Georgia,130694,1,BERRIEN (19),ENIGMA,July,Tuesday,Local Street - Municipality,Rural,31.40096111,-83.33013056,Tree (Standing Only),The First Harmful Event was Not a Collision with a Motor Vehicle in Transport,Daylight,Clear
Georgia,130703,2,TAYLOR (269),REYNOLDS,July,Thursday,Local Street - Municipality,Rural,32.55902222,-84.09033611,Railway Vehicle,The First Harmful Event was Not a Collision with a Motor Vehicle in Transport,Daylight,Clear
Georgia,130712,1,POLK (233),ROCKMART,July,Saturday,U.S. Highway,Urban,33.99774444,-85.02568889,Embankment,The First Harmful Event was Not a Collision with a Motor Vehicle in Transport,Dark - Not Lighted,Cloudy
Georgia,130715,3,FLOYD (115),ROME,July,Sunday,State Highway,Urban,34.26666111,-85.15554722,Motor Vehicle In-Transport,Angle,Daylight,Clear
Georgia,130716,1,FORSYTH (117),CUMMING,July,Sunday,County Road,Urban,34.31358889,-84.08009444,Curb,The First Harmful Event was Not a Collision with a Motor Vehicle in Transport,Dark - Lighted,Clear
Georgia,130717,1,FULTON (121),ATLANTA,July,Sunday,U.S. Highway,Urban,33.68408056,-84.40782778,Bridge Pier or Support,The First Harmful Event was Not a Collision with a Motor Vehicle in Transport,Daylight,Clear
Georgia,130737,2,ELBERT (105),ELBERTON,July,Thursday,State Highway,Urban,34.11246944,-82.87051944,Curb,The First Harmful Event was Not a Collision with a Motor Vehicle in Transport,Dark - Lighted,Cloudy
Georgia,130738,1,FULTON (121),SANDY SPRINGS,July,Thursday,State Highway,Urban,33.929475,-84.37924167,Pedestrian,The First Harmful Event was Not a Collision with a Motor Vehicle in Transport,Daylight,Clear
Georgia,130739,1,GWINNETT (135),DULUTH,July,Thursday,County Road,Urban,33.96914167,-84.14727778,Non-Motorist on Personal Conveyance,The First Harmful Event was Not a Collision with a Motor Vehicle in Transport,Dark - Not Lighted,Clear
Georgia,130742,2,RICHMOND (245),HEPHZIBAH,July,Thursday,U.S. Highway,Urban,33.40703056,-82.09883333,Motor Vehicle In-Transport,Front-to-Rear,Dusk,Cloudy
Georgia,130745,5,RICHMOND (245),AUGUSTA,July,Friday,U.S. Highway,Urban,33.43796389,-82.00776944,Motor Vehicle In-Transport,Front-to-Rear,Dark - Lighted,Clear
Georgia,130746,5,CHATHAM (51),POOLER,July,Saturday,Interstate,Urban,32.0749,-81.25419722,Parked Motor Vehicle,The First Harmful Event was Not a Collision with a Motor Vehicle in Transport,Dark - Not Lighted,Clear
Georgia,130748,2,GLYNN (127),BRUNSWICK,July,Saturday,Local Street - Municipality,Urban,31.17395,-81.48587222,Motor Vehicle In-Transport,Front-to-Front,Dark - Lighted,Clear
Georgia,130752,1,FULTON (121),ATLANTA,July,Sunday,Local Street - Municipality,Urban,33.70551389,-84.46006111,Pedestrian,The First Harmful Event was Not a Collision with a Motor Vehicle in Transport,Dark - Lighted,Clear
Georgia,130754,3,TROUP (285),HOGANSVILLE,July,Sunday,State Highway,Rural,33.17749444,-84.91360556,Tree (Standing Only),The First Harmful Event was Not a Collision with a Motor Vehicle in Transport,Daylight,Clear
Georgia,130756,10,FULTON (121),UNION CITY,July,Monday,Local Street - Municipality,Urban,33.59598889,-84.49956667,Motor Vehicle In-Transport,Front-to-Rear,Daylight,Cloudy
Georgia,130757,2,ROCKDALE (247),CONYERS,July,Monday,Interstate,Urban,33.69078056,-84.07063056,Guardrail Face,The First Harmful Event was Not a Collision with a Motor Vehicle in Transport,Daylight,Clear
Georgia,130760,1,COBB (67),ACWORTH,July,Tuesday,State Highway,Urban,34.03501667,-84.67985556,Pedestrian,The First Harmful Event was Not a Collision with a Motor Vehicle in Transport,Dark - Not Lighted,Clear
Georgia,130761,5,FULTON (121),ATLANTA,July,Tuesday,Interstate,Urban,33.786925,-84.49310833,Motor Vehicle In-Transport,Sideswipe - Same Direction,Dark - Not Lighted,Clear
Georgia,130764,2,FULTON (121),ATLANTA,July,Wednesday,Local Street - Municipality,Urban,33.69902222,-84.45828333,Tree (Standing Only),The First Harmful Event was Not a Collision with a Motor Vehicle in Transport,Daylight,Rain
Georgia,130765,1,FULTON (121),ATLANTA,July,Wednesday,Local Street - Municipality,Urban,33.78853056,-84.38778333,Non-Motorist on Personal Conveyance,The First Harmful Event was Not a Collision with a Motor Vehicle in Transport,Dark - Lighted,Clear
Georgia,130766,1,FULTON (121),SANDY SPRINGS,July,Wednesday,Local Street - Municipality,Urban,33.95992222,-84.36549167,Pedalcyclist,The First Harmful Event was Not a Collision with a Motor Vehicle in Transport,Dark - Not Lighted,Clear
Georgia,130768,2,DOUGLAS (97),DOUGLASVILLE,July,Thursday,Interstate,Urban,33.75363056,-84.70736944,Motor Vehicle In-Transport,Front-to-Rear,Dark - Not Lighted,Clear
Georgia,130769,5,FULTON (121),ATLANTA,July,Saturday,State Highway,Urban,33.76588333,-84.51110278,Motor Vehicle In-Transport,Angle,Dark - Lighted,Clear
Georgia,130775,2,MUSCOGEE (215),COLUMBUS,July,Sunday,U.S. Highway,Urban,32.40538333,-84.93004444,Pedestrian,The First Harmful Event was Not a Collision with a Motor Vehicle in Transport,Dark - Lighted,Clear
Georgia,130778,3,RICHMOND (245),AUGUSTA,July,Monday,State Highway,Urban,33.47588056,-81.97361667,Motor Vehicle In-Transport,Angle,Daylight,Cloudy
Georgia,130783,1,WILKINSON (319),MCINTYRE,July,Wednesday,Local Street - Municipality,Rural,32.833775,-83.16958889,Ditch,The First Harmful Event was Not a Collision with a Motor Vehicle in Transport,Dark - Not Lighted,Clear
Georgia,130785,1,RICHMOND (245),AUGUSTA,July,Thursday,Local Street - Municipality,Urban,33.24013333,-81.99026111,Rollover/Overturn,The First Harmful Event was Not a Collision with a Motor Vehicle in Transport,Daylight,Clear
Georgia,130786,2,RICHMOND (245),AUGUSTA,July,Thursday,Local Street - Municipality,Urban,33.51125278,-82.05674444,Motor Vehicle In-Transport,Angle,Daylight,Clear
Georgia,130789,2,DEKALB (89),ATLANTA,July,Saturday,Interstate,Urban,33.715225,-84.30198889,Motor Vehicle In-Transport,Sideswipe - Same Direction,Dark - Not Lighted,Cloudy
Georgia,130790,1,FULTON (121),ATLANTA,July,Saturday,Local Street - Municipality,Urban,33.78664167,-84.38464722,Non-Motorist on Personal Conveyance,The First Harmful Event was Not a Collision with a Motor Vehicle in Transport,Dark - Lighted,Clear
Georgia,130793,2,CLARKE (59),ATHENS,July,Sunday,U.S. Highway,Urban,33.97066667,-83.40131111,Culvert,The First Harmful Event was Not a Collision with a Motor Vehicle in Transport,Dark - Not Lighted,Clear
Georgia,130795,1,FULTON (121),COLLEGE PARK,July,Sunday,Interstate,Urban,33.61978889,-84.48453333,Rollover/Overturn,The First Harmful Event was Not a Collision with a Motor Vehicle in Transport,Dark - Not Lighted,Clear
Georgia,130799,2,COBB (67),MARIETTA,July,Wednesday,Interstate,Urban,33.97688056,-84.53495,Parked Motor Vehicle,The First Harmful Event was Not a Collision with a Motor Vehicle in Transport,Daylight,Clear
Georgia,130802,3,COBB (67),KENNESAW,July,Tuesday,Local Street - Municipality,Urban,33.99527778,-84.59176389,Motor Vehicle In-Transport,Angle,Daylight,Clear
Georgia,130803,3,HALL (139),GAINESVILLE,August,Thursday,U.S. Highway,Urban,34.2971,-83.820475,Pedestrian,The First Harmful Event was Not a Collision with a Motor Vehicle in Transport,Dark - Lighted,Rain
Georgia,130807,1,DEKALB (89),DECATUR,August,Friday,County Road,Urban,33.77366944,-84.31241944,Curb,The First Harmful Event was Not a Collision with a Motor Vehicle in Transport,Daylight,Cloudy
Georgia,130810,2,GWINNETT (135),SNELLVILLE,August,Friday,County Road,Urban,33.87628333,-84.02423333,Tree (Standing Only),The First Harmful Event was Not a Collision with a Motor Vehicle in Transport,Daylight,Clear
Georgia,130811,2,LIBERTY (179),FLEMINGTON,August,Friday,U.S. Highway,Urban,31.85905556,-81.56287778,Curb,The First Harmful Event was Not a Collision with a Motor Vehicle in Transport,Daylight,Cloudy
Georgia,130814,1,CHEROKEE (57),CANTON,August,Saturday,State Highway,Urban,34.24556667,-84.48237778,Curb,The First Harmful Event was Not a Collision with a Motor Vehicle in Transport,Daylight,Cloudy
Georgia,130816,3,HARALSON (143),WACO,August,Saturday,U.S. Highway,Urban,33.70514167,-85.17951389,Motor Vehicle In-Transport,Front-to-Front,Dark - Not Lighted,Clear
Georgia,130819,1,FULTON (121),ATLANTA,August,Sunday,Interstate,Urban,33.76491111,-84.49313889,Concrete Traffic Barrier,The First Harmful Event was Not a Collision with a Motor Vehicle in Transport,Dark - Lighted,Clear
Georgia,130820,1,FULTON (121),ATLANTA,August,Sunday,Interstate,Urban,33.7646,-84.49305,Concrete Traffic Barrier,The First Harmful Event was Not a Collision with a Motor Vehicle in Transport,Dark - Lighted,Clear
Georgia,130823,2,FULTON (121),SANDY SPRINGS,August,Monday,U.S. Highway,Urban,33.98198889,-84.34176944,Motor Vehicle In-Transport,Front-to-Rear,Dark - Not Lighted,Clear
Georgia,130824,1,COWETA (77),NEWNAN,August,Tuesday,U.S. Highway,Urban,33.37323333,-84.80065556,Pedestrian,The First Harmful Event was Not a Collision with a Motor Vehicle in Transport,Dark - Not Lighted,"Fog, Smog, Smoke"
Georgia,130826,1,FULTON (121),EAST POINT,August,Tuesday,Local Street - Municipality,Urban,33.68588611,-84.44740556,Non-Motorist on Personal Conveyance,The First Harmful Event was Not a Collision with a Motor Vehicle in Transport,Dark - Not Lighted,Clear
Georgia,130828,3,WHITE (311),CLEVELAND,August,Tuesday,U.S. Highway,Rural,34.50804722,-83.75639722,Motor Vehicle In-Transport,Front-to-Front,Daylight,Clear
Georgia,130829,2,COBB (67),MARIETTA,August,Wednesday,State Highway,Urban,33.94255,-84.53158056,Pedestrian,The First Harmful Event was Not a Collision with a Motor Vehicle in Transport,Dark - Lighted,Clear
Georgia,130831,1,GWINNETT (135),SUWANEE,August,Wednesday,County Road,Urban,34.02833333,-84.05865,Pedestrian,The First Harmful Event was Not a Collision with a Motor Vehicle in Transport,Dark - Not Lighted,Clear
Georgia,130832,2,HALL (139),FLOWERY BRANCH,August,Wednesday,Local Street - Municipality,Urban,34.18244167,-83.92678889,Railway Vehicle,The First Harmful Event was Not a Collision with a Motor Vehicle in Transport,Daylight,Clear
Georgia,130833,1,BIBB (21),MACON,August,Thursday,U.S. Highway,Urban,32.76203889,-83.66167778,Rollover/Overturn,The First Harmful Event was Not a Collision with a Motor Vehicle in Transport,Daylight,Clear
Georgia,130836,2,FLOYD (115),ROME,August,Thursday,U.S. Highway,Urban,34.28799722,-85.15421667,Tree (Standing Only),The First Harmful Event was Not a Collision with a Motor Vehicle in Transport,Daylight,Clear
Georgia,130840,4,COBB (67),MARIETTA,August,Friday,U.S. Highway,Urban,33.90696111,-84.491075,Motor Vehicle In-Transport,Front-to-Front,Daylight,Clear
Georgia,130841,3,COBB (67),MARIETTA,August,Friday,Local Street - Municipality,Urban,33.95016389,-84.53593611,Motor Vehicle In-Transport,Angle,Daylight,Clear
Georgia,130844,3,CHEROKEE (57),WOODSTOCK,August,Saturday,County Road,Urban,34.12533333,-84.49943333,Motor Vehicle In-Transport,Front-to-Front,Dark - Not Lighted,Clear
Georgia,130845,4,DOUGLAS (97),DOUGLASVILLE,August,Saturday,State Highway,Urban,33.71658056,-84.76602222,Motor Vehicle In-Transport,Front-to-Rear,Dark - Lighted,Cloudy
Georgia,130848,1,MUSCOGEE (215),COLUMBUS,August,Saturday,County Road,Urban,32.45526389,-84.92251389,"Post, Pole or Other Supports",The First Harmful Event was Not a Collision with a Motor Vehicle in Transport,Dark - Not Lighted,Clear
Georgia,130856,2,FLOYD (115),ROME,August,Tuesday,U.S. Highway,Urban,34.21558333,-85.11811944,Rollover/Overturn,The First Harmful Event was Not a Collision with a Motor Vehicle in Transport,Daylight,Clear
Georgia,130858,3,HOUSTON (153),PERRY,August,Tuesday,U.S. Highway,Urban,32.4896,-83.6108,Motor Vehicle In-Transport,Front-to-Front,Dark - Not Lighted,Clear
Georgia,130861,1,FULTON (121),ATLANTA,August,Wednesday,Interstate,Urban,33.75686111,-84.46886944,Pedestrian,The First Harmful Event was Not a Collision with a Motor Vehicle in Transport,Dark - Lighted,Clear
Georgia,130863,4,HENRY (151),LOCUST GROVE,August,Wednesday,U.S. Highway,Urban,33.34163333,-84.10231944,Motor Vehicle In-Transport,Sideswipe - Same Direction,Daylight,Clear
Georgia,130868,1,CARROLL (45),CARROLLTON,August,Thursday,State Highway,Urban,33.56923611,-85.048675,Pedalcyclist,The First Harmful Event was Not a Collision with a Motor Vehicle in Transport,Dark - Not Lighted,Clear
Georgia,130869,4,CLARKE (59),ATHENS,August,Thursday,Local Street - Municipality,Urban,33.98894167,-83.42599444,Motor Vehicle In-Transport,Sideswipe - Opposite Direction,Daylight,Cloudy
Georgia,130871,2,HARALSON (143),BUCHANAN,August,Thursday,U.S. Highway,Rural,33.80361389,-85.17690833,Motor Vehicle In-Transport,Angle,Daylight,Clear
Georgia,130873,4,DOUGHERTY (95),ALBANY,August,Friday,Local Street - Municipality,Urban,31.61348056,-84.21976111,Motor Vehicle In-Transport,Angle,Daylight,Clear
Georgia,130874,1,FULTON (121),ATLANTA,August,Friday,Local Street - Municipality,Urban,33.73368333,-84.44746944,Rollover/Overturn,The First Harmful Event was Not a Collision with a Motor Vehicle in Transport,Dark - Not Lighted,Clear
Georgia,130875,1,HOUSTON (153),PERRY,August,Friday,State Highway,Urban,32.45453056,-83.69325278,Other Fixed Object,The First Harmful Event was Not a Collision with a Motor Vehicle in Transport,Dark - Lighted,Clear
Georgia,130878,2,BIBB (21),MACON,August,Saturday,Local Street - Municipality,Urban,32.820475,-83.69344722,Motor Vehicle In-Transport,Angle,Dusk,Clear
Georgia,130879,1,BIBB (21),MACON,August,Saturday,State Highway,Urban,32.92799722,-83.71294444,Rollover/Overturn,The First Harmful Event was Not a Collision with a Motor Vehicle in Transport,Dark - Lighted,Clear
Georgia,130881,2,DEKALB (89),LITHONIA,August,Saturday,Local Street - Municipality,Urban,33.66248056,-84.16979722,Wall,The First Harmful Event was Not a Collision with a Motor Vehicle in Transport,Daylight,Clear
Georgia,130886,3,FULTON (121),UNION CITY,August,Sunday,State Highway,Urban,33.59412222,-84.54958056,Pedestrian,The First Harmful Event was Not a Collision with a Motor Vehicle in Transport,Dark - Lighted,Clear
Georgia,130889,1,SPALDING (255),GRIFFIN,August,Sunday,Local Street - Municipality,Urban,33.24851389,-84.25832778,Pedestrian,The First Harmful Event was Not a Collision with a Motor Vehicle in Transport,Dark - Not Lighted,Cloudy
Georgia,130902,2,FULTON (121),ATLANTA,August,Thursday,Local Street - Municipality,Urban,33.74494444,-84.55971389,Motor Vehicle In-Transport,Angle,Dark - Not Lighted,Clear
Georgia,130903,1,FULTON (121),ATLANTA,August,Thursday,State Highway,Urban,33.69006944,-84.49989167,Pedestrian,The First Harmful Event was Not a Collision with a Motor Vehicle in Transport,Dark - Not Lighted,Clear
Georgia,130906,2,CHATHAM (51),POOLER,August,Saturday,Interstate,Urban,32.07928333,-81.24327222,Tree (Standing Only),The First Harmful Event was Not a Collision with a Motor Vehicle in Transport,Dark - Not Lighted,Cloudy
Georgia,130909,1,TELFAIR (271),MILAN,August,Saturday,State Highway,Rural,32.02003611,-83.04943056,Pedestrian,The First Harmful Event was Not a Collision with a Motor Vehicle in Transport,Dark - Not Lighted,Cloudy
Georgia,130912,1,FULTON (121),ATLANTA,August,Sunday,Local Street - Municipality,Urban,33.77703333,-84.50165833,Parked Motor Vehicle,The First Harmful Event was Not a Collision with a Motor Vehicle in Transport,Dark - Not Lighted,Cloudy
Georgia,130915,3,DEKALB (89),TUCKER,August,Monday,Local Street - Municipality,Urban,33.82248333,-84.19490556,Pedestrian,The First Harmful Event was Not a Collision with a Motor Vehicle in Transport,Dark - Not Lighted,Rain
Georgia,130919,1,GWINNETT (135),SNELLVILLE,August,Tuesday,State Highway,Urban,33.85599444,-84.02492222,"Cargo/Equipment Loss, Shift, or Damage [harmful]",The First Harmful Event was Not a Collision with a Motor Vehicle in Transport,Daylight,Cloudy
Georgia,130920,5,HARALSON (143),BREMEN,August,Wednesday,U.S. Highway,Urban,33.72810556,-85.14898056,Motor Vehicle In-Transport,Front-to-Rear,Dark - Not Lighted,Clear
Georgia,130921,2,CHATHAM (51),SAVANNAH,August,Thursday,Local Street - Municipality,Urban,32.02448333,-81.09251389,Motor Vehicle In-Transport,Angle,Daylight,Clear
Georgia,130922,2,CHATHAM (51),SAVANNAH,August,Thursday,Local Street - Municipality,Urban,32.13825833,-81.22680833,Motor Vehicle In-Transport,Angle,Dark - Not Lighted,Clear
Georgia,130928,1,CLARKE (59),ATHENS,August,Saturday,Local Street - Municipality,Urban,33.99437222,-83.33409444,Traffic Sign Support,The First Harmful Event was Not a Collision with a Motor Vehicle in Transport,Dark - Lighted,Clear
Georgia,130934,4,FULTON (121),ROSWELL,September,Sunday,Local Street - Municipality,Urban,34.09280833,-84.40378056,Motor Vehicle In-Transport,Angle,Daylight,Clear
Georgia,130935,1,GORDON (129),CALHOUN,September,Sunday,County Road,Urban,34.48047778,-84.93585556,Tree (Standing Only),The First Harmful Event was Not a Collision with a Motor Vehicle in Transport,Dark - Not Lighted,Clear
Georgia,130939,2,DEKALB (89),TUCKER,September,Tuesday,County Road,Urban,33.82504167,-84.23334444,Rollover/Overturn,The First Harmful Event was Not a Collision with a Motor Vehicle in Transport,Dark - Lighted,Clear
Georgia,130943,1,HALL (139),OAKWOOD,September,Thursday,State Highway,Urban,34.24669444,-83.88507778,Pedestrian,The First Harmful Event was Not a Collision with a Motor Vehicle in Transport,Dark - Not Lighted,Clear
Georgia,130944,4,DOUGHERTY (95),ALBANY,September,Friday,State Highway,Urban,31.55278333,-84.15385556,Motor Vehicle In-Transport,Front-to-Rear,Daylight,Clear
Georgia,130945,2,FULTON (121),PALMETTO,September,Friday,U.S. Highway,Urban,33.53390278,-84.64683611,Motor Vehicle In-Transport,Front-to-Front,Daylight,Clear
Georgia,130946,1,FULTON (121),ATLANTA,September,Friday,U.S. Highway,Urban,33.77616389,-84.46625556,Pedestrian,The First Harmful Event was Not a Collision with a Motor Vehicle in Transport,Daylight,Clear
Georgia,130948,1,CLARKE (59),ATHENS,September,Saturday,U.S. Highway,Urban,33.946125,-83.34813889,Pedestrian,The First Harmful Event was Not a Collision with a Motor Vehicle in Transport,Dark - Not Lighted,Clear
Georgia,130949,6,FULTON (121),ATLANTA,September,Saturday,U.S. Highway,Urban,33.78446944,-84.48841944,Motor Vehicle In-Transport,Front-to-Front,Dark - Lighted,Clear
Georgia,130952,3,BIBB (21),MACON,September,Monday,County Road,Rural,32.78728611,-83.82125556,Motor Vehicle In-Transport,Front-to-Front,Daylight,Clear
Georgia,130953,2,CLARKE (59),ATHENS,September,Monday,County Road,Urban,33.98053611,-83.39565278,Pedestrian,The First Harmful Event was Not a Collision with a Motor Vehicle in Transport,Dark - Not Lighted,Clear
Georgia,130954,1,CRISP (81),CORDELE,September,Monday,Local Street - Municipality,Urban,31.95296389,-83.78769444,Pedestrian,The First Harmful Event was Not a Collision with a Motor Vehicle in Transport,Dark - Not Lighted,Clear
Georgia,130958,3,RICHMOND (245),AUGUSTA,September,Monday,State Highway,Urban,33.39294167,-82.00514167,Motor Vehicle In-Transport,Front-to-Rear,Dark - Not Lighted,Clear
Georgia,130960,1,TELFAIR (271),MCRAE,September,Tuesday,U.S. Highway,Urban,32.07149167,-82.91114722,Pedestrian,The First Harmful Event was Not a Collision with a Motor Vehicle in Transport,Dark - Lighted,Clear
Georgia,130961,2,BIBB (21),MACON,September,Wednesday,State Highway,Urban,32.87123333,-83.662425,Pedestrian,The First Harmful Event was Not a Collision with a Motor Vehicle in Transport,Daylight,Clear
Georgia,130964,3,JACKSON (157),BRASELTON,September,Wednesday,State Highway,Urban,34.10045278,-83.79171111,Motor Vehicle In-Transport,Angle,Daylight,Clear
Georgia,130966,1,POLK (233),CEDARTOWN,September,Wednesday,U.S. Highway,Urban,34.03785556,-85.24163333,Pedalcyclist,The First Harmful Event was Not a Collision with a Motor Vehicle in Transport,Dark - Not Lighted,Clear
Georgia,130968,3,WHITFIELD (313),DALTON,September,Wednesday,U.S. Highway,Urban,34.76159722,-84.95776667,Motor Vehicle In-Transport,Angle,Daylight,Clear
Georgia,130969,1,CHATHAM (51),SAVANNAH,September,Thursday,Interstate,Urban,32.04366389,-81.14638611,Guardrail Face,The First Harmful Event was Not a Collision with a Motor Vehicle in Transport,Daylight,Clear
Georgia,130971,6,DOUGLAS (97),DOUGLASVILLE,September,Thursday,State Highway,Urban,33.72881111,-84.76218889,Motor Vehicle In-Transport,Front-to-Rear,Daylight,Clear
Georgia,130973,2,LOWNDES (185),VALDOSTA,September,Thursday,U.S. Highway,Urban,30.82324444,-83.30444167,Motor Vehicle In-Transport,Front-to-Front,Daylight,Clear
Georgia,130974,1,BIBB (21),MACON,September,Friday,County Road,Urban,32.90851667,-83.71057778,Ditch,The First Harmful Event was Not a Collision with a Motor Vehicle in Transport,Dark - Not Lighted,Clear
Georgia,130975,2,COBB (67),POWDER SPRINGS,September,Friday,Local Street - Municipality,Urban,33.85969167,-84.65719167,Motor Vehicle In-Transport,Angle,Daylight,Clear
Georgia,130977,1,FULTON (121),FAIRBURN,September,Friday,Local Street - Municipality,Urban,33.53230556,-84.60210556,Fell/Jumped from Vehicle,The First Harmful Event was Not a Collision with a Motor Vehicle in Transport,Dark - Not Lighted,Cloudy
Georgia,130978,1,EFFINGHAM (103),GUYTON,September,Saturday,State Highway,Rural,32.32196667,-81.39016389,Tree (Standing Only),The First Harmful Event was Not a Collision with a Motor Vehicle in Transport,Dark - Not Lighted,Clear
Georgia,130981,2,FULTON (121),COLLEGE PARK,September,Sunday,Interstate,Urban,33.64335556,-84.45106667,Pedestrian,The First Harmful Event was Not a Collision with a Motor Vehicle in Transport,Dark - Lighted,Clear
Georgia,130982,1,FULTON (121),ATLANTA,September,Sunday,Interstate,Urban,33.75361944,-84.49558056,Concrete Traffic Barrier,The First Harmful Event was Not a Collision with a Motor Vehicle in Transport,Dark - Lighted,Clear
Georgia,130983,3,DEKALB (89),DUNWOODY,September,Monday,Interstate,Urban,33.9202,-84.31158889,Motor Vehicle In-Transport,Front-to-Rear,Dark - Lighted,Clear
Georgia,130993,3,FULTON (121),SANDY SPRINGS,September,Thursday,State Highway,Urban,33.901675,-84.37908056,Pedestrian,The First Harmful Event was Not a Collision with a Motor Vehicle in Transport,Dark - Lighted,Clear
Georgia,130999,1,FULTON (121),ATLANTA,September,Friday,Local Street - Municipality,Urban,33.69025278,-84.50965833,Pedestrian,The First Harmful Event was Not a Collision with a Motor Vehicle in Transport,Dark - Lighted,Clear
Georgia,131000,1,FULTON (121),ROSWELL,September,Friday,Local Street - Municipality,Urban,34.00683611,-84.37505,Pedalcyclist,The First Harmful Event was Not a Collision with a Motor Vehicle in Transport,Dark - Not Lighted,Clear
Georgia,131004,1,FULTON (121),ATLANTA,September,Saturday,State Highway,Urban,33.85186111,-84.36959167,Pedestrian,The First Harmful Event was Not a Collision with a Motor Vehicle in Transport,Dark - Not Lighted,Clear
Georgia,131007,1,BIBB (21),MACON,September,Sunday,Interstate,Urban,32.84898611,-83.62830833,Rollover/Overturn,The First Harmful Event was Not a Collision with a Motor Vehicle in Transport,Dark - Lighted,Clear
Georgia,131009,2,FULTON (121),SANDY SPRINGS,September,Sunday,Local Street - Municipality,Urban,33.972875,-84.35771667,Motor Vehicle In-Transport,Angle,Daylight,Clear
Georgia,131010,1,JACKSON (157),BRASELTON,September,Sunday,State Highway,Urban,34.12034167,-83.730475,Ditch,The First Harmful Event was Not a Collision with a Motor Vehicle in Transport,Dawn,Clear
Georgia,131015,1,FULTON (121),ATLANTA,September,Tuesday,Local Street - Municipality,Urban,33.76213889,-84.53607778,Pedestrian,The First Harmful Event was Not a Collision with a Motor Vehicle in Transport,Dark - Not Lighted,Clear