State,Case Number,Persons,County,City,Month,Day,Route,Rural/Urban,Latitude,Longitude,First Harmful Event,Manner of Collision,Light Conditions,Weather
Georgia,131016,2,CAMDEN (39),KINGSLAND,September,Wednesday,Local Street - Municipality,Urban,30.81118611,-81.62637222,Pedestrian,The First Harmful Event was Not a Collision with a Motor Vehicle in Transport,Daylight,Clear
Georgia,131019,1,FULTON (121),ATLANTA,September,Wednesday,Interstate,Urban,33.83256944,-84.42642222,Tree (Standing Only),The First Harmful Event was Not a Collision with a Motor Vehicle in Transport,Dark - Unknown Lighting,Clear
Georgia,131020,1,RICHMOND (245),AUGUSTA,September,Wednesday,Local Street - Municipality,Urban,33.41873333,-82.02252222,Pedestrian,The First Harmful Event was Not a Collision with a Motor Vehicle in Transport,Dark - Not Lighted,Clear
Georgia,131021,1,BIBB (21),MACON,September,Thursday,State Highway,Urban,32.85254722,-83.61949722,Pedestrian,The First Harmful Event was Not a Collision with a Motor Vehicle in Transport,Dark - Not Lighted,Clear
Georgia,131025,5,MCDUFFIE (189),THOMSON,September,Thursday,State Highway,Urban,33.47604444,-82.471625,Motor Vehicle In-Transport,Angle,Daylight,Clear
Georgia,131030,1,FULTON (121),ATLANTA,September,Friday,Interstate,Urban,33.75986667,-84.37980278,Pedestrian,The First Harmful Event was Not a Collision with a Motor Vehicle in Transport,Dark - Not Lighted,Clear
Georgia,131036,2,BIBB (21),MACON,September,Sunday,Local Street - Municipality,Urban,32.66993056,-83.62354722,Guardrail End,The First Harmful Event was Not a Collision with a Motor Vehicle in Transport,Daylight,Clear
Georgia,131041,1,HOUSTON (153),WARNER ROBINS,September,Monday,Local Street - Municipality,Urban,32.59698611,-83.61365278,Curb,The First Harmful Event was Not a Collision with a Motor Vehicle in Transport,Daylight,Clear
Georgia,131042,2,CHATHAM (51),POOLER,September,Saturday,Interstate,Urban,32.0747,-81.2434,Rollover/Overturn,The First Harmful Event was Not a Collision with a Motor Vehicle in Transport,Dark - Not Lighted,Clear
Georgia,131047,3,MUSCOGEE (215),COLUMBUS,October,Wednesday,County Road,Urban,32.53159722,-84.92503889,Motor Vehicle In-Transport,Angle,Dark - Lighted,Clear
Georgia,131050,1,FULTON (121),ATLANTA,October,Friday,State Highway,Urban,33.69774444,-84.47463333,Pedestrian,The First Harmful Event was Not a Collision with a Motor Vehicle in Transport,Dark - Not Lighted,Clear
Georgia,131060,1,NEWTON (217),COVINGTON,October,Monday,Local Street - Municipality,Urban,33.60116111,-83.86751389,Pedestrian,The First Harmful Event was Not a Collision with a Motor Vehicle in Transport,Dark - Not Lighted,Clear
Georgia,131062,1,CLAYTON (63),JONESBORO,October,Wednesday,U.S. Highway,Urban,33.50883056,-84.35615556,Pedestrian,The First Harmful Event was Not a Collision with a Motor Vehicle in Transport,Dark - Not Lighted,Clear
Georgia,131064,5,DOUGHERTY (95),ALBANY,October,Thursday,U.S. Highway,Urban,31.57546111,-84.16150556,Motor Vehicle In-Transport,Front-to-Rear,Daylight,Clear
Georgia,131068,1,DEKALB (89),DUNWOODY,October,Friday,County Road,Urban,33.91382222,-84.31182222,Utility Pole/Light Support,The First Harmful Event was Not a Collision with a Motor Vehicle in Transport,Dusk,Clear
Georgia,131070,2,WALTON (297),SOCIAL CIRCLE,October,Friday,State Highway,Rural,33.66710556,-83.69361389,Motor Vehicle In-Transport,Front-to-Front,Dark - Not Lighted,Cloudy
Georgia,131072,2,BIBB (21),MACON,October,Saturday,Interstate,Urban,32.85234167,-83.64139722,Pedestrian,The First Harmful Event was Not a Collision with a Motor Vehicle in Transport,Dark - Not Lighted,Clear
Georgia,131073,1,CLARKE (59),ATHENS,October,Saturday,U.S. Highway,Urban,33.97893056,-83.35293056,Pedestrian,The First Harmful Event was Not a Collision with a Motor Vehicle in Transport,Dark - Unknown Lighting,Clear
Georgia,131074,1,CLAYTON (63),JONESBORO,October,Saturday,U.S. Highway,Urban,33.5737,-84.371925,Pedestrian,The First Harmful Event was Not a Collision with a Motor Vehicle in Transport,Dark - Not Lighted,Clear
Georgia,131077,11,DOUGHERTY (95),ALBANY,October,Saturday,Local Street - Municipality,Urban,31.55253889,-84.14538333,Motor Vehicle In-Transport,Sideswipe - Same Direction,Dark - Not Lighted,Clear
Georgia,131078,1,FULTON (121),ATLANTA,October,Saturday,U.S. Highway,Urban,33.65196389,-84.394375,Pedalcyclist,The First Harmful Event was Not a Collision with a Motor Vehicle in Transport,Dark - Lighted,Clear
Georgia,131080,3,MERIWETHER (199),MANCHESTER,October,Saturday,State Highway,Rural,32.85678889,-84.60463333,Pedestrian,The First Harmful Event was Not a Collision with a Motor Vehicle in Transport,Dark - Lighted,Clear
Georgia,131087,1,CRISP (81),CORDELE,October,Monday,U.S. Highway,Urban,31.96351667,-83.78855556,Pedestrian,The First Harmful Event was Not a Collision with a Motor Vehicle in Transport,Dark - Not Lighted,Clear
Georgia,131094,3,CLARKE (59),ATHENS,October,Wednesday,U.S. Highway,Urban,33.91640556,-83.40510833,Other Traffic Barrier,The First Harmful Event was Not a Collision with a Motor Vehicle in Transport,Dark - Not Lighted,Rain
Georgia,131109,6,WHITFIELD (313),DALTON,October,Monday,Interstate,Urban,34.76870833,-85.00160833,Motor Vehicle In-Transport,Sideswipe - Same Direction,Dark - Not Lighted,Cloudy
Georgia,131112,3,GORDON (129),CALHOUN,October,Tuesday,U.S. Highway,Urban,34.49034722,-84.94764722,Motor Vehicle In-Transport,Front-to-Front,Daylight,Clear
Georgia,131121,6,DOUGHERTY (95),ALBANY,October,Saturday,Local Street - Municipality,Urban,31.61086389,-84.2231,Motor Vehicle In-Transport,Front-to-Rear,Daylight,Clear
Georgia,131122,1,PEACH (225),BYRON,October,Saturday,Interstate,Urban,32.62917222,-83.74313611,Pedestrian,The First Harmful Event was Not a Collision with a Motor Vehicle in Transport,Daylight,Clear
Georgia,131125,2,FULTON (121),ATLANTA,October,Sunday,Interstate,Urban,33.76424444,-84.49193889,Motor Vehicle In-Transport,Front-to-Rear,Dark - Lighted,Clear
Georgia,131126,3,BIBB (21),MACON,October,Monday,Interstate,Urban,32.853375,-83.6414,Pedestrian,The First Harmful Event was Not a Collision with a Motor Vehicle in Transport,Dark - Not Lighted,Clear
Georgia,131130,1,MUSCOGEE (215),COLUMBUS,October,Tuesday,Local Street - Municipality,Urban,32.47853056,-84.95899722,Utility Pole/Light Support,The First Harmful Event was Not a Collision with a Motor Vehicle in Transport,Dark - Lighted,Clear
Georgia,131131,2,BIBB (21),MACON,October,Wednesday,U.S. Highway,Urban,32.70505556,-83.66324444,Motor Vehicle In-Transport,Front-to-Front,Dawn,Rain
Georgia,131132,1,CHEROKEE (57),CANTON,October,Wednesday,Interstate,Urban,34.22063333,-84.48825556,Tree (Standing Only),The First Harmful Event was Not a Collision with a Motor Vehicle in Transport,Dark - Not Lighted,Rain
Georgia,131135,1,SPALDING (255),GRIFFIN,October,Wednesday,Local Street - Municipality,Urban,33.25279722,-84.286,Pedalcyclist,The First Harmful Event was Not a Collision with a Motor Vehicle in Transport,Daylight,Cloudy
Georgia,131136,1,FULTON (121),SANDY SPRINGS,October,Thursday,Local Street - Municipality,Urban,33.88080278,-84.41004444,Thrown or Falling Object,The First Harmful Event was Not a Collision with a Motor Vehicle in Transport,Daylight,Rain
Georgia,131140,2,DOUGLAS (97),DOUGLASVILLE,September,Thursday,State Highway,Urban,33.71659167,-84.766025,Motor Vehicle In-Transport,Angle,Daylight,Clear
Georgia,131142,4,CARROLL (45),CARROLLTON,November,Saturday,State Highway,Urban,33.59404167,-85.04136389,Motor Vehicle In-Transport,Angle,Daylight,Clear
Georgia,131146,2,MUSCOGEE (215),COLUMBUS,November,Saturday,Interstate,Urban,32.60313333,-84.95225,Shrubbery,The First Harmful Event was Not a Collision with a Motor Vehicle in Transport,Dark - Not Lighted,Clear
Georgia,131152,1,DOUGHERTY (95),ALBANY,November,Monday,U.S. Highway,Urban,31.57263889,-84.06666944,Pedestrian,The First Harmful Event was Not a Collision with a Motor Vehicle in Transport,Dark - Not Lighted,Cloudy
Georgia,131163,2,BIBB (21),MACON,November,Friday,County Road,Urban,32.73238611,-83.69154167,Motor Vehicle In-Transport,Angle,Dark - Lighted,Clear
Georgia,131164,1,BIBB (21),MACON,November,Friday,State Highway,Urban,32.8265,-83.71641389,Pedestrian,The First Harmful Event was Not a Collision with a Motor Vehicle in Transport,Dark - Lighted,Clear
Georgia,131166,2,COBB (67),MARIETTA,November,Friday,Interstate,Urban,33.88802222,-84.46438056,Motor Vehicle In-Transport,Sideswipe - Same Direction,Dark - Not Lighted,Clear
Georgia,131176,2,MCDUFFIE (189),THOMSON,November,Saturday,State Highway,Urban,33.471525,-82.48293056,Motor Vehicle In-Transport,Angle,Daylight,Clear
Georgia,131177,2,RICHMOND (245),HEPHZIBAH,November,Saturday,Local Street - Municipality,Urban,33.28147222,-82.10358611,Motor Vehicle In-Transport,Front-to-Front,Dawn,Clear
Georgia,131180,5,GWINNETT (135),SUWANEE,November,Sunday,County Road,Urban,34.04572778,-84.08608056,Motor Vehicle In-Transport,Front-to-Rear,Daylight,Clear
Georgia,131181,1,RICHMOND (245),AUGUSTA,November,Sunday,U.S. Highway,Urban,33.39638333,-82.02549722,Curb,The First Harmful Event was Not a Collision with a Motor Vehicle in Transport,Daylight,Clear
Georgia,131182,1,SCHLEY (249),ELLAVILLE,November,Sunday,Local Street - Municipality,Rural,32.22910278,-84.29903889,Tree (Standing Only),The First Harmful Event was Not a Collision with a Motor Vehicle in Transport,Daylight,Clear
Georgia,131190,2,PEACH (225),FORT VALLEY,November,Monday,State Highway,Rural,32.55391944,-83.81238056,Ditch,The First Harmful Event was Not a Collision with a Motor Vehicle in Transport,Dark - Not Lighted,Clear
Georgia,131191,1,CHATHAM (51),POOLER,November,Tuesday,Local Street - Municipality,Urban,32.08994167,-81.24626389,Traffic Sign Support,The First Harmful Event was Not a Collision with a Motor Vehicle in Transport,Daylight,Rain
Georgia,131194,2,ELBERT (105),ELBERTON,November,Tuesday,State Highway,Urban,34.11288889,-82.85916667,Motor Vehicle In-Transport,Front-to-Front,Daylight,Cloudy
Georgia,131197,1,MUSCOGEE (215),COLUMBUS,November,Tuesday,Local Street - Municipality,Urban,32.46647778,-84.94706944,Pedestrian,The First Harmful Event was Not a Collision with a Motor Vehicle in Transport,Dark - Lighted,Clear
Georgia,131199,1,HALL (139),GAINESVILLE,November,Thursday,U.S. Highway,Urban,34.32735278,-83.80565556,Pedestrian,The First Harmful Event was Not a Collision with a Motor Vehicle in Transport,Dark - Not Lighted,Cloudy
Georgia,131200,1,MUSCOGEE (215),COLUMBUS,November,Thursday,U.S. Highway,Urban,32.52087222,-84.96434722,Pedestrian,The First Harmful Event was Not a Collision with a Motor Vehicle in Transport,Dark - Not Lighted,Rain
Georgia,131202,2,SPALDING (255),GRIFFIN,March,Sunday,State Highway,Urban,33.26040278,-84.28880556,Pedestrian,The First Harmful Event was Not a Collision with a Motor Vehicle in Transport,Dark - Not Lighted,Clear
Georgia,131203,1,CHATHAM (51),SAVANNAH,November,Friday,State Highway,Urban,31.98288056,-81.15280556,Pedestrian,The First Harmful Event was Not a Collision with a Motor Vehicle in Transport,Daylight,Cloudy
Georgia,131211,1,MUSCOGEE (215),COLUMBUS,November,Friday,U.S. Highway,Urban,32.50762778,-84.99893333,Guardrail Face,The First Harmful Event was Not a Collision with a Motor Vehicle in Transport,Daylight,Rain
Georgia,131214,3,MONROE (207),FORSYTH,November,Saturday,State Highway,Urban,32.88182222,-84.09618056,Motor Vehicle In-Transport,Angle,Daylight,Clear
Georgia,131215,1,CHATHAM (51),PORT WENTWORTH,November,Sunday,State Highway,Urban,32.19076111,-81.19438056,Curb,The First Harmful Event was Not a Collision with a Motor Vehicle in Transport,Dark - Lighted,Clear
Georgia,131217,1,HENRY (151),STOCKBRIDGE,November,Monday,State Highway,Urban,33.54871944,-84.276225,Pedestrian,The First Harmful Event was Not a Collision with a Motor Vehicle in Transport,Dark - Not Lighted,Clear
Georgia,131218,2,MUSCOGEE (215),COLUMBUS,November,Monday,U.S. Highway,Urban,32.54087222,-84.871325,Pedestrian,The First Harmful Event was Not a Collision with a Motor Vehicle in Transport,Dark - Not Lighted,Clear
Georgia,131220,2,CLINCH (65),HOMERVILLE,November,Tuesday,State Highway,Rural,31.04956389,-82.76414722,Motor Vehicle In-Transport,Sideswipe - Opposite Direction,Daylight,Clear
Georgia,131222,2,FAYETTE (113),FAYETTEVILLE,November,Tuesday,Local Street - Municipality,Urban,33.45834722,-84.45028611,Pedestrian,The First Harmful Event was Not a Collision with a Motor Vehicle in Transport,Dark - Lighted,Clear
Georgia,131224,2,CHEROKEE (57),CANTON,November,Wednesday,Local Street - Municipality,Urban,34.24402222,-84.49053056,Pedestrian,The First Harmful Event was Not a Collision with a Motor Vehicle in Transport,Dark - Lighted,Clear
Georgia,131227,2,JENKINS (165),MILLEN,November,Wednesday,Local Street - Municipality,Rural,32.80370278,-81.93951667,Motor Vehicle In-Transport,Angle,Daylight,Clear
Georgia,131231,1,FORSYTH (117),CUMMING,November,Friday,State Highway,Urban,34.29568611,-84.07381389,Pedestrian,The First Harmful Event was Not a Collision with a Motor Vehicle in Transport,Dark - Not Lighted,Clear
Georgia,131232,3,HOUSTON (153),PERRY,November,Friday,State Highway,Urban,32.46654167,-83.61629722,Motor Vehicle In-Transport,Angle,Daylight,Clear
Georgia,131237,1,CLARKE (59),ATHENS,November,Saturday,Local Street - Municipality,Urban,33.95173333,-83.298375,Pedestrian,The First Harmful Event was Not a Collision with a Motor Vehicle in Transport,Dark - Not Lighted,Cloudy
Georgia,131239,2,MUSCOGEE (215),COLUMBUS,November,Saturday,Local Street - Municipality,Urban,32.46883889,-84.95992222,Pedestrian,The First Harmful Event was Not a Collision with a Motor Vehicle in Transport,Dark - Not Lighted,Clear
Georgia,131246,4,RICHMOND (245),AUGUSTA,November,Monday,Local Street - Municipality,Urban,33.47067778,-82.02381667,Motor Vehicle In-Transport,Angle,Dark - Lighted,Clear
Georgia,131247,2,RICHMOND (245),AUGUSTA,November,Monday,Local Street - Municipality,Urban,33.51138611,-82.03812222,Pedestrian,The First Harmful Event was Not a Collision with a Motor Vehicle in Transport,Dark - Lighted,Clear
Georgia,131249,2,MUSCOGEE (215),COLUMBUS,November,Tuesday,Local Street - Municipality,Urban,32.55411111,-84.92676667,Motor Vehicle In-Transport,Angle,Daylight,Clear
Georgia,131250,2,CLAYTON (63),MORROW,November,Wednesday,Local Street - Municipality,Urban,33.58540833,-84.32967778,Pedestrian,The First Harmful Event was Not a Collision with a Motor Vehicle in Transport,Dark - Lighted,Clear
Georgia,131251,1,EMANUEL (107),SWAINSBORO,November,Wednesday,Local Street - Municipality,Urban,32.59904167,-82.34335278,Pedestrian,The First Harmful Event was Not a Collision with a Motor Vehicle in Transport,Dark - Lighted,Clear
Georgia,131252,1,FULTON (121),ATLANTA,November,Wednesday,Local Street - Municipality,Urban,33.76720556,-84.36173333,Pedestrian,The First Harmful Event was Not a Collision with a Motor Vehicle in Transport,Daylight,Cloudy
Georgia,131264,1,BANKS (11),HOMER,August,Sunday,County Road,Rural,34.35619444,-83.45083333,Live Animal,The First Harmful Event was Not a Collision with a Motor Vehicle in Transport,Daylight,Clear
Georgia,131265,1,STEPHENS (257),TOCCOA,August,Saturday,Local Street - Municipality,Urban,34.59740278,-83.32544444,Tree (Standing Only),The First Harmful Event was Not a Collision with a Motor Vehicle in Transport,Daylight,Clear
Georgia,131270,6,THOMAS (275),OCHLOCKNEE,September,Sunday,State Highway,Rural,30.97395278,-84.05365,Motor Vehicle In-Transport,Angle,Daylight,Clear
Georgia,131276,1,CAMDEN (39),KINGS BAY,December,Sunday,Local Street - Municipality,Urban,30.78484167,-81.608075,Pedestrian,The First Harmful Event was Not a Collision with a Motor Vehicle in Transport,Dark - Not Lighted,Clear
Georgia,131279,1,RICHMOND (245),AUGUSTA,December,Monday,State Highway,Urban,33.46185833,-81.99581944,Traffic Sign Support,The First Harmful Event was Not a Collision with a Motor Vehicle in Transport,Dark - Lighted,Clear
Georgia,131280,2,BALDWIN (9),MILLEDGEVILLE,December,Tuesday,U.S. Highway,Urban,33.148575,-83.27330833,Motor Vehicle In-Transport,Front-to-Rear,Daylight,Clear
Georgia,131281,6,CAMDEN (39),SAINT MARYS,December,Tuesday,State Highway,Urban,30.77338889,-81.61954167,Curb,The First Harmful Event was Not a Collision with a Motor Vehicle in Transport,Daylight,Clear
Georgia,131283,2,FULTON (121),ATLANTA,December,Tuesday,Interstate,Urban,33.79936111,-84.48845,Motor Vehicle In-Transport,Front-to-Front,Dark - Not Lighted,Clear
Georgia,131284,5,LOWNDES (185),VALDOSTA,December,Tuesday,U.S. Highway,Urban,30.88153056,-83.25023889,Motor Vehicle In-Transport,Angle,Daylight,Clear
Georgia,131285,2,BIBB (21),MACON,December,Wednesday,Interstate,Urban,32.75161944,-83.71291944,Motor Vehicle In-Transport,Front-to-Front,Dark - Lighted,Clear
Georgia,131286,8,FULTON (121),ATLANTA,December,Wednesday,Interstate,Urban,33.78668056,-84.3912,Motor Vehicle In-Transport,Front-to-Rear,Dark - Lighted,Clear
Georgia,131287,9,FULTON (121),ATLANTA,December,Wednesday,U.S. Highway,Urban,33.71823056,-84.425175,Motor Vehicle In-Transport,Angle,Daylight,Clear
Georgia,131292,2,FULTON (121),ATLANTA,December,Saturday,Interstate,Urban,33.79936111,-84.48845,Motor Vehicle In-Transport,Front-to-Rear,Dark - Not Lighted,Clear
Georgia,131295,2,NEWTON (217),COVINGTON,December,Saturday,Interstate,Urban,33.61449722,-83.859875,Ditch,The First Harmful Event was Not a Collision with a Motor Vehicle in Transport,Dark - Not Lighted,Clear
Georgia,131299,3,JACKSON (157),ARCADE,December,Sunday,U.S. Highway,Urban,34.08050556,-83.57565278,Motor Vehicle In-Transport,Angle,Dark - Not Lighted,Cloudy
Georgia,131300,1,WHITFIELD (313),DALTON,December,Sunday,Interstate,Urban,34.80053611,-85.00736111,Parked Motor Vehicle,The First Harmful Event was Not a Collision with a Motor Vehicle in Transport,Daylight,Cloudy
Georgia,131312,1,MACON (193),IDEAL,December,Wednesday,County Road,Rural,32.37779167,-84.17231667,Embankment,The First Harmful Event was Not a Collision with a Motor Vehicle in Transport,Daylight,Clear
Georgia,131316,1,DOUGHERTY (95),ALBANY,December,Friday,State Highway,Urban,31.61565278,-84.15934444,Tree (Standing Only),The First Harmful Event was Not a Collision with a Motor Vehicle in Transport,Dark - Not Lighted,Rain
Georgia,131318,4,RICHMOND (245),AUGUSTA,December,Friday,State Highway,Urban,33.51318611,-82.05082778,Motor Vehicle In-Transport,Front-to-Front,Daylight,Rain
Georgia,131319,6,GWINNETT (135),LILBURN,December,Saturday,U.S. Highway,Urban,33.90686389,-84.11096389,Motor Vehicle In-Transport,Front-to-Rear,Daylight,Cloudy
Georgia,131323,3,HARALSON (143),BUCHANAN,December,Sunday,State Highway,Rural,33.80353889,-85.17738333,Motor Vehicle In-Transport,Front-to-Rear,Daylight,Clear
Georgia,131325,3,LOWNDES (185),VALDOSTA,December,Sunday,U.S. Highway,Urban,30.82170556,-83.27416389,Motor Vehicle In-Transport,Angle,Daylight,Clear
Georgia,131339,1,UPSON (293),THOMASTON,December,Monday,County Road,Rural,32.821975,-84.14868056,Rollover/Overturn,The First Harmful Event was Not a Collision with a Motor Vehicle in Transport,Daylight,Cloudy
Georgia,131340,1,CHATHAM (51),SAVANNAH,December,Tuesday,State Highway,Urban,31.98149444,-81.16461389,Pedestrian,The First Harmful Event was Not a Collision with a Motor Vehicle in Transport,Dark - Not Lighted,Cloudy
Georgia,131344,3,WALTON (297),MONROE,December,Thursday,Local Street - Municipality,Rural,33.75806389,-83.76843611,Motor Vehicle In-Transport,Angle,Daylight,Clear
Georgia,131348,4,FLOYD (115),ROME,December,Saturday,Local Street - Municipality,Urban,34.21625,-85.12405,Other Non-Collision,The First Harmful Event was Not a Collision with a Motor Vehicle in Transport,Dark - Not Lighted,Clear
Georgia,131349,1,FULTON (121),ATLANTA,December,Saturday,State Highway,Urban,33.825275,-84.35991111,Pedestrian,The First Harmful Event was Not a Collision with a Motor Vehicle in Transport,Dark - Not Lighted,Cloudy
Georgia,131351,4,JACKSON (157),JEFFERSON,December,Saturday,U.S. Highway,Urban,34.15293056,-83.65614167,Motor Vehicle In-Transport,Angle,Daylight,Cloudy
Georgia,131354,5,CLAYTON (63),JONESBORO,December,Sunday,State Highway,Urban,33.53613056,-84.37433333,Motor Vehicle In-Transport,Angle,Dark - Lighted,Rain
Georgia,131359,2,FULTON (121),ATLANTA,December,Monday,Local Street - Municipality,Urban,33.74540278,-84.40026389,Fence,The First Harmful Event was Not a Collision with a Motor Vehicle in Transport,Daylight,Cloudy
Georgia,131360,1,CHEROKEE (57),CANTON,December,Tuesday,Interstate,Urban,34.23013889,-84.4687,Guardrail End,The First Harmful Event was Not a Collision with a Motor Vehicle in Transport,Daylight,Clear
Georgia,131361,1,FULTON (121),ATLANTA,December,Tuesday,Local Street - Municipality,Urban,33.76023056,-84.37203611,Pedestrian,The First Harmful Event was Not a Collision with a Motor Vehicle in Transport,Dark - Not Lighted,Clear
Georgia,131362,6,GLYNN (127),BRUNSWICK,December,Tuesday,State Highway,Urban,31.16167222,-81.47662222,Motor Vehicle In-Transport,Angle,Daylight,Clear
Georgia,131367,4,FULTON (121),ATLANTA,December,Wednesday,Local Street - Municipality,Urban,33.71827222,-84.41606111,Motor Vehicle In-Transport,Front-to-Front,Dark - Lighted,Clear
Georgia,131371,6,BEN HILL (17),FITZGERALD,December,Thursday,Local Street - Municipality,Urban,31.70920278,-83.24382778,Motor Vehicle In-Transport,Angle,Dark - Lighted,Clear
Georgia,131375,1,LOWNDES (185),VALDOSTA,December,Thursday,State Highway,Urban,30.82130556,-83.27385278,Utility Pole/Light Support,The First Harmful Event was Not a Collision with a Motor Vehicle in Transport,Dark - Lighted,Clear
Georgia,131376,2,WHITFIELD (313),DALTON,December,Thursday,Local Street - Municipality,Urban,34.77479444,-84.95365833,Motor Vehicle In-Transport,Angle,Daylight,Clear
Georgia,131379,2,DEKALB (89),DECATUR,December,Saturday,State Highway,Urban,33.68801111,-84.25396389,Motor Vehicle In-Transport,Front-to-Front,Dark - Lighted,Clear
Georgia,131380,3,RICHMOND (245),AUGUSTA,December,Saturday,Local Street - Municipality,Urban,33.480725,-81.97918611,Motor Vehicle In-Transport,Angle,Daylight,Clear
Georgia,131383,2,FULTON (121),ATLANTA,December,Sunday,Local Street - Municipality,Urban,33.79423333,-84.50250833,Motor Vehicle In-Transport,Angle,Dark - Lighted,Cloudy
Georgia,131384,1,FULTON (121),ATLANTA,December,Sunday,Interstate,Urban,33.74504722,-84.38971667,Tree (Standing Only),The First Harmful Event was Not a Collision with a Motor Vehicle in Transport,Daylight,Cloudy
Georgia,131385,3,FULTON (121),ATLANTA,December,Sunday,State Highway,Urban,33.81332222,-84.36601389,Motor Vehicle In-Transport,Sideswipe - Same Direction,Dark - Lighted,Cloudy
Georgia,131388,4,FULTON (121),ATLANTA,December,Monday,State Highway,Urban,33.77389444,-84.33716389,Motor Vehicle In-Transport,Angle,Dark - Lighted,Clear
Georgia,131389,3,RABUN (241),DILLARD,December,Monday,State Highway,Rural,34.98201944,-83.38437222,Motor Vehicle In-Transport,Front-to-Rear,Daylight,Cloudy
Georgia,131390,3,FULTON (121),ATLANTA,December,Tuesday,Local Street - Municipality,Urban,33.77305,-84.41733611,Motor Vehicle In-Transport,Angle,Daylight,Clear
Georgia,131393,1,MITCHELL (205),PELHAM,October,Tuesday,U.S. Highway,Rural,31.11870833,-84.13843889,Tree (Standing Only),The First Harmful Event was Not a Collision with a Motor Vehicle in Transport,Daylight,Cloudy
Georgia,131394,2,RICHMOND (245),AUGUSTA,November,Monday,U.S. Highway,Urban,33.43799444,-82.00290833,Ditch,The First Harmful Event was Not a Collision with a Motor Vehicle in Transport,Daylight,Clear
Hawaii,150001,1,MAUI (9),WAIOHULI (RESIDENTIAL) HAWAIIAN HOME LAND,January,Tuesday,County Road,Urban,20.81749167,-156.3871278,Embankment,The First Harmful Event was Not a Collision with a Motor Vehicle in Transport,Dark - Not Lighted,Clear
Hawaii,150002,1,HONOLULU (3),HONOLULU,January,Monday,County Road,Urban,21.29186944,-157.7074806,Pedestrian,The First Harmful Event was Not a Collision with a Motor Vehicle in Transport,Dark - Lighted,Clear
Hawaii,150003,1,HONOLULU (3),KAHUKU,January,Sunday,State Highway,Urban,21.69020556,-157.9692917,Embankment,The First Harmful Event was Not a Collision with a Motor Vehicle in Transport,Dark - Not Lighted,Clear
Hawaii,150004,3,HONOLULU (3),MA�ILI,January,Friday,State Highway,Urban,21.41942778,-158.1774722,Pedestrian,The First Harmful Event was Not a Collision with a Motor Vehicle in Transport,Dark - Lighted,Clear
Hawaii,150005,3,MAUI (9),KIHEI,January,Saturday,State Highway,Urban,20.78410556,-156.4600972,Fence,The First Harmful Event was Not a Collision with a Motor Vehicle in Transport,Dark - Lighted,Clear
Hawaii,150006,1,HONOLULU (3),PEARL CITY,January,Sunday,Interstate,Urban,21.41265278,-157.9901,Pedestrian,The First Harmful Event was Not a Collision with a Motor Vehicle in Transport,Dark - Lighted,Clear
Hawaii,150007,7,HONOLULU (3),HONOLULU,January,Sunday,State Highway,Urban,21.28175278,-157.7359333,Motor Vehicle In-Transport,Front-to-Rear,Daylight,Clear
Hawaii,150008,1,HAWAII (1),CAPTAIN COOK,January,Tuesday,State Highway,Rural,19.34446667,-155.8749667,Rollover/Overturn,The First Harmful Event was Not a Collision with a Motor Vehicle in Transport,Dark - Not Lighted,Clear
Hawaii,150009,2,HONOLULU (3),HONOLULU,January,Monday,State Highway,Urban,21.29307222,-157.8538,Traffic Signal Support,The First Harmful Event was Not a Collision with a Motor Vehicle in Transport,Daylight,Clear
Hawaii,150010,2,HAWAII (1),HILO,January,Saturday,County Road,Urban,19.69938333,-155.0633722,Motor Vehicle In-Transport,Front-to-Rear,Daylight,Clear
Hawaii,150011,1,MAUI (9),MAKAWAO,February,Saturday,County Road,Urban,20.84909444,-156.3267528,Pedestrian,The First Harmful Event was Not a Collision with a Motor Vehicle in Transport,Dark - Lighted,Cloudy
Hawaii,150013,1,MAUI (9),KIHEI,February,Saturday,State Highway,Urban,20.79468889,-156.4645694,Pedestrian,The First Harmful Event was Not a Collision with a Motor Vehicle in Transport,Dark - Lighted,Cloudy
Hawaii,150014,1,MAUI (9),KAHULUI,January,Monday,State Highway,Urban,20.87882778,-156.4616889,Pedestrian,The First Harmful Event was Not a Collision with a Motor Vehicle in Transport,Daylight,Clear
Hawaii,150015,6,HONOLULU (3),HONOLULU,February,Saturday,State Highway,Urban,21.3199,-157.8622556,Motor Vehicle In-Transport,Angle,Dark - Lighted,Rain
Hawaii,150016,2,HONOLULU (3),WAIPAHU,February,Thursday,Interstate,Urban,21.39389444,-157.9798611,Motor Vehicle In-Transport,Front-to-Rear,Daylight,Clear
Hawaii,150017,1,HONOLULU (3),MILILANI TOWN,February,Friday,County Road,Urban,21.44368611,-158.0144861,Curb,The First Harmful Event was Not a Collision with a Motor Vehicle in Transport,Dark - Lighted,Clear
Hawaii,150018,2,HONOLULU (3),WAIPAHU,February,Sunday,Interstate,Urban,21.39871111,-158.0037139,Other Object (not fixed),The First Harmful Event was Not a Collision with a Motor Vehicle in Transport,Dark - Lighted,Clear
Hawaii,150019,1,MAUI (9),KAHULUI,March,Saturday,State Highway,Urban,20.83729444,-156.4648222,Pedestrian,The First Harmful Event was Not a Collision with a Motor Vehicle in Transport,Dark - Not Lighted,Clear
Hawaii,150021,4,HAWAII (1),MOUNTAIN VIEW,March,Tuesday,State Highway,Rural,19.54966111,-155.1083833,Motor Vehicle In-Transport,Angle,Daylight,Rain