State,Case Number,Persons,County,City,Month,Day,Route,Rural/Urban,Latitude,Longitude,First Harmful Event,Manner of Collision,Light Conditions,Weather
Illinois,170048,2,SANGAMON (167),SPRINGFIELD,January,Saturday,County Road,Urban,39.67325278,-89.66523333,Motor Vehicle In-Transport,Angle,Daylight,Snow
Illinois,170049,2,FRANKLIN (55),WEST FRANKFORT,January,Tuesday,State Highway,Urban,37.89534444,-88.9317,Motor Vehicle In-Transport,Angle,Daylight,Clear
Illinois,170050,1,COOK (31),CHICAGO,January,Wednesday,Local Street - Municipality,Urban,41.79505833,-87.75746944,Railway Vehicle,The First Harmful Event was Not a Collision with a Motor Vehicle in Transport,Dark - Lighted,Clear
Illinois,170053,1,COOK (31),CHICAGO,February,Thursday,State Highway,Urban,41.79194167,-87.80155278,Pedestrian,The First Harmful Event was Not a Collision with a Motor Vehicle in Transport,Dark - Lighted,Rain
Illinois,170055,2,KANKAKEE (91),BOURBONNAIS,February,Monday,Interstate,Urban,41.19158889,-87.86654444,Motor Vehicle In-Transport,Angle,Dark - Not Lighted,Sleet or Hail
Illinois,170056,1,MACON (115),DECATUR,February,Saturday,Local Street - Municipality,Urban,39.82895,-88.89860833,Pedestrian,The First Harmful Event was Not a Collision with a Motor Vehicle in Transport,Dark - Not Lighted,Clear
Illinois,170058,1,COOK (31),CHICAGO RIDGE,February,Monday,County Road,Urban,41.69735,-87.7595,Pedestrian,The First Harmful Event was Not a Collision with a Motor Vehicle in Transport,Daylight,Cloudy
Illinois,170061,1,COOK (31),CHICAGO,February,Wednesday,State Highway,Urban,41.90977222,-87.73548056,Pedestrian,The First Harmful Event was Not a Collision with a Motor Vehicle in Transport,Daylight,Clear
Illinois,170062,3,SANGAMON (167),SPRINGFIELD,February,Wednesday,Local Street - Municipality,Urban,39.74145278,-89.67686667,Motor Vehicle In-Transport,Front-to-Front,Daylight,Rain
Illinois,170063,5,COOK (31),PALATINE,February,Tuesday,State Highway,Urban,42.13915833,-88.01793889,Motor Vehicle In-Transport,Angle,Dark - Lighted,Rain
Illinois,170064,3,PEORIA (143),PEORIA,February,Sunday,Local Street - Municipality,Urban,40.71101667,-89.60349444,Utility Pole/Light Support,The First Harmful Event was Not a Collision with a Motor Vehicle in Transport,Dark - Lighted,Clear
Illinois,170065,2,WILL (197),FRANKFORT,February,Wednesday,U.S. Highway,Urban,41.50145556,-87.85730833,Motor Vehicle In-Transport,Front-to-Front,Daylight,Clear
Illinois,170066,1,COOK (31),CHICAGO,February,Monday,Interstate,Urban,41.8247,-87.71963889,Parked Motor Vehicle,The First Harmful Event was Not a Collision with a Motor Vehicle in Transport,Dark - Lighted,Clear
Illinois,170068,1,COOK (31),CHICAGO,February,Wednesday,Local Street - Municipality,Urban,41.81684722,-87.60451111,Traffic Signal Support,The First Harmful Event was Not a Collision with a Motor Vehicle in Transport,Dark - Lighted,Clear
Illinois,170070,3,DUPAGE (43),DOWNERS GROVE,March,Tuesday,Local Street - Municipality,Urban,41.76576389,-88.00834167,Motor Vehicle In-Transport,Angle,Daylight,Clear
Illinois,170074,1,DUPAGE (43),DOWNERS GROVE,February,Tuesday,Local Street - Municipality,Urban,41.80547222,-88.01093889,Pedestrian,The First Harmful Event was Not a Collision with a Motor Vehicle in Transport,Daylight,Clear
Illinois,170075,1,VERMILION (183),TILTON,February,Thursday,Local Street - Municipality,Urban,40.09855833,-87.64290556,Pedestrian,The First Harmful Event was Not a Collision with a Motor Vehicle in Transport,Dark - Not Lighted,Clear
Illinois,170076,1,KANE (89),CARPENTERSVILLE,February,Tuesday,State Highway,Urban,42.12100833,-88.29973056,Tree (Standing Only),The First Harmful Event was Not a Collision with a Motor Vehicle in Transport,Daylight,Clear
Illinois,170077,3,COOK (31),DES PLAINES,February,Tuesday,Local Street - Municipality,Urban,42.04126667,-87.91058333,Motor Vehicle In-Transport,Front-to-Front,Daylight,Clear
Illinois,170080,3,MADISON (119),GLEN CARBON,February,Friday,State Highway,Urban,38.77091667,-89.99548333,Motor Vehicle In-Transport,Angle,Daylight,Clear
Illinois,170082,6,COOK (31),CHICAGO,March,Sunday,Local Street - Municipality,Urban,41.69998333,-87.61478056,Motor Vehicle In-Transport,Angle,Dark - Lighted,Clear
Illinois,170083,4,LAKE (97),WADSWORTH,February,Saturday,Local Street - Municipality,Urban,42.42501389,-87.90398056,Motor Vehicle In-Transport,Front-to-Front,Dark - Not Lighted,Clear
Illinois,170084,1,WILL (197),JOLIET,March,Sunday,Local Street - Municipality,Urban,41.48571111,-88.14895556,Tree (Standing Only),The First Harmful Event was Not a Collision with a Motor Vehicle in Transport,Dark - Lighted,Clear
Illinois,170086,1,COOK (31),CHICAGO,March,Tuesday,Local Street - Municipality,Urban,41.80114444,-87.68423056,Pedestrian,The First Harmful Event was Not a Collision with a Motor Vehicle in Transport,Daylight,Clear
Illinois,170087,3,LAKE (97),LIBERTYVILLE,March,Saturday,Local Street - Municipality,Urban,42.30594722,-87.99718611,Curb,The First Harmful Event was Not a Collision with a Motor Vehicle in Transport,Daylight,Clear
Illinois,170089,3,WILL (197),JOLIET,March,Sunday,U.S. Highway,Urban,41.58378333,-88.16882222,Bridge Pier or Support,The First Harmful Event was Not a Collision with a Motor Vehicle in Transport,Dark - Lighted,Clear
Illinois,170091,1,COOK (31),CHICAGO,March,Sunday,Interstate,Urban,41.87427778,-87.70575556,Traffic Sign Support,The First Harmful Event was Not a Collision with a Motor Vehicle in Transport,Dark - Lighted,Clear
Illinois,170093,3,COOK (31),MARKHAM,March,Saturday,Interstate,Urban,41.61081944,-87.69689444,Working Motor Vehicle,The First Harmful Event was Not a Collision with a Motor Vehicle in Transport,Dark - Lighted,Clear
Illinois,170094,1,COOK (31),CHICAGO,January,Thursday,Local Street - Municipality,Urban,41.96047222,-87.76725833,Pedestrian,The First Harmful Event was Not a Collision with a Motor Vehicle in Transport,Daylight,Clear
Illinois,170095,3,COOK (31),OAK PARK,March,Saturday,Local Street - Municipality,Urban,41.88697778,-87.78463889,Motor Vehicle In-Transport,Angle,Dark - Lighted,Rain
Illinois,170096,1,COOK (31),STONE PARK,February,Tuesday,U.S. Highway,Urban,41.90290556,-87.88378056,Pedestrian,The First Harmful Event was Not a Collision with a Motor Vehicle in Transport,Daylight,Snow
Illinois,170098,3,COOK (31),NILES,March,Sunday,State Highway,Urban,42.05450833,-87.842775,Pedestrian,The First Harmful Event was Not a Collision with a Motor Vehicle in Transport,Dark - Not Lighted,Clear
Illinois,170099,1,MCHENRY (111),WOODSTOCK,March,Friday,U.S. Highway,Urban,42.29275556,-88.42199444,Traffic Signal Support,The First Harmful Event was Not a Collision with a Motor Vehicle in Transport,Daylight,Clear
Illinois,170101,1,MACON (115),DECATUR,February,Tuesday,Local Street - Municipality,Urban,39.87833611,-88.93855278,Pedestrian,The First Harmful Event was Not a Collision with a Motor Vehicle in Transport,Daylight,Clear
Illinois,170103,1,WILL (197),CRETE,March,Tuesday,Local Street - Municipality,Urban,41.46062778,-87.63394444,Tree (Standing Only),The First Harmful Event was Not a Collision with a Motor Vehicle in Transport,Dark - Lighted,Clear
Illinois,170104,2,SANGAMON (167),SPRINGFIELD,March,Wednesday,Interstate,Urban,39.82876389,-89.59270833,Motor Vehicle In-Transport,Sideswipe - Same Direction,Daylight,Clear
Illinois,170105,1,COOK (31),CHICAGO,February,Friday,Local Street - Municipality,Urban,41.73665278,-87.60480278,Pedestrian,The First Harmful Event was Not a Collision with a Motor Vehicle in Transport,Daylight,Clear
Illinois,170106,2,ALEXANDER (3),CAIRO,February,Sunday,U.S. Highway,Urban,37.01033333,-89.17970833,Pedestrian,The First Harmful Event was Not a Collision with a Motor Vehicle in Transport,Dark - Not Lighted,Clear
Illinois,170108,1,COOK (31),CHICAGO,March,Thursday,Local Street - Municipality,Urban,41.80022222,-87.72336111,Pedestrian,The First Harmful Event was Not a Collision with a Motor Vehicle in Transport,Dark - Lighted,Clear
Illinois,170109,1,COOK (31),ROSEMONT,March,Tuesday,Interstate,Urban,41.98411667,-87.87089444,Fence,The First Harmful Event was Not a Collision with a Motor Vehicle in Transport,Dark - Lighted,Clear
Illinois,170110,5,LAKE (97),WAUCONDA,March,Friday,U.S. Highway,Urban,42.28955556,-88.15817778,Motor Vehicle In-Transport,Front-to-Front,Dark - Not Lighted,Clear
Illinois,170113,1,COOK (31),THORNTON,March,Wednesday,Local Street - Municipality,Urban,41.63571389,-87.52858333,Pedestrian,The First Harmful Event was Not a Collision with a Motor Vehicle in Transport,Dark - Not Lighted,Clear
Illinois,170115,5,ALEXANDER (3),THEBES,March,Monday,State Highway,Rural,37.22456389,-89.45754444,Motor Vehicle In-Transport,Sideswipe - Opposite Direction,Daylight,Clear
Illinois,170117,2,WILL (197),CREST HILL,March,Sunday,County Road,Urban,41.58956944,-88.12254444,Pedestrian,The First Harmful Event was Not a Collision with a Motor Vehicle in Transport,Dark - Unknown Lighting,Clear
Illinois,170119,4,ST. CLAIR (163),EAST SAINT LOUIS,March,Friday,State Highway,Urban,38.607,-90.17151389,Motor Vehicle In-Transport,Sideswipe - Same Direction,Daylight,Clear
Illinois,170122,3,COOK (31),CHICAGO,March,Saturday,U.S. Highway,Urban,41.72230556,-87.58906111,Tree (Standing Only),The First Harmful Event was Not a Collision with a Motor Vehicle in Transport,Dark - Lighted,Clear
Illinois,170124,4,KANE (89),ELGIN,March,Wednesday,Local Street - Municipality,Urban,42.04639444,-88.27618611,Motor Vehicle In-Transport,Angle,Dark - Lighted,Clear
Illinois,170127,4,WILL (197),BOLINGBROOK,March,Thursday,State Highway,Urban,41.69608333,-88.0682,Motor Vehicle In-Transport,Angle,Daylight,Clear
Illinois,170130,4,MACON (115),DECATUR,March,Sunday,U.S. Highway,Urban,39.845825,-88.953225,Motor Vehicle In-Transport,Angle,Daylight,Clear
Illinois,170132,5,ROCK ISLAND (161),MOLINE,March,Wednesday,State Highway,Urban,41.47139722,-90.50700278,Motor Vehicle In-Transport,Angle,Daylight,Clear
Illinois,170136,4,COOK (31),CHICAGO RIDGE,March,Saturday,Local Street - Municipality,Urban,41.70755278,-87.79178333,Motor Vehicle In-Transport,Angle,Dark - Lighted,Rain
Illinois,170137,3,COOK (31),CHICAGO,March,Sunday,Local Street - Municipality,Urban,41.94546667,-87.79596389,Motor Vehicle In-Transport,Angle,Daylight,Cloudy
Illinois,170138,6,DUPAGE (43),DOWNERS GROVE,March,Thursday,Interstate,Urban,41.78643333,-88.05580278,Motor Vehicle In-Transport,Front-to-Front,Dark - Lighted,Rain
Illinois,170139,2,COOK (31),CHICAGO,March,Sunday,Local Street - Municipality,Urban,41.82387778,-87.61379444,Building,The First Harmful Event was Not a Collision with a Motor Vehicle in Transport,Daylight,Clear
Illinois,170140,3,COOK (31),CHICAGO,March,Wednesday,Local Street - Municipality,Urban,41.866425,-87.70566667,Motor Vehicle In-Transport,Angle,Dark - Lighted,Clear
Illinois,170143,1,COOK (31),CHICAGO,March,Monday,Interstate,Urban,41.87098889,-87.76477778,Concrete Traffic Barrier,The First Harmful Event was Not a Collision with a Motor Vehicle in Transport,Daylight,Clear
Illinois,170147,4,LAKE (97),LAKE FOREST,March,Friday,U.S. Highway,Urban,42.23672778,-87.85666944,Ditch,The First Harmful Event was Not a Collision with a Motor Vehicle in Transport,Dark - Lighted,Clear
Illinois,170148,6,KNOX (95),GALESBURG,March,Friday,U.S. Highway,Urban,40.98378333,-90.36594444,Motor Vehicle In-Transport,Front-to-Front,Daylight,Clear
Illinois,170149,1,MADISON (119),COLLINSVILLE,March,Friday,State Highway,Urban,38.66668611,-90.01582222,Pedestrian,The First Harmful Event was Not a Collision with a Motor Vehicle in Transport,Dark - Not Lighted,Clear
Illinois,170151,1,COOK (31),CHICAGO,March,Friday,Local Street - Municipality,Urban,41.73631667,-87.62511667,Pedalcyclist,The First Harmful Event was Not a Collision with a Motor Vehicle in Transport,Reported as Unknown,Reported as Unknown
Illinois,170153,1,WINNEBAGO (201),ROCKFORD,April,Wednesday,Local Street - Municipality,Urban,42.24223056,-89.02899167,Rollover/Overturn,The First Harmful Event was Not a Collision with a Motor Vehicle in Transport,Daylight,Clear
Illinois,170154,3,COOK (31),CHICAGO HEIGHTS,April,Monday,Local Street - Municipality,Urban,41.52068889,-87.63206389,Motor Vehicle In-Transport,Front-to-Rear,Daylight,Clear
Illinois,170155,2,COOK (31),CICERO,April,Sunday,Local Street - Municipality,Urban,41.86593889,-87.74191667,Motor Vehicle In-Transport,Sideswipe - Same Direction,Dark - Lighted,Rain
Illinois,170156,2,COOK (31),SOUTH CHICAGO HEIGHTS,April,Saturday,State Highway,Urban,41.49137222,-87.63917222,"Post, Pole or Other Supports",The First Harmful Event was Not a Collision with a Motor Vehicle in Transport,Dark - Not Lighted,Clear
Illinois,170157,1,ST. CLAIR (163),WASHINGTON PARK,April,Tuesday,Interstate,Urban,38.62120833,-90.08984444,Embankment,The First Harmful Event was Not a Collision with a Motor Vehicle in Transport,Daylight,Clear
Illinois,170158,1,ST. CLAIR (163),ALORTON,April,Tuesday,Interstate,Urban,38.57900833,-90.11239444,Guardrail Face,The First Harmful Event was Not a Collision with a Motor Vehicle in Transport,Dark - Lighted,Clear
Illinois,170160,2,MADISON (119),GLEN CARBON,April,Tuesday,Interstate,Urban,38.75646667,-89.99540833,Motor Vehicle In-Transport,Front-to-Rear,Dark - Lighted,Clear
Illinois,170161,2,COOK (31),GLENVIEW,April,Tuesday,Local Street - Municipality,Urban,42.08654722,-87.87489444,Motor Vehicle In-Transport,Front-to-Front,Dark - Not Lighted,Clear
Illinois,170162,3,COOK (31),COUNTRY CLUB HILLS,April,Wednesday,Interstate,Urban,41.5642,-87.74494722,Motor Vehicle In-Transport,Angle,Daylight,Clear
Illinois,170163,1,KANE (89),AURORA,March,Monday,State Highway,Urban,41.76715833,-88.31293611,Pedestrian,The First Harmful Event was Not a Collision with a Motor Vehicle in Transport,Dark - Lighted,Clear
Illinois,170164,1,SANGAMON (167),SPRINGFIELD,April,Sunday,Local Street - Municipality,Urban,39.79591111,-89.66813056,Utility Pole/Light Support,The First Harmful Event was Not a Collision with a Motor Vehicle in Transport,Dark - Lighted,Clear
Illinois,170165,2,MADISON (119),ALTON,April,Monday,State Highway,Urban,38.90376111,-90.12936389,Motor Vehicle In-Transport,Front-to-Front,Dark - Lighted,Clear
Illinois,170169,3,COOK (31),CHICAGO,April,Wednesday,U.S. Highway,Urban,41.99143056,-87.75413611,Motor Vehicle In-Transport,Angle,Dark - Lighted,Clear
Illinois,170170,2,COOK (31),CHICAGO,March,Sunday,Interstate,Urban,41.651825,-87.58163889,Other Fixed Object,The First Harmful Event was Not a Collision with a Motor Vehicle in Transport,Dark - Lighted,Clear
Illinois,170172,2,COOK (31),HINSDALE,April,Thursday,Interstate,Urban,41.794075,-87.90800278,Motor Vehicle In-Transport,Front-to-Rear,Dark - Lighted,Rain
Illinois,170173,1,CHAMPAIGN (19),URBANA,April,Thursday,Local Street - Municipality,Urban,40.11245556,-88.20499722,Pedestrian,The First Harmful Event was Not a Collision with a Motor Vehicle in Transport,Daylight,Clear
Illinois,170175,1,COOK (31),NORTHFIELD,April,Saturday,Local Street - Municipality,Urban,42.10051667,-87.76800556,Pedestrian,The First Harmful Event was Not a Collision with a Motor Vehicle in Transport,Daylight,Clear
Illinois,170177,1,COOK (31),CHICAGO,April,Saturday,U.S. Highway,Urban,41.93231111,-87.63190556,Guardrail End,The First Harmful Event was Not a Collision with a Motor Vehicle in Transport,Daylight,Clear
Illinois,170180,2,MADISON (119),GRANITE CITY,April,Saturday,Local Street - Municipality,Urban,38.72721667,-90.11325278,Motor Vehicle In-Transport,Front-to-Rear,Dark - Lighted,Clear
Illinois,170181,2,WILL (197),BOLINGBROOK,April,Wednesday,Local Street - Municipality,Urban,41.70323056,-88.122325,Motor Vehicle In-Transport,Angle,Daylight,Clear
Illinois,170182,3,WILL (197),MANHATTAN,April,Sunday,Local Street - Municipality,Urban,41.395325,-87.96048056,Rollover/Overturn,The First Harmful Event was Not a Collision with a Motor Vehicle in Transport,Daylight,Clear
Illinois,170183,2,WILL (197),MANHATTAN,February,Tuesday,County Road,Urban,41.45370833,-87.96376667,Jackknife (harmful to this vehicle),The First Harmful Event was Not a Collision with a Motor Vehicle in Transport,Dawn,Clear
Illinois,170185,3,COOK (31),SOUTH HOLLAND,March,Saturday,U.S. Highway,Urban,41.60091389,-87.63062222,Motor Vehicle In-Transport,Angle,Dark - Lighted,Clear
Illinois,170187,5,KANE (89),BATAVIA,April,Sunday,County Road,Urban,41.82914167,-88.27941389,Motor Vehicle In-Transport,Front-to-Front,Daylight,Rain
Illinois,170188,1,KANE (89),AURORA,April,Saturday,Local Street - Municipality,Urban,41.76930278,-88.29132222,Fire Hydrant,The First Harmful Event was Not a Collision with a Motor Vehicle in Transport,Daylight,Clear
Illinois,170189,2,JERSEY (83),JERSEYVILLE,April,Sunday,U.S. Highway,Urban,39.11386111,-90.32287222,Curb,The First Harmful Event was Not a Collision with a Motor Vehicle in Transport,Dark - Lighted,Clear
Illinois,170191,1,COOK (31),LEMONT,April,Wednesday,Local Street - Township,Urban,41.68365278,-87.96943889,Railway Vehicle,The First Harmful Event was Not a Collision with a Motor Vehicle in Transport,Daylight,Clear
Illinois,170196,3,MADISON (119),BETHALTO,April,Friday,State Highway,Urban,38.90228056,-90.06308611,Motor Vehicle In-Transport,Angle,Daylight,Clear
Illinois,170199,3,MADISON (119),WOOD RIVER,April,Friday,State Highway,Urban,38.860175,-90.09365833,Motor Vehicle In-Transport,Angle,Dark - Lighted,Clear
Illinois,170201,1,COOK (31),SKOKIE,April,Friday,Interstate,Urban,42.04736111,-87.76221944,Pedestrian,The First Harmful Event was Not a Collision with a Motor Vehicle in Transport,Daylight,Clear
Illinois,170203,3,WILL (197),JOLIET,April,Sunday,County Road,Urban,41.52335278,-88.04308333,Motor Vehicle In-Transport,Angle,Daylight,Clear
Illinois,170205,1,COOK (31),CHICAGO,April,Friday,U.S. Highway,Urban,41.84112778,-87.60972778,Pedestrian,The First Harmful Event was Not a Collision with a Motor Vehicle in Transport,Dark - Lighted,Clear
Illinois,170206,6,COOK (31),CHICAGO,April,Sunday,Interstate,Urban,41.83724167,-87.67743056,Motor Vehicle In-Transport,Front-to-Rear,Dark - Lighted,Cloudy
Illinois,170207,3,COOK (31),CHICAGO,April,Monday,U.S. Highway,Urban,41.901275,-87.62000556,Concrete Traffic Barrier,The First Harmful Event was Not a Collision with a Motor Vehicle in Transport,Dark - Lighted,Cloudy
Illinois,170208,2,COOK (31),ALSIP,April,Sunday,State Highway,Urban,41.66165833,-87.73878889,Motor Vehicle In-Transport,Front-to-Rear,Dark - Lighted,Sleet or Hail
Illinois,170210,2,COOK (31),SCHILLER PARK,April,Friday,State Highway,Urban,41.95468056,-87.86498056,Pedalcyclist,The First Harmful Event was Not a Collision with a Motor Vehicle in Transport,Reported as Unknown,Clear
Illinois,170217,2,COOK (31),DES PLAINES,April,Thursday,Local Street - Municipality,Urban,42.02703889,-87.90903333,Motor Vehicle In-Transport,Front-to-Rear,Daylight,Clear
Illinois,170218,2,MCHENRY (111),JOHNSBURG,April,Tuesday,Local Street - Municipality,Urban,42.40118333,-88.22355556,Motor Vehicle In-Transport,Angle,Daylight,Clear
Illinois,170219,3,COOK (31),CHICAGO,April,Tuesday,Local Street - Municipality,Urban,41.77813611,-87.75683611,Motor Vehicle In-Transport,Angle,Daylight,Clear
Illinois,170220,4,COOK (31),CHICAGO,April,Saturday,Local Street - Municipality,Urban,41.78308056,-87.72287778,Motor Vehicle In-Transport,Angle,Dark - Lighted,Cloudy
Illinois,170221,3,PEORIA (143),PEORIA,April,Friday,State Highway,Urban,40.68364722,-89.62298056,Pedalcyclist,The First Harmful Event was Not a Collision with a Motor Vehicle in Transport,Dark - Lighted,Clear
Illinois,170222,3,COOK (31),CHICAGO,April,Thursday,Local Street - Municipality,Urban,41.78712778,-87.63768611,Motor Vehicle In-Transport,Angle,Daylight,Clear
Illinois,170224,2,COOK (31),NILES,April,Thursday,U.S. Highway,Urban,42.04060556,-87.81536667,Motor Vehicle In-Transport,Angle,Dusk,Clear
Illinois,170225,1,COOK (31),CHICAGO HEIGHTS,April,Friday,U.S. Highway,Urban,41.50604167,-87.66205,Pedestrian,The First Harmful Event was Not a Collision with a Motor Vehicle in Transport,Daylight,Clear
Illinois,170226,1,COOK (31),CHICAGO,April,Monday,Local Street - Municipality,Urban,41.90266111,-87.71758056,Pedestrian,The First Harmful Event was Not a Collision with a Motor Vehicle in Transport,Daylight,Clear
Illinois,170227,3,COOK (31),CHICAGO,April,Wednesday,Interstate,Urban,41.76909722,-87.62607778,Embankment,The First Harmful Event was Not a Collision with a Motor Vehicle in Transport,Daylight,Clear
Illinois,170228,3,LAKE (97),HAWTHORN WOODS,April,Sunday,County Road,Urban,42.21911389,-88.060525,Motor Vehicle In-Transport,Angle,Daylight,Clear
Illinois,170234,2,COOK (31),CHICAGO,May,Sunday,Interstate,Urban,41.96698333,-87.75394167,Concrete Traffic Barrier,The First Harmful Event was Not a Collision with a Motor Vehicle in Transport,Dark - Lighted,Clear
Illinois,170237,1,COOK (31),CHICAGO,May,Sunday,Interstate,Urban,41.77056111,-87.62616667,Pedestrian,The First Harmful Event was Not a Collision with a Motor Vehicle in Transport,Dark - Lighted,Clear
Illinois,170240,2,COOK (31),CHICAGO,May,Saturday,Local Street - Township,Urban,41.74987778,-87.70174722,Bridge Pier or Support,The First Harmful Event was Not a Collision with a Motor Vehicle in Transport,Daylight,Clear
Illinois,170242,2,DUPAGE (43),BARTLETT,May,Thursday,State Highway,Urban,41.94677222,-88.20803333,Motor Vehicle In-Transport,Angle,Daylight,Cloudy
Illinois,170246,1,MCHENRY (111),ALGONQUIN,July,Friday,Local Street - Municipality,Urban,42.15391944,-88.327175,Pedestrian,The First Harmful Event was Not a Collision with a Motor Vehicle in Transport,Dusk,Clear
Illinois,170247,2,ST. CLAIR (163),NEW BADEN,May,Sunday,Interstate,Rural,38.53873333,-89.73138889,Ditch,The First Harmful Event was Not a Collision with a Motor Vehicle in Transport,Dark - Not Lighted,Rain
Illinois,170251,2,MADISON (119),HARTFORD,May,Tuesday,State Highway,Urban,38.84090556,-90.09763611,Motor Vehicle In-Transport,Angle,Daylight,Clear
Illinois,170252,1,COOK (31),CHICAGO,May,Wednesday,Local Street - Municipality,Urban,41.7403,-87.604925,Pedestrian,The First Harmful Event was Not a Collision with a Motor Vehicle in Transport,Daylight,Clear
Illinois,170253,1,WILL (197),ROMEOVILLE,May,Wednesday,Local Street - Municipality,Urban,41.60806111,-88.16286389,Guardrail Face,The First Harmful Event was Not a Collision with a Motor Vehicle in Transport,Dark - Not Lighted,Clear
Illinois,170254,1,COOK (31),CHICAGO,May,Thursday,U.S. Highway,Urban,41.72190278,-87.61313056,Pedestrian,The First Harmful Event was Not a Collision with a Motor Vehicle in Transport,Dark - Not Lighted,Clear
Illinois,170256,1,ST. CLAIR (163),EAST SAINT LOUIS,May,Thursday,Interstate,Urban,38.61528611,-90.17136111,Bridge Rail (Includes parapet),The First Harmful Event was Not a Collision with a Motor Vehicle in Transport,Dark - Not Lighted,Clear
Illinois,170259,1,COOK (31),SUMMIT,May,Sunday,Interstate,Urban,41.79636667,-87.81459167,Guardrail Face,The First Harmful Event was Not a Collision with a Motor Vehicle in Transport,Daylight,Clear
Illinois,170264,2,COOK (31),CALUMET CITY,May,Tuesday,Interstate,Urban,41.62338889,-87.57887778,Motor Vehicle In-Transport,Front-to-Rear,Dark - Lighted,Rain
Illinois,170265,4,WILL (197),ROMEOVILLE,May,Thursday,Local Street - Municipality,Urban,41.67549722,-88.11345,Motor Vehicle In-Transport,Sideswipe - Same Direction,Dark - Lighted,Clear
Illinois,170266,1,COOK (31),CALUMET CITY,May,Tuesday,State Highway,Urban,41.62274444,-87.57487778,Pedestrian,The First Harmful Event was Not a Collision with a Motor Vehicle in Transport,Dark - Lighted,Clear
Illinois,170267,3,COOK (31),CHICAGO,May,Friday,Local Street - Municipality,Urban,41.66614722,-87.55886389,Motor Vehicle In-Transport,Angle,Dark - Lighted,Clear
Illinois,170268,2,KANE (89),MONTGOMERY,April,Thursday,State Highway,Urban,41.73683333,-88.32980556,Tree (Standing Only),The First Harmful Event was Not a Collision with a Motor Vehicle in Transport,Daylight,Rain
Illinois,170270,1,SANGAMON (167),SPRINGFIELD,April,Friday,Local Street - Municipality,Urban,39.72371667,-89.62521667,Tree (Standing Only),The First Harmful Event was Not a Collision with a Motor Vehicle in Transport,Daylight,Clear
Illinois,170272,2,COOK (31),CHICAGO HEIGHTS,February,Saturday,Local Street - Municipality,Urban,41.50253611,-87.62626389,Building,The First Harmful Event was Not a Collision with a Motor Vehicle in Transport,Dark - Lighted,Clear
Illinois,170273,5,LAKE (97),NORTH CHICAGO,March,Friday,State Highway,Urban,42.30934444,-87.8923,Motor Vehicle In-Transport,Angle,Daylight,Clear
Illinois,170277,4,WILL (197),JOLIET,May,Sunday,U.S. Highway,Urban,41.52298056,-88.11291944,Motor Vehicle In-Transport,Sideswipe - Same Direction,Dark - Lighted,Rain
Illinois,170280,1,COOK (31),CHICAGO,May,Sunday,State Highway,Urban,42.00892222,-87.90739722,Pedestrian,The First Harmful Event was Not a Collision with a Motor Vehicle in Transport,Dark - Lighted,Clear
Illinois,170283,2,BOND (5),GREENVILLE,May,Monday,State Highway,Urban,38.869175,-89.38316111,Motor Vehicle In-Transport,Angle,Daylight,Clear
Illinois,170284,2,DUPAGE (43),WOOD DALE,May,Wednesday,Local Street - Municipality,Urban,41.94916111,-87.98867222,Motor Vehicle In-Transport,Angle,Dark - Lighted,Cloudy
Illinois,170285,1,SANGAMON (167),SPRINGFIELD,June,Tuesday,Local Street - Municipality,Urban,39.78725,-89.64672222,Traffic Signal Support,The First Harmful Event was Not a Collision with a Motor Vehicle in Transport,Daylight,Clear
Illinois,170289,3,WILL (197),JOLIET,May,Friday,Local Street - Municipality,Urban,41.57298889,-88.16604444,Motor Vehicle In-Transport,Angle,Dark - Lighted,Clear
Illinois,170291,2,ROCK ISLAND (161),ROCK ISLAND,May,Tuesday,Local Street - Frontage Road,Urban,41.494825,-90.54859167,Tree (Standing Only),The First Harmful Event was Not a Collision with a Motor Vehicle in Transport,Daylight,Clear
Illinois,170292,1,MCHENRY (111),LAKEMOOR,May,Monday,Local Street - Municipality,Urban,42.35496667,-88.21339722,Traffic Sign Support,The First Harmful Event was Not a Collision with a Motor Vehicle in Transport,Daylight,Clear
Illinois,170293,1,MACON (115),MACON,May,Friday,U.S. Highway,Rural,39.69598889,-89.00141944,Live Animal,The First Harmful Event was Not a Collision with a Motor Vehicle in Transport,Daylight,Clear
Illinois,170294,1,COOK (31),CHICAGO,June,Saturday,U.S. Highway,Urban,41.72216667,-87.60927778,Curb,The First Harmful Event was Not a Collision with a Motor Vehicle in Transport,Daylight,Clear
Illinois,170295,1,KANE (89),SAINT CHARLES,May,Monday,County Road,Urban,41.90140278,-88.34013611,Curb,The First Harmful Event was Not a Collision with a Motor Vehicle in Transport,Dusk,Clear
Illinois,170297,2,ST. CLAIR (163),EAST SAINT LOUIS,May,Saturday,Local Street - Municipality,Urban,38.60935833,-90.17026389,Pedestrian,The First Harmful Event was Not a Collision with a Motor Vehicle in Transport,Dark - Not Lighted,Clear
Illinois,170299,2,COOK (31),MARKHAM,May,Friday,Local Street - Municipality,Urban,41.600425,-87.71676389,Motor Vehicle In-Transport,Angle,Daylight,Clear
Illinois,170301,2,KANE (89),SOUTH ELGIN,May,Friday,Local Street - Municipality,Urban,41.97905556,-88.31640833,Curb,The First Harmful Event was Not a Collision with a Motor Vehicle in Transport,Dark - Not Lighted,Clear