State,Case Number,Persons,County,City,Month,Day,Route,Rural/Urban,Latitude,Longitude,First Harmful Event,Manner of Collision,Light Conditions,Weather
Illinois,170815,1,COOK (31),LEMONT,October,Monday,Local Street - Municipality,Urban,41.68131389,-88.00195556,Concrete Traffic Barrier,The First Harmful Event was Not a Collision with a Motor Vehicle in Transport,Dark - Lighted,Severe Crosswinds
Illinois,170817,1,WILL (197),BOLINGBROOK,November,Thursday,Local Street - Municipality,Urban,41.68386667,-88.07551944,Tree (Standing Only),The First Harmful Event was Not a Collision with a Motor Vehicle in Transport,Dark - Lighted,Rain
Illinois,170820,1,COOK (31),CHICAGO,November,Tuesday,Local Street - Municipality,Urban,41.97876667,-87.90595,Pedestrian,The First Harmful Event was Not a Collision with a Motor Vehicle in Transport,Daylight,Clear
Illinois,170822,1,DOUGLAS (41),ARCOLA,November,Saturday,State Highway,Rural,39.68087222,-88.29768056,Pedestrian,The First Harmful Event was Not a Collision with a Motor Vehicle in Transport,Dawn,Rain
Illinois,170824,5,PEORIA (143),PEORIA,November,Monday,U.S. Highway,Urban,40.73531944,-89.61963056,Motor Vehicle In-Transport,Angle,Daylight,Clear
Illinois,170825,1,MACON (115),DECATUR,November,Friday,Local Street - Municipality,Urban,39.85674722,-88.92279444,Building,The First Harmful Event was Not a Collision with a Motor Vehicle in Transport,Dark - Lighted,Cloudy
Illinois,170826,2,SALINE (165),HARRISBURG,November,Monday,U.S. Highway,Urban,37.71516389,-88.55271944,Motor Vehicle In-Transport,Angle,Daylight,Clear
Illinois,170828,4,LAKE (97),ROUND LAKE,October,Friday,State Highway,Urban,42.38225278,-88.06305556,Motor Vehicle In-Transport,Angle,Daylight,Rain
Illinois,170834,2,WILL (197),CREST HILL,November,Thursday,State Highway,Urban,41.59049722,-88.07683333,Motor Vehicle In-Transport,Front-to-Front,Dark - Not Lighted,Clear
Illinois,170835,3,FAYETTE (51),VANDALIA,November,Friday,Interstate,Urban,38.97288056,-89.12715,Motor Vehicle In-Transport,Angle,Dark - Not Lighted,Clear
Illinois,170837,1,LASALLE (99),OTTAWA,May,Monday,State Highway,Urban,41.344925,-88.84258889,Fence,The First Harmful Event was Not a Collision with a Motor Vehicle in Transport,Daylight,Cloudy
Illinois,170839,2,WINNEBAGO (201),ROCKFORD,November,Tuesday,State Highway,Urban,42.27899167,-89.08743056,Motor Vehicle In-Transport,Angle,Daylight,Rain
Illinois,170841,1,COOK (31),CHICAGO,November,Saturday,Local Street - Municipality,Urban,41.875575,-87.62758889,Pedestrian,The First Harmful Event was Not a Collision with a Motor Vehicle in Transport,Daylight,Cloudy
Illinois,170842,1,COOK (31),INDIAN HEAD PARK,November,Sunday,County Road,Urban,41.76231389,-87.89669722,"Post, Pole or Other Supports",The First Harmful Event was Not a Collision with a Motor Vehicle in Transport,Daylight,Clear
Illinois,170843,1,COOK (31),CHICAGO,November,Sunday,State Highway,Urban,41.95448611,-87.65457778,Pedestrian,The First Harmful Event was Not a Collision with a Motor Vehicle in Transport,Dark - Lighted,Reported as Unknown
Illinois,170845,1,LAKE (97),WAUKEGAN,November,Thursday,Local Street - Municipality,Urban,42.35008056,-87.86443889,Pedestrian,The First Harmful Event was Not a Collision with a Motor Vehicle in Transport,Dark - Lighted,Rain
Illinois,170846,1,COOK (31),CHICAGO,November,Monday,U.S. Highway,Urban,41.79255556,-87.5802,Unknown Fixed Object,The First Harmful Event was Not a Collision with a Motor Vehicle in Transport,Dark - Lighted,Clear
Illinois,170847,3,FRANKLIN (55),BENTON,November,Saturday,State Highway,Urban,38.00918333,-88.91312222,Motor Vehicle In-Transport,Angle,Dark - Lighted,Clear
Illinois,170849,2,COOK (31),CHICAGO,December,Friday,Local Street - Municipality,Urban,41.76346944,-87.63998333,Curb,The First Harmful Event was Not a Collision with a Motor Vehicle in Transport,Daylight,Cloudy
Illinois,170851,3,COOK (31),LANSING,December,Wednesday,Interstate,Urban,41.57787222,-87.55648611,Other Object (not fixed),The First Harmful Event was Not a Collision with a Motor Vehicle in Transport,Dark - Not Lighted,Clear
Illinois,170852,2,COOK (31),BRIDGEVIEW,June,Tuesday,Local Street - Municipality,Urban,41.762525,-87.80754722,Motor Vehicle In-Transport,Angle,Daylight,Cloudy
Illinois,170853,13,COOK (31),CHICAGO,June,Sunday,Interstate,Urban,41.98385,-87.82228889,Motor Vehicle In-Transport,Front-to-Rear,Dark - Lighted,Clear
Illinois,170855,3,COOK (31),SKOKIE,August,Friday,Local Street - Municipality,Urban,42.03905556,-87.75779722,Motor Vehicle In-Transport,Angle,Daylight,Clear
Illinois,170856,2,MADISON (119),PONTOON BEACH,August,Wednesday,State Highway,Urban,38.728725,-90.07086111,Pedestrian,The First Harmful Event was Not a Collision with a Motor Vehicle in Transport,Dark - Lighted,Clear
Illinois,170859,4,KANE (89),CARPENTERSVILLE,October,Sunday,County Road,Urban,42.12156111,-88.33529722,Motor Vehicle In-Transport,Front-to-Front,Daylight,Clear
Illinois,170862,3,MARSHALL (123),SPARLAND,October,Sunday,State Highway,Rural,41.03435833,-89.43607778,Motor Vehicle In-Transport,Front-to-Front,Daylight,Clear
Illinois,170865,1,COOK (31),HARVEY,August,Friday,State Highway,Urban,41.62258611,-87.63801944,Pedestrian,The First Harmful Event was Not a Collision with a Motor Vehicle in Transport,Dark - Lighted,Clear
Illinois,170866,1,MENARD (129),PETERSBURG,November,Tuesday,Local Street - Township,Rural,39.97744444,-89.86243333,Immersion or Partial Immersion,The First Harmful Event was Not a Collision with a Motor Vehicle in Transport,Dark - Not Lighted,Reported as Unknown
Illinois,170868,3,COOK (31),CHICAGO,December,Thursday,Local Street - Municipality,Urban,41.70824444,-87.62837222,Curb,The First Harmful Event was Not a Collision with a Motor Vehicle in Transport,Dark - Lighted,Clear
Illinois,170869,2,COOK (31),CHICAGO,December,Friday,Interstate,Urban,41.69207778,-87.59825278,Motor Vehicle In-Transport,Front-to-Rear,Dark - Lighted,Clear
Illinois,170873,1,COOK (31),BLUE ISLAND,December,Thursday,Local Street - Municipality,Urban,41.66254444,-87.68993889,Pedestrian,The First Harmful Event was Not a Collision with a Motor Vehicle in Transport,Dark - Lighted,Clear
Illinois,170874,2,COOK (31),RIVERSIDE,December,Thursday,Local Street - Municipality,Urban,41.83548333,-87.82255556,Motor Vehicle In-Transport,Angle,Dark - Lighted,Clear
Illinois,170878,1,KANE (89),SAINT CHARLES,December,Tuesday,Local Street - Municipality,Rural,41.909325,-88.30859722,Curb,The First Harmful Event was Not a Collision with a Motor Vehicle in Transport,Daylight,Clear
Illinois,170880,1,COOK (31),CHICAGO,December,Sunday,Local Street - Municipality,Urban,41.87206667,-87.63715556,Other Fixed Object,The First Harmful Event was Not a Collision with a Motor Vehicle in Transport,Dark - Lighted,Clear
Illinois,170881,2,COOK (31),HICKORY HILLS,December,Sunday,Interstate,Urban,41.72895278,-87.81263611,Parked Motor Vehicle,The First Harmful Event was Not a Collision with a Motor Vehicle in Transport,Dark - Lighted,Clear
Illinois,170883,1,DEKALB (37),DEKALB,December,Sunday,Local Street - Municipality,Urban,41.93274444,-88.73519167,Pedestrian,The First Harmful Event was Not a Collision with a Motor Vehicle in Transport,Daylight,Cloudy
Illinois,170887,2,WINNEBAGO (201),ROCKFORD,December,Wednesday,State Highway,Urban,42.21346944,-89.07210278,Motor Vehicle In-Transport,Front-to-Rear,Dark - Not Lighted,Clear
Illinois,170888,5,COOK (31),SCHAUMBURG,December,Wednesday,Interstate,Urban,42.03756389,-88.03069167,Guardrail Face,The First Harmful Event was Not a Collision with a Motor Vehicle in Transport,Dark - Lighted,Clear
Illinois,170889,5,COOK (31),CHICAGO,August,Sunday,Interstate,Urban,41.81771111,-87.74114444,Concrete Traffic Barrier,The First Harmful Event was Not a Collision with a Motor Vehicle in Transport,Daylight,Rain
Illinois,170890,1,COOK (31),STEGER,December,Monday,Local Street - Township,Urban,41.486025,-87.59230556,Utility Pole/Light Support,The First Harmful Event was Not a Collision with a Motor Vehicle in Transport,Dark - Lighted,Clear
Illinois,170892,3,SANGAMON (167),SPRINGFIELD,December,Monday,Local Street - Municipality,Urban,39.77678333,-89.64088611,Motor Vehicle In-Transport,Angle,Daylight,Clear
Illinois,170895,1,COOK (31),CHICAGO,July,Wednesday,Local Street - Municipality,Urban,41.86984167,-87.76430556,Pedestrian,The First Harmful Event was Not a Collision with a Motor Vehicle in Transport,Dark - Lighted,Clear
Illinois,170896,1,MCHENRY (111),MCHENRY,October,Friday,State Highway,Urban,42.35069167,-88.30155,Rollover/Overturn,The First Harmful Event was Not a Collision with a Motor Vehicle in Transport,Daylight,Clear
Illinois,170897,1,WINNEBAGO (201),CHERRY VALLEY,December,Thursday,Local Street - Municipality,Urban,42.24883056,-88.97839444,Pedestrian,The First Harmful Event was Not a Collision with a Motor Vehicle in Transport,Daylight,Clear
Illinois,170899,7,COOK (31),CALUMET CITY,August,Saturday,Interstate,Urban,41.62297778,-87.57903889,Motor Vehicle In-Transport,Front-to-Rear,Dark - Lighted,Clear
Illinois,170903,3,COOK (31),CHICAGO,December,Saturday,State Highway,Urban,41.90914444,-87.78372222,Motor Vehicle In-Transport,Front-to-Rear,Dark - Lighted,Clear
Illinois,170904,6,MADISON (119),EDWARDSVILLE,August,Saturday,State Highway,Urban,38.76593611,-90.00393889,Motor Vehicle In-Transport,Angle,Daylight,Clear
Illinois,170905,1,COOK (31),OAK PARK,December,Thursday,Local Street - Municipality,Urban,41.88513333,-87.78783056,Pedestrian,The First Harmful Event was Not a Collision with a Motor Vehicle in Transport,Daylight,Clear
Illinois,170906,5,COOK (31),ORLAND HILLS,December,Monday,U.S. Highway,Urban,41.60162778,-87.83861389,Motor Vehicle In-Transport,Front-to-Front,Daylight,Clear
Illinois,170907,1,KANKAKEE (91),KANKAKEE,August,Saturday,State Highway,Urban,41.11896389,-87.83946667,Pedestrian,The First Harmful Event was Not a Collision with a Motor Vehicle in Transport,Dark - Not Lighted,Rain
Illinois,170908,2,COOK (31),HARVEY,November,Saturday,Local Street - Municipality,Urban,41.61718611,-87.66810833,Motor Vehicle In-Transport,Angle,Dark - Lighted,Clear
Illinois,170909,2,COOK (31),CHICAGO,December,Tuesday,Local Street - Municipality,Urban,41.72980556,-87.57169722,Parked Motor Vehicle,The First Harmful Event was Not a Collision with a Motor Vehicle in Transport,Dark - Lighted,"Fog, Smog, Smoke"
Illinois,170913,2,ST. CLAIR (163),MASCOUTAH,December,Monday,State Highway,Rural,38.50336944,-89.79292222,Motor Vehicle In-Transport,Angle,Daylight,"Fog, Smog, Smoke"
Illinois,170915,1,COOK (31),NILES,December,Sunday,State Highway,Urban,42.05126389,-87.83504167,Pedestrian,The First Harmful Event was Not a Collision with a Motor Vehicle in Transport,Dark - Lighted,Clear
Illinois,170918,1,COOK (31),CHICAGO,December,Sunday,Local Street - Municipality,Urban,41.79423611,-87.65141944,Tree (Standing Only),The First Harmful Event was Not a Collision with a Motor Vehicle in Transport,Daylight,Clear
Illinois,170920,2,COOK (31),LYNWOOD,December,Saturday,Local Street - Municipality,Urban,41.53798611,-87.53915833,Motor Vehicle In-Transport,Angle,Dawn,Clear
Illinois,170921,1,COOK (31),CHICAGO,December,Monday,U.S. Highway,Urban,41.748575,-87.54049722,Rollover/Overturn,The First Harmful Event was Not a Collision with a Motor Vehicle in Transport,Dark - Lighted,Clear
Illinois,170922,3,WILL (197),BRAIDWOOD,December,Monday,State Highway,Rural,41.28901111,-88.22779444,Motor Vehicle In-Transport,Angle,Daylight,Clear
Illinois,170926,2,ST. CLAIR (163),EAST SAINT LOUIS,December,Monday,Local Street - Municipality,Urban,38.62431667,-90.13454167,Utility Pole/Light Support,The First Harmful Event was Not a Collision with a Motor Vehicle in Transport,Dark - Lighted,Clear
Illinois,170927,2,JACKSON (77),CARBONDALE,December,Friday,State Highway,Urban,37.73817222,-89.25337222,Motor Vehicle In-Transport,Angle,Daylight,Clear
Illinois,170931,1,MASSAC (127),METROPOLIS,December,Tuesday,Local Street - Municipality,Urban,37.153875,-88.72075,Pedestrian,The First Harmful Event was Not a Collision with a Motor Vehicle in Transport,Dark - Not Lighted,Clear
Illinois,170932,1,CLAY (25),FLORA,November,Saturday,Local Street - Municipality,Urban,38.67767222,-88.49838056,Non-Motorist on Personal Conveyance,The First Harmful Event was Not a Collision with a Motor Vehicle in Transport,Dark - Lighted,"Fog, Smog, Smoke"
Illinois,170933,1,COOK (31),CHICAGO,October,Wednesday,Local Street - Municipality,Urban,41.70046944,-87.68145278,Pedestrian,The First Harmful Event was Not a Collision with a Motor Vehicle in Transport,Dark - Lighted,Rain
Illinois,170934,1,COOK (31),MORTON GROVE,July,Sunday,Local Street - Municipality,Urban,42.03664167,-87.785875,Railway Vehicle,The First Harmful Event was Not a Collision with a Motor Vehicle in Transport,Daylight,Clear
Illinois,170935,1,COOK (31),CHICAGO,October,Sunday,State Highway,Urban,41.95388611,-87.71321667,Pedalcyclist,The First Harmful Event was Not a Collision with a Motor Vehicle in Transport,Dark - Lighted,Clear
Illinois,170936,1,COOK (31),CHICAGO,September,Sunday,Local Street - Municipality,Urban,41.88624167,-87.73964722,Pedalcyclist,The First Harmful Event was Not a Collision with a Motor Vehicle in Transport,Dark - Lighted,Rain
Illinois,170939,1,WILL (197),BRAIDWOOD,December,Friday,Local Street - Municipality,Urban,41.28447222,-88.20404722,Guardrail Face,The First Harmful Event was Not a Collision with a Motor Vehicle in Transport,Dark - Not Lighted,Clear
Illinois,170940,6,COOK (31),CHICAGO,July,Wednesday,Local Street - Municipality,Urban,41.76536111,-87.63469444,Motor Vehicle In-Transport,Front-to-Front,Daylight,Clear
Illinois,170941,5,COOK (31),HARVEY,May,Thursday,Local Street - Municipality,Urban,41.61899722,-87.660825,Motor Vehicle In-Transport,Front-to-Rear,Dark - Not Lighted,Clear
Illinois,170943,2,COOK (31),CHICAGO,November,Sunday,Local Street - Municipality,Urban,41.88449444,-87.63823611,Immersion or Partial Immersion,The First Harmful Event was Not a Collision with a Motor Vehicle in Transport,Dark - Lighted,Reported as Unknown
Illinois,170945,3,LAKE (97),WINTHROP HARBOR,November,Saturday,Local Street - Municipality,Urban,42.47428611,-87.85440833,Tree (Standing Only),The First Harmful Event was Not a Collision with a Motor Vehicle in Transport,Dark - Not Lighted,Freezing Rain or Drizzle
Illinois,170946,5,DUPAGE (43),CLARENDON HILLS,October,Sunday,State Highway,Urban,41.79138333,-87.94709722,Motor Vehicle In-Transport,Front-to-Front,Dark - Not Lighted,Clear
Illinois,170947,2,MARSHALL (123),LACON,October,Wednesday,State Highway,Rural,41.03198889,-89.40678333,Motor Vehicle In-Transport,Front-to-Front,Dawn,Snow
Illinois,170949,1,KANE (89),ELGIN,December,Monday,Local Street - Municipality,Urban,42.02455833,-88.34068056,Tree (Standing Only),The First Harmful Event was Not a Collision with a Motor Vehicle in Transport,Daylight,Cloudy
Illinois,170950,3,COOK (31),MARKHAM,October,Wednesday,Local Street - Municipality,Urban,41.58621111,-87.71386111,Motor Vehicle In-Transport,Front-to-Rear,Dark - Lighted,Clear
Illinois,170951,6,COOK (31),HARVEY,December,Wednesday,Local Street - Municipality,Urban,41.617375,-87.67319167,Pedestrian,The First Harmful Event was Not a Collision with a Motor Vehicle in Transport,Dark - Not Lighted,Clear
Illinois,170955,1,WILL (197),CREST HILL,December,Monday,U.S. Highway,Urban,41.56787778,-88.14525,Pedalcyclist,The First Harmful Event was Not a Collision with a Motor Vehicle in Transport,Dark - Not Lighted,Rain
Indiana,180006,3,UNION (161),LIBERTY,January,Saturday,State Highway,Rural,39.58345833,-84.94661944,Guardrail Face,The First Harmful Event was Not a Collision with a Motor Vehicle in Transport,Daylight,Clear
Indiana,180007,1,VANDERBURGH (163),EVANSVILLE,January,Tuesday,Local Street - Township,Urban,37.98595833,-87.57490556,Non-Motorist on Personal Conveyance,The First Harmful Event was Not a Collision with a Motor Vehicle in Transport,Dark - Lighted,Cloudy
Indiana,180010,3,ALLEN (3),NEW HAVEN,January,Wednesday,U.S. Highway,Rural,41.06128333,-84.98093056,Motor Vehicle In-Transport,Angle,Daylight,Snow
Indiana,180018,7,HAMILTON (57),WESTFIELD,January,Friday,State Highway,Rural,40.04285556,-86.11595833,Motor Vehicle In-Transport,Front-to-Rear,Dark - Not Lighted,Clear
Indiana,180024,5,JEFFERSON (77),MADISON,January,Sunday,State Highway,Urban,38.77501111,-85.39340556,Motor Vehicle In-Transport,Sideswipe - Opposite Direction,Dark - Lighted,Cloudy
Indiana,180027,1,VIGO (167),TERRE HAUTE,January,Monday,Local Street - Municipality,Urban,39.46652222,-87.39768333,Curb,The First Harmful Event was Not a Collision with a Motor Vehicle in Transport,Dark - Lighted,Clear
Indiana,180029,1,LAKE (89),SCHERERVILLE,January,Thursday,U.S. Highway,Urban,41.49101667,-87.48465833,Pedestrian,The First Harmful Event was Not a Collision with a Motor Vehicle in Transport,Dark - Not Lighted,Cloudy
Indiana,180030,1,ST. JOSEPH (141),MISHAWAKA,January,Tuesday,Local Street - Township,Rural,41.56778056,-86.07980278,Tree (Standing Only),The First Harmful Event was Not a Collision with a Motor Vehicle in Transport,Dark - Not Lighted,Clear
Indiana,180031,1,JOHNSON (81),BARGERSVILLE,January,Tuesday,State Highway,Urban,39.540025,-86.18975278,Tree (Standing Only),The First Harmful Event was Not a Collision with a Motor Vehicle in Transport,Daylight,Cloudy
Indiana,180034,4,MARION (97),INDIANAPOLIS,January,Friday,Local Street - Municipality,Urban,39.71288889,-86.23864444,Motor Vehicle In-Transport,Front-to-Front,Dusk,Cloudy
Indiana,180035,1,HAMILTON (57),WESTFIELD,January,Thursday,Local Street - Township,Urban,40.02151667,-86.14199722,Utility Pole/Light Support,The First Harmful Event was Not a Collision with a Motor Vehicle in Transport,Dark - Not Lighted,Snow
Indiana,180042,1,MARION (97),INDIANAPOLIS,January,Monday,Local Street - Municipality,Urban,39.81828333,-86.08755833,Pedestrian,The First Harmful Event was Not a Collision with a Motor Vehicle in Transport,Dark - Lighted,Cloudy
Indiana,180045,3,LAKE (89),CROWN POINT,February,Sunday,U.S. Highway,Rural,41.42048333,-87.38844444,Pedestrian,The First Harmful Event was Not a Collision with a Motor Vehicle in Transport,Dark - Not Lighted,Cloudy
Indiana,180048,1,DELAWARE (35),MUNCIE,February,Thursday,Local Street - Township,Urban,40.183575,-85.35388056,Pedestrian,The First Harmful Event was Not a Collision with a Motor Vehicle in Transport,Daylight,Cloudy
Indiana,180050,2,HAMILTON (57),FISHERS,February,Sunday,Local Street - Township,Urban,39.95736389,-85.97004167,Motor Vehicle In-Transport,Front-to-Front,Dusk,Clear
Indiana,180052,2,LAWRENCE (93),BEDFORD,February,Saturday,Local Street - Township,Urban,38.86103056,-86.50672222,Motor Vehicle In-Transport,Angle,Daylight,Clear
Indiana,180053,1,MARION (97),INDIANAPOLIS,February,Wednesday,Local Street - Municipality,Urban,39.75987778,-86.11165278,Pedalcyclist,The First Harmful Event was Not a Collision with a Motor Vehicle in Transport,Dark - Lighted,Rain
Indiana,180055,2,MARION (97),INDIANAPOLIS,January,Thursday,Local Street - Municipality,Urban,39.92456944,-86.22872778,Motor Vehicle In-Transport,Front-to-Rear,Dark - Lighted,Clear
Indiana,180059,1,HOWARD (67),KOKOMO,February,Wednesday,Local Street - Township,Urban,40.51989444,-86.130875,Other Fixed Object,The First Harmful Event was Not a Collision with a Motor Vehicle in Transport,Daylight,Rain
Indiana,180060,4,VANDERBURGH (163),EVANSVILLE,February,Tuesday,Local Street - Township,Urban,37.97798611,-87.57518611,Motor Vehicle In-Transport,Front-to-Front,Daylight,Cloudy
Indiana,180062,1,LAKE (89),HAMMOND,February,Sunday,Interstate,Urban,41.57434167,-87.50276944,Concrete Traffic Barrier,The First Harmful Event was Not a Collision with a Motor Vehicle in Transport,Dark - Not Lighted,Clear
Indiana,180066,1,RIPLEY (137),OSGOOD,February,Sunday,State Highway,Rural,39.14721667,-85.20775833,Culvert,The First Harmful Event was Not a Collision with a Motor Vehicle in Transport,Dark - Not Lighted,Clear
Indiana,180068,3,CLARK (19),JEFFERSONVILLE,January,Wednesday,Interstate,Urban,38.35819167,-85.75483333,Motor Vehicle In-Transport,Front-to-Rear,Daylight,Clear
Indiana,180069,5,VIGO (167),TERRE HAUTE,February,Thursday,County Road,Rural,39.37596389,-87.42345278,Rollover/Overturn,The First Harmful Event was Not a Collision with a Motor Vehicle in Transport,Dark - Not Lighted,Cloudy
Indiana,180070,3,GRANT (53),MARION,February,Monday,State Highway,Urban,40.55355556,-85.55525556,Motor Vehicle In-Transport,Angle,Dark - Lighted,Clear
Indiana,180072,1,ST. JOSEPH (141),MISHAWAKA,February,Thursday,Local Street - Frontage Road,Urban,41.68041667,-86.16868889,Pedalcyclist,The First Harmful Event was Not a Collision with a Motor Vehicle in Transport,Dark - Lighted,Clear
Indiana,180077,1,ALLEN (3),FORT WAYNE,February,Wednesday,Local Street - Municipality,Urban,41.09840278,-85.07000833,Curb,The First Harmful Event was Not a Collision with a Motor Vehicle in Transport,Dark - Lighted,Snow
Indiana,180078,3,ALLEN (3),FORT WAYNE,February,Sunday,State Highway,Urban,41.11933333,-85.09461944,Motor Vehicle In-Transport,Front-to-Rear,Dark - Lighted,Sleet or Hail
Indiana,180079,1,ALLEN (3),FORT WAYNE,February,Sunday,Local Street - Municipality,Urban,41.03888611,-85.13468056,Pedestrian,The First Harmful Event was Not a Collision with a Motor Vehicle in Transport,Dark - Lighted,Sleet or Hail
Indiana,180080,4,ALLEN (3),FORT WAYNE,February,Wednesday,State Highway,Urban,41.11970833,-85.08075833,Motor Vehicle In-Transport,Sideswipe - Opposite Direction,Dawn,Snow
Indiana,180081,1,JASPER (73),RENSSELAER,February,Wednesday,Local Street - Township,Urban,40.94661389,-87.14171944,"Post, Pole or Other Supports",The First Harmful Event was Not a Collision with a Motor Vehicle in Transport,Daylight,Cloudy
Indiana,180082,2,LAKE (89),GARY,February,Friday,Local Street - Municipality,Urban,41.5645,-87.35603333,Motor Vehicle In-Transport,Front-to-Rear,Dark - Lighted,Cloudy
Indiana,180085,1,HENDRICKS (63),BROWNSBURG,February,Saturday,County Road,Rural,39.82378333,-86.34626389,Railway Vehicle,The First Harmful Event was Not a Collision with a Motor Vehicle in Transport,Dark - Not Lighted,Rain
Indiana,180087,1,ELKHART (39),ELKHART,February,Friday,Local Street - Municipality,Urban,41.66694167,-85.98919722,Pedestrian,The First Harmful Event was Not a Collision with a Motor Vehicle in Transport,Daylight,Cloudy
Indiana,180089,1,ALLEN (3),FORT WAYNE,February,Sunday,Local Street - Municipality,Urban,41.04995278,-85.15737222,Wall,The First Harmful Event was Not a Collision with a Motor Vehicle in Transport,Dark - Lighted,Rain
Indiana,180091,3,WASHINGTON (175),SALEM,February,Monday,State Highway,Urban,38.61720556,-86.07163889,Motor Vehicle In-Transport,Angle,Daylight,"Blowing Sand, Soil, Dirt"
Indiana,180094,1,ALLEN (3),FORT WAYNE,March,Sunday,Local Street - Municipality,Urban,41.13249722,-85.15056389,Curb,The First Harmful Event was Not a Collision with a Motor Vehicle in Transport,Dark - Lighted,Snow
Indiana,180095,1,DELAWARE (35),MUNCIE,March,Monday,Local Street - Municipality,Urban,40.18394722,-85.41113333,Railway Vehicle,The First Harmful Event was Not a Collision with a Motor Vehicle in Transport,Daylight,Clear
Indiana,180097,1,MARION (97),INDIANAPOLIS,March,Saturday,Local Street - Municipality,Rural,39.63253056,-86.31153611,Fence,The First Harmful Event was Not a Collision with a Motor Vehicle in Transport,Daylight,Cloudy
Indiana,180099,1,CRAWFORD (25),MARENGO,February,Thursday,Local Street - Township,Rural,38.37578333,-86.34461944,Rollover/Overturn,The First Harmful Event was Not a Collision with a Motor Vehicle in Transport,Dark - Lighted,"Fog, Smog, Smoke"
Indiana,180100,1,LAKE (89),HAMMOND,March,Saturday,State Highway,Urban,41.58170833,-87.48096389,Utility Pole/Light Support,The First Harmful Event was Not a Collision with a Motor Vehicle in Transport,Dark - Lighted,Clear
Indiana,180103,1,LAKE (89),HAMMOND,February,Wednesday,Local Street - Township,Urban,41.59555,-87.51758056,Parked Motor Vehicle,The First Harmful Event was Not a Collision with a Motor Vehicle in Transport,Dark - Lighted,Clear
Indiana,180104,1,LAKE (89),MUNSTER,March,Sunday,Local Street - Township,Urban,41.52305278,-87.49508056,Other Object (not fixed),The First Harmful Event was Not a Collision with a Motor Vehicle in Transport,Dark - Not Lighted,Clear
Indiana,180105,1,HUNTINGTON (69),HUNTINGTON,March,Tuesday,Local Street - Municipality,Urban,40.90207778,-85.50718889,Curb,The First Harmful Event was Not a Collision with a Motor Vehicle in Transport,Dark - Lighted,Cloudy
Indiana,180107,4,FLOYD (43),NEW ALBANY,March,Monday,Interstate,Urban,38.28764722,-85.83172778,Motor Vehicle In-Transport,Front-to-Rear,Dark - Lighted,Clear
Indiana,180109,2,MARION (97),INDIANAPOLIS,February,Thursday,Local Street - Municipality,Urban,39.69418889,-86.101375,Motor Vehicle In-Transport,Front-to-Rear,Daylight,Clear
Indiana,180110,4,JOHNSON (81),FRANKLIN,January,Saturday,U.S. Highway,Urban,39.49168611,-86.06426667,Pedestrian,The First Harmful Event was Not a Collision with a Motor Vehicle in Transport,Dark - Lighted,Cloudy
Indiana,180111,3,ST. JOSEPH (141),SOUTH BEND,March,Saturday,Local Street - Municipality,Rural,41.72680278,-86.23756389,Motor Vehicle In-Transport,Angle,Dark - Not Lighted,Clear
Indiana,180112,1,ALLEN (3),FORT WAYNE,March,Saturday,Local Street - Municipality,Urban,41.06479444,-85.128425,Pedestrian,The First Harmful Event was Not a Collision with a Motor Vehicle in Transport,Dark - Lighted,Clear
Indiana,180117,1,MARION (97),INDIANAPOLIS,March,Friday,Interstate,Urban,39.83605833,-86.03813611,Pedestrian,The First Harmful Event was Not a Collision with a Motor Vehicle in Transport,Dark - Lighted,Clear
Indiana,180118,3,MARION (97),INDIANAPOLIS,March,Saturday,Local Street - Municipality,Urban,39.80972778,-86.21608056,Motor Vehicle In-Transport,Angle,Dark - Lighted,Clear
Indiana,180119,1,JOHNSON (81),WHITELAND,March,Tuesday,County Road,Urban,39.56476389,-86.08365,Railway Vehicle,The First Harmful Event was Not a Collision with a Motor Vehicle in Transport,Dark - Not Lighted,Clear
Indiana,180123,1,MARION (97),INDIANAPOLIS,March,Saturday,Local Street - Municipality,Urban,39.82626667,-85.99141667,Pedestrian,The First Harmful Event was Not a Collision with a Motor Vehicle in Transport,Dark - Not Lighted,Clear
Indiana,180125,4,VANDERBURGH (163),EVANSVILLE,February,Monday,State Highway,Urban,38.04910556,-87.53366944,Motor Vehicle In-Transport,Front-to-Front,Dark - Not Lighted,Rain
Indiana,180126,4,DELAWARE (35),DALEVILLE,March,Thursday,State Highway,Rural,40.13345,-85.54589722,"Post, Pole or Other Supports",The First Harmful Event was Not a Collision with a Motor Vehicle in Transport,Dark - Not Lighted,Cloudy
Indiana,180130,11,VIGO (167),TERRE HAUTE,March,Saturday,Interstate,Urban,39.43086389,-87.34659444,Motor Vehicle In-Transport,Front-to-Rear,Daylight,Clear
Indiana,180131,3,MARION (97),INDIANAPOLIS,March,Sunday,County Road,Urban,39.91252222,-86.15793056,Motor Vehicle In-Transport,Angle,Daylight,Rain
Indiana,180133,2,DELAWARE (35),MUNCIE,March,Wednesday,Local Street - Township,Urban,40.14940833,-85.40483889,Motor Vehicle In-Transport,Angle,Daylight,Cloudy