State,Case Number,Persons,County,City,Month,Day,Route,Rural/Urban,Latitude,Longitude,First Harmful Event,Manner of Collision,Light Conditions,Weather
Indiana,180135,2,DELAWARE (35),MUNCIE,March,Tuesday,Local Street - Township,Urban,40.17615556,-85.41320278,Motor Vehicle In-Transport,Front-to-Rear,Daylight,Clear
Indiana,180137,2,PORTER (127),PORTAGE,March,Tuesday,Interstate,Urban,41.60025833,-87.19349722,Motor Vehicle In-Transport,Front-to-Rear,Dark - Not Lighted,Clear
Indiana,180141,1,LAKE (89),CROWN POINT,March,Friday,Local Street - Township,Urban,41.41756667,-87.37525278,Pedestrian,The First Harmful Event was Not a Collision with a Motor Vehicle in Transport,Daylight,Clear
Indiana,180144,2,DELAWARE (35),GASTON,April,Monday,County Road,Rural,40.29848056,-85.50110833,Live Animal,The First Harmful Event was Not a Collision with a Motor Vehicle in Transport,Dark - Not Lighted,Clear
Indiana,180145,2,MARION (97),INDIANAPOLIS,March,Tuesday,Local Street - Municipality,Urban,39.74309722,-86.20973333,Motor Vehicle In-Transport,Angle,Dark - Not Lighted,Clear
Indiana,180146,1,PERRY (123),TELL CITY,March,Sunday,State Highway,Rural,37.98105556,-86.77462778,Pedestrian,The First Harmful Event was Not a Collision with a Motor Vehicle in Transport,Dark - Not Lighted,Cloudy
Indiana,180147,1,PUTNAM (133),CLOVERDALE,March,Sunday,State Highway,Rural,39.49975278,-86.73984444,Tree (Standing Only),The First Harmful Event was Not a Collision with a Motor Vehicle in Transport,Dark - Not Lighted,Clear
Indiana,180148,2,ALLEN (3),FORT WAYNE,April,Monday,Local Street - Township,Urban,41.031675,-85.12698611,Motor Vehicle In-Transport,Front-to-Front,Dusk,Clear
Indiana,180149,2,HOWARD (67),KOKOMO,April,Monday,U.S. Highway,Rural,40.54110556,-86.13813333,Motor Vehicle In-Transport,Front-to-Front,Dark - Not Lighted,Clear
Indiana,180150,2,WHITLEY (183),SOUTH WHITLEY,April,Tuesday,State Highway,Rural,41.0766,-85.57527778,Motor Vehicle In-Transport,Front-to-Rear,Daylight,Clear
Indiana,180151,1,MARION (97),INDIANAPOLIS,April,Monday,Local Street - Municipality,Urban,39.79630556,-86.061125,Utility Pole/Light Support,The First Harmful Event was Not a Collision with a Motor Vehicle in Transport,Dark - Lighted,Clear
Indiana,180152,2,BENTON (7),FOWLER,February,Wednesday,County Road,Rural,40.56312778,-87.28512778,Motor Vehicle In-Transport,Angle,Daylight,Cloudy
Indiana,180153,3,BARTHOLOMEW (5),COLUMBUS,April,Saturday,County Road,Rural,39.10566667,-85.92920556,Motor Vehicle In-Transport,Angle,Dark - Not Lighted,Cloudy
Indiana,180154,1,JEFFERSON (77),MADISON,April,Sunday,State Highway,Rural,38.75273889,-85.44987778,Tree (Standing Only),The First Harmful Event was Not a Collision with a Motor Vehicle in Transport,Daylight,Clear
Indiana,180155,2,STEUBEN (151),FREMONT,April,Monday,State Highway,Rural,41.74409722,-85.04872778,Motor Vehicle In-Transport,Angle,Daylight,Clear
Indiana,180156,3,ALLEN (3),GRABILL,April,Monday,Local Street - Township,Rural,41.25467778,-84.88773056,Utility Pole/Light Support,The First Harmful Event was Not a Collision with a Motor Vehicle in Transport,Daylight,Cloudy
Indiana,180157,1,PERRY (123),TELL CITY,April,Saturday,County Road,Rural,38.20670278,-86.57119722,Tree (Standing Only),The First Harmful Event was Not a Collision with a Motor Vehicle in Transport,Dark - Not Lighted,Cloudy
Indiana,180158,2,SPENCER (147),DALE,April,Thursday,Interstate,Rural,38.19622778,-87.00449722,Motor Vehicle In-Transport,Angle,Daylight,Clear
Indiana,180159,1,GREENE (55),JASONVILLE,April,Monday,State Highway,Urban,39.16316944,-87.20403889,Pedestrian,The First Harmful Event was Not a Collision with a Motor Vehicle in Transport,Dark - Lighted,Clear
Indiana,180160,6,MARION (97),INDIANAPOLIS,April,Wednesday,Local Street - Municipality,Urban,39.81714167,-86.135,Motor Vehicle In-Transport,Sideswipe - Opposite Direction,Dark - Lighted,Clear
Indiana,180161,1,MARION (97),INDIANAPOLIS,March,Sunday,Local Street - Municipality,Urban,39.86968611,-86.14483889,Pedestrian,The First Harmful Event was Not a Collision with a Motor Vehicle in Transport,Dark - Lighted,Clear
Indiana,180162,5,HANCOCK (59),MCCORDSVILLE,April,Friday,County Road,Rural,39.84611111,-85.91535278,Motor Vehicle In-Transport,Sideswipe - Opposite Direction,Daylight,Clear
Indiana,180163,2,PORTER (127),PORTAGE,April,Wednesday,Interstate,Urban,41.6022,-87.18096111,Rollover/Overturn,The First Harmful Event was Not a Collision with a Motor Vehicle in Transport,Dark - Not Lighted,Cloudy
Indiana,180164,1,KNOX (83),VINCENNES,April,Sunday,State Highway,Urban,38.66076944,-87.48133056,Tree (Standing Only),The First Harmful Event was Not a Collision with a Motor Vehicle in Transport,Daylight,Clear
Indiana,180165,2,CASS (17),LOGANSPORT,April,Tuesday,U.S. Highway,Rural,40.78308056,-86.41956944,Motor Vehicle In-Transport,Front-to-Front,Daylight,Clear
Indiana,180166,3,LAKE (89),GARY,April,Friday,U.S. Highway,Urban,41.59791944,-87.30596944,Ditch,The First Harmful Event was Not a Collision with a Motor Vehicle in Transport,Dark - Lighted,Rain
Indiana,180167,2,MARION (97),INDIANAPOLIS,April,Wednesday,Local Street - Municipality,Urban,39.91183889,-86.11476111,Motor Vehicle In-Transport,Angle,Daylight,Clear
Indiana,180168,1,LAKE (89),GARY,April,Monday,Interstate,Urban,41.56979444,-87.41538889,Concrete Traffic Barrier,The First Harmful Event was Not a Collision with a Motor Vehicle in Transport,Dark - Lighted,Rain
Indiana,180169,1,MADISON (95),ALEXANDRIA,April,Sunday,County Road,Rural,40.23354444,-85.58885,Rollover/Overturn,The First Harmful Event was Not a Collision with a Motor Vehicle in Transport,Dark - Not Lighted,Clear
Indiana,180170,1,HENDRICKS (63),CLAYTON,April,Tuesday,U.S. Highway,Rural,39.68269444,-86.467775,Culvert,The First Harmful Event was Not a Collision with a Motor Vehicle in Transport,Daylight,Clear
Indiana,180171,1,PORTER (127),CHESTERTON,April,Sunday,Local Street - Township,Rural,41.59861667,-87.01171944,Utility Pole/Light Support,The First Harmful Event was Not a Collision with a Motor Vehicle in Transport,Daylight,Clear
Indiana,180172,2,PORTER (127),VALPARAISO,April,Sunday,State Highway,Rural,41.49252222,-87.11350833,Motor Vehicle In-Transport,Front-to-Front,Dark - Lighted,Clear
Indiana,180173,1,MARION (97),INDIANAPOLIS,March,Wednesday,U.S. Highway,Urban,39.82955833,-86.04109444,Curb,The First Harmful Event was Not a Collision with a Motor Vehicle in Transport,Dark - Lighted,Clear
Indiana,180174,1,MARION (97),INDIANAPOLIS,April,Saturday,Local Street - Municipality,Urban,39.79628333,-86.06415556,Wall,The First Harmful Event was Not a Collision with a Motor Vehicle in Transport,Dark - Lighted,Rain
Indiana,180175,2,TIPPECANOE (157),LAFAYETTE,April,Thursday,County Road,Rural,40.34404444,-86.74675556,Motor Vehicle In-Transport,Front-to-Front,Dark - Not Lighted,Rain
Indiana,180177,1,MARTIN (101),SHOALS,April,Friday,U.S. Highway,Rural,99.9999,999.9999,Other Object (not fixed),The First Harmful Event was Not a Collision with a Motor Vehicle in Transport,Daylight,Clear
Indiana,180178,2,ELKHART (39),WAKARUSA,April,Tuesday,State Highway,Urban,41.55854444,-86.00183611,Motor Vehicle In-Transport,Angle,Daylight,Rain
Indiana,180179,1,MARION (97),INDIANAPOLIS,April,Saturday,Local Street - Municipality,Urban,39.79541389,-86.14479167,Parked Motor Vehicle,The First Harmful Event was Not a Collision with a Motor Vehicle in Transport,Dark - Not Lighted,Clear
Indiana,180180,3,BARTHOLOMEW (5),ELIZABETHTOWN,April,Tuesday,U.S. Highway,Rural,39.07089722,-85.82559722,Motor Vehicle In-Transport,Angle,Daylight,Clear
Indiana,180181,1,JACKSON (71),SEYMOUR,April,Saturday,State Highway,Rural,38.97264722,-85.92783611,Parked Motor Vehicle,The First Harmful Event was Not a Collision with a Motor Vehicle in Transport,Dark - Not Lighted,Rain
Indiana,180182,1,MADISON (95),ANDERSON,March,Friday,Local Street - Township,Urban,40.09981944,-85.67280556,Railway Vehicle,The First Harmful Event was Not a Collision with a Motor Vehicle in Transport,Daylight,Clear
Indiana,180183,1,HOWARD (67),KOKOMO,April,Saturday,Local Street - Township,Urban,40.49102778,-86.12701667,Curb,The First Harmful Event was Not a Collision with a Motor Vehicle in Transport,Daylight,Rain
Indiana,180184,3,WABASH (169),WABASH,April,Sunday,U.S. Highway,Rural,40.80086944,-85.85731389,Motor Vehicle In-Transport,Front-to-Rear,Daylight,Clear
Indiana,180185,1,ORANGE (117),PAOLI,April,Tuesday,County Road,Rural,38.52071389,-86.44645,Tree (Standing Only),The First Harmful Event was Not a Collision with a Motor Vehicle in Transport,Daylight,Clear
Indiana,180186,3,CLINTON (23),FRANKFORT,April,Monday,State Highway,Urban,40.27880833,-86.54225,Pedestrian,The First Harmful Event was Not a Collision with a Motor Vehicle in Transport,Dark - Not Lighted,Clear
Indiana,180187,1,MARION (97),INDIANAPOLIS,April,Thursday,State Highway,Urban,39.68140556,-86.28511944,Fire/Explosion,The First Harmful Event was Not a Collision with a Motor Vehicle in Transport,Dark - Lighted,Rain
Indiana,180188,6,STEUBEN (151),ASHLEY,May,Saturday,U.S. Highway,Rural,41.52749167,-85.00687778,Motor Vehicle In-Transport,Angle,Daylight,Clear
Indiana,180190,2,ALLEN (3),FORT WAYNE,February,Tuesday,Local Street - Municipality,Rural,41.11823333,-85.24939167,Utility Pole/Light Support,The First Harmful Event was Not a Collision with a Motor Vehicle in Transport,Dark - Not Lighted,Rain
Indiana,180191,1,MARION (97),INDIANAPOLIS,February,Tuesday,Local Street - Municipality,Urban,39.852725,-86.14421389,Tree (Standing Only),The First Harmful Event was Not a Collision with a Motor Vehicle in Transport,Daylight,Clear
Indiana,180192,1,MARION (97),INDIANAPOLIS,March,Wednesday,Local Street - Municipality,Urban,39.73811389,-86.08920556,Tree (Standing Only),The First Harmful Event was Not a Collision with a Motor Vehicle in Transport,Daylight,Rain
Indiana,180193,3,KOSCIUSKO (85),WARSAW,March,Tuesday,State Highway,Urban,41.26298611,-85.85241389,Motor Vehicle In-Transport,Front-to-Front,Daylight,Clear
Indiana,180195,1,MARION (97),INDIANAPOLIS,April,Monday,Local Street - Municipality,Urban,39.80453611,-86.11081111,"Post, Pole or Other Supports",The First Harmful Event was Not a Collision with a Motor Vehicle in Transport,Dark - Lighted,Cloudy
Indiana,180196,1,MARION (97),INDIANAPOLIS,April,Sunday,Local Street - Municipality,Urban,39.81993611,-85.99103889,Utility Pole/Light Support,The First Harmful Event was Not a Collision with a Motor Vehicle in Transport,Dark - Lighted,Clear
Indiana,180197,1,KOSCIUSKO (85),WARSAW,April,Sunday,County Road,Urban,41.24366389,-85.860825,Pedestrian,The First Harmful Event was Not a Collision with a Motor Vehicle in Transport,Dark - Not Lighted,Clear
Indiana,180198,3,VIGO (167),TERRE HAUTE,May,Monday,U.S. Highway,Rural,39.48703056,-87.300175,Motor Vehicle In-Transport,Sideswipe - Opposite Direction,Daylight,Clear
Indiana,180199,2,WABASH (169),LA FONTAINE,May,Thursday,County Road,Rural,40.69118611,-85.81755833,Immersion or Partial Immersion,The First Harmful Event was Not a Collision with a Motor Vehicle in Transport,Daylight,Rain
Indiana,180200,3,TIPPECANOE (157),LAFAYETTE,April,Tuesday,State Highway,Rural,40.41855556,-86.73272778,Motor Vehicle In-Transport,Angle,Daylight,Rain
Indiana,180201,1,JAY (75),PORTLAND,May,Wednesday,County Road,Rural,40.35782778,-84.93670556,Utility Pole/Light Support,The First Harmful Event was Not a Collision with a Motor Vehicle in Transport,Dark - Not Lighted,Clear
Indiana,180202,2,LAKE (89),GARY,May,Saturday,U.S. Highway,Urban,41.54841111,-87.395675,Motor Vehicle In-Transport,Sideswipe - Opposite Direction,Daylight,Clear
Indiana,180203,1,HUNTINGTON (69),MOUNT ETNA,May,Tuesday,County Road,Rural,40.72716111,-85.54550278,Rollover/Overturn,The First Harmful Event was Not a Collision with a Motor Vehicle in Transport,Dark - Not Lighted,Cloudy
Indiana,180204,2,JENNINGS (79),VERNON,April,Wednesday,State Highway,Rural,38.94813056,-85.60576111,Motor Vehicle In-Transport,Front-to-Front,Daylight,Clear
Indiana,180206,5,ELKHART (39),ELKHART,April,Monday,Local Street - Township,Urban,41.68166111,-85.90736944,Motor Vehicle In-Transport,Angle,Dark - Lighted,Clear
Indiana,180207,2,MARSHALL (99),BOURBON,May,Saturday,U.S. Highway,Rural,41.29236667,-86.07610833,Motor Vehicle In-Transport,Angle,Dark - Lighted,Cloudy
Indiana,180208,1,JASPER (73),RENSSELAER,May,Thursday,County Road,Rural,40.90710556,-87.05069167,Ditch,The First Harmful Event was Not a Collision with a Motor Vehicle in Transport,Dusk,Clear
Indiana,180209,3,TIPPECANOE (157),LAFAYETTE,May,Sunday,State Highway,Urban,40.39361111,-86.84751944,Utility Pole/Light Support,The First Harmful Event was Not a Collision with a Motor Vehicle in Transport,Dark - Lighted,Rain
Indiana,180210,1,MARION (97),INDIANAPOLIS,April,Saturday,Interstate,Urban,39.7606,-86.14341389,Guardrail Face,The First Harmful Event was Not a Collision with a Motor Vehicle in Transport,Daylight,Cloudy
Indiana,180211,3,LAKE (89),HAMMOND,April,Tuesday,Interstate,Urban,41.57938056,-87.61578333,Impact Attenuator/Crash Cushion,The First Harmful Event was Not a Collision with a Motor Vehicle in Transport,Dark - Lighted,Rain
Indiana,180212,1,HAMILTON (57),NOBLESVILLE,May,Sunday,Local Street - Township,Urban,40.07136389,-85.99582222,Pedestrian,The First Harmful Event was Not a Collision with a Motor Vehicle in Transport,Daylight,Clear
Indiana,180213,1,MARION (97),INDIANAPOLIS,May,Friday,Local Street - Municipality,Urban,39.77396667,-86.217775,Parked Motor Vehicle,The First Harmful Event was Not a Collision with a Motor Vehicle in Transport,Dark - Lighted,Clear
Indiana,180214,2,DAVIESS (27),WASHINGTON,May,Friday,Interstate,Rural,38.70517778,-87.10818889,Ditch,The First Harmful Event was Not a Collision with a Motor Vehicle in Transport,Daylight,Clear
Indiana,180215,1,SPENCER (147),GRANDVIEW,May,Saturday,State Highway,Rural,38.00050833,-86.8236,Embankment,The First Harmful Event was Not a Collision with a Motor Vehicle in Transport,Dark - Not Lighted,Cloudy
Indiana,180216,2,PORTER (127),HEBRON,May,Tuesday,County Road,Rural,41.38384444,-87.18111944,Motor Vehicle In-Transport,Angle,Daylight,Clear
Indiana,180217,3,HAMILTON (57),FISHERS,May,Wednesday,Local Street - Township,Urban,39.96453611,-85.97733611,Tree (Standing Only),The First Harmful Event was Not a Collision with a Motor Vehicle in Transport,Dark - Not Lighted,Clear
Indiana,180218,1,HENDRICKS (63),LIZTON,May,Wednesday,Interstate,Urban,39.89373889,-86.54560278,Parked Motor Vehicle,The First Harmful Event was Not a Collision with a Motor Vehicle in Transport,Daylight,Clear
Indiana,180219,2,HARRISON (61),LACONIA,May,Friday,State Highway,Rural,38.03094444,-86.12328333,Motor Vehicle In-Transport,Angle,Daylight,Clear
Indiana,180220,2,STEUBEN (151),ANGOLA,May,Saturday,County Road,Rural,41.64123611,-85.02828889,Motor Vehicle In-Transport,Front-to-Front,Dark - Not Lighted,Clear
Indiana,180221,2,LAKE (89),EAST CHICAGO,May,Saturday,U.S. Highway,Urban,41.61181667,-87.48067778,Motor Vehicle In-Transport,Angle,Dark - Lighted,Clear
Indiana,180222,1,DAVIESS (27),WASHINGTON,May,Wednesday,Interstate,Rural,38.64031389,-87.12389722,Guardrail Face,The First Harmful Event was Not a Collision with a Motor Vehicle in Transport,Dusk,Clear
Indiana,180223,1,NOBLE (113),WOLCOTTVILLE,May,Tuesday,County Road,Rural,41.523925,-85.61223056,Pedalcyclist,The First Harmful Event was Not a Collision with a Motor Vehicle in Transport,Dark - Not Lighted,Clear
Indiana,180224,1,MARION (97),INDIANAPOLIS,May,Friday,Local Street - Municipality,Urban,39.75619167,-86.20365278,Rollover/Overturn,The First Harmful Event was Not a Collision with a Motor Vehicle in Transport,Dark - Not Lighted,Clear
Indiana,180225,3,VANDERBURGH (163),EVANSVILLE,May,Tuesday,U.S. Highway,Urban,37.95554722,-87.54246944,Motor Vehicle In-Transport,Front-to-Rear,Dark - Lighted,Cloudy
Indiana,180226,1,ELKHART (39),GOSHEN,May,Friday,County Road,Rural,41.60513611,-85.85896944,Tree (Standing Only),The First Harmful Event was Not a Collision with a Motor Vehicle in Transport,Dark - Not Lighted,Clear
Indiana,180227,1,PUTNAM (133),CLOVERDALE,March,Thursday,Interstate,Rural,39.53296389,-86.83570278,Guardrail Face,The First Harmful Event was Not a Collision with a Motor Vehicle in Transport,Daylight,Cloudy
Indiana,180228,2,MADISON (95),ANDERSON,May,Wednesday,State Highway,Rural,40.09116944,-85.62386667,Tree (Standing Only),The First Harmful Event was Not a Collision with a Motor Vehicle in Transport,Dark - Not Lighted,Clear
Indiana,180229,3,HARRISON (61),CORYDON,May,Tuesday,State Highway,Rural,38.32511667,-86.09611667,Motor Vehicle In-Transport,Angle,Dark - Not Lighted,Clear
Indiana,180230,2,LAKE (89),CROWN POINT,May,Tuesday,U.S. Highway,Rural,41.42061667,-87.39955833,Motor Vehicle In-Transport,Front-to-Rear,Dark - Not Lighted,Cloudy
Indiana,180231,2,LAKE (89),HAMMOND,May,Sunday,Local Street - Municipality,Urban,41.58828889,-87.50703889,Motor Vehicle In-Transport,Sideswipe - Same Direction,Dark - Lighted,Clear
Indiana,180232,1,DEARBORN (29),LAWRENCEBURG,May,Thursday,County Road,Rural,39.13553611,-84.99248611,Rollover/Overturn,The First Harmful Event was Not a Collision with a Motor Vehicle in Transport,Daylight,Cloudy
Indiana,180233,3,LAKE (89),CEDAR LAKE,May,Tuesday,U.S. Highway,Rural,41.39878333,-87.47002222,Motor Vehicle In-Transport,Front-to-Front,Dark - Not Lighted,Rain
Indiana,180234,2,SHELBY (145),SHELBYVILLE,May,Saturday,Interstate,Rural,39.56343889,-85.79414167,Fence,The First Harmful Event was Not a Collision with a Motor Vehicle in Transport,Daylight,Clear
Indiana,180235,2,ADAMS (1),DECATUR,May,Friday,Local Street - Township,Urban,40.82626667,-84.95667778,Motor Vehicle In-Transport,Angle,Daylight,Clear
Indiana,180236,2,PARKE (121),ROSEDALE,May,Friday,County Road,Rural,39.65733611,-87.18466667,Tree (Standing Only),The First Harmful Event was Not a Collision with a Motor Vehicle in Transport,Dark - Not Lighted,Clear
Indiana,180237,2,TIPPECANOE (157),WEST LAFAYETTE,May,Saturday,Local Street - Municipality,Urban,40.43816667,-86.90659167,Motor Vehicle In-Transport,Front-to-Front,Daylight,Clear
Indiana,180238,2,LAKE (89),MERRILLVILLE,May,Monday,Local Street - Municipality,Urban,41.43767222,-87.32541111,Curb,The First Harmful Event was Not a Collision with a Motor Vehicle in Transport,Daylight,Clear
Indiana,180239,6,MIAMI (103),AMBOY,May,Friday,State Highway,Rural,40.57863056,-86.0134,Motor Vehicle In-Transport,Angle,Daylight,Clear
Indiana,180240,1,TIPPECANOE (157),LAFAYETTE,May,Wednesday,County Road,Rural,40.37796389,-86.93266667,Guardrail Face,The First Harmful Event was Not a Collision with a Motor Vehicle in Transport,Dusk,Clear
Indiana,180241,3,GRANT (53),SWAYZEE,May,Wednesday,State Highway,Rural,40.55193889,-85.825825,Motor Vehicle In-Transport,Angle,Daylight,Clear
Indiana,180242,8,FLOYD (43),NEW ALBANY,May,Wednesday,Interstate,Rural,38.33566667,-85.81881944,Motor Vehicle In-Transport,Front-to-Rear,Daylight,Cloudy
Indiana,180243,1,LAKE (89),GARY,April,Saturday,Interstate,Rural,41.59557778,-87.30555556,Ditch,The First Harmful Event was Not a Collision with a Motor Vehicle in Transport,Daylight,Clear
Indiana,180244,1,MONROE (105),STINESVILLE,May,Monday,County Road,Rural,39.27095,-86.67153333,Fence,The First Harmful Event was Not a Collision with a Motor Vehicle in Transport,Daylight,Clear
Indiana,180245,3,ST. JOSEPH (141),SOUTH BEND,May,Thursday,Local Street - Township,Urban,41.67293056,-86.21048333,Motor Vehicle In-Transport,Sideswipe - Opposite Direction,Daylight,Clear
Indiana,180246,4,LAKE (89),EAST CHICAGO,May,Friday,State Highway,Urban,41.63154444,-87.43224167,Motor Vehicle In-Transport,Front-to-Rear,Daylight,Rain
Indiana,180247,1,TIPPECANOE (157),LAFAYETTE,June,Saturday,Local Street - Township,Urban,40.41731944,-86.88677222,Utility Pole/Light Support,The First Harmful Event was Not a Collision with a Motor Vehicle in Transport,Daylight,Clear
Indiana,180248,1,LAKE (89),GARY,April,Saturday,Interstate,Rural,41.59557778,-87.30555556,Ditch,The First Harmful Event was Not a Collision with a Motor Vehicle in Transport,Daylight,Clear
Indiana,180249,1,MARION (97),INDIANAPOLIS,May,Saturday,Interstate,Urban,39.67982778,-86.10122778,Pedestrian,The First Harmful Event was Not a Collision with a Motor Vehicle in Transport,Dark - Not Lighted,Clear
Indiana,180250,2,MARION (97),INDIANAPOLIS,May,Sunday,Local Street - Municipality,Urban,39.68603889,-86.17458889,Motor Vehicle In-Transport,Angle,Daylight,Clear
Indiana,180251,2,ST. JOSEPH (141),MISHAWAKA,June,Tuesday,Local Street - Township,Rural,41.73279722,-86.110625,Motor Vehicle In-Transport,Front-to-Front,Dawn,"Fog, Smog, Smoke"
Indiana,180252,2,LA PORTE (91),LAPORTE,April,Friday,Interstate,Rural,41.71011111,-86.61755556,Motor Vehicle In-Transport,Front-to-Rear,Dark - Not Lighted,Rain
Indiana,180253,2,LAKE (89),GARY,May,Friday,Interstate,Rural,41.59560278,-87.30556667,Motor Vehicle In-Transport,Sideswipe - Opposite Direction,Dark - Lighted,Clear
Indiana,180254,4,SHELBY (145),SHELBYVILLE,June,Monday,State Highway,Rural,39.55271944,-85.67376389,Motor Vehicle In-Transport,Front-to-Front,Dawn,Clear
Indiana,180255,2,ELKHART (39),ELKHART,June,Sunday,Local Street - Township,Urban,41.68198889,-85.97087778,Other Fixed Object,The First Harmful Event was Not a Collision with a Motor Vehicle in Transport,Dark - Lighted,Cloudy
Indiana,180256,6,ELKHART (39),GOSHEN,June,Friday,State Highway,Rural,41.47783611,-85.83813889,Motor Vehicle In-Transport,Rear-to-Side,Daylight,Clear
Indiana,180257,2,ALLEN (3),FORT WAYNE,June,Thursday,Local Street - Municipality,Rural,41.16275833,-85.06390556,Curb,The First Harmful Event was Not a Collision with a Motor Vehicle in Transport,Dark - Lighted,Clear
Indiana,180258,3,MARION (97),INDIANAPOLIS,May,Sunday,Local Street - Municipality,Urban,39.91251667,-86.13000278,Motor Vehicle In-Transport,Sideswipe - Same Direction,Dark - Not Lighted,Clear
Indiana,180259,1,MONROE (105),BLOOMINGTON,May,Monday,State Highway,Rural,39.20393333,-86.46371111,Pedalcyclist,The First Harmful Event was Not a Collision with a Motor Vehicle in Transport,Dark - Not Lighted,Clear
Indiana,180260,1,HENDRICKS (63),AVON,June,Wednesday,County Road,Urban,39.77839722,-86.33620556,Curb,The First Harmful Event was Not a Collision with a Motor Vehicle in Transport,Dark - Not Lighted,Clear
Indiana,180261,2,SULLIVAN (153),CARLISLE,June,Wednesday,County Road,Rural,38.97653333,-87.33020833,Motor Vehicle In-Transport,Sideswipe - Opposite Direction,Daylight,Clear
Indiana,180262,3,HOWARD (67),KOKOMO,June,Friday,U.S. Highway,Rural,40.56313333,-86.12721667,Motor Vehicle In-Transport,Angle,Daylight,Clear
Indiana,180263,1,FAYETTE (41),CONNERSVILLE,June,Friday,County Road,Rural,39.56478333,-85.07792778,Tree (Standing Only),The First Harmful Event was Not a Collision with a Motor Vehicle in Transport,Daylight,Clear
Indiana,180264,1,STEUBEN (151),FREMONT,June,Tuesday,County Road,Rural,41.75954167,-85.078375,Tree (Standing Only),The First Harmful Event was Not a Collision with a Motor Vehicle in Transport,Daylight,Clear
Indiana,180265,1,ST. JOSEPH (141),WALKERTON,June,Sunday,State Highway,Rural,41.47091111,-86.49584167,Railway Vehicle,The First Harmful Event was Not a Collision with a Motor Vehicle in Transport,Daylight,Cloudy
Indiana,180266,2,JENNINGS (79),SCIPIO,May,Saturday,State Highway,Rural,39.09178333,-85.729025,Ditch,The First Harmful Event was Not a Collision with a Motor Vehicle in Transport,Daylight,Cloudy
Indiana,180267,2,MADISON (95),ANDERSON,May,Friday,Local Street - Municipality,Urban,40.07613333,-85.70331111,Motor Vehicle In-Transport,Angle,Daylight,Clear
Indiana,180268,2,MADISON (95),ANDERSON,May,Friday,Local Street - Township,Urban,40.06179167,-85.65519722,Motor Vehicle In-Transport,Angle,Dark - Lighted,Clear
Indiana,180269,2,KOSCIUSKO (85),WARSAW,June,Monday,County Road,Urban,41.24766389,-85.80887222,Motor Vehicle In-Transport,Front-to-Front,Daylight,Clear
Indiana,180270,4,BENTON (7),FOWLER,June,Tuesday,State Highway,Rural,40.60599444,-87.16740278,Motor Vehicle In-Transport,Front-to-Rear,Daylight,Clear
Indiana,180271,2,HENDRICKS (63),BROWNSBURG,June,Tuesday,State Highway,Urban,39.85723611,-86.39252222,Motor Vehicle In-Transport,Angle,Daylight,Clear
Indiana,180272,1,WABASH (169),WABASH,June,Saturday,Local Street - Township,Urban,40.79759167,-85.839775,Guardrail End,The First Harmful Event was Not a Collision with a Motor Vehicle in Transport,Dawn,Clear
Indiana,180273,1,KOSCIUSKO (85),WARSAW,June,Monday,Local Street - Township,Urban,41.25526389,-85.82339444,Pedestrian,The First Harmful Event was Not a Collision with a Motor Vehicle in Transport,Daylight,Clear
Indiana,180274,4,ST. JOSEPH (141),MISHAWAKA,June,Friday,State Highway,Urban,41.72556111,-86.17322778,Motor Vehicle In-Transport,Angle,Daylight,Clear
Indiana,180275,1,ELKHART (39),ELKHART,June,Saturday,Local Street - Municipality,Urban,41.710975,-85.99642222,Concrete Traffic Barrier,The First Harmful Event was Not a Collision with a Motor Vehicle in Transport,Dawn,Rain
Indiana,180276,2,ELKHART (39),GOSHEN,June,Monday,Local Street - Township,Urban,41.59731667,-85.87406111,Motor Vehicle In-Transport,Angle,Daylight,Clear
Indiana,180277,2,VERMILLION (165),CLINTON,June,Tuesday,State Highway,Rural,39.62732778,-87.43623056,Live Animal,The First Harmful Event was Not a Collision with a Motor Vehicle in Transport,Dusk,Clear
Indiana,180278,1,BARTHOLOMEW (5),COLUMBUS,May,Saturday,County Road,Rural,39.03653333,-86.03879444,Rollover/Overturn,The First Harmful Event was Not a Collision with a Motor Vehicle in Transport,Daylight,Clear
Indiana,180279,1,MARTIN (101),SHOALS,June,Tuesday,Local Street - Township,Rural,38.53348333,-86.79279722,Ditch,The First Harmful Event was Not a Collision with a Motor Vehicle in Transport,Dusk,Clear
Indiana,180281,1,VANDERBURGH (163),EVANSVILLE,June,Sunday,State Highway,Urban,37.97775,-87.62785,Non-Motorist on Personal Conveyance,The First Harmful Event was Not a Collision with a Motor Vehicle in Transport,Dark - Lighted,Clear
Indiana,180282,1,MARION (97),INDIANAPOLIS,April,Saturday,Local Street - Municipality,Urban,39.72682222,-86.11124444,Non-Motorist on Personal Conveyance,The First Harmful Event was Not a Collision with a Motor Vehicle in Transport,Dark - Lighted,Rain
Indiana,180283,2,VANDERBURGH (163),EVANSVILLE,May,Tuesday,Local Street - Township,Urban,37.96993333,-87.52941389,Motor Vehicle In-Transport,Angle,Dark - Lighted,Clear
Indiana,180284,1,HENRY (65),KENNARD,June,Sunday,State Highway,Rural,39.95802222,-85.51906389,Tree (Standing Only),The First Harmful Event was Not a Collision with a Motor Vehicle in Transport,Daylight,Cloudy
Indiana,180285,1,WAYNE (177),RICHMOND,June,Tuesday,Local Street - Township,Rural,39.81300278,-84.90751667,Ditch,The First Harmful Event was Not a Collision with a Motor Vehicle in Transport,Dark - Not Lighted,Cloudy
Indiana,180286,2,LAWRENCE (93),BEDFORD,June,Friday,State Highway,Rural,38.87521111,-86.37979444,Motor Vehicle In-Transport,Front-to-Front,Daylight,Clear
Indiana,180287,1,VANDERBURGH (163),EVANSVILLE,June,Friday,Local Street - Township,Rural,38.13212222,-87.60155833,Ditch,The First Harmful Event was Not a Collision with a Motor Vehicle in Transport,Daylight,Clear