State,Case Number,Persons,County,City,Month,Day,Route,Rural/Urban,Latitude,Longitude,First Harmful Event,Manner of Collision,Light Conditions,Weather
Indiana,180288,1,FLOYD (43),NEW ALBANY,June,Friday,Interstate,Urban,38.32456111,-85.83628611,Ditch,The First Harmful Event was Not a Collision with a Motor Vehicle in Transport,Dusk,Rain
Indiana,180289,1,WABASH (169),WABASH,June,Friday,County Road,Rural,40.69909444,-85.88506389,Tree (Standing Only),The First Harmful Event was Not a Collision with a Motor Vehicle in Transport,Daylight,Clear
Indiana,180290,2,NOBLE (113),CROMWELL,June,Saturday,County Road,Rural,41.40855,-85.62156944,Tree (Standing Only),The First Harmful Event was Not a Collision with a Motor Vehicle in Transport,Daylight,Cloudy
Indiana,180291,1,DEARBORN (29),WEST HARRISON,June,Tuesday,State Highway,Rural,39.27865,-84.92041944,Tree (Standing Only),The First Harmful Event was Not a Collision with a Motor Vehicle in Transport,Reported as Unknown,Clear
Indiana,180292,2,MARION (97),INDIANAPOLIS,May,Saturday,U.S. Highway,Urban,39.77179722,-86.05110833,Rollover/Overturn,The First Harmful Event was Not a Collision with a Motor Vehicle in Transport,Daylight,Clear
Indiana,180293,2,MARION (97),INDIANAPOLIS,May,Monday,Local Street - Municipality,Urban,39.81815556,-86.10701944,Motor Vehicle In-Transport,Angle,Dark - Lighted,Clear
Indiana,180294,2,MARION (97),INDIANAPOLIS,May,Sunday,Local Street - Municipality,Urban,39.74652778,-86.13981389,Rollover/Overturn,The First Harmful Event was Not a Collision with a Motor Vehicle in Transport,Dark - Not Lighted,Clear
Indiana,180296,1,DELAWARE (35),MUNCIE,June,Saturday,Local Street - Municipality,Urban,40.17010278,-85.38963611,Ditch,The First Harmful Event was Not a Collision with a Motor Vehicle in Transport,Daylight,Clear
Indiana,180297,3,MARION (97),INDIANAPOLIS,June,Wednesday,Local Street - Municipality,Urban,39.73873056,-86.07107778,Motor Vehicle In-Transport,Angle,Daylight,Clear
Indiana,180301,1,DELAWARE (35),MUNCIE,June,Thursday,Local Street - Township,Urban,40.20080556,-85.44721111,Utility Pole/Light Support,The First Harmful Event was Not a Collision with a Motor Vehicle in Transport,Daylight,Clear
Indiana,180302,2,DUBOIS (37),HOLLAND,June,Monday,State Highway,Rural,38.20385833,-87.03569722,Motor Vehicle In-Transport,Angle,Daylight,Clear
Indiana,180303,5,DAVIESS (27),ELNORA,June,Thursday,State Highway,Rural,38.87533333,-87.08699167,Motor Vehicle In-Transport,Angle,Daylight,Clear
Indiana,180304,3,CARROLL (15),YEOMAN,June,Friday,U.S. Highway,Rural,40.65738056,-86.7343,Motor Vehicle In-Transport,Sideswipe - Same Direction,Daylight,Clear
Indiana,180305,1,LA PORTE (91),LA CROSSE,June,Sunday,State Highway,Rural,41.31733333,-86.78536667,Tree (Standing Only),The First Harmful Event was Not a Collision with a Motor Vehicle in Transport,Dark - Not Lighted,Clear
Indiana,180306,1,ELKHART (39),GOSHEN,June,Wednesday,State Highway,Rural,41.66785833,-85.82119167,Concrete Traffic Barrier,The First Harmful Event was Not a Collision with a Motor Vehicle in Transport,Dark - Not Lighted,Clear
Indiana,180307,3,HARRISON (61),DEPAUW,June,Wednesday,State Highway,Rural,38.32636944,-86.18543333,Motor Vehicle In-Transport,Front-to-Rear,Daylight,Clear
Indiana,180308,1,MARION (97),INDIANAPOLIS,June,Friday,Interstate,Urban,39.78295556,-86.14270833,Ditch,The First Harmful Event was Not a Collision with a Motor Vehicle in Transport,Daylight,Clear
Indiana,180309,4,ELKHART (39),ELKHART,July,Monday,U.S. Highway,Rural,41.68889444,-86.03270556,Motor Vehicle In-Transport,Angle,Daylight,Clear
Indiana,180310,1,LAKE (89),GARY,June,Tuesday,U.S. Highway,Urban,41.60288056,-87.25123889,Pedestrian,The First Harmful Event was Not a Collision with a Motor Vehicle in Transport,Daylight,Clear
Indiana,180311,2,MADISON (95),ALEXANDRIA,June,Saturday,State Highway,Rural,40.21958333,-85.71031389,Rollover/Overturn,The First Harmful Event was Not a Collision with a Motor Vehicle in Transport,Daylight,Clear
Indiana,180312,1,MORGAN (109),MARTINSVILLE,July,Wednesday,County Road,Rural,39.50948333,-86.563725,Fence,The First Harmful Event was Not a Collision with a Motor Vehicle in Transport,Daylight,Clear
Indiana,180313,1,LAKE (89),HAMMOND,June,Saturday,Local Street - Township,Urban,41.61831111,-87.50003611,Pedestrian,The First Harmful Event was Not a Collision with a Motor Vehicle in Transport,Dark - Lighted,Cloudy
Indiana,180314,4,JAY (75),REDKEY,June,Saturday,State Highway,Rural,40.31329444,-85.21539722,Motor Vehicle In-Transport,Angle,Daylight,Clear
Indiana,180315,3,VIGO (167),TERRE HAUTE,July,Wednesday,County Road,Rural,39.28834722,-87.40125833,Culvert,The First Harmful Event was Not a Collision with a Motor Vehicle in Transport,Dark - Not Lighted,Clear
Indiana,180316,2,MADISON (95),ALEXANDRIA,July,Monday,State Highway,Rural,40.23399167,-85.66670556,Rollover/Overturn,The First Harmful Event was Not a Collision with a Motor Vehicle in Transport,Dark - Lighted,Clear
Indiana,180317,2,LAKE (89),LOWELL,July,Wednesday,U.S. Highway,Rural,41.30434722,-87.46860556,Motor Vehicle In-Transport,Front-to-Rear,Daylight,Clear
Indiana,180318,2,MADISON (95),FRANKTON,July,Monday,County Road,Rural,40.18039722,-85.78594722,Motor Vehicle In-Transport,Sideswipe - Opposite Direction,Daylight,Clear
Indiana,180319,1,JACKSON (71),SEYMOUR,May,Thursday,U.S. Highway,Rural,38.97818056,-85.83451111,Tree (Standing Only),The First Harmful Event was Not a Collision with a Motor Vehicle in Transport,Daylight,Cloudy
Indiana,180320,1,JACKSON (71),SEYMOUR,June,Friday,U.S. Highway,Rural,38.97580278,-85.83466944,Culvert,The First Harmful Event was Not a Collision with a Motor Vehicle in Transport,Daylight,Clear
Indiana,180321,5,ALLEN (3),FORT WAYNE,July,Monday,Local Street - Municipality,Urban,41.05824722,-85.13296111,Motor Vehicle In-Transport,Angle,Daylight,Clear
Indiana,180322,1,SCOTT (143),SCOTTSBURG,May,Wednesday,Local Street - Township,Urban,38.70134167,-85.79911944,Pedestrian,The First Harmful Event was Not a Collision with a Motor Vehicle in Transport,Dark - Not Lighted,Clear
Indiana,180323,1,ST. JOSEPH (141),SOUTH BEND,July,Sunday,Local Street - Municipality,Urban,41.68779722,-86.26987778,Curb,The First Harmful Event was Not a Collision with a Motor Vehicle in Transport,Dark - Lighted,Clear
Indiana,180324,1,ALLEN (3),FORT WAYNE,June,Thursday,Local Street - Township,Urban,41.10445,-85.17174167,Tree (Standing Only),The First Harmful Event was Not a Collision with a Motor Vehicle in Transport,Daylight,Clear
Indiana,180325,2,PARKE (121),ROCKVILLE,July,Thursday,U.S. Highway,Rural,39.75754167,-87.03955833,Motor Vehicle In-Transport,Front-to-Rear,Daylight,Clear
Indiana,180327,6,HANCOCK (59),GREENFIELD,July,Thursday,State Highway,Rural,39.90126111,-85.74701111,Motor Vehicle In-Transport,Front-to-Front,Dark - Not Lighted,Clear
Indiana,180328,1,ALLEN (3),FORT WAYNE,July,Monday,Local Street - Municipality,Urban,41.03309722,-85.15333056,Mail Box,The First Harmful Event was Not a Collision with a Motor Vehicle in Transport,Dark - Not Lighted,Clear
Indiana,180329,2,HARRISON (61),CRANDALL,July,Sunday,State Highway,Rural,38.31656944,-86.09476111,Motor Vehicle In-Transport,Angle,Daylight,Clear
Indiana,180330,1,MONROE (105),ELLETTSVILLE,July,Monday,Local Street - Township,Urban,39.22830833,-86.596775,Tree (Standing Only),The First Harmful Event was Not a Collision with a Motor Vehicle in Transport,Daylight,Clear
Indiana,180331,1,RANDOLPH (135),UNION CITY,July,Friday,County Road,Rural,40.2969,-84.88143333,Rollover/Overturn,The First Harmful Event was Not a Collision with a Motor Vehicle in Transport,Dark - Not Lighted,Clear
Indiana,180332,2,GREENE (55),BLOOMFIELD,June,Wednesday,County Road,Rural,39.00900556,-86.97092778,Ditch,The First Harmful Event was Not a Collision with a Motor Vehicle in Transport,Daylight,Clear
Indiana,180333,3,JAY (75),REDKEY,July,Wednesday,State Highway,Rural,40.393175,-85.15018056,Motor Vehicle In-Transport,Angle,Daylight,Clear
Indiana,180334,3,BENTON (7),FOWLER,July,Tuesday,County Road,Rural,40.58719722,-87.20913333,Motor Vehicle In-Transport,Front-to-Front,Daylight,Clear
Indiana,180335,1,NEWTON (111),MOUNT AYR,July,Saturday,County Road,Urban,40.87100833,-87.26799444,Culvert,The First Harmful Event was Not a Collision with a Motor Vehicle in Transport,Dark - Not Lighted,Clear
Indiana,180336,1,PUTNAM (133),CLOVERDALE,July,Monday,Interstate,Rural,39.55163611,-86.709375,Pedestrian,The First Harmful Event was Not a Collision with a Motor Vehicle in Transport,Daylight,Clear
Indiana,180337,2,ALLEN (3),FORT WAYNE,July,Friday,Local Street - Township,Urban,41.06976944,-85.12868333,Motor Vehicle In-Transport,Front-to-Rear,Dark - Lighted,Clear
Indiana,180338,1,HAMILTON (57),CARMEL,July,Thursday,Local Street - Municipality,Urban,39.96818889,-86.13943889,Pedestrian,The First Harmful Event was Not a Collision with a Motor Vehicle in Transport,Dawn,Clear
Indiana,180339,1,MARTIN (101),LOOGOOTEE,June,Tuesday,U.S. Highway,Rural,38.79611389,-86.91908889,Utility Pole/Light Support,The First Harmful Event was Not a Collision with a Motor Vehicle in Transport,Daylight,Clear
Indiana,180340,5,KOSCIUSKO (85),WARSAW,July,Wednesday,U.S. Highway,Rural,41.26973611,-85.89226944,Motor Vehicle In-Transport,Sideswipe - Same Direction,Daylight,Clear
Indiana,180342,1,VANDERBURGH (163),EVANSVILLE,July,Friday,Interstate,Rural,38.167125,-87.60159444,Guardrail End,The First Harmful Event was Not a Collision with a Motor Vehicle in Transport,Dark - Not Lighted,Clear
Indiana,180343,1,BROWN (13),NASHVILLE,July,Saturday,State Highway,Rural,39.06613333,-86.1448,Tree (Standing Only),The First Harmful Event was Not a Collision with a Motor Vehicle in Transport,Daylight,Clear
Indiana,180344,3,MARSHALL (99),PLYMOUTH,July,Saturday,U.S. Highway,Rural,41.36131111,-86.34558611,Motor Vehicle In-Transport,Front-to-Front,Dark - Not Lighted,Cloudy
Indiana,180345,1,BOONE (11),LEBANON,June,Thursday,State Highway,Rural,40.03934444,-86.41095556,Live Animal,The First Harmful Event was Not a Collision with a Motor Vehicle in Transport,Dark - Not Lighted,Clear
Indiana,180346,1,MARION (97),INDIANAPOLIS,June,Sunday,Interstate,Rural,39.83844722,-86.03953889,Rollover/Overturn,The First Harmful Event was Not a Collision with a Motor Vehicle in Transport,Daylight,Clear
Indiana,180347,2,NEWTON (111),MOROCCO,July,Sunday,U.S. Highway,Rural,41.144875,-87.45408056,Motor Vehicle In-Transport,Sideswipe - Opposite Direction,Daylight,Clear
Indiana,180348,2,GRANT (53),MARION,July,Sunday,State Highway,Urban,40.556875,-85.675725,Motor Vehicle In-Transport,Angle,Dark - Lighted,Cloudy
Indiana,180349,2,MARION (97),INDIANAPOLIS,May,Saturday,Interstate,Urban,39.75025833,-86.23206667,Motor Vehicle In-Transport,Front-to-Rear,Dark - Lighted,Clear
Indiana,180350,2,MARION (97),INDIANAPOLIS,July,Monday,Interstate,Urban,39.84964722,-86.26251667,Concrete Traffic Barrier,The First Harmful Event was Not a Collision with a Motor Vehicle in Transport,Dark - Lighted,Clear
Indiana,180351,1,HOWARD (67),KOKOMO,May,Thursday,Local Street - Township,Urban,40.49550833,-86.10769167,Pedalcyclist,The First Harmful Event was Not a Collision with a Motor Vehicle in Transport,Daylight,Clear
Indiana,180352,2,MARION (97),INDIANAPOLIS,June,Saturday,Local Street - Municipality,Urban,39.833075,-86.08378889,Motor Vehicle In-Transport,Angle,Daylight,Clear
Indiana,180353,1,GRANT (53),MARION,June,Monday,State Highway,Urban,40.56273333,-85.67581944,Pedestrian,The First Harmful Event was Not a Collision with a Motor Vehicle in Transport,Daylight,Cloudy
Indiana,180354,3,VANDERBURGH (163),EVANSVILLE,June,Saturday,Local Street - Township,Urban,38.00600833,-87.57438056,"Post, Pole or Other Supports",The First Harmful Event was Not a Collision with a Motor Vehicle in Transport,Daylight,Cloudy
Indiana,180355,2,SPENCER (147),ROCKPORT,July,Sunday,State Highway,Rural,37.84289444,-87.11033333,Motor Vehicle In-Transport,Front-to-Front,Daylight,Clear
Indiana,180356,2,SPENCER (147),GRANDVIEW,June,Sunday,State Highway,Rural,38.00133333,-86.85983611,Ditch,The First Harmful Event was Not a Collision with a Motor Vehicle in Transport,Daylight,Clear
Indiana,180357,1,JACKSON (71),SEYMOUR,May,Tuesday,Interstate,Rural,38.9811,-85.84368611,Embankment,The First Harmful Event was Not a Collision with a Motor Vehicle in Transport,Daylight,Clear
Indiana,180358,1,RANDOLPH (135),LYNN,June,Wednesday,County Road,Rural,40.06466389,-85.01583333,Rollover/Overturn,The First Harmful Event was Not a Collision with a Motor Vehicle in Transport,Daylight,Clear
Indiana,180359,2,LAKE (89),SAINT JOHN,May,Thursday,U.S. Highway,Urban,41.43716667,-87.46995556,Motor Vehicle In-Transport,Angle,Daylight,Clear
Indiana,180360,1,RANDOLPH (135),UNION CITY,July,Wednesday,County Road,Rural,40.30976944,-84.84189444,Tree (Standing Only),The First Harmful Event was Not a Collision with a Motor Vehicle in Transport,Dark - Not Lighted,Clear
Indiana,180361,9,ST. JOSEPH (141),MISHAWAKA,May,Thursday,U.S. Highway,Rural,41.68036389,-86.13863611,Motor Vehicle In-Transport,Front-to-Rear,Daylight,Clear
Indiana,180363,2,MARION (97),BEECH GROVE,July,Friday,Local Street - Township,Urban,39.721725,-86.08258333,Motor Vehicle In-Transport,Angle,Daylight,Clear
Indiana,180364,2,ALLEN (3),FORT WAYNE,July,Friday,Interstate,Urban,41.17896389,-85.10325278,Fell/Jumped from Vehicle,The First Harmful Event was Not a Collision with a Motor Vehicle in Transport,Daylight,Clear
Indiana,180365,1,DAVIESS (27),PLAINVILLE,July,Sunday,State Highway,Rural,38.80836667,-87.15238889,Tree (Standing Only),The First Harmful Event was Not a Collision with a Motor Vehicle in Transport,Daylight,Clear
Indiana,180366,1,MARION (97),INDIANAPOLIS,July,Monday,Local Street - Municipality,Urban,39.65328333,-86.12303889,Pedalcyclist,The First Harmful Event was Not a Collision with a Motor Vehicle in Transport,Dark - Lighted,Cloudy
Indiana,180367,7,MARION (97),INDIANAPOLIS,June,Monday,Local Street - Municipality,Urban,39.73645,-86.18713056,Motor Vehicle In-Transport,Angle,Daylight,Clear
Indiana,180368,1,LAGRANGE (87),LAGRANGE,July,Sunday,State Highway,Urban,41.62747222,-85.416175,Ditch,The First Harmful Event was Not a Collision with a Motor Vehicle in Transport,Daylight,Cloudy
Indiana,180369,3,MONTGOMERY (107),CRAWFORDSVILLE,July,Thursday,State Highway,Rural,39.97003056,-86.93628056,Motor Vehicle In-Transport,Sideswipe - Opposite Direction,Daylight,Clear
Indiana,180370,3,CRAWFORD (25),ENGLISH,July,Tuesday,State Highway,Urban,38.329625,-86.61851389,Motor Vehicle In-Transport,Sideswipe - Opposite Direction,Daylight,Clear
Indiana,180371,1,ALLEN (3),FORT WAYNE,July,Tuesday,U.S. Highway,Rural,41.18362222,-85.29176944,Rollover/Overturn,The First Harmful Event was Not a Collision with a Motor Vehicle in Transport,Daylight,Cloudy
Indiana,180372,2,VANDERBURGH (163),EVANSVILLE,July,Wednesday,Local Street - Township,Rural,38.07775,-87.61634722,Motor Vehicle In-Transport,Angle,Daylight,Clear
Indiana,180373,1,SCOTT (143),AUSTIN,July,Thursday,Interstate,Rural,38.74044444,-85.82109444,Rollover/Overturn,The First Harmful Event was Not a Collision with a Motor Vehicle in Transport,Daylight,Clear
Indiana,180374,2,RIPLEY (137),VERSAILLES,June,Friday,U.S. Highway,Rural,38.91963889,-85.364075,Motor Vehicle In-Transport,Front-to-Front,Daylight,Clear
Indiana,180375,2,MADISON (95),ANDERSON,July,Tuesday,Local Street - Municipality,Urban,40.09073611,-85.71111389,Motor Vehicle In-Transport,Angle,Dawn,Clear
Indiana,180376,6,ALLEN (3),FORT WAYNE,July,Saturday,Local Street - Municipality,Urban,41.07580833,-85.14186944,Motor Vehicle In-Transport,Front-to-Rear,Daylight,Clear
Indiana,180377,2,CLAY (21),BRAZIL,July,Sunday,State Highway,Rural,39.44681389,-87.154975,Fence,The First Harmful Event was Not a Collision with a Motor Vehicle in Transport,Dark - Not Lighted,Clear
Indiana,180378,12,MARION (97),INDIANAPOLIS,July,Sunday,Interstate,Urban,39.92775,-86.13450556,Motor Vehicle In-Transport,Front-to-Rear,Daylight,Clear
Indiana,180379,3,VIGO (167),TERRE HAUTE,July,Saturday,U.S. Highway,Urban,39.46546667,-87.41403333,Motor Vehicle In-Transport,Angle,Dusk,Clear
Indiana,180380,2,CLAY (21),BRAZIL,July,Saturday,State Highway,Rural,39.49886389,-87.12557222,Motor Vehicle In-Transport,Sideswipe - Opposite Direction,Dawn,Clear
Indiana,180381,3,CLARK (19),CLARKSVILLE,July,Sunday,Local Street - Township,Urban,38.32056667,-85.76608056,Motor Vehicle In-Transport,Angle,Daylight,Clear
Indiana,180382,1,LA PORTE (91),LAPORTE,July,Monday,County Road,Rural,41.75230556,-86.699675,Tree (Standing Only),The First Harmful Event was Not a Collision with a Motor Vehicle in Transport,Dark - Not Lighted,Clear
Indiana,180383,1,HOWARD (67),KOKOMO,July,Sunday,U.S. Highway,Urban,40.55171389,-86.12700833,Fell/Jumped from Vehicle,The First Harmful Event was Not a Collision with a Motor Vehicle in Transport,Dark - Not Lighted,Clear
Indiana,180384,2,PARKE (121),ROCKVILLE,July,Monday,County Road,Rural,39.75619722,-87.24244722,Utility Pole/Light Support,The First Harmful Event was Not a Collision with a Motor Vehicle in Transport,Daylight,Clear
Indiana,180385,1,KOSCIUSKO (85),SYRACUSE,July,Friday,State Highway,Rural,41.39489167,-85.71207778,Pedestrian,The First Harmful Event was Not a Collision with a Motor Vehicle in Transport,Daylight,Clear
Indiana,180387,1,MARION (97),INDIANAPOLIS,July,Sunday,Interstate,Urban,39.78722778,-86.13413889,Concrete Traffic Barrier,The First Harmful Event was Not a Collision with a Motor Vehicle in Transport,Daylight,Clear
Indiana,180388,3,TIPPECANOE (157),LAFAYETTE,July,Monday,U.S. Highway,Rural,40.30139722,-86.90375556,Motor Vehicle In-Transport,Angle,Daylight,Rain
Indiana,180389,2,HANCOCK (59),NEW PALESTINE,July,Sunday,County Road,Urban,39.75708889,-85.89591111,Motor Vehicle In-Transport,Angle,Daylight,Clear
Indiana,180390,4,HARRISON (61),CORYDON,July,Wednesday,State Highway,Urban,38.23212778,-86.13139444,Motor Vehicle In-Transport,Angle,Daylight,Clear
Indiana,180391,9,VERMILLION (165),PERRYSVILLE,July,Saturday,Interstate,Rural,40.11833889,-87.48108333,Motor Vehicle In-Transport,Front-to-Rear,Daylight,Clear
Indiana,180392,3,STEUBEN (151),FREMONT,July,Tuesday,Interstate,Rural,41.73131667,-84.97167222,Motor Vehicle In-Transport,Reported as Unknown,Daylight,Clear
Indiana,180393,1,SPENCER (147),ROCKPORT,August,Friday,Local Street - Municipality,Urban,37.87887778,-87.05521111,Parked Motor Vehicle,The First Harmful Event was Not a Collision with a Motor Vehicle in Transport,Daylight,Clear
Indiana,180394,1,DELAWARE (35),DALEVILLE,July,Sunday,State Highway,Rural,40.11343611,-85.52995278,Rollover/Overturn,The First Harmful Event was Not a Collision with a Motor Vehicle in Transport,Daylight,Clear
Indiana,180395,2,SWITZERLAND (155),VEVAY,July,Monday,State Highway,Rural,38.76256944,-85.03727778,Motor Vehicle In-Transport,Sideswipe - Opposite Direction,Dark - Not Lighted,Clear
Indiana,180396,2,FLOYD (43),NEW ALBANY,July,Monday,State Highway,Rural,38.20145556,-85.88471944,Motor Vehicle In-Transport,Front-to-Front,Dark - Not Lighted,Rain
Indiana,180397,1,HANCOCK (59),FORTVILLE,July,Friday,State Highway,Rural,39.9009,-85.78385556,Pedalcyclist,The First Harmful Event was Not a Collision with a Motor Vehicle in Transport,Daylight,Clear
Indiana,180398,3,MARION (97),INDIANAPOLIS,June,Wednesday,Local Street - Municipality,Urban,39.77389167,-86.23425,Rollover/Overturn,The First Harmful Event was Not a Collision with a Motor Vehicle in Transport,Daylight,Clear
Indiana,180399,1,MARION (97),INDIANAPOLIS,June,Thursday,Local Street - Municipality,Urban,39.79603333,-86.11196389,Utility Pole/Light Support,The First Harmful Event was Not a Collision with a Motor Vehicle in Transport,Dark - Not Lighted,Clear
Indiana,180400,2,LAKE (89),MERRILLVILLE,August,Thursday,U.S. Highway,Urban,41.47096389,-87.35841111,Motor Vehicle In-Transport,Sideswipe - Same Direction,Dark - Lighted,Clear
Indiana,180401,1,LAKE (89),GARY,August,Sunday,State Highway,Urban,41.56880556,-87.33671667,Pedalcyclist,The First Harmful Event was Not a Collision with a Motor Vehicle in Transport,Dark - Not Lighted,Clear
Indiana,180404,1,HAMILTON (57),WESTFIELD,August,Monday,Local Street - Township,Urban,40.05209167,-86.10924722,Traffic Sign Support,The First Harmful Event was Not a Collision with a Motor Vehicle in Transport,Daylight,Clear
Indiana,180405,2,KNOX (83),VINCENNES,August,Saturday,U.S. Highway,Rural,38.76883056,-87.4689,Motor Vehicle In-Transport,Angle,Daylight,Clear
Indiana,180406,1,OWEN (119),SPENCER,August,Monday,U.S. Highway,Rural,39.22528889,-86.84696667,Fell/Jumped from Vehicle,The First Harmful Event was Not a Collision with a Motor Vehicle in Transport,Daylight,Clear
Indiana,180407,2,SHELBY (145),SHELBYVILLE,July,Sunday,Interstate,Rural,39.37581667,-85.94248889,Ditch,The First Harmful Event was Not a Collision with a Motor Vehicle in Transport,Dark - Not Lighted,"Fog, Smog, Smoke"
Indiana,180408,2,LAWRENCE (93),BEDFORD,August,Thursday,County Road,Rural,38.94005833,-86.53213611,Motor Vehicle In-Transport,Angle,Daylight,Clear
Indiana,180409,6,GRANT (53),MARION,August,Friday,County Road,Rural,40.60334722,-85.59875833,Motor Vehicle In-Transport,Angle,Daylight,Clear
Indiana,180410,2,HENDRICKS (63),PITTSBORO,August,Monday,Local Street - Township,Rural,39.88171111,-86.47276944,Motor Vehicle In-Transport,Angle,Dark - Not Lighted,Clear
Indiana,180411,1,MARTIN (101),SHOALS,August,Monday,U.S. Highway,Rural,38.67416667,-86.771,Embankment,The First Harmful Event was Not a Collision with a Motor Vehicle in Transport,Daylight,Clear
Indiana,180412,4,SCOTT (143),SCOTTSBURG,June,Saturday,U.S. Highway,Urban,38.6893,-85.77893889,Motor Vehicle In-Transport,Sideswipe - Same Direction,Daylight,Cloudy
Indiana,180413,1,LAKE (89),MERRILLVILLE,August,Thursday,Interstate,Urban,41.46652778,-87.32336944,Ditch,The First Harmful Event was Not a Collision with a Motor Vehicle in Transport,Dark - Lighted,Clear
Indiana,180414,2,MONROE (105),BLOOMINGTON,August,Saturday,State Highway,Rural,39.16361667,-86.64986667,Ditch,The First Harmful Event was Not a Collision with a Motor Vehicle in Transport,Dark - Not Lighted,Clear
Indiana,180415,3,HANCOCK (59),GREENFIELD,July,Wednesday,State Highway,Urban,39.81406667,-85.76980556,Motor Vehicle In-Transport,Angle,Daylight,Clear
Indiana,180416,3,HENDRICKS (63),PLAINFIELD,July,Tuesday,Interstate,Urban,39.66566667,-86.37651389,Motor Vehicle In-Transport,Front-to-Rear,Daylight,Clear
Indiana,180417,3,HOWARD (67),KOKOMO,August,Friday,Local Street - Township,Urban,40.44064444,-86.13509444,Rollover/Overturn,The First Harmful Event was Not a Collision with a Motor Vehicle in Transport,Daylight,Clear
Indiana,180418,4,JACKSON (71),BROWNSTOWN,August,Tuesday,County Road,Rural,38.90558611,-86.12229722,Motor Vehicle In-Transport,Angle,Daylight,Clear
Indiana,180419,2,DAVIESS (27),ODON,August,Tuesday,County Road,Rural,38.85721667,-86.93663056,Motor Vehicle In-Transport,Sideswipe - Opposite Direction,Daylight,Clear
Indiana,180420,2,TIPPECANOE (157),LAFAYETTE,August,Friday,Local Street - Township,Urban,40.38190833,-86.88566111,Motor Vehicle In-Transport,Angle,Daylight,Clear
Indiana,180421,8,CLAY (21),BRAZIL,July,Friday,Interstate,Rural,39.45081667,-87.18558056,Motor Vehicle In-Transport,Front-to-Rear,Daylight,Clear
Indiana,180422,1,MADISON (95),ANDERSON,August,Friday,Local Street - Township,Urban,40.09986389,-85.69553056,Fence,The First Harmful Event was Not a Collision with a Motor Vehicle in Transport,Dark - Not Lighted,Clear
Indiana,180423,1,FULTON (49),ROCHESTER,July,Friday,U.S. Highway,Rural,41.04200278,-86.20225,Fell/Jumped from Vehicle,The First Harmful Event was Not a Collision with a Motor Vehicle in Transport,Daylight,Clear
Indiana,180424,7,SCOTT (143),SCOTTSBURG,August,Friday,Local Street - Township,Rural,38.70164444,-85.77101944,Rollover/Overturn,The First Harmful Event was Not a Collision with a Motor Vehicle in Transport,Dark - Not Lighted,Clear
Indiana,180425,3,DEARBORN (29),LAWRENCEBURG,August,Saturday,State Highway,Rural,39.27706111,-84.88360556,Motor Vehicle In-Transport,Sideswipe - Same Direction,Daylight,Clear
Indiana,180426,1,HUNTINGTON (69),WARREN,August,Sunday,State Highway,Rural,40.70100556,-85.37303056,Culvert,The First Harmful Event was Not a Collision with a Motor Vehicle in Transport,Daylight,Cloudy
Indiana,180427,2,DEARBORN (29),AURORA,August,Sunday,U.S. Highway,Rural,39.02415278,-85.01871944,Rollover/Overturn,The First Harmful Event was Not a Collision with a Motor Vehicle in Transport,Daylight,Clear
Indiana,180428,6,MARION (97),INDIANAPOLIS,July,Thursday,Local Street - Municipality,Urban,39.79998611,-86.1024,Motor Vehicle In-Transport,Front-to-Front,Dark - Not Lighted,Clear
Indiana,180429,3,DECATUR (31),GREENSBURG,August,Saturday,State Highway,Rural,39.28663889,-85.62959167,Motor Vehicle In-Transport,Front-to-Front,Daylight,Clear
Indiana,180430,5,TIPTON (159),TIPTON,August,Wednesday,State Highway,Rural,40.30395833,-86.03207778,Motor Vehicle In-Transport,Angle,Daylight,Clear
Indiana,180431,1,LAKE (89),LOWELL,August,Friday,Local Street - Municipality,Rural,41.34078611,-87.39766111,Utility Pole/Light Support,The First Harmful Event was Not a Collision with a Motor Vehicle in Transport,Dark - Not Lighted,Clear
Indiana,180433,2,ELKHART (39),MILLERSBURG,August,Tuesday,U.S. Highway,Rural,41.450075,-85.77579722,Motor Vehicle In-Transport,Front-to-Rear,Daylight,Cloudy
Indiana,180434,1,ALLEN (3),NEW HAVEN,August,Saturday,Interstate,Rural,41.05844722,-84.99013611,Pedestrian,The First Harmful Event was Not a Collision with a Motor Vehicle in Transport,Dark - Not Lighted,Cloudy
Indiana,180435,1,MARION (97),INDIANAPOLIS,June,Sunday,Interstate,Urban,39.69683333,-86.1865,Pedestrian,The First Harmful Event was Not a Collision with a Motor Vehicle in Transport,Dark - Not Lighted,Clear
Indiana,180436,4,ST. JOSEPH (141),SOUTH BEND,July,Tuesday,State Highway,Rural,41.70146389,-86.21351667,Motor Vehicle In-Transport,Front-to-Front,Daylight,Cloudy
Indiana,180437,1,HANCOCK (59),GREENFIELD,August,Thursday,Interstate,Rural,39.85256944,-85.24682778,Fell/Jumped from Vehicle,The First Harmful Event was Not a Collision with a Motor Vehicle in Transport,Daylight,Clear
Indiana,180438,8,MARION (97),INDIANAPOLIS,July,Tuesday,Local Street - Municipality,Urban,39.85289722,-86.27105278,Motor Vehicle In-Transport,Angle,Daylight,Clear
Indiana,180439,2,WABASH (169),WABASH,August,Monday,U.S. Highway,Urban,40.82512222,-85.82038056,Motor Vehicle In-Transport,Angle,Daylight,Clear
Indiana,180440,1,NOBLE (113),LIGONIER,August,Friday,Local Street - Township,Rural,41.48098056,-85.61410833,Pedalcyclist,The First Harmful Event was Not a Collision with a Motor Vehicle in Transport,Daylight,Clear
Indiana,180441,2,LAWRENCE (93),BEDFORD,August,Wednesday,Local Street - Township,Urban,38.86922222,-86.49487778,Motor Vehicle In-Transport,Angle,Daylight,Clear
Indiana,180442,2,ELKHART (39),ELKHART,August,Friday,County Road,Urban,41.75886667,-86.03967222,Motor Vehicle In-Transport,Angle,Daylight,Clear