State,Case Number,Persons,County,City,Month,Day,Route,Rural/Urban,Latitude,Longitude,First Harmful Event,Manner of Collision,Light Conditions,Weather
Indiana,180655,3,ELKHART (39),GOSHEN,November,Wednesday,U.S. Highway,Rural,41.48926111,-85.71731389,Motor Vehicle In-Transport,Front-to-Rear,Dusk,Cloudy
Indiana,180657,1,FULTON (49),AKRON,October,Wednesday,State Highway,Rural,41.01308056,-85.95680556,Rollover/Overturn,The First Harmful Event was Not a Collision with a Motor Vehicle in Transport,Daylight,Clear
Indiana,180658,3,LAKE (89),CROWN POINT,November,Sunday,Interstate,Rural,41.37302222,-87.32209167,Motor Vehicle In-Transport,Front-to-Front,Dark - Not Lighted,Clear
Indiana,180659,1,LAWRENCE (93),BEDFORD,November,Thursday,County Road,Rural,38.90066667,-86.54472222,Fence,The First Harmful Event was Not a Collision with a Motor Vehicle in Transport,Dark - Not Lighted,Rain
Indiana,180661,2,PULASKI (131),FRANCESVILLE,November,Friday,State Highway,Rural,40.97023333,-86.77584444,Motor Vehicle In-Transport,Angle,Daylight,Clear
Indiana,180662,3,KNOX (83),OAKTOWN,November,Friday,U.S. Highway,Rural,38.80361111,-87.45476389,Motor Vehicle In-Transport,Angle,Dawn,Clear
Indiana,180663,1,CARROLL (15),FLORA,November,Saturday,County Road,Rural,40.56139722,-86.42990278,Tree (Standing Only),The First Harmful Event was Not a Collision with a Motor Vehicle in Transport,Daylight,Clear
Indiana,180664,1,ELKHART (39),ELKHART,November,Sunday,County Road,Rural,41.62666667,-85.88096944,Culvert,The First Harmful Event was Not a Collision with a Motor Vehicle in Transport,Daylight,Cloudy
Indiana,180667,1,MARION (97),INDIANAPOLIS,October,Thursday,Local Street - Municipality,Urban,39.81991389,-86.11963611,Pedestrian,The First Harmful Event was Not a Collision with a Motor Vehicle in Transport,Dark - Not Lighted,Clear
Indiana,180668,3,MARION (97),INDIANAPOLIS,November,Sunday,Local Street - Municipality,Urban,39.81611389,-86.27588889,Motor Vehicle In-Transport,Front-to-Front,Dark - Not Lighted,Cloudy
Indiana,180669,1,MARION (97),INDIANAPOLIS,November,Wednesday,Interstate,Urban,39.72563333,-86.26471389,Parked Motor Vehicle,The First Harmful Event was Not a Collision with a Motor Vehicle in Transport,Dark - Lighted,Clear
Indiana,180670,3,ST. JOSEPH (141),SOUTH BEND,November,Monday,State Highway,Urban,41.67182222,-86.38027778,Motor Vehicle In-Transport,Front-to-Rear,Daylight,Clear
Indiana,180671,2,VANDERBURGH (163),EVANSVILLE,November,Tuesday,State Highway,Rural,38.056375,-87.64202222,Motor Vehicle In-Transport,Front-to-Front,Daylight,Clear
Indiana,180673,5,MIAMI (103),PERU,November,Sunday,Local Street - Township,Urban,40.75922222,-86.05924444,Motor Vehicle In-Transport,Angle,Dark - Lighted,Clear
Indiana,180674,4,HENRY (65),SPICELAND,November,Tuesday,Interstate,Rural,39.85268056,-85.37631111,Motor Vehicle In-Transport,Front-to-Rear,Dark - Lighted,"Fog, Smog, Smoke"
Indiana,180675,5,RIPLEY (137),HOLTON,November,Wednesday,U.S. Highway,Rural,39.07513056,-85.34876944,Motor Vehicle In-Transport,Angle,Daylight,Clear
Indiana,180676,4,LAKE (89),GARY,November,Tuesday,Local Street - Municipality,Urban,41.58426944,-87.375575,Motor Vehicle In-Transport,Angle,Daylight,Cloudy
Indiana,180677,1,JEFFERSON (77),MADISON,November,Saturday,State Highway,Rural,38.74213611,-85.41227778,Tree (Standing Only),The First Harmful Event was Not a Collision with a Motor Vehicle in Transport,Dark - Not Lighted,Cloudy
Indiana,180679,2,JAY (75),PORTLAND,November,Sunday,U.S. Highway,Urban,40.46833889,-84.979525,Motor Vehicle In-Transport,Sideswipe - Opposite Direction,Daylight,Clear
Indiana,180680,1,MARION (97),INDIANAPOLIS,November,Tuesday,Local Street - Municipality,Urban,39.77542222,-85.979525,Pedestrian,The First Harmful Event was Not a Collision with a Motor Vehicle in Transport,Dark - Not Lighted,Cloudy
Indiana,180681,3,MARION (97),INDIANAPOLIS,November,Wednesday,Local Street - Municipality,Urban,39.77536667,-85.98024444,Pedestrian,The First Harmful Event was Not a Collision with a Motor Vehicle in Transport,Dark - Not Lighted,Cloudy
Indiana,180682,1,CLARK (19),SELLERSBURG,December,Tuesday,U.S. Highway,Urban,38.39189444,-85.75415278,Pedestrian,The First Harmful Event was Not a Collision with a Motor Vehicle in Transport,Daylight,Cloudy
Indiana,180683,1,HENDRICKS (63),BROWNSBURG,December,Tuesday,County Road,Rural,39.86573333,-86.36678056,Railway Vehicle,The First Harmful Event was Not a Collision with a Motor Vehicle in Transport,Dark - Not Lighted,Clear
Indiana,180684,2,CARROLL (15),DELPHI,November,Saturday,County Road,Rural,40.46633333,-86.54391667,Rollover/Overturn,The First Harmful Event was Not a Collision with a Motor Vehicle in Transport,Dark - Not Lighted,Rain
Indiana,180685,4,MARION (97),INDIANAPOLIS,August,Friday,Local Street - Municipality,Urban,39.81620556,-86.269775,Parked Motor Vehicle,The First Harmful Event was Not a Collision with a Motor Vehicle in Transport,Dark - Lighted,Clear
Indiana,180686,5,JACKSON (71),SEYMOUR,November,Tuesday,U.S. Highway,Rural,38.96681944,-85.799725,Motor Vehicle In-Transport,Front-to-Front,Dark - Not Lighted,Rain
Indiana,180687,1,SPENCER (147),SANTA CLAUS,November,Monday,County Road,Rural,38.03926944,-86.83003333,Rollover/Overturn,The First Harmful Event was Not a Collision with a Motor Vehicle in Transport,Dark - Not Lighted,Cloudy
Indiana,180690,4,JENNINGS (79),VERNON,December,Wednesday,State Highway,Rural,38.98083611,-85.60575833,Motor Vehicle In-Transport,Angle,Dark - Lighted,Clear
Indiana,180691,1,ALLEN (3),FORT WAYNE,December,Thursday,Local Street - Township,Urban,41.0441,-85.11321944,Pedestrian,The First Harmful Event was Not a Collision with a Motor Vehicle in Transport,Dark - Lighted,Cloudy
Indiana,180692,1,BROWN (13),NASHVILLE,December,Saturday,County Road,Rural,39.285,-86.15401389,Tree (Standing Only),The First Harmful Event was Not a Collision with a Motor Vehicle in Transport,Dark - Not Lighted,Clear
Indiana,180694,9,MARION (97),INDIANAPOLIS,December,Tuesday,State Highway,Urban,39.64881389,-86.15839167,Motor Vehicle In-Transport,Front-to-Rear,Daylight,Cloudy
Indiana,180695,2,FLOYD (43),GREENVILLE,December,Thursday,U.S. Highway,Urban,38.370125,-85.98064167,Motor Vehicle In-Transport,Angle,Dark - Lighted,Clear
Indiana,180696,7,MARION (97),INDIANAPOLIS,December,Saturday,Local Street - Township,Urban,39.715225,-86.14898056,Motor Vehicle In-Transport,Angle,Daylight,Cloudy
Indiana,180699,1,NOBLE (113),LIGONIER,December,Wednesday,Local Street - Township,Rural,41.48096111,-85.61443333,Railway Vehicle,The First Harmful Event was Not a Collision with a Motor Vehicle in Transport,Dark - Not Lighted,Clear
Indiana,180700,2,BARTHOLOMEW (5),COLUMBUS,December,Thursday,State Highway,Urban,39.19974167,-85.969525,Motor Vehicle In-Transport,Front-to-Front,Dark - Lighted,Clear
Indiana,180702,2,MONTGOMERY (107),CRAWFORDSVILLE,December,Monday,State Highway,Rural,40.02534444,-87.06945278,Motor Vehicle In-Transport,Sideswipe - Opposite Direction,Daylight,Cloudy
Indiana,180704,1,WAYNE (177),RICHMOND,December,Thursday,Local Street - Municipality,Urban,39.81311111,-84.90729444,Tree (Standing Only),The First Harmful Event was Not a Collision with a Motor Vehicle in Transport,Dark - Not Lighted,Cloudy
Indiana,180708,1,LAKE (89),GARY,December,Tuesday,Interstate,Urban,41.58831389,-87.30546944,Concrete Traffic Barrier,The First Harmful Event was Not a Collision with a Motor Vehicle in Transport,Dark - Lighted,Clear
Indiana,180712,1,MADISON (95),ANDERSON,September,Saturday,Local Street - Municipality,Urban,40.09354167,-85.667025,Pedestrian,The First Harmful Event was Not a Collision with a Motor Vehicle in Transport,Dusk,Clear
Indiana,180713,2,MARION (97),HOMECROFT,October,Friday,Local Street - Municipality,Urban,39.672225,-86.12956667,Motor Vehicle In-Transport,Sideswipe - Opposite Direction,Dark - Lighted,Clear
Indiana,180714,3,JOHNSON (81),GREENWOOD,October,Friday,Local Street - Municipality,Urban,39.59473889,-86.08305833,Culvert,The First Harmful Event was Not a Collision with a Motor Vehicle in Transport,Dark - Not Lighted,Clear
Indiana,180715,4,DELAWARE (35),DALEVILLE,November,Sunday,State Highway,Urban,40.11389722,-85.57036667,Motor Vehicle In-Transport,Front-to-Rear,Dark - Lighted,Clear
Indiana,180716,1,ALLEN (3),FORT WAYNE,December,Monday,Local Street - Municipality,Urban,41.07238333,-85.13983056,Pedestrian,The First Harmful Event was Not a Collision with a Motor Vehicle in Transport,Dark - Lighted,Rain
Indiana,180717,2,LAGRANGE (87),LAGRANGE,November,Tuesday,County Road,Rural,41.67031389,-85.429025,Motor Vehicle In-Transport,Front-to-Front,Daylight,Cloudy
Indiana,180720,1,RIPLEY (137),VERSAILLES,December,Saturday,U.S. Highway,Rural,39.09062222,-85.27586944,Ditch,The First Harmful Event was Not a Collision with a Motor Vehicle in Transport,Daylight,Cloudy
Indiana,180722,2,MARION (97),INDIANAPOLIS,November,Saturday,Interstate,Urban,39.75086389,-86.26488611,Ditch,The First Harmful Event was Not a Collision with a Motor Vehicle in Transport,Dark - Lighted,Clear
Indiana,180724,1,GREENE (55),BLOOMFIELD,December,Wednesday,Interstate,Rural,38.95783056,-86.848,Embankment,The First Harmful Event was Not a Collision with a Motor Vehicle in Transport,Daylight,Cloudy
Indiana,180726,3,DECATUR (31),GREENSBURG,December,Thursday,State Highway,Rural,39.39531667,-85.47968889,Motor Vehicle In-Transport,Front-to-Rear,Daylight,Clear
Indiana,180727,1,HOWARD (67),KOKOMO,December,Monday,Local Street - Municipality,Urban,40.51521111,-86.13278056,Tree (Standing Only),The First Harmful Event was Not a Collision with a Motor Vehicle in Transport,Dark - Lighted,Clear
Indiana,180728,3,LAKE (89),GRIFFITH,December,Saturday,Local Street - Township,Urban,41.54981111,-87.41568611,Motor Vehicle In-Transport,Front-to-Rear,Dark - Lighted,Clear
Indiana,180730,3,MARSHALL (99),BREMEN,December,Monday,U.S. Highway,Rural,41.46047778,-86.19214444,Motor Vehicle In-Transport,Angle,Daylight,Cloudy
Indiana,180731,1,VIGO (167),TERRE HAUTE,December,Wednesday,Local Street - Municipality,Urban,39.448375,-87.36618056,Utility Pole/Light Support,The First Harmful Event was Not a Collision with a Motor Vehicle in Transport,Dark - Lighted,Clear
Indiana,180732,4,MARION (97),INDIANAPOLIS,November,Saturday,Local Street - Municipality,Urban,39.694,-86.13695278,Pedestrian,The First Harmful Event was Not a Collision with a Motor Vehicle in Transport,Dark - Lighted,Cloudy
Indiana,180733,3,LAWRENCE (93),BEDFORD,December,Sunday,State Highway,Rural,38.86092778,-86.52108056,Motor Vehicle In-Transport,Front-to-Rear,Daylight,Clear
Indiana,180734,1,JENNINGS (79),SCIPIO,December,Tuesday,State Highway,Rural,39.10140833,-85.74193333,Rollover/Overturn,The First Harmful Event was Not a Collision with a Motor Vehicle in Transport,Daylight,Clear
Indiana,180736,1,PULASKI (131),WINAMAC,December,Sunday,U.S. Highway,Rural,41.08916111,-86.60350278,Tree (Standing Only),The First Harmful Event was Not a Collision with a Motor Vehicle in Transport,Dark - Not Lighted,Rain
Indiana,180739,1,MARION (97),INDIANAPOLIS,December,Monday,Local Street - Municipality,Urban,39.75055556,-86.20822222,Pedestrian,The First Harmful Event was Not a Collision with a Motor Vehicle in Transport,Dark - Lighted,Clear
Indiana,180744,4,ST. JOSEPH (141),MISHAWAKA,December,Tuesday,Local Street - Municipality,Urban,41.72077222,-86.16688889,Embankment,The First Harmful Event was Not a Collision with a Motor Vehicle in Transport,Daylight,Clear
Indiana,180745,3,MARION (97),INDIANAPOLIS,November,Tuesday,Local Street - Municipality,Urban,39.84927222,-86.21192222,Motor Vehicle In-Transport,Front-to-Rear,Dusk,Clear
Indiana,180749,3,LAKE (89),EAST CHICAGO,December,Saturday,Local Street - Municipality,Urban,41.66194167,-87.47166667,Railway Vehicle,The First Harmful Event was Not a Collision with a Motor Vehicle in Transport,Dark - Lighted,Clear
Indiana,180751,2,KNOX (83),OAKTOWN,December,Thursday,U.S. Highway,Rural,38.89197778,-87.44184444,Motor Vehicle In-Transport,Front-to-Rear,Daylight,Clear
Indiana,180752,2,PUTNAM (133),CLOVERDALE,December,Sunday,Interstate,Rural,39.53288889,-86.85150556,Parked Motor Vehicle,The First Harmful Event was Not a Collision with a Motor Vehicle in Transport,Dark - Not Lighted,Rain
Indiana,180753,1,SPENCER (147),DALE,November,Thursday,Local Street - Township,Urban,38.16375556,-86.99041667,Non-Motorist on Personal Conveyance,The First Harmful Event was Not a Collision with a Motor Vehicle in Transport,Daylight,Clear
Indiana,180754,1,DELAWARE (35),SELMA,December,Monday,Interstate,Rural,40.11302222,-85.57034722,Fence,The First Harmful Event was Not a Collision with a Motor Vehicle in Transport,Daylight,Cloudy
Indiana,180757,5,WASHINGTON (175),LITTLE YORK,November,Thursday,State Highway,Rural,38.68155,-85.88895278,Motor Vehicle In-Transport,Angle,Dark - Not Lighted,Clear
Indiana,180760,1,LA PORTE (91),MICHIGAN CITY,August,Monday,Local Street - Municipality,Urban,41.71104722,-86.87878333,Pedestrian,The First Harmful Event was Not a Collision with a Motor Vehicle in Transport,Dusk,Clear
Indiana,180761,4,MARION (97),INDIANAPOLIS,December,Monday,Local Street - Municipality,Urban,39.7699,-86.08889444,Motor Vehicle In-Transport,Front-to-Front,Daylight,Clear
Indiana,180763,1,ST. JOSEPH (141),SOUTH BEND,October,Sunday,Local Street - Municipality,Urban,41.63680278,-86.20727222,Tree (Standing Only),The First Harmful Event was Not a Collision with a Motor Vehicle in Transport,Dark - Lighted,Rain
Indiana,180765,1,MARION (97),INDIANAPOLIS,October,Friday,Local Street - Municipality,Urban,39.74923056,-86.240625,Pedalcyclist,The First Harmful Event was Not a Collision with a Motor Vehicle in Transport,Dark - Lighted,Clear
Indiana,180767,2,BARTHOLOMEW (5),COLUMBUS,December,Friday,Local Street - Municipality,Urban,39.21757222,-85.90412222,Building,The First Harmful Event was Not a Collision with a Motor Vehicle in Transport,Daylight,Clear
Indiana,180769,1,MARION (97),INDIANAPOLIS,December,Friday,Interstate,Urban,39.713375,-86.05616667,Concrete Traffic Barrier,The First Harmful Event was Not a Collision with a Motor Vehicle in Transport,Dark - Not Lighted,Clear
Indiana,180773,5,MARION (97),LAWRENCE,December,Monday,U.S. Highway,Urban,39.87183889,-85.95711111,Motor Vehicle In-Transport,Angle,Daylight,Cloudy
Iowa,190005,1,WEBSTER (187),FORT DODGE,January,Thursday,U.S. Highway,Urban,42.50623333,-94.21717778,Rollover/Overturn,The First Harmful Event was Not a Collision with a Motor Vehicle in Transport,Dark - Not Lighted,Clear
Iowa,190009,5,MUSCATINE (139),MUSCATINE,January,Friday,Local Street - Municipality,Urban,41.42604722,-91.04378889,Motor Vehicle In-Transport,Front-to-Rear,Daylight,Cloudy
Iowa,190011,1,CLAY (41),SPENCER,January,Wednesday,Local Street - Municipality,Rural,43.03925556,-95.12758056,Rollover/Overturn,The First Harmful Event was Not a Collision with a Motor Vehicle in Transport,Dark - Not Lighted,Clear
Iowa,190013,2,POLK (153),DES MOINES,January,Sunday,Local Street - Municipality,Urban,41.58440278,-93.65197222,Fence,The First Harmful Event was Not a Collision with a Motor Vehicle in Transport,Daylight,Cloudy
Iowa,190015,1,POLK (153),URBANDALE,January,Monday,Interstate,Urban,41.65281389,-93.71149722,Utility Pole/Light Support,The First Harmful Event was Not a Collision with a Motor Vehicle in Transport,Dark - Lighted,Snow
Iowa,190019,14,JOHNSON (103),CORALVILLE,January,Thursday,Interstate,Urban,41.68753889,-91.57553333,Motor Vehicle In-Transport,Front-to-Rear,Daylight,Snow
Iowa,190023,1,GRUNDY (75),MORRISON,February,Wednesday,State Highway,Rural,42.34442778,-92.67521944,Tree (Standing Only),The First Harmful Event was Not a Collision with a Motor Vehicle in Transport,Daylight,Freezing Rain or Drizzle
Iowa,190024,2,BREMER (17),JANESVILLE,February,Friday,U.S. Highway,Rural,42.65383889,-92.46732778,Rollover/Overturn,The First Harmful Event was Not a Collision with a Motor Vehicle in Transport,Daylight,Clear
Iowa,190025,2,POTTAWATTAMIE (155),COUNCIL BLUFFS,February,Thursday,Local Street - Municipality,Urban,41.21131389,-95.83743056,Motor Vehicle In-Transport,Angle,Dusk,Clear
Iowa,190031,1,CLAYTON (43),GUTTENBERG,February,Tuesday,Local Street - Municipality,Rural,42.78665278,-91.10109167,Railway Vehicle,The First Harmful Event was Not a Collision with a Motor Vehicle in Transport,Daylight,Clear
Iowa,190034,1,POLK (153),WEST DES MOINES,March,Monday,Local Street - Municipality,Urban,41.57401389,-93.71783889,Tree (Standing Only),The First Harmful Event was Not a Collision with a Motor Vehicle in Transport,Dark - Lighted,Clear
Iowa,190036,2,BLACK HAWK (13),WATERLOO,March,Sunday,Local Street - Municipality,Urban,42.49788611,-92.32081389,Pedestrian,The First Harmful Event was Not a Collision with a Motor Vehicle in Transport,Dark - Not Lighted,Clear
Iowa,190039,3,WEBSTER (187),FORT DODGE,March,Thursday,State Highway,Rural,42.49645556,-94.18779722,Motor Vehicle In-Transport,Front-to-Front,Daylight,Clear
Iowa,190043,1,POLK (153),GRIMES,February,Sunday,State Highway,Urban,41.70288611,-93.77472222,Embankment,The First Harmful Event was Not a Collision with a Motor Vehicle in Transport,Daylight,Cloudy
Iowa,190045,1,LINN (113),CEDAR RAPIDS,March,Monday,Interstate,Urban,41.98090278,-91.66797778,Ground,The First Harmful Event was Not a Collision with a Motor Vehicle in Transport,Daylight,Clear
Iowa,190049,1,DUBUQUE (61),ASBURY,April,Saturday,Local Street - Municipality,Rural,42.51061667,-90.81813056,Tree (Standing Only),The First Harmful Event was Not a Collision with a Motor Vehicle in Transport,Daylight,Clear
Iowa,190055,1,HENRY (87),MOUNT PLEASANT,April,Thursday,U.S. Highway,Urban,40.96231944,-91.517025,Ground,The First Harmful Event was Not a Collision with a Motor Vehicle in Transport,Daylight,Cloudy
Iowa,190056,4,LEE (111),KEOKUK,April,Monday,U.S. Highway,Urban,40.23251944,-91.24,Fell/Jumped from Vehicle,The First Harmful Event was Not a Collision with a Motor Vehicle in Transport,Dusk,Clear
Iowa,190057,1,POLK (153),ALTOONA,March,Tuesday,Interstate,Rural,41.65721667,-93.54016667,Pedestrian,The First Harmful Event was Not a Collision with a Motor Vehicle in Transport,Daylight,Clear
Iowa,190058,3,WAPELLO (179),OTTUMWA,April,Monday,Local Street - Municipality,Urban,41.004875,-92.41866111,Motor Vehicle In-Transport,Angle,Dark - Lighted,Clear
Iowa,190059,1,DUBUQUE (61),DUBUQUE,April,Saturday,Local Street - Municipality,Urban,42.49861944,-90.69748056,Pedestrian,The First Harmful Event was Not a Collision with a Motor Vehicle in Transport,Daylight,Clear
Iowa,190060,1,MONONA (133),WHITING,April,Tuesday,County Road,Rural,42.13017778,-96.15213333,Rollover/Overturn,The First Harmful Event was Not a Collision with a Motor Vehicle in Transport,Dark - Not Lighted,Clear
Iowa,190061,2,LINN (113),CEDAR RAPIDS,April,Saturday,Local Street - Municipality,Urban,41.89221944,-91.67603611,Motor Vehicle In-Transport,Angle,Daylight,Clear
Iowa,190062,1,BLACK HAWK (13),WATERLOO,April,Sunday,Local Street - Municipality,Urban,42.50619722,-92.33437222,Parked Motor Vehicle,The First Harmful Event was Not a Collision with a Motor Vehicle in Transport,Dark - Lighted,Clear
Iowa,190064,3,STORY (169),AMES,April,Sunday,U.S. Highway,Urban,42.02161111,-93.61033611,Motor Vehicle In-Transport,Angle,Daylight,Clear
Iowa,190066,3,LINN (113),CEDAR RAPIDS,April,Tuesday,State Highway,Urban,42.00980278,-91.63490278,Motor Vehicle In-Transport,Angle,Daylight,Clear
Iowa,190069,1,WOODBURY (193),SIOUX CITY,May,Wednesday,Local Street - Municipality,Urban,42.46537778,-96.35358889,Other Object (not fixed),The First Harmful Event was Not a Collision with a Motor Vehicle in Transport,Dark - Lighted,Cloudy
Iowa,190075,2,SCOTT (163),DAVENPORT,May,Thursday,Interstate,Urban,41.59967778,-90.59961111,Pedestrian,The First Harmful Event was Not a Collision with a Motor Vehicle in Transport,Dark - Not Lighted,"Fog, Smog, Smoke"
Iowa,190077,2,POTTAWATTAMIE (155),COUNCIL BLUFFS,May,Wednesday,Local Street - Municipality,Urban,41.2633,-95.84834444,Building,The First Harmful Event was Not a Collision with a Motor Vehicle in Transport,Daylight,Rain
Iowa,190078,2,POLK (153),DES MOINES,May,Monday,Local Street - Municipality,Urban,41.52572778,-93.54142778,Motor Vehicle In-Transport,Front-to-Front,Daylight,Clear
Iowa,190079,2,POLK (153),DES MOINES,May,Monday,Local Street - Municipality,Urban,41.60406111,-93.64143333,Motor Vehicle In-Transport,Front-to-Rear,Daylight,Cloudy
Iowa,190081,2,ALLAMAKEE (5),WATERVILLE,May,Tuesday,County Road,Rural,43.26162778,-91.34668056,Motor Vehicle In-Transport,Front-to-Front,Daylight,Clear
Iowa,190082,1,MARSHALL (127),MARSHALLTOWN,May,Wednesday,Local Street - Municipality,Urban,42.0491,-92.93453333,Pedestrian,The First Harmful Event was Not a Collision with a Motor Vehicle in Transport,Daylight,Clear
Iowa,190083,1,POTTAWATTAMIE (155),CRESCENT,May,Saturday,County Road,Rural,41.47877778,-95.88328056,Rollover/Overturn,The First Harmful Event was Not a Collision with a Motor Vehicle in Transport,Daylight,Clear
Iowa,190085,1,WINNESHIEK (191),DECORAH,March,Saturday,Local Street - Municipality,Urban,43.29474167,-91.77129167,Wall,The First Harmful Event was Not a Collision with a Motor Vehicle in Transport,Daylight,Clear
Iowa,190087,1,WOODBURY (193),SIOUX CITY,May,Thursday,Local Street - Municipality,Urban,42.55155278,-96.40458889,Pedestrian,The First Harmful Event was Not a Collision with a Motor Vehicle in Transport,Daylight,Clear
Iowa,190088,1,POLK (153),DES MOINES,May,Saturday,Local Street - Township,Urban,41.52029444,-93.58896944,Rollover/Overturn,The First Harmful Event was Not a Collision with a Motor Vehicle in Transport,Dark - Lighted,Clear
Iowa,190094,2,POLK (153),DES MOINES,April,Saturday,Interstate,Urban,41.59174444,-93.68199722,Motor Vehicle In-Transport,Sideswipe - Same Direction,Daylight,Rain
Iowa,190096,2,BREMER (17),SUMNER,June,Sunday,State Highway,Rural,42.84739444,-92.11666111,Embankment,The First Harmful Event was Not a Collision with a Motor Vehicle in Transport,Dark - Lighted,Clear
Iowa,190098,1,WOODBURY (193),HORNICK,June,Friday,County Road,Rural,42.27296667,-96.09706944,Mail Box,The First Harmful Event was Not a Collision with a Motor Vehicle in Transport,Dark - Not Lighted,Clear
Iowa,190104,1,LINN (113),CEDAR RAPIDS,June,Wednesday,Local Street - Municipality,Urban,41.97156389,-91.68521667,"Pavement Surface Irregularity (Ruts, Potholes, Grates, etc.)",The First Harmful Event was Not a Collision with a Motor Vehicle in Transport,Dark - Lighted,Clear
Iowa,190106,1,PAGE (145),CLARINDA,June,Saturday,Local Street - Municipality,Urban,40.73715833,-95.03250556,Curb,The First Harmful Event was Not a Collision with a Motor Vehicle in Transport,Dark - Lighted,Clear
Iowa,190107,3,SHELBY (165),HARLAN,June,Thursday,State Highway,Urban,41.64536111,-95.32112778,Motor Vehicle In-Transport,Angle,Daylight,Clear
Iowa,190109,1,WOODBURY (193),SIOUX CITY,June,Friday,Local Street - Municipality,Urban,42.46554167,-96.34644444,Pedalcyclist,The First Harmful Event was Not a Collision with a Motor Vehicle in Transport,Daylight,Cloudy
Iowa,190111,2,POLK (153),DES MOINES,July,Thursday,Local Street - Municipality,Urban,41.60588611,-93.64385556,Motor Vehicle In-Transport,Angle,Dark - Lighted,Clear
Iowa,190113,1,WARREN (181),NEW VIRGINIA,May,Saturday,Local Street - Township,Rural,41.18026111,-93.73131111,Tree (Standing Only),The First Harmful Event was Not a Collision with a Motor Vehicle in Transport,Dark - Not Lighted,Clear
Iowa,190130,4,POLK (153),BONDURANT,May,Friday,U.S. Highway,Rural,41.71628333,-93.42580833,Motor Vehicle In-Transport,Angle,Dusk,Clear
Iowa,190132,2,DES MOINES (57),BURLINGTON,July,Saturday,Local Street - Municipality,Urban,40.82093611,-91.12623333,Motor Vehicle In-Transport,Angle,Daylight,Clear
Iowa,190133,4,POLK (153),ALTOONA,July,Friday,U.S. Highway,Urban,41.65223889,-93.50665278,Pedestrian,The First Harmful Event was Not a Collision with a Motor Vehicle in Transport,Dark - Not Lighted,Clear
Iowa,190135,2,POLK (153),DES MOINES,July,Saturday,Local Street - Municipality,Urban,41.51928611,-93.62832778,Motor Vehicle In-Transport,Angle,Daylight,Cloudy
Iowa,190136,2,POLK (153),DES MOINES,June,Sunday,Local Street - Municipality,Urban,41.59050278,-93.62564444,Motor Vehicle In-Transport,Angle,Daylight,Cloudy
Iowa,190137,1,BLACK HAWK (13),WATERLOO,July,Tuesday,Local Street - Municipality,Urban,42.48894444,-92.35205,Pedalcyclist,The First Harmful Event was Not a Collision with a Motor Vehicle in Transport,Daylight,Clear
Iowa,190138,1,BLACK HAWK (13),WATERLOO,July,Wednesday,Local Street - Municipality,Urban,42.48249722,-92.33006389,Other Object (not fixed),The First Harmful Event was Not a Collision with a Motor Vehicle in Transport,Dark - Not Lighted,Clear
Iowa,190141,3,SCOTT (163),DAVENPORT,June,Thursday,U.S. Highway,Urban,41.561025,-92.62953056,Motor Vehicle In-Transport,Angle,Daylight,Clear
Iowa,190147,3,WOODBURY (193),SIOUX CITY,July,Friday,Local Street - Municipality,Urban,42.51045,-96.42555,Motor Vehicle In-Transport,Angle,Daylight,Clear
Iowa,190150,1,WOODBURY (193),SIOUX CITY,June,Tuesday,Local Street - Municipality,Urban,42.55114722,-96.44877222,Utility Pole/Light Support,The First Harmful Event was Not a Collision with a Motor Vehicle in Transport,Daylight,Clear
Iowa,190152,2,CLINTON (45),DE WITT,June,Tuesday,Local Street - Municipality,Urban,41.83461667,-90.54638056,Fell/Jumped from Vehicle,The First Harmful Event was Not a Collision with a Motor Vehicle in Transport,Dark - Not Lighted,Clear
Iowa,190153,2,CARROLL (27),CARROLL,August,Monday,County Road,Rural,42.07867222,-94.84266111,Motor Vehicle In-Transport,Angle,Daylight,Rain
Iowa,190155,1,SCOTT (163),BETTENDORF,August,Monday,Interstate,Urban,41.59711667,-90.46093056,Cable Barrier,The First Harmful Event was Not a Collision with a Motor Vehicle in Transport,Daylight,Rain
Iowa,190156,2,DICKINSON (59),SPIRIT LAKE,May,Friday,U.S. Highway,Rural,43.40022222,-95.12858611,Motor Vehicle In-Transport,Angle,Daylight,Rain
Iowa,190157,2,POLK (153),GRIMES,August,Wednesday,Local Street - Municipality,Urban,41.67506111,-93.77763056,Motor Vehicle In-Transport,Angle,Daylight,Clear
Iowa,190158,1,LINN (113),CEDAR RAPIDS,August,Friday,U.S. Highway,Urban,41.97869444,-91.66871389,Pedestrian,The First Harmful Event was Not a Collision with a Motor Vehicle in Transport,Dark - Lighted,Clear
Iowa,190160,2,WEBSTER (187),FORT DODGE,August,Saturday,Local Street - Municipality,Urban,42.49876944,-94.17210278,Motor Vehicle In-Transport,Angle,Daylight,Clear
Iowa,190161,1,SCOTT (163),DAVENPORT,August,Sunday,Interstate,Urban,41.59791111,-90.52711667,Ditch,The First Harmful Event was Not a Collision with a Motor Vehicle in Transport,Dark - Not Lighted,Rain
Iowa,190164,2,LINN (113),FAIRFAX,August,Sunday,U.S. Highway,Rural,41.92229444,-91.78380833,Motor Vehicle In-Transport,Front-to-Front,Daylight,Clear
Iowa,190165,2,JOHNSON (103),IOWA CITY,June,Sunday,Local Street - Municipality,Urban,41.65423611,-91.57820278,Curb,The First Harmful Event was Not a Collision with a Motor Vehicle in Transport,Dusk,Cloudy
Iowa,190166,3,POLK (153),WEST DES MOINES,August,Friday,State Highway,Urban,41.58269444,-93.70341667,Motor Vehicle In-Transport,Angle,Daylight,Clear