State,Case Number,Persons,County,City,Month,Day,Route,Rural/Urban,Latitude,Longitude,First Harmful Event,Manner of Collision,Light Conditions,Weather
Louisiana,220072,1,EAST BATON ROUGE (33),BATON ROUGE,February,Thursday,U.S. Highway,Urban,30.44460556,-91.08983889,Pedestrian,The First Harmful Event was Not a Collision with a Motor Vehicle in Transport,Dark - Lighted,Rain
Louisiana,220073,1,ORLEANS (71),NEW ORLEANS,March,Saturday,U.S. Highway,Urban,30.01151389,-90.00555833,"Post, Pole or Other Supports",The First Harmful Event was Not a Collision with a Motor Vehicle in Transport,Dawn,Clear
Louisiana,220074,1,CONCORDIA (29),MONTEREY,March,Friday,State Highway,Urban,31.48378056,-91.52669444,Embankment,The First Harmful Event was Not a Collision with a Motor Vehicle in Transport,Dark - Not Lighted,"Fog, Smog, Smoke"
Louisiana,220075,2,ORLEANS (71),NEW ORLEANS,March,Saturday,Local Street - Municipality,Urban,29.98216944,-90.08708889,Pedalcyclist,The First Harmful Event was Not a Collision with a Motor Vehicle in Transport,Dark - Lighted,Clear
Louisiana,220076,3,ORLEANS (71),NEW ORLEANS,March,Sunday,Local Street - Municipality,Urban,29.97432778,-90.07135833,Parked Motor Vehicle,The First Harmful Event was Not a Collision with a Motor Vehicle in Transport,Dark - Lighted,Rain
Louisiana,220077,6,ST. LANDRY (97),EUNICE,March,Monday,State Highway,Urban,30.48755833,-92.41973889,Pedestrian,The First Harmful Event was Not a Collision with a Motor Vehicle in Transport,Dark - Not Lighted,Cloudy
Louisiana,220078,1,EAST BATON ROUGE (33),BATON ROUGE,March,Sunday,Interstate,Urban,30.43698889,-91.17813889,Pedestrian,The First Harmful Event was Not a Collision with a Motor Vehicle in Transport,Dark - Not Lighted,Clear
Louisiana,220084,1,ORLEANS (71),NEW ORLEANS,March,Thursday,Interstate,Rural,30.14753889,-89.86117778,Rollover/Overturn,The First Harmful Event was Not a Collision with a Motor Vehicle in Transport,Daylight,Clear
Louisiana,220087,3,CADDO (17),SHREVEPORT,March,Friday,State Highway,Urban,32.48907778,-93.72424444,Motor Vehicle In-Transport,Sideswipe - Opposite Direction,Daylight,Clear
Louisiana,220088,1,JEFFERSON (51),MARRERO,January,Monday,Local Street - Municipality,Urban,29.87496111,-90.09305,Curb,The First Harmful Event was Not a Collision with a Motor Vehicle in Transport,Dark - Lighted,Cloudy
Louisiana,220091,1,RAPIDES (79),PINEVILLE,March,Wednesday,U.S. Highway,Urban,31.3221,-92.42431944,Pedestrian,The First Harmful Event was Not a Collision with a Motor Vehicle in Transport,Dark - Not Lighted,Clear
Louisiana,220092,2,ORLEANS (71),NEW ORLEANS,March,Saturday,Interstate,Urban,29.99231111,-90.04965,Pedestrian,The First Harmful Event was Not a Collision with a Motor Vehicle in Transport,Dark - Not Lighted,Clear
Louisiana,220096,1,MOREHOUSE (67),BASTROP,April,Tuesday,State Highway,Urban,32.76271944,-91.90766944,Pedestrian,The First Harmful Event was Not a Collision with a Motor Vehicle in Transport,Dark - Not Lighted,Clear
Louisiana,220098,2,EAST BATON ROUGE (33),BATON ROUGE,April,Friday,Local Street - Municipality,Urban,30.40702222,-91.03673889,Motor Vehicle In-Transport,Angle,Daylight,Clear
Louisiana,220120,1,POINTE COUPEE (77),NEW ROADS,January,Sunday,State Highway,Urban,30.69048056,-91.46897778,Pedestrian,The First Harmful Event was Not a Collision with a Motor Vehicle in Transport,Dusk,Clear
Louisiana,220121,2,ORLEANS (71),NEW ORLEANS,March,Wednesday,Local Street - Municipality,Urban,29.951825,-90.10104722,Parked Motor Vehicle,The First Harmful Event was Not a Collision with a Motor Vehicle in Transport,Dark - Lighted,Clear
Louisiana,220122,4,EAST BATON ROUGE (33),BATON ROUGE,January,Friday,State Highway,Urban,30.39496667,-91.10962778,Motor Vehicle In-Transport,Angle,Daylight,Clear
Louisiana,220123,2,ORLEANS (71),NEW ORLEANS,February,Wednesday,Local Street - Municipality,Urban,29.94577222,-90.13108889,Pedalcyclist,The First Harmful Event was Not a Collision with a Motor Vehicle in Transport,Daylight,Clear
Louisiana,220124,2,LAFAYETTE (55),LAFAYETTE,April,Sunday,State Highway,Urban,30.18134722,-92.07584167,Motor Vehicle In-Transport,Angle,Daylight,Clear
Louisiana,220125,1,CALCASIEU (19),LAKE CHARLES,April,Thursday,Local Street - Municipality,Urban,30.20021944,-93.18783611,Curb,The First Harmful Event was Not a Collision with a Motor Vehicle in Transport,Daylight,Rain
Louisiana,220127,2,OUACHITA (73),MONROE,April,Sunday,Local Street - Municipality,Urban,32.55795,-92.07100278,Fence,The First Harmful Event was Not a Collision with a Motor Vehicle in Transport,Dark - Not Lighted,Clear
Louisiana,220128,1,CALCASIEU (19),LAKE CHARLES,April,Tuesday,Local Street - Municipality,Urban,30.22628889,-93.20446111,Curb,The First Harmful Event was Not a Collision with a Motor Vehicle in Transport,Dark - Lighted,Clear
Louisiana,220129,3,CADDO (17),SHREVEPORT,April,Friday,Local Street - Municipality,Urban,32.45166944,-93.85756944,Motor Vehicle In-Transport,Angle,Daylight,Clear
Louisiana,220132,5,BOSSIER (15),BOSSIER CITY,January,Tuesday,U.S. Highway,Urban,32.46119167,-93.66291944,Motor Vehicle In-Transport,Front-to-Rear,Daylight,Clear
Louisiana,220140,2,EAST BATON ROUGE (33),BATON ROUGE,April,Saturday,Local Street - Municipality,Urban,30.47472222,-91.15601389,Motor Vehicle In-Transport,Angle,Daylight,Clear
Louisiana,220142,3,JEFFERSON (51),KENNER,April,Monday,Interstate,Urban,30.00915278,-90.24531944,Pedestrian,The First Harmful Event was Not a Collision with a Motor Vehicle in Transport,Daylight,Clear
Louisiana,220157,2,EAST BATON ROUGE (33),BATON ROUGE,May,Friday,U.S. Highway,Urban,30.48401111,-91.11803056,Pedestrian,The First Harmful Event was Not a Collision with a Motor Vehicle in Transport,Dark - Lighted,Cloudy
Louisiana,220158,1,ORLEANS (71),NEW ORLEANS,May,Friday,Local Street - Municipality,Urban,29.99773056,-90.04933889,Parked Motor Vehicle,The First Harmful Event was Not a Collision with a Motor Vehicle in Transport,Daylight,Clear
Louisiana,220159,1,ST. MARY (101),MORGAN CITY,May,Saturday,Local Street - Municipality,Urban,29.70858889,-91.20178056,Fence,The First Harmful Event was Not a Collision with a Motor Vehicle in Transport,Dark - Lighted,Clear
Louisiana,220160,1,CADDO (17),SHREVEPORT,May,Sunday,Local Street - Municipality,Urban,32.42200833,-93.76943056,Tree (Standing Only),The First Harmful Event was Not a Collision with a Motor Vehicle in Transport,Dark - Lighted,Clear
Louisiana,220161,1,WEST BATON ROUGE (121),PORT ALLEN,May,Monday,State Highway,Urban,30.45171111,-91.22176944,Pedestrian,The First Harmful Event was Not a Collision with a Motor Vehicle in Transport,Dark - Not Lighted,Clear
Louisiana,220162,1,EAST BATON ROUGE (33),BATON ROUGE,May,Monday,Local Street - Municipality,Urban,30.36896667,-91.12291944,Curb,The First Harmful Event was Not a Collision with a Motor Vehicle in Transport,Dark - Not Lighted,Clear
Louisiana,220164,2,LAFAYETTE (55),LAFAYETTE,May,Friday,Interstate,Urban,30.2689,-91.98913889,Motor Vehicle In-Transport,Angle,Daylight,Clear
Louisiana,220165,2,EAST BATON ROUGE (33),BATON ROUGE,March,Wednesday,Interstate,Urban,30.53493333,-91.17321667,Guardrail Face,The First Harmful Event was Not a Collision with a Motor Vehicle in Transport,Dark - Lighted,Cloudy
Louisiana,220166,2,CADDO (17),SHREVEPORT,March,Friday,Interstate,Urban,32.46146111,-93.828425,Utility Pole/Light Support,The First Harmful Event was Not a Collision with a Motor Vehicle in Transport,Dark - Lighted,Clear
Louisiana,220174,3,ST. LANDRY (97),OPELOUSAS,May,Saturday,State Highway,Urban,30.543,-92.08041111,Motor Vehicle In-Transport,Angle,Dark - Lighted,Cloudy
Louisiana,220175,2,NATCHITOCHES (69),NATCHITOCHES,May,Tuesday,Local Street - Municipality,Urban,31.74192222,-93.07149167,Parked Motor Vehicle,The First Harmful Event was Not a Collision with a Motor Vehicle in Transport,Daylight,Clear
Louisiana,220176,1,ST. LANDRY (97),OPELOUSAS,May,Thursday,Local Street - Municipality,Urban,30.50897222,-92.07742778,Tree (Standing Only),The First Harmful Event was Not a Collision with a Motor Vehicle in Transport,Dark - Lighted,Clear
Louisiana,220180,1,VERMILION (113),ABBEVILLE,May,Friday,Local Street - Municipality,Urban,29.9688,-92.10695,Ditch,The First Harmful Event was Not a Collision with a Motor Vehicle in Transport,Daylight,Clear
Louisiana,220181,1,RAPIDES (79),ALEXANDRIA,May,Saturday,Interstate,Urban,31.33896944,-92.49876111,Pedestrian,The First Harmful Event was Not a Collision with a Motor Vehicle in Transport,Reported as Unknown,Cloudy
Louisiana,220182,6,NATCHITOCHES (69),NATCHITOCHES,May,Monday,State Highway,Urban,31.75351944,-93.0792,Motor Vehicle In-Transport,Angle,Daylight,Clear
Louisiana,220183,2,ORLEANS (71),NEW ORLEANS,January,Saturday,Interstate,Urban,30.0729,-89.9259,Fell/Jumped from Vehicle,The First Harmful Event was Not a Collision with a Motor Vehicle in Transport,Daylight,Clear
Louisiana,220184,1,ORLEANS (71),NEW ORLEANS,January,Thursday,State Highway,Urban,29.92479444,-90.02147778,Pedalcyclist,The First Harmful Event was Not a Collision with a Motor Vehicle in Transport,Dark - Lighted,Clear
Louisiana,220186,4,CADDO (17),SHREVEPORT,April,Thursday,State Highway,Urban,32.44204167,-93.84220833,Motor Vehicle In-Transport,Angle,Daylight,Cloudy
Louisiana,220188,1,EAST BATON ROUGE (33),BATON ROUGE,April,Sunday,Local Street - Municipality,Urban,30.461675,-91.16639167,Traffic Signal Support,The First Harmful Event was Not a Collision with a Motor Vehicle in Transport,Dark - Lighted,Clear
Louisiana,220192,1,ORLEANS (71),NEW ORLEANS,April,Saturday,Local Street - Municipality,Urban,29.98796111,-90.08825278,Curb,The First Harmful Event was Not a Collision with a Motor Vehicle in Transport,Daylight,Clear
Louisiana,220194,2,ORLEANS (71),NEW ORLEANS,May,Friday,State Highway,Urban,30.0001,-90.05914167,Motor Vehicle In-Transport,Angle,Daylight,Clear
Louisiana,220196,1,ST. TAMMANY (103),COVINGTON,May,Thursday,State Highway,Urban,30.46988333,-90.11322222,Curb,The First Harmful Event was Not a Collision with a Motor Vehicle in Transport,Dark - Lighted,Clear
Louisiana,220197,1,ORLEANS (71),NEW ORLEANS,May,Saturday,Interstate,Urban,29.97140833,-90.10984722,Bridge Rail (Includes parapet),The First Harmful Event was Not a Collision with a Motor Vehicle in Transport,Dark - Not Lighted,Clear
Louisiana,220201,1,IBERIA (45),NEW IBERIA,April,Monday,Local Street - Municipality,Urban,30.00830556,-91.82592222,Pedestrian,The First Harmful Event was Not a Collision with a Motor Vehicle in Transport,Dark - Lighted,Clear
Louisiana,220204,3,ORLEANS (71),NEW ORLEANS,May,Thursday,Local Street - Municipality,Urban,29.92474722,-90.01914722,Motor Vehicle In-Transport,Sideswipe - Same Direction,Daylight,Clear
Louisiana,220208,1,CADDO (17),SHREVEPORT,June,Friday,U.S. Highway,Urban,32.47183333,-93.802925,Pedestrian,The First Harmful Event was Not a Collision with a Motor Vehicle in Transport,Dark - Lighted,Clear
Louisiana,220210,2,CALCASIEU (19),LAKE CHARLES,May,Friday,Local Street - Municipality,Urban,30.23961111,-93.19706111,Motor Vehicle In-Transport,Front-to-Front,Dark - Lighted,Clear
Louisiana,220217,2,BOSSIER (15),BOSSIER CITY,June,Friday,U.S. Highway,Urban,32.45840833,-93.66078056,Motor Vehicle In-Transport,Front-to-Rear,Dark - Not Lighted,Clear
Louisiana,220221,3,LIVINGSTON (63),WALKER,June,Monday,State Highway,Urban,30.48821667,-90.86166944,Motor Vehicle In-Transport,Angle,Daylight,Clear
Louisiana,220223,5,ST. MARTIN (99),BREAUX BRIDGE,April,Monday,Interstate,Urban,30.29956111,-91.90063056,Motor Vehicle In-Transport,Front-to-Rear,Daylight,Clear
Louisiana,220230,1,TENSAS (107),WATERPROOF,June,Friday,County Road,Rural,31.80993889,-91.38986111,Tree (Standing Only),The First Harmful Event was Not a Collision with a Motor Vehicle in Transport,Dawn,Cloudy
Louisiana,220238,3,ORLEANS (71),NEW ORLEANS,May,Thursday,Interstate,Urban,30.00461944,-90.02666944,Motor Vehicle In-Transport,Sideswipe - Same Direction,Daylight,Clear
Louisiana,220244,3,EAST BATON ROUGE (33),BATON ROUGE,June,Thursday,State Highway,Urban,30.48733333,-91.15745833,Motor Vehicle In-Transport,Sideswipe - Same Direction,Dark - Lighted,Clear
Louisiana,220250,3,OUACHITA (73),MONROE,April,Thursday,U.S. Highway,Urban,32.51596667,-92.19003056,Motor Vehicle In-Transport,Angle,Daylight,Clear
Louisiana,220251,1,RAPIDES (79),PINEVILLE,June,Tuesday,U.S. Highway,Urban,31.32139722,-92.42469167,Pedestrian,The First Harmful Event was Not a Collision with a Motor Vehicle in Transport,Daylight,Clear
Louisiana,220252,1,CADDO (17),SHREVEPORT,July,Wednesday,Local Street - Municipality,Urban,32.47378611,-93.74166944,Pedestrian,The First Harmful Event was Not a Collision with a Motor Vehicle in Transport,Dark - Lighted,Clear
Louisiana,220254,1,ST. CHARLES (89),DES ALLEMANDS,July,Sunday,State Highway,Urban,29.82663611,-90.4719,Railway Vehicle,The First Harmful Event was Not a Collision with a Motor Vehicle in Transport,Daylight,Clear
Louisiana,220257,1,ST. BERNARD (87),CHALMETTE,April,Friday,Local Street - Municipality,Urban,29.93956944,-89.95763056,Pedestrian,The First Harmful Event was Not a Collision with a Motor Vehicle in Transport,Dark - Lighted,Clear
Louisiana,220258,3,EAST BATON ROUGE (33),BATON ROUGE,April,Saturday,Local Street - Municipality,Urban,30.53145556,-91.17897778,Pedestrian,The First Harmful Event was Not a Collision with a Motor Vehicle in Transport,Dark - Lighted,Clear
Louisiana,220259,1,EAST BATON ROUGE (33),BATON ROUGE,April,Monday,Local Street - Municipality,Urban,30.44999722,-91.16589167,Pedestrian,The First Harmful Event was Not a Collision with a Motor Vehicle in Transport,Daylight,Cloudy
Louisiana,220261,3,CALCASIEU (19),LAKE CHARLES,May,Sunday,Local Street - Municipality,Urban,30.17608611,-93.24921667,Motor Vehicle In-Transport,Angle,Daylight,Clear
Louisiana,220263,1,EAST BATON ROUGE (33),BATON ROUGE,May,Tuesday,State Highway,Urban,30.43434167,-91.12266667,Fence,The First Harmful Event was Not a Collision with a Motor Vehicle in Transport,Daylight,Clear
Louisiana,220267,7,ORLEANS (71),NEW ORLEANS,June,Thursday,U.S. Highway,Urban,30.02083056,-89.95908889,Motor Vehicle In-Transport,Angle,Daylight,Rain
Louisiana,220269,3,ORLEANS (71),NEW ORLEANS,June,Saturday,Interstate,Urban,29.99171944,-90.05102222,Motor Vehicle In-Transport,Front-to-Rear,Daylight,Clear
Louisiana,220273,1,NATCHITOCHES (69),CAMPTI,April,Thursday,U.S. Highway,Rural,31.87609722,-93.09510833,Tree (Standing Only),The First Harmful Event was Not a Collision with a Motor Vehicle in Transport,Daylight,Clear
Louisiana,220274,1,ORLEANS (71),NEW ORLEANS,May,Saturday,Local Street - Frontage Road,Urban,30.04749167,-89.96181111,Pedestrian,The First Harmful Event was Not a Collision with a Motor Vehicle in Transport,Dark - Not Lighted,Clear
Louisiana,220278,2,EAST BATON ROUGE (33),BATON ROUGE,April,Friday,State Highway,Urban,30.36993611,-91.01056944,Motor Vehicle In-Transport,Angle,Daylight,Clear
Louisiana,220299,1,ALLEN (3),OAKDALE,July,Thursday,State Highway,Urban,30.80429167,-92.64701944,Ditch,The First Harmful Event was Not a Collision with a Motor Vehicle in Transport,Daylight,Clear
Louisiana,220301,1,WASHINGTON (117),FRANKLINTON,July,Friday,Local Street - Municipality,Urban,30.83575,-90.15718056,Tree (Standing Only),The First Harmful Event was Not a Collision with a Motor Vehicle in Transport,Daylight,Cloudy
Louisiana,220303,1,EAST BATON ROUGE (33),GREENWELL SPRINGS,July,Sunday,County Road,Rural,30.57017222,-91.03230833,Culvert,The First Harmful Event was Not a Collision with a Motor Vehicle in Transport,Dark - Not Lighted,Rain
Louisiana,220304,1,EAST BATON ROUGE (33),BATON ROUGE,July,Tuesday,State Highway,Urban,30.39674167,-91.17799722,Pedestrian,The First Harmful Event was Not a Collision with a Motor Vehicle in Transport,Dark - Lighted,Clear
Louisiana,220310,1,EAST BATON ROUGE (33),BATON ROUGE,April,Tuesday,Interstate,Urban,30.43021667,-91.05676111,Other Object (not fixed),The First Harmful Event was Not a Collision with a Motor Vehicle in Transport,Daylight,Clear
Louisiana,220326,2,EAST BATON ROUGE (33),BATON ROUGE,July,Saturday,Interstate,Urban,30.44315278,-91.00501944,"Post, Pole or Other Supports",The First Harmful Event was Not a Collision with a Motor Vehicle in Transport,Daylight,Clear
Louisiana,220327,1,LAFAYETTE (55),LAFAYETTE,August,Wednesday,State Highway,Urban,30.28002222,-92.0077,Utility Pole/Light Support,The First Harmful Event was Not a Collision with a Motor Vehicle in Transport,Daylight,Clear
Louisiana,220328,2,ORLEANS (71),NEW ORLEANS,July,Sunday,State Highway,Urban,29.96201111,-90.01965,Motor Vehicle In-Transport,Angle,Dark - Lighted,Clear
Louisiana,220330,1,CADDO (17),SHREVEPORT,August,Wednesday,Local Street - Municipality,Urban,32.43373611,-93.831825,Curb,The First Harmful Event was Not a Collision with a Motor Vehicle in Transport,Dark - Lighted,Clear
Louisiana,220333,1,ORLEANS (71),NEW ORLEANS,July,Sunday,Local Street - Municipality,Urban,29.96938889,-90.06890278,Pedestrian,The First Harmful Event was Not a Collision with a Motor Vehicle in Transport,Dark - Lighted,Clear
Louisiana,220338,2,JEFFERSON (51),HARAHAN,June,Tuesday,State Highway,Urban,29.9364,-90.210075,Culvert,The First Harmful Event was Not a Collision with a Motor Vehicle in Transport,Daylight,Clear
Louisiana,220339,1,EAST BATON ROUGE (33),BATON ROUGE,July,Thursday,U.S. Highway,Urban,30.41368889,-91.06791944,Traffic Sign Support,The First Harmful Event was Not a Collision with a Motor Vehicle in Transport,Dark - Lighted,Clear
Louisiana,220348,1,ORLEANS (71),NEW ORLEANS,August,Sunday,State Highway,Urban,29.92716944,-89.99233056,Pedestrian,The First Harmful Event was Not a Collision with a Motor Vehicle in Transport,Daylight,Clear
Louisiana,220349,2,EAST FELICIANA (37),CLINTON,June,Sunday,Local Street - Municipality,Urban,30.75385,-90.9001,Embankment,The First Harmful Event was Not a Collision with a Motor Vehicle in Transport,Daylight,Clear
Louisiana,220352,2,CALCASIEU (19),LAKE CHARLES,August,Tuesday,U.S. Highway,Urban,30.23552222,-93.16656111,Motor Vehicle In-Transport,Angle,Dark - Not Lighted,Clear
Louisiana,220354,2,CADDO (17),SHREVEPORT,August,Thursday,Local Street - Municipality,Urban,32.43793056,-93.76308056,Curb,The First Harmful Event was Not a Collision with a Motor Vehicle in Transport,Dark - Lighted,Clear
Louisiana,220356,1,LAFAYETTE (55),LAFAYETTE,August,Monday,State Highway,Urban,30.23086667,-92.00283611,Pedalcyclist,The First Harmful Event was Not a Collision with a Motor Vehicle in Transport,Dark - Lighted,Rain
Louisiana,220357,3,CADDO (17),SHREVEPORT,August,Tuesday,State Highway,Urban,32.41809444,-93.90011667,Motor Vehicle In-Transport,Sideswipe - Same Direction,Dawn,Cloudy
Louisiana,220358,2,EAST BATON ROUGE (33),ZACHARY,August,Wednesday,State Highway,Urban,30.68346389,-91.14894722,Motor Vehicle In-Transport,Front-to-Front,Daylight,Clear
Louisiana,220359,1,JEFFERSON (51),HARVEY,June,Friday,U.S. Highway,Urban,29.89520556,-90.09258889,Pedestrian,The First Harmful Event was Not a Collision with a Motor Vehicle in Transport,Dark - Lighted,Clear
Louisiana,220387,3,CLAIBORNE (27),HOMER,August,Wednesday,State Highway,Rural,32.80378333,-92.98591667,Motor Vehicle In-Transport,Angle,Dusk,Clear
Louisiana,220389,4,RAPIDES (79),ALEXANDRIA,September,Friday,U.S. Highway,Urban,31.30616944,-92.44223333,Motor Vehicle In-Transport,Angle,Dark - Lighted,Clear
Louisiana,220391,2,CADDO (17),SHREVEPORT,September,Saturday,State Highway,Urban,32.45361944,-93.72211111,Motor Vehicle In-Transport,Front-to-Front,Dark - Lighted,Clear
Louisiana,220392,6,LAFAYETTE (55),LAFAYETTE,September,Thursday,State Highway,Urban,30.18673333,-92.091925,Motor Vehicle In-Transport,Front-to-Front,Daylight,Cloudy
Louisiana,220393,1,NATCHITOCHES (69),NATCHITOCHES,August,Friday,Interstate,Rural,31.66905278,-93.10533333,Tree (Standing Only),The First Harmful Event was Not a Collision with a Motor Vehicle in Transport,Dark - Not Lighted,Clear
Louisiana,220394,1,EAST BATON ROUGE (33),BATON ROUGE,September,Sunday,Interstate,Urban,30.51983056,-91.16076667,Utility Pole/Light Support,The First Harmful Event was Not a Collision with a Motor Vehicle in Transport,Dark - Not Lighted,Clear
Louisiana,220398,2,JEFFERSON (51),KENNER,September,Saturday,State Highway,Urban,30.01008889,-90.24023889,Pedestrian,The First Harmful Event was Not a Collision with a Motor Vehicle in Transport,Dark - Not Lighted,Clear
Louisiana,220402,1,CADDO (17),BLANCHARD,May,Friday,Local Street - Municipality,Urban,32.60158611,-93.88165278,Mail Box,The First Harmful Event was Not a Collision with a Motor Vehicle in Transport,Daylight,Cloudy
Louisiana,220404,1,EAST BATON ROUGE (33),GREENWELL SPRINGS,June,Thursday,State Highway,Urban,30.61256111,-91.01584167,Ditch,The First Harmful Event was Not a Collision with a Motor Vehicle in Transport,Daylight,Clear
Louisiana,220405,5,ALLEN (3),OAKDALE,September,Friday,State Highway,Urban,30.81241111,-92.65591944,Motor Vehicle In-Transport,Angle,Daylight,Clear
Louisiana,220406,7,LAFOURCHE (57),RACELAND,July,Tuesday,State Highway,Urban,29.73768611,-90.6609,Motor Vehicle In-Transport,Front-to-Rear,Daylight,Clear
Louisiana,220410,3,CADDO (17),SHREVEPORT,September,Saturday,State Highway,Urban,32.44201667,-93.79318889,Motor Vehicle In-Transport,Angle,Dark - Lighted,Clear
Louisiana,220411,1,EAST BATON ROUGE (33),BATON ROUGE,September,Wednesday,State Highway,Urban,30.55416389,-91.17465278,Utility Pole/Light Support,The First Harmful Event was Not a Collision with a Motor Vehicle in Transport,Dark - Lighted,Clear
Louisiana,220412,1,EAST BATON ROUGE (33),BATON ROUGE,September,Monday,State Highway,Urban,30.40303889,-91.18024167,Pedestrian,The First Harmful Event was Not a Collision with a Motor Vehicle in Transport,Daylight,Clear
Louisiana,220413,1,LAFAYETTE (55),LAFAYETTE,October,Tuesday,Local Street - Municipality,Urban,30.26711944,-92.01826944,Pedalcyclist,The First Harmful Event was Not a Collision with a Motor Vehicle in Transport,Dark - Not Lighted,Cloudy
Louisiana,220417,2,LINCOLN (61),RUSTON,August,Friday,U.S. Highway,Urban,32.53571111,-92.6388,Wall,The First Harmful Event was Not a Collision with a Motor Vehicle in Transport,Daylight,Clear
Louisiana,220424,1,ALLEN (3),OBERLIN,September,Saturday,U.S. Highway,Rural,30.55110556,-92.80718611,Pedestrian,The First Harmful Event was Not a Collision with a Motor Vehicle in Transport,Dark - Not Lighted,Clear
Louisiana,220437,1,ORLEANS (71),NEW ORLEANS,May,Monday,U.S. Highway,Rural,30.05615278,-89.87363056,Live Animal,The First Harmful Event was Not a Collision with a Motor Vehicle in Transport,Dark - Lighted,Clear
Louisiana,220438,1,CALCASIEU (19),LAKE CHARLES,June,Sunday,State Highway,Urban,30.22624722,-93.18014167,Pedestrian,The First Harmful Event was Not a Collision with a Motor Vehicle in Transport,Dark - Lighted,Clear
Louisiana,220439,1,JEFFERSON (51),METAIRIE,July,Wednesday,Local Street - Municipality,Urban,30.01590556,-90.17903333,Curb,The First Harmful Event was Not a Collision with a Motor Vehicle in Transport,Dark - Lighted,Clear
Louisiana,220442,2,ST. BERNARD (87),ARABI,September,Wednesday,State Highway,Urban,29.95877778,-89.99249722,Motor Vehicle In-Transport,Angle,Dark - Not Lighted,Clear
Louisiana,220446,8,JEFFERSON (51),TERRYTOWN,October,Sunday,Local Street - Municipality,Rural,29.90069722,-90.03038889,Motor Vehicle In-Transport,Angle,Daylight,Clear
Louisiana,220447,2,LAFAYETTE (55),LAFAYETTE,October,Saturday,U.S. Highway,Urban,30.23561389,-92.01365278,Motor Vehicle In-Transport,Angle,Dark - Not Lighted,Clear
Louisiana,220456,2,ORLEANS (71),NEW ORLEANS,September,Thursday,U.S. Highway,Urban,29.94123056,-90.07180556,Motor Vehicle In-Transport,Angle,Dark - Lighted,Clear
Louisiana,220457,1,ORLEANS (71),NEW ORLEANS,September,Saturday,Interstate,Urban,29.95561111,-90.09083056,Guardrail Face,The First Harmful Event was Not a Collision with a Motor Vehicle in Transport,Dark - Lighted,Clear
Louisiana,220465,2,ORLEANS (71),NEW ORLEANS,October,Friday,State Highway,Urban,29.96090556,-90.01470833,Motor Vehicle In-Transport,Angle,Dark - Lighted,Clear
Louisiana,220466,1,ORLEANS (71),NEW ORLEANS,September,Friday,State Highway,Urban,32.44211389,-93.80739722,Railway Vehicle,The First Harmful Event was Not a Collision with a Motor Vehicle in Transport,Daylight,Clear
Louisiana,220467,1,EAST BATON ROUGE (33),BATON ROUGE,June,Thursday,Local Street - Municipality,Urban,30.46961667,-91.1754,Immersion or Partial Immersion,The First Harmful Event was Not a Collision with a Motor Vehicle in Transport,Daylight,Rain
Louisiana,220468,1,ST. TAMMANY (103),LACOMBE,August,Tuesday,U.S. Highway,Urban,30.33048333,-89.98489722,Culvert,The First Harmful Event was Not a Collision with a Motor Vehicle in Transport,Dark - Not Lighted,Clear
Louisiana,220476,1,EAST BATON ROUGE (33),BATON ROUGE,August,Friday,Local Street - Municipality,Urban,30.44721667,-91.17711944,Pedalcyclist,The First Harmful Event was Not a Collision with a Motor Vehicle in Transport,Daylight,Clear
Louisiana,220482,1,OUACHITA (73),MONROE,October,Tuesday,Local Street - Municipality,Urban,32.54341944,-92.11801944,Pedestrian,The First Harmful Event was Not a Collision with a Motor Vehicle in Transport,Dusk,Clear
Louisiana,220483,1,ALLEN (3),OBERLIN,October,Monday,State Highway,Rural,30.622175,-92.76766944,Utility Pole/Light Support,The First Harmful Event was Not a Collision with a Motor Vehicle in Transport,Dark - Lighted,Clear
Louisiana,220485,4,CADDO (17),SHREVEPORT,October,Saturday,U.S. Highway,Urban,32.53670833,-93.77018611,Motor Vehicle In-Transport,Front-to-Rear,Dark - Lighted,Rain
Louisiana,220488,1,ORLEANS (71),NEW ORLEANS,April,Thursday,Local Street - Municipality,Urban,29.98326389,-90.07686667,Pedestrian,The First Harmful Event was Not a Collision with a Motor Vehicle in Transport,Dark - Lighted,Rain
Louisiana,220489,3,WEBSTER (119),MINDEN,May,Sunday,State Highway,Urban,32.6248,-93.2843,Motor Vehicle In-Transport,Sideswipe - Same Direction,Daylight,Clear
Louisiana,220491,3,EAST BATON ROUGE (33),BATON ROUGE,June,Monday,U.S. Highway,Urban,30.48003333,-91.11536111,Motor Vehicle In-Transport,Front-to-Rear,Daylight,Clear
Louisiana,220494,1,LAFAYETTE (55),LAFAYETTE,October,Tuesday,Local Street - Municipality,Urban,30.25256667,-92.01984722,Pedestrian,The First Harmful Event was Not a Collision with a Motor Vehicle in Transport,Dark - Lighted,Clear
Louisiana,220501,2,RAPIDES (79),PINEVILLE,November,Friday,State Highway,Urban,31.33611944,-92.37708889,Motor Vehicle In-Transport,Front-to-Front,Daylight,Clear
Louisiana,220508,1,WASHINGTON (117),BOGALUSA,October,Wednesday,Local Street - Municipality,Urban,30.79177222,-89.86011944,Pedestrian,The First Harmful Event was Not a Collision with a Motor Vehicle in Transport,Dark - Not Lighted,Clear
Louisiana,220510,1,BEAUREGARD (11),DERIDDER,November,Friday,U.S. Highway,Urban,30.84698889,-93.30715,Pedestrian,The First Harmful Event was Not a Collision with a Motor Vehicle in Transport,Dark - Not Lighted,Clear
Louisiana,220511,3,ST. TAMMANY (103),COVINGTON,November,Wednesday,U.S. Highway,Urban,30.494,-90.1182,Motor Vehicle In-Transport,Front-to-Rear,Dusk,Clear
Louisiana,220512,1,OUACHITA (73),MONROE,November,Friday,Local Street - Municipality,Urban,32.47373056,-92.10386944,Pedestrian,The First Harmful Event was Not a Collision with a Motor Vehicle in Transport,Dark - Not Lighted,Clear