State,Case Number,Persons,County,City,Month,Day,Route,Rural/Urban,Latitude,Longitude,First Harmful Event,Manner of Collision,Light Conditions,Weather
Louisiana,220513,1,ORLEANS (71),NEW ORLEANS,November,Monday,U.S. Highway,Urban,29.96053889,-90.08785278,Pedestrian,The First Harmful Event was Not a Collision with a Motor Vehicle in Transport,Dark - Not Lighted,Clear
Louisiana,220515,0,TANGIPAHOA (105),HAMMOND,April,Saturday,Local Street - Municipality,Urban,30.49548611,-90.46184444,Pedestrian,The First Harmful Event was Not a Collision with a Motor Vehicle in Transport,Daylight,Clear
Louisiana,220516,1,DE SOTO (31),MANSFIELD,October,Monday,U.S. Highway,Urban,32.02075556,-93.71376944,Pedestrian,The First Harmful Event was Not a Collision with a Motor Vehicle in Transport,Dark - Unknown Lighting,Clear
Louisiana,220519,1,ORLEANS (71),NEW ORLEANS,September,Thursday,Local Street - Municipality,Urban,29.96978056,-90.0396,Other Fixed Object,The First Harmful Event was Not a Collision with a Motor Vehicle in Transport,Daylight,Clear
Louisiana,220523,2,EAST BATON ROUGE (33),BATON ROUGE,November,Monday,Local Street - Municipality,Urban,30.54487222,-91.16596944,"Post, Pole or Other Supports",The First Harmful Event was Not a Collision with a Motor Vehicle in Transport,Daylight,Cloudy
Louisiana,220527,4,CADDO (17),SHREVEPORT,November,Wednesday,State Highway,Urban,32.54355833,-93.81684722,Motor Vehicle In-Transport,Front-to-Front,Dark - Lighted,Clear
Louisiana,220529,4,ORLEANS (71),NEW ORLEANS,November,Sunday,Interstate,Urban,29.95905,-90.07796111,Motor Vehicle In-Transport,Front-to-Rear,Dark - Lighted,Clear
Louisiana,220530,2,EAST BATON ROUGE (33),BATON ROUGE,November,Sunday,State Highway,Urban,30.45311667,-91.16604444,Motor Vehicle In-Transport,Angle,Dark - Lighted,Clear
Louisiana,220533,3,OUACHITA (73),MONROE,November,Monday,Local Street - Municipality,Urban,32.48804722,-92.09167778,Pedestrian,The First Harmful Event was Not a Collision with a Motor Vehicle in Transport,Dark - Not Lighted,Clear
Louisiana,220534,2,JEFFERSON (51),KENNER,November,Friday,Local Street - Municipality,Urban,30.03886111,-90.25261944,Motor Vehicle In-Transport,Angle,Daylight,Clear
Louisiana,220537,5,LAFAYETTE (55),LAFAYETTE,December,Monday,U.S. Highway,Urban,30.20909167,-91.99985556,Motor Vehicle In-Transport,Angle,Daylight,Cloudy
Louisiana,220538,4,ST. CHARLES (89),LULING,October,Monday,U.S. Highway,Urban,29.911325,-90.35330278,Motor Vehicle In-Transport,Front-to-Rear,Daylight,Rain
Louisiana,220539,5,LIVINGSTON (63),WALKER,August,Saturday,State Highway,Urban,30.5389,-90.81185556,Motor Vehicle In-Transport,Front-to-Front,Daylight,Clear
Louisiana,220540,2,JEFFERSON (51),METAIRIE,October,Thursday,U.S. Highway,Urban,29.97500278,-90.16126111,Pedestrian,The First Harmful Event was Not a Collision with a Motor Vehicle in Transport,Dark - Lighted,Clear
Louisiana,220541,3,EAST BATON ROUGE (33),GREENWELL SPRINGS,October,Friday,State Highway,Urban,30.53328889,-91.08686944,Motor Vehicle In-Transport,Angle,Daylight,Clear
Louisiana,220544,1,DE SOTO (31),MANSFIELD,November,Thursday,State Highway,Urban,32.04418056,-93.69180278,Pedestrian,The First Harmful Event was Not a Collision with a Motor Vehicle in Transport,Dark - Not Lighted,Clear
Louisiana,220546,2,CADDO (17),SHREVEPORT,October,Monday,Local Street - Municipality,Urban,32.35508056,-93.73771389,Pedestrian,The First Harmful Event was Not a Collision with a Motor Vehicle in Transport,Dark - Not Lighted,Clear
Louisiana,220554,3,JEFFERSON (51),KENNER,December,Friday,U.S. Highway,Urban,29.98122778,-90.27303056,Pedestrian,The First Harmful Event was Not a Collision with a Motor Vehicle in Transport,Dark - Not Lighted,Clear
Louisiana,220555,1,TANGIPAHOA (105),HAMMOND,December,Saturday,Interstate,Urban,30.47910278,-90.43305833,"Post, Pole or Other Supports",The First Harmful Event was Not a Collision with a Motor Vehicle in Transport,Daylight,Cloudy
Louisiana,220557,4,BOSSIER (15),BOSSIER CITY,December,Monday,State Highway,Urban,32.52125833,-93.69652778,Motor Vehicle In-Transport,Angle,Dark - Lighted,Clear
Louisiana,220558,1,EAST BATON ROUGE (33),ZACHARY,December,Wednesday,County Road,Urban,30.63763611,-91.12903333,Ditch,The First Harmful Event was Not a Collision with a Motor Vehicle in Transport,Daylight,Clear
Louisiana,220559,2,LAFAYETTE (55),LAFAYETTE,December,Wednesday,Local Street - Municipality,Urban,30.26383056,-91.99261111,Motor Vehicle In-Transport,Front-to-Front,Daylight,Clear
Louisiana,220560,3,CADDO (17),SHREVEPORT,December,Friday,State Highway,Urban,32.44313889,-93.73528611,Motor Vehicle In-Transport,Front-to-Rear,Dark - Lighted,Clear
Louisiana,220563,1,ST. CHARLES (89),SAINT ROSE,September,Sunday,U.S. Highway,Urban,29.97424722,-90.29885833,Pedestrian,The First Harmful Event was Not a Collision with a Motor Vehicle in Transport,Dark - Lighted,Clear
Louisiana,220568,1,JEFFERSON (51),METAIRIE,November,Monday,Local Street - Municipality,Urban,30.00155,-90.13401111,Pedestrian,The First Harmful Event was Not a Collision with a Motor Vehicle in Transport,Daylight,Clear
Louisiana,220570,1,EAST BATON ROUGE (33),BATON ROUGE,December,Sunday,Interstate,Urban,30.41846111,-91.08823889,Motor Vehicle In-Transport,Sideswipe - Same Direction,Dark - Lighted,Clear
Louisiana,220573,1,JEFFERSON (51),METAIRIE,August,Sunday,Local Street - Municipality,Urban,29.99542222,-90.20281111,Curb,The First Harmful Event was Not a Collision with a Motor Vehicle in Transport,Daylight,Rain
Louisiana,220574,2,ST. TAMMANY (103),SLIDELL,September,Thursday,State Highway,Urban,30.27754722,-89.80454722,Motor Vehicle In-Transport,Sideswipe - Opposite Direction,Dark - Not Lighted,Clear
Louisiana,220575,6,EAST BATON ROUGE (33),BATON ROUGE,May,Monday,Interstate,Urban,30.43758889,-91.178475,Motor Vehicle In-Transport,Front-to-Rear,Dark - Lighted,Clear
Louisiana,220576,4,ORLEANS (71),NEW ORLEANS,September,Thursday,U.S. Highway,Rural,30.06564722,-89.81898056,Motor Vehicle In-Transport,Angle,Dark - Lighted,Clear
Louisiana,220583,3,JEFFERSON DAVIS (53),WELSH,December,Tuesday,Interstate,Rural,30.24686111,-92.83125,Guardrail End,The First Harmful Event was Not a Collision with a Motor Vehicle in Transport,Dark - Not Lighted,Clear
Louisiana,220585,2,LIVINGSTON (63),DENHAM SPRINGS,December,Monday,U.S. Highway,Urban,30.46484722,-90.97202778,Motor Vehicle In-Transport,Sideswipe - Opposite Direction,Daylight,Cloudy
Louisiana,220590,1,EAST BATON ROUGE (33),BATON ROUGE,August,Thursday,Local Street - Municipality,Urban,30.42303056,-91.18198889,Pedalcyclist,The First Harmful Event was Not a Collision with a Motor Vehicle in Transport,Daylight,Clear
Louisiana,220592,1,EVANGELINE (39),VILLE PLATTE,October,Monday,State Highway,Urban,30.68274167,-92.27422222,Pedestrian,The First Harmful Event was Not a Collision with a Motor Vehicle in Transport,Dark - Not Lighted,Rain
Louisiana,220596,2,RAPIDES (79),ALEXANDRIA,December,Friday,Local Street - Municipality,Urban,31.25840556,-92.46923889,Ditch,The First Harmful Event was Not a Collision with a Motor Vehicle in Transport,Dark - Lighted,Clear
Louisiana,220597,1,JACKSON (49),JONESBORO,December,Thursday,U.S. Highway,Rural,32.25196944,-92.72178889,Pedestrian,The First Harmful Event was Not a Collision with a Motor Vehicle in Transport,Dark - Lighted,Clear
Louisiana,220599,3,CALCASIEU (19),LAKE CHARLES,December,Monday,State Highway,Urban,30.17619167,-93.18746667,Other Fixed Object,The First Harmful Event was Not a Collision with a Motor Vehicle in Transport,Daylight,Clear
Louisiana,220602,2,LAFAYETTE (55),SCOTT,December,Friday,Interstate,Urban,30.24703056,-92.09520556,Motor Vehicle In-Transport,Angle,Dark - Not Lighted,Rain
Louisiana,220604,1,ST. TAMMANY (103),SLIDELL,December,Sunday,U.S. Highway,Urban,30.29268889,-89.7951,Pedestrian,The First Harmful Event was Not a Collision with a Motor Vehicle in Transport,Dark - Not Lighted,Cloudy
Louisiana,220606,2,RAPIDES (79),ALEXANDRIA,December,Monday,Local Street - Municipality,Urban,31.28766944,-92.47081944,Motor Vehicle In-Transport,Angle,Daylight,Clear
Louisiana,220607,2,NATCHITOCHES (69),ROBELINE,April,Wednesday,State Highway,Rural,31.69131944,-93.30433889,Curb,The First Harmful Event was Not a Collision with a Motor Vehicle in Transport,Daylight,Clear
Louisiana,220611,1,OUACHITA (73),RICHWOOD,August,Friday,Local Street - Township,Rural,32.44876667,-92.07741389,Tree (Standing Only),The First Harmful Event was Not a Collision with a Motor Vehicle in Transport,Daylight,Clear
Louisiana,220612,2,CADDO (17),SHREVEPORT,September,Wednesday,State Highway,Urban,32.42753611,-93.83893333,Utility Pole/Light Support,The First Harmful Event was Not a Collision with a Motor Vehicle in Transport,Daylight,Clear
Louisiana,220615,1,LIVINGSTON (63),DENHAM SPRINGS,October,Tuesday,State Highway,Urban,30.47592778,-90.94645833,Pedestrian,The First Harmful Event was Not a Collision with a Motor Vehicle in Transport,Dark - Not Lighted,"Fog, Smog, Smoke"
Louisiana,220616,1,ORLEANS (71),NEW ORLEANS,October,Monday,Local Street - Municipality,Urban,29.93692778,-90.07697222,Pedalcyclist,The First Harmful Event was Not a Collision with a Motor Vehicle in Transport,Dark - Lighted,Clear
Louisiana,220618,3,CALCASIEU (19),LAKE CHARLES,November,Saturday,State Highway,Urban,30.19776944,-93.24095,Motor Vehicle In-Transport,Angle,Dark - Lighted,Clear
Louisiana,220622,1,CALCASIEU (19),LAKE CHARLES,November,Monday,Local Street - Municipality,Urban,30.16273333,-93.226875,Pedestrian,The First Harmful Event was Not a Collision with a Motor Vehicle in Transport,Daylight,Clear
Louisiana,220625,3,CADDO (17),SHREVEPORT,December,Sunday,Local Street - Municipality,Urban,32.52509167,-93.75135556,Ditch,The First Harmful Event was Not a Collision with a Motor Vehicle in Transport,Dawn,Cloudy
Louisiana,220627,2,EAST BATON ROUGE (33),BATON ROUGE,September,Sunday,State Highway,Urban,30.39585278,-91.049875,Motor Vehicle In-Transport,Angle,Daylight,Clear
Louisiana,220628,5,EAST BATON ROUGE (33),BATON ROUGE,October,Thursday,U.S. Highway,Urban,30.45197222,-91.10550556,Utility Pole/Light Support,The First Harmful Event was Not a Collision with a Motor Vehicle in Transport,Daylight,Clear
Louisiana,220629,3,JEFFERSON (51),KENNER,July,Monday,Local Street - Municipality,Urban,30.01078333,-90.24244167,Fell/Jumped from Vehicle,The First Harmful Event was Not a Collision with a Motor Vehicle in Transport,Daylight,Clear
Louisiana,220631,1,ST. BERNARD (87),ARABI,December,Wednesday,State Highway,Urban,29.95097222,-89.99435,Pedestrian,The First Harmful Event was Not a Collision with a Motor Vehicle in Transport,Daylight,Clear
Louisiana,220632,1,CADDO (17),SHREVEPORT,December,Friday,U.S. Highway,Urban,32.54937778,-93.77886667,Pedestrian,The First Harmful Event was Not a Collision with a Motor Vehicle in Transport,Dark - Not Lighted,Cloudy
Louisiana,220633,1,OUACHITA (73),MONROE,December,Friday,U.S. Highway,Urban,32.52453056,-92.09521389,Pedestrian,The First Harmful Event was Not a Collision with a Motor Vehicle in Transport,Dark - Lighted,Clear
Louisiana,220634,1,RAPIDES (79),ALEXANDRIA,November,Saturday,Local Street - Municipality,Urban,31.29654167,-92.46688889,Utility Pole/Light Support,The First Harmful Event was Not a Collision with a Motor Vehicle in Transport,Dark - Lighted,Clear
Louisiana,220646,1,EAST BATON ROUGE (33),BATON ROUGE,December,Saturday,U.S. Highway,Urban,30.399125,-91.05395278,Pedalcyclist,The First Harmful Event was Not a Collision with a Motor Vehicle in Transport,Daylight,Clear
Louisiana,220650,2,EAST BATON ROUGE (33),BATON ROUGE,December,Friday,U.S. Highway,Rural,30.36851667,-91.02793056,Embankment,The First Harmful Event was Not a Collision with a Motor Vehicle in Transport,Dark - Not Lighted,Clear
Louisiana,220656,1,JEFFERSON (51),LAFITTE,June,Sunday,Local Street - Municipality,Urban,29.66054167,-90.10907778,Rollover/Overturn,The First Harmful Event was Not a Collision with a Motor Vehicle in Transport,Dawn,Cloudy
Louisiana,220662,1,LAFAYETTE (55),LAFAYETTE,October,Sunday,State Highway,Urban,30.16709167,-91.98433333,Culvert,The First Harmful Event was Not a Collision with a Motor Vehicle in Transport,Dark - Lighted,Clear
Louisiana,220663,3,FRANKLIN (41),GILBERT,November,Wednesday,U.S. Highway,Rural,32.0542,-91.65995,Motor Vehicle In-Transport,Front-to-Front,Daylight,Clear
Louisiana,220665,1,EAST BATON ROUGE (33),BATON ROUGE,December,Monday,State Highway,Urban,30.46675556,-91.16797778,Pedestrian,The First Harmful Event was Not a Collision with a Motor Vehicle in Transport,Dark - Not Lighted,Cloudy
Louisiana,220667,4,EAST BATON ROUGE (33),BATON ROUGE,September,Wednesday,Local Street - Municipality,Urban,30.47033056,-91.15138333,Pedalcyclist,The First Harmful Event was Not a Collision with a Motor Vehicle in Transport,Dark - Lighted,Clear
Louisiana,220668,1,EAST BATON ROUGE (33),BATON ROUGE,October,Saturday,County Road,Urban,30.5427,-91.1807,Pedalcyclist,The First Harmful Event was Not a Collision with a Motor Vehicle in Transport,Dark - Lighted,Reported as Unknown
Louisiana,220669,3,EAST BATON ROUGE (33),BATON ROUGE,December,Friday,Local Street - Municipality,Urban,30.46254167,-91.15612778,Motor Vehicle In-Transport,Angle,Daylight,Clear
Louisiana,220670,2,EAST BATON ROUGE (33),BATON ROUGE,July,Tuesday,U.S. Highway,Urban,30.45012222,-91.16089722,Motor Vehicle In-Transport,Front-to-Rear,Daylight,Clear
Louisiana,220672,1,ORLEANS (71),NEW ORLEANS,December,Tuesday,State Highway,Urban,29.97359722,-90.05705278,Pedestrian,The First Harmful Event was Not a Collision with a Motor Vehicle in Transport,Daylight,Clear
Louisiana,220673,2,LIVINGSTON (63),DENHAM SPRINGS,December,Sunday,County Road,Urban,30.48006111,-90.96461111,Utility Pole/Light Support,The First Harmful Event was Not a Collision with a Motor Vehicle in Transport,Dark - Not Lighted,Rain
Louisiana,220674,1,ORLEANS (71),NEW ORLEANS,June,Saturday,Local Street - Municipality,Urban,29.94282778,-90.13471111,Curb,The First Harmful Event was Not a Collision with a Motor Vehicle in Transport,Dark - Lighted,Clear
Louisiana,220675,1,ORLEANS (71),NEW ORLEANS,September,Saturday,U.S. Highway,Urban,30.01003611,-90.02080556,Pedestrian,The First Harmful Event was Not a Collision with a Motor Vehicle in Transport,Dark - Lighted,Clear
Louisiana,220676,4,ORLEANS (71),NEW ORLEANS,February,Saturday,U.S. Highway,Urban,30.0192,-89.96514167,Motor Vehicle In-Transport,Sideswipe - Same Direction,Dark - Lighted,Clear
Louisiana,220677,1,ORLEANS (71),NEW ORLEANS,November,Sunday,Local Street - Municipality,Urban,30.04467222,-89.97664167,Guardrail Face,The First Harmful Event was Not a Collision with a Motor Vehicle in Transport,Dark - Lighted,Clear
Louisiana,220678,14,RAPIDES (79),ALEXANDRIA,December,Thursday,Local Street - Municipality,Urban,31.31175556,-92.45020556,Motor Vehicle In-Transport,Angle,Daylight,Clear
Louisiana,220680,2,EAST BATON ROUGE (33),BATON ROUGE,December,Monday,Interstate,Urban,30.5133,-91.1593,Embankment,The First Harmful Event was Not a Collision with a Motor Vehicle in Transport,Daylight,Cloudy
Louisiana,220681,1,ST. LANDRY (97),OPELOUSAS,December,Saturday,State Highway,Urban,30.54431944,-92.08644444,Pedestrian,The First Harmful Event was Not a Collision with a Motor Vehicle in Transport,Dark - Not Lighted,Clear
Louisiana,220682,1,RICHLAND (83),RAYVILLE,November,Monday,U.S. Highway,Rural,32.48621111,-91.75656944,Culvert,The First Harmful Event was Not a Collision with a Motor Vehicle in Transport,Dark - Not Lighted,Rain
Louisiana,220684,1,ORLEANS (71),NEW ORLEANS,December,Tuesday,Local Street - Municipality,Urban,29.96556944,-90.09376111,Pedestrian,The First Harmful Event was Not a Collision with a Motor Vehicle in Transport,Dark - Lighted,Clear
Louisiana,220685,1,TERREBONNE (109),MONTEGUT,May,Saturday,Local Street - Township,Urban,29.46159444,-90.56228056,Tree (Standing Only),The First Harmful Event was Not a Collision with a Motor Vehicle in Transport,Dusk,Clear
Maine,230001,2,AROOSTOOK (3),ORIENT,January,Thursday,U.S. Highway,Rural,45.77618333,-67.86409722,Motor Vehicle In-Transport,Angle,Daylight,Snow
Maine,230002,3,WASHINGTON (29),STEUBEN,January,Friday,Local Street - Municipality,Rural,44.49158056,-67.91823056,Tree (Standing Only),The First Harmful Event was Not a Collision with a Motor Vehicle in Transport,Dark - Not Lighted,Clear
Maine,230003,2,HANCOCK (9),HANCOCK,January,Wednesday,Local Street - Municipality,Rural,44.52543889,-68.3249,Pedestrian,The First Harmful Event was Not a Collision with a Motor Vehicle in Transport,Dark - Not Lighted,Snow
Maine,230004,3,YORK (31),WATERBORO,January,Thursday,U.S. Highway,Rural,43.54786944,-70.71084722,Motor Vehicle In-Transport,Front-to-Rear,Dark - Lighted,Cloudy
Maine,230005,2,YORK (31),SACO,January,Monday,U.S. Highway,Urban,43.54158056,-70.41691111,Motor Vehicle In-Transport,Angle,Daylight,Clear
Maine,230006,2,OXFORD (17),BUCKFIELD,January,Wednesday,State Highway,Rural,44.28553056,-70.35406111,Motor Vehicle In-Transport,Front-to-Front,Dark - Lighted,Cloudy
Maine,230007,1,WASHINGTON (29),JONESPORT,January,Wednesday,State Highway,Rural,44.55948889,-67.63063056,Boulder,The First Harmful Event was Not a Collision with a Motor Vehicle in Transport,Dark - Not Lighted,Clear
Maine,230008,5,YORK (31),BIDDEFORD,January,Tuesday,U.S. Highway,Urban,43.46106944,-70.49166111,Motor Vehicle In-Transport,Front-to-Rear,Dark - Lighted,Clear
Maine,230009,2,PENOBSCOT (19),CARMEL,January,Friday,Interstate,Rural,44.77378889,-69.03093056,Boulder,The First Harmful Event was Not a Collision with a Motor Vehicle in Transport,Daylight,Snow
Maine,230010,1,PENOBSCOT (19),OLD TOWN,January,Thursday,State Highway,Urban,44.90838056,-68.68651944,Pedestrian,The First Harmful Event was Not a Collision with a Motor Vehicle in Transport,Dark - Lighted,Rain
Maine,230011,1,CUMBERLAND (5),PORTLAND,February,Friday,Interstate,Urban,43.70698056,-70.31111111,Guardrail End,The First Harmful Event was Not a Collision with a Motor Vehicle in Transport,Dark - Not Lighted,Cloudy
Maine,230012,1,KENNEBEC (11),WAYNE,February,Saturday,State Highway,Rural,44.34908056,-70.05316111,Utility Pole/Light Support,The First Harmful Event was Not a Collision with a Motor Vehicle in Transport,Dark - Not Lighted,Clear
Maine,230013,1,ANDROSCOGGIN (1),TURNER,January,Thursday,State Highway,Rural,44.22267778,-70.24873889,Pedestrian,The First Harmful Event was Not a Collision with a Motor Vehicle in Transport,Dark - Not Lighted,Clear
Maine,230014,1,YORK (31),WELLS,February,Monday,Interstate,Rural,43.37568889,-70.57885,Guardrail End,The First Harmful Event was Not a Collision with a Motor Vehicle in Transport,Daylight,Clear
Maine,230015,1,CUMBERLAND (5),STANDISH,February,Monday,Local Street - Municipality,Rural,43.81603056,-70.47721944,Pedestrian,The First Harmful Event was Not a Collision with a Motor Vehicle in Transport,Daylight,Clear
Maine,230016,3,WALDO (27),BELFAST,February,Friday,State Highway,Rural,44.41353056,-69.05883056,Motor Vehicle In-Transport,Angle,Daylight,Snow
Maine,230017,2,SOMERSET (25),BINGHAM,February,Monday,U.S. Highway,Rural,45.00422778,-69.85806944,Motor Vehicle In-Transport,Front-to-Front,Dark - Not Lighted,Clear
Maine,230018,1,YORK (31),YORK VILLAGE,March,Wednesday,U.S. Highway,Urban,43.14176111,-70.62736944,Tree (Standing Only),The First Harmful Event was Not a Collision with a Motor Vehicle in Transport,Daylight,Clear
Maine,230019,2,KENNEBEC (11),VASSALBORO,March,Wednesday,U.S. Highway,Rural,44.37305556,-69.62833333,Ditch,The First Harmful Event was Not a Collision with a Motor Vehicle in Transport,Daylight,Cloudy
Maine,230020,6,KENNEBEC (11),AUGUSTA,May,Saturday,Interstate,Urban,44.33083056,-69.81388889,Motor Vehicle In-Transport,Angle,Dark - Not Lighted,Clear
Maine,230021,4,CUMBERLAND (5),WESTBROOK,March,Monday,State Highway,Urban,43.64743333,-70.37724167,Motor Vehicle In-Transport,Angle,Daylight,Cloudy
Maine,230022,2,HANCOCK (9),SULLIVAN,May,Tuesday,Local Street - Municipality,Rural,44.53241111,-68.16236111,Tree (Standing Only),The First Harmful Event was Not a Collision with a Motor Vehicle in Transport,Dark - Not Lighted,Rain
Maine,230023,5,HANCOCK (9),ELLSWORTH,April,Saturday,U.S. Highway,Rural,44.56193056,-68.43838056,Motor Vehicle In-Transport,Front-to-Front,Daylight,Rain
Maine,230024,2,CUMBERLAND (5),GRAY,April,Saturday,State Highway,Rural,43.8863,-70.32223056,Pedestrian,The First Harmful Event was Not a Collision with a Motor Vehicle in Transport,Dark - Not Lighted,Cloudy
Maine,230025,1,KNOX (13),ROCKLAND,April,Friday,Local Street - Municipality,Urban,44.10576944,-69.12583056,Tree (Standing Only),The First Harmful Event was Not a Collision with a Motor Vehicle in Transport,Dark - Not Lighted,Rain
Maine,230026,2,OXFORD (17),PERU,April,Monday,State Highway,Rural,44.4935,-70.3862,Motor Vehicle In-Transport,Front-to-Front,Daylight,Snow
Maine,230027,2,PENOBSCOT (19),PLYMOUTH,March,Friday,Interstate,Rural,44.80095,-69.21898889,Tree (Standing Only),The First Harmful Event was Not a Collision with a Motor Vehicle in Transport,Daylight,Clear
Maine,230028,3,OXFORD (17),NORTH WOODSTOCK,May,Monday,State Highway,Rural,44.37028056,-70.60213056,Motor Vehicle In-Transport,Front-to-Rear,Daylight,Clear
Maine,230029,2,WASHINGTON (29),PEMBROKE,May,Wednesday,State Highway,Rural,44.96481111,-67.20291111,Tree (Standing Only),The First Harmful Event was Not a Collision with a Motor Vehicle in Transport,Daylight,Clear
Maine,230030,1,YORK (31),NORTH BERWICK,March,Tuesday,Local Street - Municipality,Rural,43.32330556,-70.75918889,Tree (Standing Only),The First Harmful Event was Not a Collision with a Motor Vehicle in Transport,Dark - Not Lighted,Clear
Maine,230031,3,HANCOCK (9),ELLSWORTH,June,Tuesday,U.S. Highway,Rural,44.6269,-68.53618889,Motor Vehicle In-Transport,Front-to-Front,Daylight,Rain
Maine,230032,1,OXFORD (17),OXFORD,April,Tuesday,Local Street - Municipality,Rural,44.13703889,-70.52755,Snow Bank,The First Harmful Event was Not a Collision with a Motor Vehicle in Transport,Daylight,Clear
Maine,230033,1,KENNEBEC (11),BENTON,April,Wednesday,State Highway,Rural,44.59416667,-69.54527778,Tree (Standing Only),The First Harmful Event was Not a Collision with a Motor Vehicle in Transport,Dark - Not Lighted,Clear
Maine,230034,2,PENOBSCOT (19),HAMPDEN,April,Wednesday,Interstate,Urban,44.77088056,-68.869,Guardrail Face,The First Harmful Event was Not a Collision with a Motor Vehicle in Transport,Daylight,Snow
Maine,230035,3,ANDROSCOGGIN (1),SOUTH WEST BEND,April,Monday,Local Street - Municipality,Rural,43.97443889,-70.04493611,Utility Pole/Light Support,The First Harmful Event was Not a Collision with a Motor Vehicle in Transport,Dark - Not Lighted,Rain
Maine,230036,3,AROOSTOOK (3),BRIDGEWATER,April,Sunday,U.S. Highway,Rural,46.41666111,-67.84361111,Motor Vehicle In-Transport,Front-to-Front,Daylight,Cloudy
Maine,230037,1,PENOBSCOT (19),HAMPDEN,April,Tuesday,Interstate,Rural,44.76506111,-68.92623889,Tree (Standing Only),The First Harmful Event was Not a Collision with a Motor Vehicle in Transport,Daylight,Clear
Maine,230038,2,SOMERSET (25),NORRIDGEWOCK,April,Monday,Local Street - Municipality,Rural,44.71810278,-69.79610278,Tree (Standing Only),The First Harmful Event was Not a Collision with a Motor Vehicle in Transport,Daylight,Clear
Maine,230039,1,OXFORD (17),RUMFORD,May,Wednesday,Local Street - Municipality,Rural,44.55276944,-70.54941111,Pedalcyclist,The First Harmful Event was Not a Collision with a Motor Vehicle in Transport,Daylight,Cloudy
Maine,230040,1,SOMERSET (25),PITTSFIELD,May,Monday,U.S. Highway,Rural,44.79822222,-69.47500833,Tree (Standing Only),The First Harmful Event was Not a Collision with a Motor Vehicle in Transport,Daylight,Clear
Maine,230041,2,PENOBSCOT (19),HOWLAND,May,Saturday,Interstate,Rural,45.22563889,-68.67613056,Rollover/Overturn,The First Harmful Event was Not a Collision with a Motor Vehicle in Transport,Dusk,Clear
Maine,230042,3,CUMBERLAND (5),PORTLAND,June,Wednesday,State Highway,Rural,43.98291111,-70.51753056,Motor Vehicle In-Transport,Angle,Daylight,Clear
Maine,230043,1,HANCOCK (9),DEER ISLE,July,Monday,Local Street - Municipality,Rural,44.29376944,-68.71628056,Utility Pole/Light Support,The First Harmful Event was Not a Collision with a Motor Vehicle in Transport,Daylight,Clear
Maine,230044,5,OXFORD (17),BUCKFIELD,June,Sunday,State Highway,Rural,44.2642,-70.42813056,Motor Vehicle In-Transport,Angle,Dark - Not Lighted,Clear
Maine,230045,2,OXFORD (17),PERU,June,Tuesday,State Highway,Rural,44.50688889,-70.40548889,Motor Vehicle In-Transport,Front-to-Front,Daylight,Clear
Maine,230046,3,CUMBERLAND (5),FALMOUTH,June,Friday,Interstate,Rural,43.74718056,-70.22025,Boulder,The First Harmful Event was Not a Collision with a Motor Vehicle in Transport,Daylight,Clear
Maine,230047,3,ANDROSCOGGIN (1),TURNER,June,Friday,State Highway,Rural,44.20273056,-70.24545,Motor Vehicle In-Transport,Front-to-Front,Daylight,Clear
Maine,230048,1,PENOBSCOT (19),OLD TOWN,July,Monday,Interstate,Rural,44.99631111,-68.70156944,Tree (Standing Only),The First Harmful Event was Not a Collision with a Motor Vehicle in Transport,Daylight,Clear
Maine,230049,4,PENOBSCOT (19),LINCOLN,June,Friday,State Highway,Rural,45.37828056,-68.4547,Motor Vehicle In-Transport,Front-to-Front,Daylight,Clear
Maine,230050,1,ANDROSCOGGIN (1),LEWISTON,May,Thursday,State Highway,Urban,44.10040278,-70.15213333,Utility Pole/Light Support,The First Harmful Event was Not a Collision with a Motor Vehicle in Transport,Dark - Not Lighted,Clear
Maine,230051,1,PENOBSCOT (19),HERMON,July,Friday,U.S. Highway,Rural,44.7951,-68.87946944,Ditch,The First Harmful Event was Not a Collision with a Motor Vehicle in Transport,Daylight,Rain
Maine,230052,1,HANCOCK (9),SOUTHWEST HARBOR,July,Tuesday,Local Street - Municipality,Rural,44.27993056,-68.32681111,Pedestrian,The First Harmful Event was Not a Collision with a Motor Vehicle in Transport,Daylight,Clear
Maine,230053,1,PENOBSCOT (19),HUDSON,July,Thursday,State Highway,Rural,45.03305,-68.91981944,Tree (Standing Only),The First Harmful Event was Not a Collision with a Motor Vehicle in Transport,Dark - Not Lighted,Clear
Maine,230054,4,PENOBSCOT (19),WEST GLENBURN,July,Saturday,State Highway,Rural,44.88321111,-68.8656,Motor Vehicle In-Transport,Front-to-Front,Daylight,Clear
Maine,230056,2,SOMERSET (25),SKOWHEGAN,May,Tuesday,U.S. Highway,Rural,44.77163333,-69.67664722,Motor Vehicle In-Transport,Front-to-Front,Daylight,Cloudy
Maine,230057,4,HANCOCK (9),ELLSWORTH,July,Thursday,State Highway,Rural,44.57495,-68.46821944,Motor Vehicle In-Transport,Front-to-Front,Daylight,Clear
Maine,230058,1,SOMERSET (25),ANSON,May,Friday,State Highway,Rural,44.85154444,-69.92067778,Ditch,The First Harmful Event was Not a Collision with a Motor Vehicle in Transport,Daylight,Clear
Maine,230059,6,CUMBERLAND (5),GORHAM,July,Sunday,State Highway,Rural,43.69406944,-70.49226944,Motor Vehicle In-Transport,Front-to-Rear,Daylight,Clear
Maine,230060,1,CUMBERLAND (5),STANDISH,July,Friday,State Highway,Rural,43.73748889,-70.59691944,Tree (Standing Only),The First Harmful Event was Not a Collision with a Motor Vehicle in Transport,Dark - Not Lighted,Clear