State,Case Number,Persons,County,City,Month,Day,Route,Rural/Urban,Latitude,Longitude,First Harmful Event,Manner of Collision,Light Conditions,Weather
Massachusetts,250013,1,PLYMOUTH (23),WEST BRIDGEWATER,January,Saturday,State Highway,Urban,42.03416667,-71.0466,Concrete Traffic Barrier,The First Harmful Event was Not a Collision with a Motor Vehicle in Transport,Daylight,Clear
Massachusetts,250015,5,BERKSHIRE (3),STOCKBRIDGE,January,Friday,U.S. Highway,Rural,42.30708611,-73.29300278,Motor Vehicle In-Transport,Sideswipe - Opposite Direction,Dark - Not Lighted,Clear
Massachusetts,250017,1,BRISTOL (5),NORTH EASTON,January,Wednesday,State Highway,Urban,42.08549722,-71.09118056,Parked Motor Vehicle,The First Harmful Event was Not a Collision with a Motor Vehicle in Transport,Daylight,Clear
Massachusetts,250018,1,WORCESTER (27),CLINTON,January,Thursday,State Highway,Urban,42.40163056,-71.687775,Guardrail Face,The First Harmful Event was Not a Collision with a Motor Vehicle in Transport,Dark - Lighted,Clear
Massachusetts,250020,2,NORFOLK (21),SHARON,January,Sunday,Interstate,Urban,42.10913889,-71.23136667,Motor Vehicle In-Transport,Sideswipe - Same Direction,Daylight,Clear
Massachusetts,250023,1,MIDDLESEX (17),BOXBORO,February,Tuesday,Interstate,Rural,42.48743889,-71.54551667,Guardrail End,The First Harmful Event was Not a Collision with a Motor Vehicle in Transport,Dark - Not Lighted,Clear
Massachusetts,250025,2,BRISTOL (5),TOWN OF DIGHTON,February,Wednesday,State Highway,Urban,41.87065278,-71.05401389,Rollover/Overturn,The First Harmful Event was Not a Collision with a Motor Vehicle in Transport,Daylight,Clear
Massachusetts,250029,4,NORFOLK (21),FRANKLIN,February,Friday,Interstate,Urban,42.08732778,-71.42547778,Motor Vehicle In-Transport,Front-to-Rear,Dark - Not Lighted,Clear
Massachusetts,250030,1,NORFOLK (21),WEYMOUTH,February,Monday,State Highway,Urban,42.24542222,-70.93684444,Pedestrian,The First Harmful Event was Not a Collision with a Motor Vehicle in Transport,Dark - Lighted,Cloudy
Massachusetts,250031,3,PLYMOUTH (23),WAREHAM,February,Monday,Interstate,Urban,41.77291667,-70.74154722,Motor Vehicle In-Transport,Front-to-Rear,Dark - Not Lighted,"Fog, Smog, Smoke"
Massachusetts,250033,1,MIDDLESEX (17),MEDFORD,February,Saturday,Interstate,Urban,42.42670833,-71.1034,Other Traffic Barrier,The First Harmful Event was Not a Collision with a Motor Vehicle in Transport,Dark - Lighted,Clear
Massachusetts,250034,1,BARNSTABLE (1),HARWICH,February,Saturday,U.S. Highway,Urban,41.70059722,-70.13050556,Concrete Traffic Barrier,The First Harmful Event was Not a Collision with a Motor Vehicle in Transport,Dark - Not Lighted,Rain
Massachusetts,250036,1,WORCESTER (27),AUBURN,February,Tuesday,Interstate,Urban,42.19529444,-71.84620278,Embankment,The First Harmful Event was Not a Collision with a Motor Vehicle in Transport,Dark - Lighted,Clear
Massachusetts,250037,1,WORCESTER (27),SHREWSBURY,February,Sunday,State Highway,Urban,42.27503056,-71.74274167,Pedestrian,The First Harmful Event was Not a Collision with a Motor Vehicle in Transport,Dark - Lighted,Rain
Massachusetts,250038,1,ESSEX (9),AMESBURY,February,Monday,State Highway,Urban,42.84754167,-70.92558889,Pedestrian,The First Harmful Event was Not a Collision with a Motor Vehicle in Transport,Dark - Not Lighted,Clear
Massachusetts,250039,1,BRISTOL (5),SOMERSET,February,Tuesday,Interstate,Urban,41.70979444,-71.17141944,Impact Attenuator/Crash Cushion,The First Harmful Event was Not a Collision with a Motor Vehicle in Transport,Dark - Not Lighted,Cloudy
Massachusetts,250041,2,PLYMOUTH (23),WEST BRIDGEWATER,February,Wednesday,State Highway,Rural,42.01488889,-71.01242778,Motor Vehicle In-Transport,Front-to-Rear,Dark - Lighted,Clear
Massachusetts,250044,1,ESSEX (9),LAWRENCE,February,Wednesday,Interstate,Urban,42.68185,-71.14712778,Guardrail Face,The First Harmful Event was Not a Collision with a Motor Vehicle in Transport,Dark - Lighted,Cloudy
Massachusetts,250050,1,HAMPDEN (13),WEST SPRINGFIELD,March,Saturday,U.S. Highway,Urban,42.14070833,-72.63200833,Pedestrian,The First Harmful Event was Not a Collision with a Motor Vehicle in Transport,Daylight,Snow
Massachusetts,250051,1,HAMPSHIRE (15),GRANBY,March,Tuesday,U.S. Highway,Urban,42.26216389,-72.50871111,Mail Box,The First Harmful Event was Not a Collision with a Motor Vehicle in Transport,Dark - Lighted,Clear
Massachusetts,250052,1,MIDDLESEX (17),HOPKINTON,March,Monday,Interstate,Urban,42.21082222,-71.54480556,Ditch,The First Harmful Event was Not a Collision with a Motor Vehicle in Transport,Dark - Lighted,Clear
Massachusetts,250053,2,WORCESTER (27),WESTBOROUGH,March,Saturday,State Highway,Urban,42.25437778,-71.63703056,Motor Vehicle In-Transport,Angle,Daylight,Snow
Massachusetts,250054,1,NORFOLK (21),WELLESLEY,March,Saturday,State Highway,Urban,42.31454167,-71.27175833,Guardrail Face,The First Harmful Event was Not a Collision with a Motor Vehicle in Transport,Daylight,Clear
Massachusetts,250056,2,WORCESTER (27),DUDLEY,March,Sunday,State Highway,Urban,42.02737222,-71.96211944,Motor Vehicle In-Transport,Front-to-Front,Daylight,Clear
Massachusetts,250057,1,ESSEX (9),LYNN,March,Sunday,State Highway,Urban,42.48970833,-70.93650278,Guardrail Face,The First Harmful Event was Not a Collision with a Motor Vehicle in Transport,Daylight,Clear
Massachusetts,250058,1,NORFOLK (21),MEDWAY,March,Thursday,State Highway,Rural,42.14546111,-71.46763056,Utility Pole/Light Support,The First Harmful Event was Not a Collision with a Motor Vehicle in Transport,Dark - Lighted,Clear
Massachusetts,250065,1,PLYMOUTH (23),MIDDLEBORO,March,Friday,Interstate,Urban,41.89919722,-70.95940278,Embankment,The First Harmful Event was Not a Collision with a Motor Vehicle in Transport,Daylight,Cloudy
Massachusetts,250067,3,NORFOLK (21),QUINCY,March,Sunday,Interstate,Urban,42.21699444,-71.03968333,Pedestrian,The First Harmful Event was Not a Collision with a Motor Vehicle in Transport,Dark - Not Lighted,Rain
Massachusetts,250074,3,NORFOLK (21),DEDHAM,March,Monday,U.S. Highway,Urban,42.2499,-71.17103889,Motor Vehicle In-Transport,Angle,Daylight,Clear
Massachusetts,250076,1,PLYMOUTH (23),DUXBURY,April,Tuesday,State Highway,Urban,42.01413611,-70.72662778,Guardrail End,The First Harmful Event was Not a Collision with a Motor Vehicle in Transport,Daylight,Clear
Massachusetts,250077,1,WORCESTER (27),WEST BOYLSTON,April,Saturday,Interstate,Urban,42.40018611,-71.802175,Tree (Standing Only),The First Harmful Event was Not a Collision with a Motor Vehicle in Transport,Daylight,Clear
Massachusetts,250081,2,HAMPDEN (13),HOLYOKE,April,Thursday,Interstate,Urban,42.20271944,-72.63943889,Tree (Standing Only),The First Harmful Event was Not a Collision with a Motor Vehicle in Transport,Dark - Not Lighted,Clear
Massachusetts,250085,1,SUFFOLK (25),BOSTON,April,Wednesday,State Highway,Urban,42.38367222,-71.02216111,Pedestrian,The First Harmful Event was Not a Collision with a Motor Vehicle in Transport,Dark - Lighted,Rain
Massachusetts,250086,1,NORFOLK (21),WALPOLE,April,Sunday,Interstate,Urban,42.12668611,-71.22608611,Guardrail End,The First Harmful Event was Not a Collision with a Motor Vehicle in Transport,Dark - Not Lighted,Rain
Massachusetts,250093,1,HAMPDEN (13),EAST LONGMEADOW,April,Tuesday,State Highway,Urban,42.07716389,-72.522975,Curb,The First Harmful Event was Not a Collision with a Motor Vehicle in Transport,Dark - Lighted,Clear
Massachusetts,250094,2,BARNSTABLE (1),YARMOUTH PORT,April,Thursday,State Highway,Urban,41.650525,-70.23646667,Motor Vehicle In-Transport,Front-to-Front,Daylight,Clear
Massachusetts,250103,2,HAMPDEN (13),HOLYOKE,May,Monday,State Highway,Urban,42.23703333,-72.65265833,Motor Vehicle In-Transport,Front-to-Front,Daylight,Cloudy
Massachusetts,250104,5,NORFOLK (21),SHARON,May,Friday,State Highway,Urban,42.13633333,-71.15665278,Motor Vehicle In-Transport,Front-to-Front,Daylight,Cloudy
Massachusetts,250106,1,HAMPDEN (13),CHICOPEE,May,Saturday,Interstate,Urban,42.13594444,-72.61495,Embankment,The First Harmful Event was Not a Collision with a Motor Vehicle in Transport,Daylight,Clear
Massachusetts,250118,4,WORCESTER (27),AUBURN,June,Thursday,U.S. Highway,Urban,42.19114444,-71.82689167,Motor Vehicle In-Transport,Front-to-Front,Daylight,Clear
Massachusetts,250120,1,HAMPDEN (13),LUDLOW,June,Friday,Interstate,Urban,42.16791667,-72.4761,Rollover/Overturn,The First Harmful Event was Not a Collision with a Motor Vehicle in Transport,Daylight,Clear
Massachusetts,250122,1,ESSEX (9),ANDOVER,June,Saturday,Interstate,Urban,42.65021944,-71.18839167,Traffic Sign Support,The First Harmful Event was Not a Collision with a Motor Vehicle in Transport,Daylight,Clear
Massachusetts,250123,1,WORCESTER (27),LEOMINSTER,June,Tuesday,Interstate,Urban,42.51988333,-71.72598056,Guardrail Face,The First Harmful Event was Not a Collision with a Motor Vehicle in Transport,Dark - Not Lighted,Clear
Massachusetts,250124,2,SUFFOLK (25),BOSTON,June,Saturday,Interstate,Urban,42.35693889,-71.05261389,Other Traffic Barrier,The First Harmful Event was Not a Collision with a Motor Vehicle in Transport,Dark - Lighted,Clear
Massachusetts,250128,1,ESSEX (9),AMESBURY,June,Saturday,Interstate,Urban,42.84650833,-70.92030278,"Post, Pole or Other Supports",The First Harmful Event was Not a Collision with a Motor Vehicle in Transport,Dusk,Clear
Massachusetts,250132,3,HAMPDEN (13),HOLYOKE,June,Friday,Interstate,Urban,42.16556389,-72.64501944,Motor Vehicle In-Transport,Front-to-Rear,Daylight,Clear
Massachusetts,250134,1,HAMPDEN (13),PALMER,June,Monday,Interstate,Urban,42.1717,-72.33486944,Tree (Standing Only),The First Harmful Event was Not a Collision with a Motor Vehicle in Transport,Daylight,Clear
Massachusetts,250135,0,NORFOLK (21),CANTON,March,Sunday,Interstate,Urban,77.7777,777.7777,Pedestrian,The First Harmful Event was Not a Collision with a Motor Vehicle in Transport,Daylight,Clear
Massachusetts,250137,1,SUFFOLK (25),BOSTON,April,Thursday,Interstate,Urban,42.35271667,-71.05621667,Guardrail Face,The First Harmful Event was Not a Collision with a Motor Vehicle in Transport,Dark - Lighted,Clear
Massachusetts,250138,1,BRISTOL (5),NEW BEDFORD,June,Saturday,State Highway,Urban,41.67779722,-70.93312778,Curb,The First Harmful Event was Not a Collision with a Motor Vehicle in Transport,Daylight,Clear
Massachusetts,250142,3,HAMPSHIRE (15),BELCHERTOWN,June,Saturday,State Highway,Urban,42.25512778,-72.36811944,Motor Vehicle In-Transport,Angle,Daylight,Clear
Massachusetts,250143,2,BRISTOL (5),HEAD OF WESTPORT,June,Sunday,State Highway,Urban,41.62945,-71.12910833,Motor Vehicle In-Transport,Angle,Daylight,Clear
Massachusetts,250146,2,NORFOLK (21),HOLBROOK,June,Friday,State Highway,Urban,42.14190833,-70.98249167,Curb,The First Harmful Event was Not a Collision with a Motor Vehicle in Transport,Dark - Lighted,Clear
Massachusetts,250147,2,BRISTOL (5),NORTH ATTLEBORO,June,Sunday,U.S. Highway,Urban,41.97306389,-71.32949167,Motor Vehicle In-Transport,Front-to-Front,Daylight,Clear
Massachusetts,250148,2,MIDDLESEX (17),TEWKSBURY,June,Saturday,State Highway,Urban,42.59171111,-71.20561389,Motor Vehicle In-Transport,Angle,Daylight,Clear
Massachusetts,250149,2,SUFFOLK (25),REVERE,June,Friday,State Highway,Urban,42.42973056,-70.97851111,Motor Vehicle In-Transport,Front-to-Rear,Dark - Lighted,Clear
Massachusetts,250150,1,SUFFOLK (25),BOSTON,April,Monday,Interstate,Urban,42.37726667,-71.02830556,Concrete Traffic Barrier,The First Harmful Event was Not a Collision with a Motor Vehicle in Transport,Daylight,Clear
Massachusetts,250151,2,NORFOLK (21),AVON,June,Friday,State Highway,Urban,42.11909167,-71.03285833,Motor Vehicle In-Transport,Angle,Dark - Lighted,Clear
Massachusetts,250153,2,BERKSHIRE (3),PITTSFIELD,July,Tuesday,U.S. Highway,Urban,42.44038611,-73.28779167,Motor Vehicle In-Transport,Angle,Daylight,Cloudy
Massachusetts,250154,1,MIDDLESEX (17),SOMERVILLE,July,Saturday,State Highway,Urban,42.39484167,-71.08791667,Pedestrian,The First Harmful Event was Not a Collision with a Motor Vehicle in Transport,Dark - Lighted,Clear
Massachusetts,250159,2,NORFOLK (21),WRENTHAM,July,Sunday,State Highway,Urban,42.05044722,-71.34608056,Curb,The First Harmful Event was Not a Collision with a Motor Vehicle in Transport,Daylight,Clear
Massachusetts,250161,2,BERKSHIRE (3),WASHINGTON,July,Thursday,State Highway,Rural,42.38680278,-73.12321111,Embankment,The First Harmful Event was Not a Collision with a Motor Vehicle in Transport,Dark - Not Lighted,Clear
Massachusetts,250163,1,BRISTOL (5),TOWN OF DIGHTON,July,Thursday,U.S. Highway,Urban,41.89938056,-71.09695556,Pedestrian,The First Harmful Event was Not a Collision with a Motor Vehicle in Transport,Daylight,Clear
Massachusetts,250167,2,WORCESTER (27),AUBURN,July,Sunday,State Highway,Urban,42.18353889,-71.85698333,Motor Vehicle In-Transport,Angle,Daylight,Clear
Massachusetts,250169,4,BRISTOL (5),HEAD OF WESTPORT,July,Saturday,State Highway,Urban,41.63374444,-71.06969167,Motor Vehicle In-Transport,Angle,Daylight,Clear
Massachusetts,250170,2,MIDDLESEX (17),HOLLISTON,July,Saturday,State Highway,Urban,42.19953889,-71.429875,Parked Motor Vehicle,The First Harmful Event was Not a Collision with a Motor Vehicle in Transport,Daylight,Clear
Massachusetts,250171,1,ESSEX (9),ANDOVER,July,Tuesday,Interstate,Urban,42.66965556,-71.18028611,Guardrail End,The First Harmful Event was Not a Collision with a Motor Vehicle in Transport,Dark - Lighted,Clear
Massachusetts,250172,1,WORCESTER (27),SPENCER,July,Wednesday,State Highway,Urban,42.24639722,-71.97986667,Pedestrian,The First Harmful Event was Not a Collision with a Motor Vehicle in Transport,Daylight,Clear
Massachusetts,250173,1,ESSEX (9),SOUTH LYNNFIELD,July,Thursday,Local Street - Township,Urban,42.52712778,-71.06965,Ditch,The First Harmful Event was Not a Collision with a Motor Vehicle in Transport,Daylight,Cloudy
Massachusetts,250174,1,SUFFOLK (25),BOSTON,July,Wednesday,Interstate,Urban,42.35691389,-71.127825,Curb,The First Harmful Event was Not a Collision with a Motor Vehicle in Transport,Dark - Lighted,Clear
Massachusetts,250175,3,BERKSHIRE (3),RICHMOND,July,Wednesday,State Highway,Rural,42.40696667,-73.353675,Motor Vehicle In-Transport,Angle,Daylight,Clear
Massachusetts,250176,3,BRISTOL (5),TOWN OF EASTON,July,Saturday,Interstate,Urban,41.99601667,-71.19111111,Motor Vehicle In-Transport,Sideswipe - Same Direction,Dark - Not Lighted,Clear
Massachusetts,250177,2,MIDDLESEX (17),WOBURN,July,Wednesday,U.S. Highway,Urban,42.47226389,-71.18131111,Motor Vehicle In-Transport,Front-to-Front,Daylight,Clear
Massachusetts,250178,5,WORCESTER (27),EAST BROOKFIELD,July,Tuesday,State Highway,Rural,42.21002778,-72.02877222,Motor Vehicle In-Transport,Front-to-Front,Daylight,Cloudy
Massachusetts,250179,1,FRANKLIN (11),DEERFIELD,June,Friday,U.S. Highway,Urban,42.53540556,-72.60354444,Utility Pole/Light Support,The First Harmful Event was Not a Collision with a Motor Vehicle in Transport,Daylight,Clear
Massachusetts,250183,1,SUFFOLK (25),BOSTON,July,Thursday,State Highway,Urban,42.38773889,-71.07285833,Pedestrian,The First Harmful Event was Not a Collision with a Motor Vehicle in Transport,Dark - Lighted,Clear
Massachusetts,250187,1,HAMPDEN (13),WESTFIELD,August,Friday,U.S. Highway,Urban,42.12899167,-72.76537778,Utility Pole/Light Support,The First Harmful Event was Not a Collision with a Motor Vehicle in Transport,Dark - Lighted,Clear
Massachusetts,250188,4,MIDDLESEX (17),MARLBOROUGH,August,Tuesday,Interstate,Urban,42.34800833,-71.62219167,Motor Vehicle In-Transport,Front-to-Rear,Daylight,Clear
Massachusetts,250190,6,BERKSHIRE (3),RICHMOND,August,Wednesday,State Highway,Rural,42.40708056,-73.35386389,Motor Vehicle In-Transport,Angle,Daylight,Clear
Massachusetts,250191,4,MIDDLESEX (17),BEDFORD,August,Thursday,State Highway,Urban,42.49811944,-71.28568056,Motor Vehicle In-Transport,Front-to-Front,Daylight,Cloudy
Massachusetts,250192,3,BRISTOL (5),NORTH ATTLEBORO,August,Wednesday,State Highway,Urban,41.96672222,-71.34577778,Motor Vehicle In-Transport,Reported as Unknown,Dark - Not Lighted,Cloudy
Massachusetts,250194,2,HAMPDEN (13),LONGMEADOW,August,Thursday,U.S. Highway,Urban,42.02521111,-72.58432222,Motor Vehicle In-Transport,Angle,Daylight,Clear
Massachusetts,250196,3,WORCESTER (27),WORCESTER,August,Sunday,Interstate,Urban,42.26110833,-71.79453056,Guardrail Face,The First Harmful Event was Not a Collision with a Motor Vehicle in Transport,Daylight,Clear
Massachusetts,250198,2,ESSEX (9),GLOUCESTER,August,Monday,State Highway,Urban,42.624325,-70.66502222,Motor Vehicle In-Transport,Front-to-Rear,Daylight,Clear
Massachusetts,250202,3,WORCESTER (27),RUTLAND,August,Friday,State Highway,Rural,42.35803056,-71.98954722,Motor Vehicle In-Transport,Front-to-Front,Daylight,Clear
Massachusetts,250203,4,MIDDLESEX (17),WOBURN,August,Monday,Interstate,Urban,42.50295833,-71.12263611,Motor Vehicle In-Transport,Front-to-Rear,Dark - Lighted,Clear
Massachusetts,250204,4,ESSEX (9),SAUGUS,August,Saturday,U.S. Highway,Urban,42.48898056,-71.01770556,Motor Vehicle In-Transport,Sideswipe - Opposite Direction,Dark - Lighted,Clear
Massachusetts,250205,4,NORFOLK (21),QUINCY,June,Friday,State Highway,Urban,42.25248889,-70.98927222,Motor Vehicle In-Transport,Front-to-Rear,Daylight,Clear
Massachusetts,250207,1,HAMPDEN (13),CHICOPEE,April,Friday,State Highway,Urban,42.17731944,-72.62183056,Curb,The First Harmful Event was Not a Collision with a Motor Vehicle in Transport,Dark - Lighted,Cloudy
Massachusetts,250210,1,WORCESTER (27),MILFORD,August,Wednesday,State Highway,Urban,42.15151944,-71.51108333,Rollover/Overturn,The First Harmful Event was Not a Collision with a Motor Vehicle in Transport,Dark - Lighted,Clear
Massachusetts,250211,2,MIDDLESEX (17),CHELMSFORD,September,Sunday,Interstate,Urban,42.60565,-71.34406111,Tree (Standing Only),The First Harmful Event was Not a Collision with a Motor Vehicle in Transport,Dark - Not Lighted,Clear
Massachusetts,250212,1,WORCESTER (27),CLINTON,September,Monday,State Highway,Urban,42.42783056,-71.68249722,Utility Pole/Light Support,The First Harmful Event was Not a Collision with a Motor Vehicle in Transport,Dark - Lighted,Cloudy
Massachusetts,250213,1,PLYMOUTH (23),HANSON,June,Saturday,State Highway,Urban,42.04057778,-70.86746667,Rollover/Overturn,The First Harmful Event was Not a Collision with a Motor Vehicle in Transport,Dark - Lighted,Clear
Massachusetts,250214,1,BARNSTABLE (1),YARMOUTH,September,Thursday,U.S. Highway,Urban,41.69012222,-70.21826389,Tree (Standing Only),The First Harmful Event was Not a Collision with a Motor Vehicle in Transport,Dawn,Clear
Massachusetts,250218,4,HAMPSHIRE (15),AMHERST,September,Wednesday,State Highway,Urban,42.348725,-72.51957222,Pedestrian,The First Harmful Event was Not a Collision with a Motor Vehicle in Transport,Daylight,Clear
Massachusetts,250222,1,MIDDLESEX (17),LITTLETON,September,Saturday,Interstate,Urban,42.53878611,-71.49386111,Tree (Standing Only),The First Harmful Event was Not a Collision with a Motor Vehicle in Transport,Daylight,Cloudy
Massachusetts,250225,2,BRISTOL (5),ATTLEBORO,September,Friday,Interstate,Urban,41.90454167,-71.35126944,Pedestrian,The First Harmful Event was Not a Collision with a Motor Vehicle in Transport,Dark - Not Lighted,Clear
Massachusetts,250227,1,BRISTOL (5),NORTH ATTLEBORO,September,Monday,Interstate,Urban,42.00391111,-71.28840833,Embankment,The First Harmful Event was Not a Collision with a Motor Vehicle in Transport,Dark - Lighted,Clear
Massachusetts,250228,1,MIDDLESEX (17),NEWTON,September,Tuesday,State Highway,Urban,77.7777,777.7777,Pedestrian,The First Harmful Event was Not a Collision with a Motor Vehicle in Transport,Daylight,Clear
Massachusetts,250229,3,BRISTOL (5),ATTLEBORO,September,Thursday,State Highway,Urban,41.93897222,-71.29227222,Motor Vehicle In-Transport,Angle,Daylight,Clear
Massachusetts,250231,1,ESSEX (9),ANDOVER,September,Friday,Interstate,Urban,42.68636111,-71.20506111,Guardrail Face,The First Harmful Event was Not a Collision with a Motor Vehicle in Transport,Dark - Lighted,Clear
Massachusetts,250232,5,HAMPDEN (13),WEST SPRINGFIELD,September,Saturday,U.S. Highway,Urban,42.10683056,-72.64575278,Motor Vehicle In-Transport,Front-to-Front,Dark - Lighted,Cloudy
Massachusetts,250234,2,WORCESTER (27),WORCESTER,September,Tuesday,State Highway,Urban,42.27630833,-71.79554722,Pedestrian,The First Harmful Event was Not a Collision with a Motor Vehicle in Transport,Dark - Lighted,Clear
Massachusetts,250235,2,PLYMOUTH (23),WAREHAM,September,Friday,U.S. Highway,Urban,41.75381944,-70.64848056,Utility Pole/Light Support,The First Harmful Event was Not a Collision with a Motor Vehicle in Transport,Daylight,Clear
Massachusetts,250237,1,NORFOLK (21),DEDHAM,September,Sunday,State Highway,Urban,42.26752778,-71.17389722,Pedestrian,The First Harmful Event was Not a Collision with a Motor Vehicle in Transport,Dark - Lighted,Clear
Massachusetts,250238,1,BRISTOL (5),FREETOWN,September,Thursday,State Highway,Urban,41.74910833,-70.96118889,Rollover/Overturn,The First Harmful Event was Not a Collision with a Motor Vehicle in Transport,Daylight,Clear
Massachusetts,250243,12,BRISTOL (5),ATTLEBORO,June,Saturday,Interstate,Urban,41.93276389,-71.31919722,Motor Vehicle In-Transport,Sideswipe - Same Direction,Daylight,Clear
Massachusetts,250244,1,BRISTOL (5),TOWN OF REHOBOTH,September,Thursday,State Highway,Urban,41.86995556,-71.33101111,Pedestrian,The First Harmful Event was Not a Collision with a Motor Vehicle in Transport,Daylight,Cloudy
Massachusetts,250249,1,ESSEX (9),BOXFORD,October,Thursday,Interstate,Urban,42.68313889,-70.97546944,Bridge Pier or Support,The First Harmful Event was Not a Collision with a Motor Vehicle in Transport,Daylight,Clear
Massachusetts,250251,2,BRISTOL (5),TOWN OF REHOBOTH,October,Thursday,Interstate,Urban,41.80322222,-71.33342222,Pedestrian,The First Harmful Event was Not a Collision with a Motor Vehicle in Transport,Dark - Not Lighted,Rain
Massachusetts,250252,1,MIDDLESEX (17),MARLBOROUGH,October,Thursday,U.S. Highway,Urban,42.34595,-71.55501667,Pedestrian,The First Harmful Event was Not a Collision with a Motor Vehicle in Transport,Dark - Lighted,Rain
Massachusetts,250253,1,WORCESTER (27),HUBBARDSTON STATION,October,Wednesday,State Highway,Rural,42.44799167,-71.96993056,Tree (Standing Only),The First Harmful Event was Not a Collision with a Motor Vehicle in Transport,Daylight,Rain
Massachusetts,250254,1,FRANKLIN (11),ORANGE,October,Friday,State Highway,Urban,42.59193056,-72.31076111,Guardrail Face,The First Harmful Event was Not a Collision with a Motor Vehicle in Transport,Dark - Not Lighted,Clear
Massachusetts,250258,1,HAMPDEN (13),SPRINGFIELD,October,Monday,Interstate,Urban,42.07327222,-72.58677778,Guardrail Face,The First Harmful Event was Not a Collision with a Motor Vehicle in Transport,Dark - Lighted,Clear
Massachusetts,250259,2,HAMPDEN (13),BRIMFIELD,October,Friday,U.S. Highway,Rural,42.11729167,-72.19833056,Motor Vehicle In-Transport,Front-to-Front,Daylight,Clear
Massachusetts,250261,2,PLYMOUTH (23),WAREHAM,October,Sunday,Interstate,Urban,41.76454444,-70.74453333,Pedestrian,The First Harmful Event was Not a Collision with a Motor Vehicle in Transport,Dark - Not Lighted,Clear
Massachusetts,250262,2,WORCESTER (27),MILLBURY,October,Friday,Interstate,Urban,42.20688611,-71.79252222,Pedestrian,The First Harmful Event was Not a Collision with a Motor Vehicle in Transport,Dark - Not Lighted,Clear
Massachusetts,250263,2,MIDDLESEX (17),STONEHAM,September,Friday,Interstate,Urban,42.49805556,-71.118775,Motor Vehicle In-Transport,Angle,Daylight,Clear
Massachusetts,250264,3,MIDDLESEX (17),BARNSTABLE,September,Sunday,State Highway,Urban,42.43986667,-71.43213611,Utility Pole/Light Support,The First Harmful Event was Not a Collision with a Motor Vehicle in Transport,Dark - Lighted,Clear
Massachusetts,250266,3,PLYMOUTH (23),HANOVER,November,Friday,State Highway,Urban,42.11683889,-70.81172778,Motor Vehicle In-Transport,Angle,Dark - Lighted,Clear
Massachusetts,250267,1,HAMPDEN (13),SPRINGFIELD,November,Saturday,Interstate,Urban,42.15177778,-72.55000556,Guardrail Face,The First Harmful Event was Not a Collision with a Motor Vehicle in Transport,Dark - Lighted,Clear
Massachusetts,250268,3,BRISTOL (5),FREETOWN,November,Sunday,State Highway,Urban,41.80166111,-70.97165,Guardrail Face,The First Harmful Event was Not a Collision with a Motor Vehicle in Transport,Dark - Not Lighted,Clear
Massachusetts,250269,1,BRISTOL (5),FREETOWN,November,Tuesday,State Highway,Urban,41.79533056,-71.07771389,Tree (Standing Only),The First Harmful Event was Not a Collision with a Motor Vehicle in Transport,Dark - Lighted,Cloudy
Massachusetts,250272,1,PLYMOUTH (23),WEST BRIDGEWATER,November,Friday,State Highway,Urban,42.014375,-71.01183611,Tree (Standing Only),The First Harmful Event was Not a Collision with a Motor Vehicle in Transport,Dark - Not Lighted,Clear
Massachusetts,250274,4,BRISTOL (5),TOWN OF DIGHTON,November,Friday,State Highway,Urban,41.87148889,-71.05580556,Motor Vehicle In-Transport,Angle,Dark - Lighted,Clear
Massachusetts,250275,1,WORCESTER (27),MILFORD,November,Tuesday,Interstate,Urban,42.14345556,-71.51705278,Guardrail Face,The First Harmful Event was Not a Collision with a Motor Vehicle in Transport,Dawn,Rain
Massachusetts,250276,1,ESSEX (9),DANVERS,November,Tuesday,U.S. Highway,Urban,42.60316944,-70.95909167,Ditch,The First Harmful Event was Not a Collision with a Motor Vehicle in Transport,Daylight,Cloudy
Massachusetts,250278,1,PLYMOUTH (23),WAREHAM,November,Saturday,State Highway,Urban,41.80718611,-70.77155833,Embankment,The First Harmful Event was Not a Collision with a Motor Vehicle in Transport,Daylight,Clear
Massachusetts,250281,2,BRISTOL (5),SWANSEA,November,Friday,U.S. Highway,Urban,41.75093333,-71.22555278,Motor Vehicle In-Transport,Angle,Daylight,Cloudy
Massachusetts,250282,1,WORCESTER (27),WORCESTER,November,Tuesday,State Highway,Urban,42.26627222,-71.81862778,Pedestrian,The First Harmful Event was Not a Collision with a Motor Vehicle in Transport,Dusk,Clear
Massachusetts,250283,2,NORFOLK (21),CANTON,October,Wednesday,Interstate,Urban,42.20626111,-71.14225,Motor Vehicle In-Transport,Rear-to-Rear,Daylight,"Fog, Smog, Smoke"
Massachusetts,250284,1,HAMPDEN (13),WEST SPRINGFIELD,October,Monday,State Highway,Urban,42.09685,-72.59928611,Pedestrian,The First Harmful Event was Not a Collision with a Motor Vehicle in Transport,Dark - Not Lighted,Clear
Massachusetts,250286,1,NORFOLK (21),DEDHAM,November,Thursday,State Highway,Urban,42.26804722,-71.17679444,Pedestrian,The First Harmful Event was Not a Collision with a Motor Vehicle in Transport,Dark - Not Lighted,Rain
Massachusetts,250289,2,ESSEX (9),PEABODY,November,Tuesday,State Highway,Urban,42.54665556,-70.94834444,Pedalcyclist,The First Harmful Event was Not a Collision with a Motor Vehicle in Transport,Dark - Lighted,Cloudy
Massachusetts,250292,1,WORCESTER (27),WORCESTER,November,Wednesday,State Highway,Urban,42.2609,-71.81630278,Parked Motor Vehicle,The First Harmful Event was Not a Collision with a Motor Vehicle in Transport,Dark - Lighted,Clear