State,Case Number,Persons,County,City,Month,Day,Route,Rural/Urban,Latitude,Longitude,First Harmful Event,Manner of Collision,Light Conditions,Weather
Michigan,260601,2,MIDLAND (111),EDENVILLE,September,Monday,County Road,Urban,43.77251667,-84.38714722,Rollover/Overturn,The First Harmful Event was Not a Collision with a Motor Vehicle in Transport,Daylight,Clear
Michigan,260602,5,WAYNE (163),DETROIT,September,Saturday,Local Street - Municipality,Urban,42.40960833,-83.16533611,Motor Vehicle In-Transport,Angle,Daylight,Cloudy
Michigan,260605,6,ALLEGAN (5),OVERISEL,September,Saturday,County Road,Rural,42.739375,-85.9691,Motor Vehicle In-Transport,Angle,Daylight,Clear
Michigan,260608,1,KALAMAZOO (77),RICHLAND,September,Thursday,State Highway,Rural,42.4095,-85.45511389,Tree (Standing Only),The First Harmful Event was Not a Collision with a Motor Vehicle in Transport,Daylight,Clear
Michigan,260612,2,MACOMB (99),CLINTON TOWNSHIP,October,Saturday,State Highway,Urban,42.62947778,-82.87606667,Rollover/Overturn,The First Harmful Event was Not a Collision with a Motor Vehicle in Transport,Daylight,Clear
Michigan,260616,3,WAYNE (163),DETROIT,October,Thursday,Local Street - Municipality,Urban,42.37083611,-83.06788056,Motor Vehicle In-Transport,Angle,Daylight,Cloudy
Michigan,260617,3,OAKLAND (125),PONTIAC,October,Saturday,State Highway,Urban,42.613575,-83.27341667,Curb,The First Harmful Event was Not a Collision with a Motor Vehicle in Transport,Daylight,Clear
Michigan,260618,1,GENESEE (49),FLINT,October,Wednesday,State Highway,Urban,42.99745,-83.65376111,Pedestrian,The First Harmful Event was Not a Collision with a Motor Vehicle in Transport,Dark - Lighted,Rain
Michigan,260619,6,WAYNE (163),DETROIT,October,Tuesday,Local Street - Municipality,Urban,42.37874167,-82.94789167,Motor Vehicle In-Transport,Angle,Daylight,Clear
Michigan,260620,2,OTTAWA (139),JAMESTOWN,October,Friday,County Road,Rural,42.81114722,-85.84205833,Motor Vehicle In-Transport,Angle,Daylight,Cloudy
Michigan,260621,1,MACOMB (99),WARREN,October,Saturday,Interstate,Urban,42.49096667,-83.07236111,Motor Vehicle In-Transport,Sideswipe - Same Direction,Dark - Lighted,Clear
Michigan,260623,1,MACOMB (99),STERLING HEIGHTS,October,Sunday,Local Street - Municipality,Urban,42.56553333,-83.08882778,Pedestrian,The First Harmful Event was Not a Collision with a Motor Vehicle in Transport,Dark - Not Lighted,Cloudy
Michigan,260624,3,KENT (81),GRAND RAPIDS,October,Friday,U.S. Highway,Urban,42.95538889,-85.67138889,Motor Vehicle In-Transport,Front-to-Rear,Dawn,Clear
Michigan,260625,2,MACOMB (99),WARREN,October,Saturday,State Highway,Urban,42.44732222,-83.08335,Pedestrian,The First Harmful Event was Not a Collision with a Motor Vehicle in Transport,Dark - Lighted,Clear
Michigan,260630,3,KENT (81),WYOMING,October,Thursday,Local Street - Municipality,Urban,42.89891944,-85.70478889,Motor Vehicle In-Transport,Angle,Dusk,Clear
Michigan,260631,1,OTTAWA (139),GRAND HAVEN,October,Wednesday,Local Street - Municipality,Urban,43.04476389,-86.20746389,Pedestrian,The First Harmful Event was Not a Collision with a Motor Vehicle in Transport,Dark - Lighted,Rain
Michigan,260632,2,WAYNE (163),DETROIT,October,Wednesday,Local Street - Municipality,Urban,42.37739722,-83.08557778,Motor Vehicle In-Transport,Angle,Daylight,Clear
Michigan,260634,2,LAPEER (87),ATTICA,October,Wednesday,County Road,Rural,43.06240556,-83.17436667,Motor Vehicle In-Transport,Front-to-Rear,Daylight,Clear
Michigan,260635,2,LENAWEE (91),PALMYRA,October,Friday,County Road,Rural,41.82549167,-83.96982222,Motor Vehicle In-Transport,Front-to-Front,Dark - Not Lighted,Clear
Michigan,260637,6,MACOMB (99),SAINT CLAIR SHORES,October,Tuesday,Interstate,Urban,42.53560556,-82.90315556,Motor Vehicle In-Transport,Front-to-Rear,Dark - Not Lighted,Cloudy
Michigan,260638,1,OAKLAND (125),FARMINGTON HILLS,October,Saturday,Interstate,Urban,42.45441111,-83.43111667,Ditch,The First Harmful Event was Not a Collision with a Motor Vehicle in Transport,Daylight,Clear
Michigan,260639,1,WAYNE (163),DETROIT,September,Tuesday,Local Street - Municipality,Urban,42.37931389,-83.17820278,Rollover/Overturn,The First Harmful Event was Not a Collision with a Motor Vehicle in Transport,Dark - Unknown Lighting,Reported as Unknown
Michigan,260642,2,INGHAM (65),LANSING,October,Friday,State Highway,Urban,42.74085,-84.53589444,Pedestrian,The First Harmful Event was Not a Collision with a Motor Vehicle in Transport,Dark - Lighted,Rain
Michigan,260644,2,MUSKEGON (121),MUSKEGON,October,Thursday,Local Street - Municipality,Urban,43.21965833,-86.23748056,Motor Vehicle In-Transport,Angle,Daylight,Clear
Michigan,260645,1,MACOMB (99),CHESTERFIELD TOWNSHIP,October,Friday,State Highway,Urban,42.67196667,-82.83535833,Pedalcyclist,The First Harmful Event was Not a Collision with a Motor Vehicle in Transport,Dark - Not Lighted,Clear
Michigan,260647,1,IOSCO (69),WHITTEMORE,October,Tuesday,State Highway,Rural,44.233675,-83.8033,Pedestrian,The First Harmful Event was Not a Collision with a Motor Vehicle in Transport,Daylight,Clear
Michigan,260650,2,WAYNE (163),DETROIT,October,Friday,State Highway,Urban,42.36840278,-83.07205833,Other Fixed Object,The First Harmful Event was Not a Collision with a Motor Vehicle in Transport,Dark - Lighted,Rain
Michigan,260651,1,WAYNE (163),DEARBORN HEIGHTS,October,Saturday,U.S. Highway,Urban,42.32920833,-83.27251389,Pedestrian,The First Harmful Event was Not a Collision with a Motor Vehicle in Transport,Dark - Lighted,Clear
Michigan,260652,2,WAYNE (163),DETROIT,October,Tuesday,State Highway,Urban,42.39302778,-83.12202778,Motor Vehicle In-Transport,Angle,Daylight,Clear
Michigan,260653,1,CHIPPEWA (33),PICKFORD,October,Saturday,State Highway,Rural,46.10501111,-84.25929167,Culvert,The First Harmful Event was Not a Collision with a Motor Vehicle in Transport,Dark - Not Lighted,Clear
Michigan,260654,1,WAYNE (163),DETROIT,October,Thursday,Local Street - Municipality,Urban,42.416125,-83.1993,Pedestrian,The First Harmful Event was Not a Collision with a Motor Vehicle in Transport,Dark - Lighted,Clear
Michigan,260655,2,KALAMAZOO (77),OSHTEMO,October,Thursday,State Highway,Urban,42.29610278,-85.65786111,Motor Vehicle In-Transport,Front-to-Front,Dark - Lighted,Cloudy
Michigan,260656,1,IRON (71),STAMBAUGH,October,Saturday,County Road,Rural,46.09120556,-88.91441111,Tree (Standing Only),The First Harmful Event was Not a Collision with a Motor Vehicle in Transport,Dark - Not Lighted,Snow
Michigan,260657,3,WAYNE (163),HIGHLAND PARK,October,Saturday,State Highway,Urban,42.40331667,-83.09607778,Concrete Traffic Barrier,The First Harmful Event was Not a Collision with a Motor Vehicle in Transport,Dark - Lighted,Clear
Michigan,260658,3,INGHAM (65),EAST LANSING,October,Friday,Local Street - Municipality,Urban,42.71181111,-84.46206111,Motor Vehicle In-Transport,Angle,Dawn,Clear
Michigan,260660,1,WAYNE (163),DETROIT,June,Wednesday,Local Street - Municipality,Urban,42.41570556,-82.94361944,Building,The First Harmful Event was Not a Collision with a Motor Vehicle in Transport,Daylight,Clear
Michigan,260661,3,WAYNE (163),DETROIT,July,Monday,Local Street - Municipality,Urban,42.4347,-82.96148333,Motor Vehicle In-Transport,Angle,Dark - Lighted,Clear
Michigan,260663,1,OCEANA (127),ROTHBURY,August,Sunday,Local Street - Municipality,Rural,43.52194167,-86.36869722,Tree (Standing Only),The First Harmful Event was Not a Collision with a Motor Vehicle in Transport,Daylight,"Fog, Smog, Smoke"
Michigan,260664,2,WAYNE (163),VAN BOWEN,September,Tuesday,County Road,Urban,42.24751667,-83.52385833,Motor Vehicle In-Transport,Angle,Daylight,Cloudy
Michigan,260668,1,MACOMB (99),WARREN,September,Friday,Local Street - Municipality,Urban,42.50621667,-83.04635278,Pedalcyclist,The First Harmful Event was Not a Collision with a Motor Vehicle in Transport,Dark - Lighted,Rain
Michigan,260670,3,WAYNE (163),DEARBORN,September,Friday,U.S. Highway,Urban,42.32496111,-83.27274444,Motor Vehicle In-Transport,Sideswipe - Same Direction,Dark - Lighted,Rain
Michigan,260672,3,GRAND TRAVERSE (55),ACME,October,Tuesday,State Highway,Urban,44.77348333,-85.50054167,Motor Vehicle In-Transport,Angle,Daylight,Rain
Michigan,260673,1,OAKLAND (125),WHITE LAKE,September,Saturday,State Highway,Urban,42.64949444,-83.50025,Pedestrian,The First Harmful Event was Not a Collision with a Motor Vehicle in Transport,Dark - Not Lighted,Clear
Michigan,260674,1,WAYNE (163),TRENTON,October,Sunday,Local Street - Municipality,Urban,42.15606944,-83.17733889,Railway Vehicle,The First Harmful Event was Not a Collision with a Motor Vehicle in Transport,Daylight,Cloudy
Michigan,260675,2,MACOMB (99),RAY TOWNSHIP,October,Tuesday,County Road,Rural,42.79484722,-82.88295833,Live Animal,The First Harmful Event was Not a Collision with a Motor Vehicle in Transport,Dawn,Clear
Michigan,260676,3,KALAMAZOO (77),OSHTEMO,October,Monday,County Road,Urban,42.2591,-85.67759722,Motor Vehicle In-Transport,Angle,Daylight,Cloudy
Michigan,260678,3,MACOMB (99),SHELBY,October,Thursday,County Road,Urban,42.65795556,-83.06453611,Motor Vehicle In-Transport,Sideswipe - Opposite Direction,Daylight,Cloudy
Michigan,260680,1,KENT (81),GRAND RAPIDS,October,Sunday,Local Street - Municipality,Urban,42.95846111,-85.63989722,Building,The First Harmful Event was Not a Collision with a Motor Vehicle in Transport,Dark - Lighted,Clear
Michigan,260682,2,OAKLAND (125),TROY,October,Friday,Local Street - Municipality,Urban,42.551375,-83.18639167,Pedestrian,The First Harmful Event was Not a Collision with a Motor Vehicle in Transport,Dark - Not Lighted,Clear
Michigan,260686,1,KALAMAZOO (77),PORTAGE,October,Tuesday,Local Street - Municipality,Urban,42.22385833,-85.54050833,Pedestrian,The First Harmful Event was Not a Collision with a Motor Vehicle in Transport,Dark - Not Lighted,Clear
Michigan,260687,1,INGHAM (65),LANSING,October,Friday,State Highway,Urban,42.6787,-84.54802222,Pedestrian,The First Harmful Event was Not a Collision with a Motor Vehicle in Transport,Daylight,Clear
Michigan,260688,1,KENT (81),GRAND RAPIDS,October,Saturday,Local Street - Municipality,Urban,42.96088889,-85.67351944,Pedestrian,The First Harmful Event was Not a Collision with a Motor Vehicle in Transport,Dark - Lighted,Clear
Michigan,260690,3,JACKSON (75),JACKSON,October,Friday,Local Street - Municipality,Urban,42.26790833,-84.43068611,Motor Vehicle In-Transport,Angle,Daylight,Clear
Michigan,260691,2,GENESEE (49),FLINT TOWNSHIP,October,Friday,Interstate,Urban,42.984625,-83.73518611,Embankment,The First Harmful Event was Not a Collision with a Motor Vehicle in Transport,Dark - Not Lighted,Cloudy
Michigan,260695,3,OAKLAND (125),FARMINGTON HILLS,October,Monday,Local Street - Municipality,Urban,42.51253889,-83.40281944,Motor Vehicle In-Transport,Angle,Daylight,Clear
Michigan,260697,1,WAYNE (163),GROSSE POINTE,October,Thursday,Local Street - Municipality,Urban,42.38397222,-82.90764444,Pedalcyclist,The First Harmful Event was Not a Collision with a Motor Vehicle in Transport,Dark - Lighted,Clear
Michigan,260699,2,WAYNE (163),HARPER WOODS,October,Sunday,Interstate,Urban,42.44806389,-82.91652778,Other Fixed Object,The First Harmful Event was Not a Collision with a Motor Vehicle in Transport,Dark - Lighted,Rain
Michigan,260700,1,LAPEER (87),IMLAY CITY,October,Thursday,State Highway,Rural,43.01550278,-83.07186944,Tree (Standing Only),The First Harmful Event was Not a Collision with a Motor Vehicle in Transport,Dark - Lighted,Clear
Michigan,260701,6,WAYNE (163),DETROIT,October,Monday,State Highway,Urban,42.39265556,-83.19835278,Motor Vehicle In-Transport,Angle,Daylight,Clear
Michigan,260716,1,WAYNE (163),TAYLOR,October,Wednesday,U.S. Highway,Urban,42.18403333,-83.26726667,Pedestrian,The First Harmful Event was Not a Collision with a Motor Vehicle in Transport,Dark - Lighted,Rain
Michigan,260719,1,MACOMB (99),FRASER,October,Tuesday,Local Street - Municipality,Urban,42.55316944,-82.96644167,Pedestrian,The First Harmful Event was Not a Collision with a Motor Vehicle in Transport,Daylight,Cloudy
Michigan,260721,1,WAYNE (163),DETROIT,November,Monday,Local Street - Municipality,Urban,42.36531111,-83.01062778,Pedestrian,The First Harmful Event was Not a Collision with a Motor Vehicle in Transport,Dark - Lighted,Snow
Michigan,260723,2,INGHAM (65),EAST LANSING,November,Saturday,Local Street - Municipality,Urban,42.77566389,-84.50469722,Motor Vehicle In-Transport,Front-to-Front,Daylight,Clear
Michigan,260726,2,MACOMB (99),CLINTON TOWNSHIP,November,Sunday,State Highway,Urban,42.57427778,-82.90841111,Motor Vehicle In-Transport,Angle,Dusk,Cloudy
Michigan,260729,2,WAYNE (163),DETROIT,November,Monday,State Highway,Urban,42.38265,-83.21752222,Pedestrian,The First Harmful Event was Not a Collision with a Motor Vehicle in Transport,Dark - Lighted,Clear
Michigan,260731,3,CALHOUN (25),SPRINGFIELD,October,Wednesday,State Highway,Urban,42.33021667,-85.26765833,Pedestrian,The First Harmful Event was Not a Collision with a Motor Vehicle in Transport,Dark - Lighted,Rain
Michigan,260733,2,MUSKEGON (121),MUSKEGON,October,Saturday,Local Street - Municipality,Urban,43.24106389,-86.20409444,Fell/Jumped from Vehicle,The First Harmful Event was Not a Collision with a Motor Vehicle in Transport,Dark - Not Lighted,Clear
Michigan,260735,1,MUSKEGON (121),NORTON SHORES,November,Sunday,State Highway,Urban,43.18954167,-86.25508056,Pedestrian,The First Harmful Event was Not a Collision with a Motor Vehicle in Transport,Dark - Not Lighted,Cloudy
Michigan,260737,7,LIVINGSTON (93),HARTLAND,November,Wednesday,County Road,Rural,42.67254167,-83.75948889,Motor Vehicle In-Transport,Front-to-Rear,Dark - Not Lighted,Clear
Michigan,260738,2,HILLSDALE (59),HILLSDALE,October,Wednesday,County Road,Rural,41.912675,-84.67045833,Motor Vehicle In-Transport,Angle,Daylight,Rain
Michigan,260739,2,WAYNE (163),CANTON TOWNSHIP,November,Sunday,Interstate,Urban,42.29250556,-83.44399167,Motor Vehicle In-Transport,Front-to-Rear,Dark - Not Lighted,Cloudy
Michigan,260751,3,JACKSON (75),LEONI,November,Tuesday,Interstate,Rural,42.29166111,-84.26468333,Motor Vehicle In-Transport,Front-to-Rear,Daylight,Cloudy
Michigan,260753,2,GENESEE (49),FLINT TOWNSHIP,November,Sunday,State Highway,Urban,43.00191667,-83.78261667,Motor Vehicle In-Transport,Angle,Daylight,Clear
Michigan,260754,2,MACOMB (99),CLINTON TOWNSHIP,November,Wednesday,County Road,Urban,42.55395556,-82.95036944,Utility Pole/Light Support,The First Harmful Event was Not a Collision with a Motor Vehicle in Transport,Dark - Not Lighted,Clear
Michigan,260755,2,GRAND TRAVERSE (55),TRAVERSE CITY,November,Saturday,U.S. Highway,Urban,44.76415,-85.6058,Pedestrian,The First Harmful Event was Not a Collision with a Motor Vehicle in Transport,Dark - Lighted,Clear
Michigan,260757,2,MACOMB (99),CLINTON TOWNSHIP,November,Saturday,State Highway,Urban,42.57640833,-82.88774444,Tree (Standing Only),The First Harmful Event was Not a Collision with a Motor Vehicle in Transport,Daylight,Cloudy
Michigan,260759,2,KENT (81),WYOMING,November,Wednesday,State Highway,Urban,42.91318056,-85.67104722,Pedestrian,The First Harmful Event was Not a Collision with a Motor Vehicle in Transport,Dark - Lighted,Rain
Michigan,260760,3,MACOMB (99),WARREN,February,Sunday,State Highway,Urban,42.47871667,-82.98053889,Pedalcyclist,The First Harmful Event was Not a Collision with a Motor Vehicle in Transport,Dark - Lighted,Cloudy
Michigan,260762,2,MACOMB (99),WARREN,June,Wednesday,Local Street - Municipality,Urban,42.45870278,-82.98600833,Pedestrian,The First Harmful Event was Not a Collision with a Motor Vehicle in Transport,Dark - Lighted,Cloudy
Michigan,260763,1,BARAGA (13),BARAGA,June,Saturday,Local Street - Municipality,Rural,46.77771111,-88.48923056,Pedestrian,The First Harmful Event was Not a Collision with a Motor Vehicle in Transport,Dark - Lighted,Clear
Michigan,260764,3,MACOMB (99),WARREN,July,Friday,Local Street - Municipality,Urban,42.52153611,-83.00140556,Motor Vehicle In-Transport,Angle,Daylight,Clear
Michigan,260767,1,WAYNE (163),DETROIT,November,Sunday,Local Street - Municipality,Urban,42.31136667,-83.09780833,Utility Pole/Light Support,The First Harmful Event was Not a Collision with a Motor Vehicle in Transport,Dark - Lighted,Clear
Michigan,260771,1,MACOMB (99),LENOX,July,Thursday,County Road,Urban,42.73987222,-82.73078889,Pedalcyclist,The First Harmful Event was Not a Collision with a Motor Vehicle in Transport,Dawn,Clear
Michigan,260772,1,OAKLAND (125),SOUTHFIELD,September,Tuesday,Local Street - Municipality,Urban,42.47314722,-83.23129444,Pedestrian,The First Harmful Event was Not a Collision with a Motor Vehicle in Transport,Dark - Not Lighted,Clear
Michigan,260774,1,WAYNE (163),DETROIT,October,Sunday,State Highway,Urban,42.39283889,-83.10592222,Concrete Traffic Barrier,The First Harmful Event was Not a Collision with a Motor Vehicle in Transport,Dark - Lighted,Rain
Michigan,260775,2,MACOMB (99),WARREN,November,Monday,State Highway,Urban,42.52646944,-83.02908056,Motor Vehicle In-Transport,Angle,Dawn,Cloudy
Michigan,260776,3,MACOMB (99),SHELBY,October,Monday,County Road,Urban,42.712475,-83.06612778,Motor Vehicle In-Transport,Angle,Daylight,Cloudy
Michigan,260777,1,WAYNE (163),WESTLAND,November,Monday,Local Street - Municipality,Urban,42.34357778,-83.33252222,Guardrail End,The First Harmful Event was Not a Collision with a Motor Vehicle in Transport,Daylight,Snow
Michigan,260778,1,OAKLAND (125),TROY,November,Thursday,Local Street - Municipality,Urban,42.55806389,-83.10799444,Non-Motorist on Personal Conveyance,The First Harmful Event was Not a Collision with a Motor Vehicle in Transport,Dark - Lighted,Clear
Michigan,260779,1,BERRIEN (21),BENTON HARBOR,October,Friday,State Highway,Urban,42.11780556,-86.43787222,Pedestrian,The First Harmful Event was Not a Collision with a Motor Vehicle in Transport,Dark - Not Lighted,Clear
Michigan,260780,1,OAKLAND (125),MADISON HEIGHTS,October,Tuesday,Local Street - Municipality,Urban,42.49940556,-83.08541389,Pedestrian,The First Harmful Event was Not a Collision with a Motor Vehicle in Transport,Dark - Lighted,Clear
Michigan,260781,2,KALAMAZOO (77),PORTAGE,November,Wednesday,Interstate,Urban,42.24300556,-85.56545,Pedestrian,The First Harmful Event was Not a Collision with a Motor Vehicle in Transport,Dark - Not Lighted,Clear
Michigan,260782,3,EATON (45),DELTA MILLS,November,Saturday,County Road,Urban,42.75323333,-84.68140556,Motor Vehicle In-Transport,Angle,Dark - Lighted,Cloudy
Michigan,260784,1,WASHTENAW (161),ANN ARBOR,November,Sunday,State Highway,Urban,42.25772222,-83.70041389,Utility Pole/Light Support,The First Harmful Event was Not a Collision with a Motor Vehicle in Transport,Daylight,Clear
Michigan,260785,1,WASHTENAW (161),NORTHFIELD TOWNSHIP,November,Friday,County Road,Rural,42.42126667,-83.69440833,Tree (Standing Only),The First Harmful Event was Not a Collision with a Motor Vehicle in Transport,Daylight,Clear
Michigan,260786,2,GENESEE (49),FENTON,November,Sunday,Local Street - Municipality,Urban,42.78968056,-83.74081111,Non-Motorist on Personal Conveyance,The First Harmful Event was Not a Collision with a Motor Vehicle in Transport,Dark - Not Lighted,Clear
Michigan,260787,3,KENT (81),WALKER,November,Wednesday,State Highway,Urban,42.95405833,-85.77600278,Motor Vehicle In-Transport,Sideswipe - Opposite Direction,Daylight,Rain
Michigan,260788,3,KENT (81),KENTWOOD,November,Wednesday,State Highway,Urban,42.91256667,-85.59459444,Motor Vehicle In-Transport,Angle,Daylight,Sleet or Hail
Michigan,260791,1,WAYNE (163),WAYNE,November,Saturday,Local Street - Municipality,Urban,42.281925,-83.36317778,Railway Vehicle,The First Harmful Event was Not a Collision with a Motor Vehicle in Transport,Dark - Lighted,Clear
Michigan,260793,4,WAYNE (163),DEARBORN HEIGHTS,November,Saturday,Local Street - Municipality,Urban,42.27705278,-83.23138611,Motor Vehicle In-Transport,Angle,Daylight,Clear
Michigan,260795,2,KENT (81),GRAND RAPIDS,October,Thursday,Local Street - Municipality,Urban,42.94176944,-85.67648889,Working Motor Vehicle,The First Harmful Event was Not a Collision with a Motor Vehicle in Transport,Daylight,Clear
Michigan,260797,1,OAKLAND (125),FARMINGTON HILLS,December,Monday,Local Street - Municipality,Urban,42.44983333,-83.38823611,Pedestrian,The First Harmful Event was Not a Collision with a Motor Vehicle in Transport,Dark - Not Lighted,Clear
Michigan,260798,1,ARENAC (11),OMER,December,Monday,U.S. Highway,Rural,44.04767222,-83.85444167,Pedestrian,The First Harmful Event was Not a Collision with a Motor Vehicle in Transport,Dark - Not Lighted,Cloudy
Michigan,260801,2,MACOMB (99),"MACOMB, TOWNSHIP",December,Sunday,State Highway,Urban,42.62845,-82.91676111,Curb,The First Harmful Event was Not a Collision with a Motor Vehicle in Transport,Dark - Lighted,Clear
Michigan,260802,2,GENESEE (49),SWARTZ CREEK,December,Tuesday,Local Street - Municipality,Urban,42.95934167,-83.83075,Motor Vehicle In-Transport,Angle,Daylight,Snow
Michigan,260803,3,MACOMB (99),SAINT CLAIR SHORES,December,Tuesday,Interstate,Urban,42.50277778,-82.91783333,Motor Vehicle In-Transport,Front-to-Rear,Dark - Lighted,Cloudy
Michigan,260805,1,WAYNE (163),DETROIT,December,Wednesday,U.S. Highway,Urban,42.41450833,-83.27694722,Pedestrian,The First Harmful Event was Not a Collision with a Motor Vehicle in Transport,Daylight,Clear
Michigan,260808,1,KENT (81),GRAND RAPIDS,December,Monday,Local Street - Municipality,Urban,42.93925278,-85.64248056,Utility Pole/Light Support,The First Harmful Event was Not a Collision with a Motor Vehicle in Transport,Dark - Lighted,Clear
Michigan,260811,2,KENT (81),KENTWOOD,December,Tuesday,State Highway,Urban,42.91615833,-85.58371389,Pedestrian,The First Harmful Event was Not a Collision with a Motor Vehicle in Transport,Dark - Not Lighted,Cloudy
Michigan,260814,1,GENESEE (49),FLINT,December,Tuesday,Interstate,Urban,43.03053611,-83.67795278,Concrete Traffic Barrier,The First Harmful Event was Not a Collision with a Motor Vehicle in Transport,Dusk,Cloudy
Michigan,260815,2,WAYNE (163),REDFORD TOWNSHIP,December,Thursday,U.S. Highway,Urban,42.37113333,-83.27584722,Motor Vehicle In-Transport,Front-to-Rear,Daylight,Clear
Michigan,260824,4,BERRIEN (21),SAINT JOSEPH,December,Sunday,State Highway,Urban,42.10907778,-86.47602778,Rollover/Overturn,The First Harmful Event was Not a Collision with a Motor Vehicle in Transport,Dark - Lighted,Clear
Michigan,260825,2,WAYNE (163),DETROIT,October,Monday,Local Street - Municipality,Urban,42.40438889,-82.96100278,Fence,The First Harmful Event was Not a Collision with a Motor Vehicle in Transport,Daylight,Clear
Michigan,260830,4,WAYNE (163),DETROIT,December,Sunday,State Highway,Urban,42.33560278,-83.06473611,Motor Vehicle In-Transport,Front-to-Front,Dark - Lighted,Clear
Michigan,260831,3,WAYNE (163),DETROIT,September,Saturday,Local Street - Municipality,Urban,42.44795833,-83.03449722,Motor Vehicle In-Transport,Angle,Dark - Lighted,Clear
Michigan,260832,1,OAKLAND (125),SOUTHFIELD,September,Tuesday,U.S. Highway,Urban,42.48264722,-83.28528333,Pedestrian,The First Harmful Event was Not a Collision with a Motor Vehicle in Transport,Dark - Not Lighted,Clear
Michigan,260833,3,MACOMB (99),STERLING HEIGHTS,October,Tuesday,Local Street - Municipality,Urban,42.62024722,-83.09125278,Motor Vehicle In-Transport,Angle,Daylight,Clear
Michigan,260834,3,WAYNE (163),DETROIT,November,Friday,Interstate,Urban,42.38365278,-83.17604722,Motor Vehicle In-Transport,Sideswipe - Same Direction,Daylight,Clear
Michigan,260837,1,MACOMB (99),WARREN,November,Friday,State Highway,Urban,42.45241944,-83.02561667,Pedestrian,The First Harmful Event was Not a Collision with a Motor Vehicle in Transport,Dark - Lighted,Clear
Michigan,260838,2,OTSEGO (137),GAYLORD,December,Sunday,Interstate,Urban,45.02703056,-84.688125,Motor Vehicle In-Transport,Front-to-Front,Daylight,Clear
Michigan,260839,1,WASHTENAW (161),ANN ARBOR,November,Saturday,State Highway,Urban,42.27641944,-83.73314722,Curb,The First Harmful Event was Not a Collision with a Motor Vehicle in Transport,Dark - Lighted,Cloudy
Michigan,260841,1,OAKLAND (125),FARMINGTON HILLS,December,Saturday,Local Street - Municipality,Urban,42.51428056,-83.33988889,Pedalcyclist,The First Harmful Event was Not a Collision with a Motor Vehicle in Transport,Daylight,Clear
Michigan,260844,8,WAYNE (163),DETROIT,December,Saturday,State Highway,Urban,42.40076389,-83.00015556,Motor Vehicle In-Transport,Front-to-Front,Dark - Lighted,Clear
Michigan,260846,3,WAYNE (163),DETROIT,October,Monday,State Highway,Urban,42.37885556,-83.01464444,Motor Vehicle In-Transport,Front-to-Rear,Dark - Lighted,Rain
Michigan,260853,1,WAYNE (163),DETROIT,December,Friday,Local Street - Municipality,Urban,42.42027222,-82.93915,Pedestrian,The First Harmful Event was Not a Collision with a Motor Vehicle in Transport,Dark - Not Lighted,Clear
Michigan,260854,4,BERRIEN (21),GRAND BEACH,November,Wednesday,U.S. Highway,Urban,41.76368333,-86.79568056,Motor Vehicle In-Transport,Front-to-Rear,Dark - Not Lighted,Clear
Michigan,260856,1,ST. CLAIR (147),FORT GRATIOT,December,Wednesday,County Road,Urban,43.08156944,-82.478175,Tree (Standing Only),The First Harmful Event was Not a Collision with a Motor Vehicle in Transport,Daylight,Cloudy
Michigan,260858,2,WAYNE (163),TAYLOR,December,Thursday,U.S. Highway,Urban,42.24094167,-83.26996667,Motor Vehicle In-Transport,Angle,Dark - Lighted,Clear
Michigan,260859,1,MACOMB (99),WARREN,December,Friday,Local Street - Municipality,Urban,42.47646944,-83.07783333,Pedestrian,The First Harmful Event was Not a Collision with a Motor Vehicle in Transport,Dark - Lighted,Clear
Michigan,260860,1,WAYNE (163),DETROIT,December,Thursday,Local Street - Municipality,Urban,42.40190833,-83.18535833,Pedestrian,The First Harmful Event was Not a Collision with a Motor Vehicle in Transport,Dark - Lighted,Clear
Michigan,260863,6,SAGINAW (145),SAGINAW,December,Monday,Local Street - Municipality,Urban,43.407475,-83.92503333,Motor Vehicle In-Transport,Angle,Daylight,Clear
Michigan,260864,2,IONIA (67),PORTLAND,September,Tuesday,Interstate,Urban,42.86106944,-84.90461667,Working Motor Vehicle,The First Harmful Event was Not a Collision with a Motor Vehicle in Transport,Dark - Lighted,Clear
Michigan,260868,1,WAYNE (163),DETROIT,December,Tuesday,State Highway,Urban,42.44713611,-83.07542778,Pedestrian,The First Harmful Event was Not a Collision with a Motor Vehicle in Transport,Dark - Lighted,Clear
Michigan,260870,2,WASHTENAW (161),ANN ARBOR,December,Tuesday,U.S. Highway,Urban,42.27580833,-83.67598889,Motor Vehicle In-Transport,Angle,Daylight,Clear
Michigan,260873,2,WAYNE (163),DETROIT,October,Wednesday,Interstate,Urban,42.43221667,-83.09490556,Tree (Standing Only),The First Harmful Event was Not a Collision with a Motor Vehicle in Transport,Dark - Lighted,Clear
Michigan,260876,1,WAYNE (163),DEARBORN,June,Monday,Local Street - Municipality,Urban,42.30002778,-83.23281944,Other Fixed Object,The First Harmful Event was Not a Collision with a Motor Vehicle in Transport,Dark - Lighted,Rain
Michigan,260877,1,OAKLAND (125),FARMINGTON HILLS,August,Sunday,Local Street - Municipality,Urban,42.49909167,-83.36373611,Pedestrian,The First Harmful Event was Not a Collision with a Motor Vehicle in Transport,Dark - Not Lighted,Clear