State,Case Number,Persons,County,City,Month,Day,Route,Rural/Urban,Latitude,Longitude,First Harmful Event,Manner of Collision,Light Conditions,Weather
Michigan,260878,1,OAKLAND (125),FARMINGTON HILLS,August,Sunday,Local Street - Municipality,Urban,42.49909167,-83.36348333,Pedestrian,The First Harmful Event was Not a Collision with a Motor Vehicle in Transport,Dark - Not Lighted,Clear
Michigan,260882,1,CALHOUN (25),BATTLE CREEK,January,Thursday,Local Street - Municipality,Urban,42.31661111,-85.18731389,Pedestrian,The First Harmful Event was Not a Collision with a Motor Vehicle in Transport,Dark - Lighted,Clear
Michigan,260883,1,WAYNE (163),DETROIT,February,Saturday,Local Street - Municipality,Urban,42.43326111,-82.960525,Pedestrian,The First Harmful Event was Not a Collision with a Motor Vehicle in Transport,Dark - Lighted,Rain
Michigan,260886,1,SAGINAW (145),SAGINAW,April,Sunday,Local Street - Municipality,Urban,43.42338333,-83.95545278,Rollover/Overturn,The First Harmful Event was Not a Collision with a Motor Vehicle in Transport,Daylight,Clear
Michigan,260887,2,KENT (81),GRAND RAPIDS,March,Friday,U.S. Highway,Urban,42.93814722,-85.67926667,Motor Vehicle In-Transport,Front-to-Rear,Daylight,Clear
Michigan,260888,3,GENESEE (49),FLINT,June,Sunday,Local Street - Municipality,Urban,43.05406389,-83.71136389,Motor Vehicle In-Transport,Sideswipe - Same Direction,Dark - Not Lighted,Clear
Michigan,260890,1,WAYNE (163),MELVINDALE,July,Monday,Local Street - Municipality,Urban,42.2928,-83.17837778,Fence,The First Harmful Event was Not a Collision with a Motor Vehicle in Transport,Daylight,Clear
Michigan,260892,1,WAYNE (163),DETROIT,May,Thursday,State Highway,Urban,42.37958889,-83.21719444,Concrete Traffic Barrier,The First Harmful Event was Not a Collision with a Motor Vehicle in Transport,Dark - Lighted,Clear
Michigan,260893,2,WAYNE (163),VAN BOWEN,September,Monday,County Road,Urban,42.19824444,-83.43920278,Motor Vehicle In-Transport,Angle,Daylight,Clear
Michigan,260894,2,OAKLAND (125),PONTIAC,July,Tuesday,Local Street - Municipality,Urban,42.60718056,-83.24805556,Motor Vehicle In-Transport,Angle,Daylight,Clear
Michigan,260896,2,GENESEE (49),FLINT,November,Monday,Local Street - Municipality,Urban,43.02346111,-83.69356944,Motor Vehicle In-Transport,Angle,Daylight,Clear
Michigan,260897,1,SCHOOLCRAFT (153),GERMFASK,July,Thursday,State Highway,Rural,46.32534722,-85.95288889,Rollover/Overturn,The First Harmful Event was Not a Collision with a Motor Vehicle in Transport,Reported as Unknown,Clear
Michigan,260898,1,BENZIE (19),FRANKFORT,September,Monday,State Highway,Rural,44.62065,-86.22080278,Rollover/Overturn,The First Harmful Event was Not a Collision with a Motor Vehicle in Transport,Daylight,Clear
Michigan,260899,3,MACOMB (99),FRASER,December,Monday,Local Street - Municipality,Urban,42.55332778,-82.96109167,Motor Vehicle In-Transport,Angle,Daylight,Clear
Michigan,260900,1,LIVINGSTON (93),HAMBURG,November,Friday,County Road,Urban,42.47177222,-83.83004444,Tree (Standing Only),The First Harmful Event was Not a Collision with a Motor Vehicle in Transport,Daylight,Clear
Michigan,260903,1,WAYNE (163),DETROIT,December,Thursday,Local Street - Municipality,Urban,42.35668056,-83.00448056,Pedestrian,The First Harmful Event was Not a Collision with a Motor Vehicle in Transport,Dusk,Clear
Michigan,260904,3,SHIAWASSEE (155),PERRY,January,Friday,State Highway,Rural,42.83593889,-84.21959167,Motor Vehicle In-Transport,Angle,Daylight,Cloudy
Minnesota,270003,2,RAMSEY (123),ROSEVILLE,January,Thursday,County Road,Urban,44.99186667,-93.10816667,Pedestrian,The First Harmful Event was Not a Collision with a Motor Vehicle in Transport,Dark - Lighted,Clear
Minnesota,270004,1,CARVER (19),WATERTOWN,January,Thursday,State Highway,Rural,44.96642778,-93.85196667,Non-Motorist on Personal Conveyance,The First Harmful Event was Not a Collision with a Motor Vehicle in Transport,Dark - Lighted,Cloudy
Minnesota,270005,5,RAMSEY (123),SAINT PAUL,January,Friday,County Road,Urban,44.94663889,-93.00503333,Pedestrian,The First Harmful Event was Not a Collision with a Motor Vehicle in Transport,Dark - Not Lighted,Clear
Minnesota,270007,1,DAKOTA (37),INVER GROVE HEIGHTS,January,Saturday,County Road,Urban,44.83353889,-93.05375833,Pedestrian,The First Harmful Event was Not a Collision with a Motor Vehicle in Transport,Dark - Unknown Lighting,Clear
Minnesota,270008,2,RAMSEY (123),NEW BRIGHTON,January,Sunday,Local Street - Municipality,Urban,45.05917778,-93.188075,Fence,The First Harmful Event was Not a Collision with a Motor Vehicle in Transport,Daylight,Cloudy
Minnesota,270011,2,WASHINGTON (163),SAINT PAUL PARK,January,Friday,County Road,Urban,44.84393056,-92.98409167,Pedestrian,The First Harmful Event was Not a Collision with a Motor Vehicle in Transport,Dark - Not Lighted,Clear
Minnesota,270012,4,DAKOTA (37),INVER GROVE HEIGHTS,January,Friday,State Highway,Urban,44.88120556,-93.087825,Motor Vehicle In-Transport,Front-to-Rear,Dark - Lighted,Clear
Minnesota,270013,2,STEARNS (145),SAUK CENTRE,January,Saturday,U.S. Highway,Rural,45.74904167,-94.93860833,Motor Vehicle In-Transport,Angle,Daylight,Cloudy
Minnesota,270014,3,MORRISON (97),RANDALL,January,Sunday,U.S. Highway,Rural,46.09313611,-94.50818889,Motor Vehicle In-Transport,Angle,Daylight,Clear
Minnesota,270016,3,ROCK (133),LUVERNE,January,Monday,State Highway,Rural,43.76725556,-96.40216944,Motor Vehicle In-Transport,Front-to-Front,Daylight,"Fog, Smog, Smoke"
Minnesota,270017,2,HENNEPIN (53),BROOKLYN PARK,January,Monday,State Highway,Urban,45.09418611,-93.28998611,Pedestrian,The First Harmful Event was Not a Collision with a Motor Vehicle in Transport,Dark - Lighted,Cloudy
Minnesota,270018,2,CARVER (19),CHASKA,January,Wednesday,U.S. Highway,Rural,44.77603333,-93.67056667,Motor Vehicle In-Transport,Angle,Daylight,Clear
Minnesota,270019,1,HENNEPIN (53),MAPLE GROVE,January,Thursday,State Highway,Urban,45.13038611,-93.43248333,Bridge Pier or Support,The First Harmful Event was Not a Collision with a Motor Vehicle in Transport,Dark - Lighted,Clear
Minnesota,270020,2,CHISAGO (25),CHISAGO CITY,January,Thursday,U.S. Highway,Urban,45.34788889,-92.91178056,Motor Vehicle In-Transport,Front-to-Front,Daylight,Clear
Minnesota,270030,1,SHERBURNE (141),ELK RIVER,February,Wednesday,U.S. Highway,Urban,45.30380278,-93.554725,Pedestrian,The First Harmful Event was Not a Collision with a Motor Vehicle in Transport,Dark - Lighted,Clear
Minnesota,270031,3,WABASHA (157),WABASHA,February,Tuesday,U.S. Highway,Rural,44.37081944,-92.04013056,Working Motor Vehicle,The First Harmful Event was Not a Collision with a Motor Vehicle in Transport,Dark - Lighted,Snow
Minnesota,270033,2,DAKOTA (37),FARMINGTON,February,Saturday,State Highway,Urban,44.64691667,-93.13663889,Pedestrian,The First Harmful Event was Not a Collision with a Motor Vehicle in Transport,Dark - Not Lighted,Cloudy
Minnesota,270036,3,SHERBURNE (141),ELK RIVER,February,Sunday,U.S. Highway,Rural,45.37204444,-93.5635,Motor Vehicle In-Transport,Angle,Dusk,Cloudy
Minnesota,270039,3,SHERBURNE (141),ELK RIVER,February,Tuesday,U.S. Highway,Urban,45.27506944,-93.54786111,Motor Vehicle In-Transport,Angle,Daylight,Clear
Minnesota,270040,5,GOODHUE (49),RED WING,February,Friday,U.S. Highway,Urban,44.56381667,-92.50354722,Motor Vehicle In-Transport,Angle,Daylight,Clear
Minnesota,270042,2,HENNEPIN (53),INDEPENDENCE,March,Saturday,U.S. Highway,Rural,45.03558056,-93.74366111,Motor Vehicle In-Transport,Angle,Daylight,Clear
Minnesota,270043,1,WASHINGTON (163),OAKDALE,March,Saturday,Interstate,Urban,44.95477778,-92.95888333,"Cargo/Equipment Loss, Shift, or Damage [harmful]",The First Harmful Event was Not a Collision with a Motor Vehicle in Transport,Daylight,Clear
Minnesota,270044,1,RAMSEY (123),MAPLEWOOD,March,Monday,County Road,Urban,45.03573056,-93.025525,Pedestrian,The First Harmful Event was Not a Collision with a Motor Vehicle in Transport,Daylight,Clear
Minnesota,270049,3,DAKOTA (37),BURNSVILLE,March,Monday,State Highway,Urban,44.78666667,-93.24921389,Motor Vehicle In-Transport,Front-to-Rear,Daylight,Clear
Minnesota,270051,1,CROW WING (35),PEQUOT LAKES,February,Sunday,State Highway,Rural,46.54478056,-94.30867778,Curb,The First Harmful Event was Not a Collision with a Motor Vehicle in Transport,Daylight,Cloudy
Minnesota,270055,1,RAMSEY (123),SAINT PAUL,March,Saturday,County Road,Urban,44.97733333,-93.08176944,Pedestrian,The First Harmful Event was Not a Collision with a Motor Vehicle in Transport,Dark - Lighted,Cloudy
Minnesota,270056,1,RAMSEY (123),SAINT PAUL,March,Thursday,Local Street - Municipality,Urban,44.94896111,-93.10724167,Pedestrian,The First Harmful Event was Not a Collision with a Motor Vehicle in Transport,Dark - Lighted,Clear
Minnesota,270059,3,CROW WING (35),BAXTER,March,Thursday,State Highway,Urban,46.35170278,-94.24650833,Pedestrian,The First Harmful Event was Not a Collision with a Motor Vehicle in Transport,Dark - Not Lighted,Clear
Minnesota,270062,5,HENNEPIN (53),MINNEAPOLIS,March,Sunday,Interstate,Urban,45.00173056,-93.28293333,Motor Vehicle In-Transport,Front-to-Front,Dark - Lighted,Snow
Minnesota,270063,6,WRIGHT (171),OTSEGO,March,Friday,County Road,Urban,45.28127222,-93.57715,Motor Vehicle In-Transport,Angle,Daylight,Clear
Minnesota,270064,3,RAMSEY (123),SAINT PAUL,April,Wednesday,State Highway,Urban,44.925225,-93.06566944,Motor Vehicle In-Transport,Angle,Dark - Lighted,Clear
Minnesota,270068,1,HENNEPIN (53),BLOOMINGTON,April,Friday,U.S. Highway,Urban,44.84898889,-93.39857222,Traffic Sign Support,The First Harmful Event was Not a Collision with a Motor Vehicle in Transport,Dark - Lighted,Clear
Minnesota,270069,3,HENNEPIN (53),GREENFIELD,April,Saturday,State Highway,Rural,45.08189167,-93.72897222,Traffic Sign Support,The First Harmful Event was Not a Collision with a Motor Vehicle in Transport,Daylight,Clear
Minnesota,270070,1,RAMSEY (123),SAINT PAUL,April,Saturday,County Road,Urban,44.96649167,-93.14674722,Bridge Pier or Support,The First Harmful Event was Not a Collision with a Motor Vehicle in Transport,Dark - Lighted,Clear
Minnesota,270072,4,CARVER (19),WACONIA,April,Monday,State Highway,Urban,44.845,-93.77938889,Motor Vehicle In-Transport,Front-to-Front,Daylight,Cloudy
Minnesota,270076,3,HENNEPIN (53),MINNEAPOLIS,April,Wednesday,County Road,Urban,45.02394722,-93.28268611,Motor Vehicle In-Transport,Angle,Dark - Not Lighted,Cloudy
Minnesota,270077,1,HENNEPIN (53),PLYMOUTH,April,Friday,State Highway,Urban,44.99974444,-93.44184167,Pedestrian,The First Harmful Event was Not a Collision with a Motor Vehicle in Transport,Dark - Lighted,Clear
Minnesota,270083,1,WASHINGTON (163),OAKDALE,May,Friday,State Highway,Urban,45.02715556,-92.97146111,Pedalcyclist,The First Harmful Event was Not a Collision with a Motor Vehicle in Transport,Daylight,Clear
Minnesota,270085,1,RAMSEY (123),MAPLEWOOD,May,Saturday,U.S. Highway,Urban,45.008425,-93.05744444,Rollover/Overturn,The First Harmful Event was Not a Collision with a Motor Vehicle in Transport,Daylight,Clear
Minnesota,270088,2,NICOLLET (103),SAINT PETER,May,Wednesday,U.S. Highway,Urban,44.3137,-93.96565556,Motor Vehicle In-Transport,Angle,Daylight,Rain
Minnesota,270093,5,WASHINGTON (163),OAKDALE,May,Sunday,Interstate,Urban,44.97890556,-92.95941389,Pedestrian,The First Harmful Event was Not a Collision with a Motor Vehicle in Transport,Daylight,Clear
Minnesota,270105,2,WASHINGTON (163),COTTAGE GROVE,June,Saturday,Local Street - Municipality,Urban,44.84429167,-92.95966389,Motor Vehicle In-Transport,Sideswipe - Same Direction,Dark - Lighted,Clear
Minnesota,270108,1,HENNEPIN (53),BLOOMINGTON,June,Sunday,Local Street - Municipality,Urban,44.85883056,-93.29818333,Bridge Rail (Includes parapet),The First Harmful Event was Not a Collision with a Motor Vehicle in Transport,Daylight,Clear
Minnesota,270110,3,ST. LOUIS (137),DULUTH,May,Tuesday,County Road,Urban,46.75645833,-92.16271667,Motor Vehicle In-Transport,Front-to-Front,Daylight,Clear
Minnesota,270111,3,OLMSTED (109),ROCHESTER,June,Monday,County Road,Urban,44.07979167,-92.5015,Motor Vehicle In-Transport,Front-to-Front,Daylight,Clear
Minnesota,270112,1,WASHINGTON (163),PINE SPRINGS,June,Wednesday,State Highway,Urban,45.03606111,-92.945975,Pedalcyclist,The First Harmful Event was Not a Collision with a Motor Vehicle in Transport,Daylight,Clear
Minnesota,270113,1,CHIPPEWA (23),MONTEVIDEO,June,Wednesday,Local Street - Municipality,Urban,44.94888611,-95.72410278,Other Fixed Object,The First Harmful Event was Not a Collision with a Motor Vehicle in Transport,Dusk,Clear
Minnesota,270114,3,WASHINGTON (163),LAKE ELMO,June,Thursday,County Road,Urban,44.96338333,-92.88306944,Tree (Standing Only),The First Harmful Event was Not a Collision with a Motor Vehicle in Transport,Dark - Lighted,Clear
Minnesota,270117,6,ITASCA (61),NASHWAUK,June,Saturday,U.S. Highway,Rural,47.36985,-93.17013056,Motor Vehicle In-Transport,Angle,Daylight,Clear
Minnesota,270118,4,HENNEPIN (53),SAINT LOUIS PARK,June,Wednesday,Local Street - Municipality,Urban,44.95208889,-93.34292778,Motor Vehicle In-Transport,Angle,Daylight,Clear
Minnesota,270121,2,SCOTT (139),SHAKOPEE,June,Monday,County Road,Urban,44.76040278,-93.43935278,Motor Vehicle In-Transport,Front-to-Rear,Daylight,Clear
Minnesota,270125,4,WASHINGTON (163),WOODBURY,June,Thursday,Interstate,Urban,44.94875278,-92.93753333,Motor Vehicle In-Transport,Front-to-Rear,Daylight,Clear
Minnesota,270126,3,ANOKA (3),SAINT FRANCIS,June,Friday,County Road,Urban,45.386525,-93.26545833,Rollover/Overturn,The First Harmful Event was Not a Collision with a Motor Vehicle in Transport,Daylight,Clear
Minnesota,270129,3,HENNEPIN (53),MAPLE GROVE,June,Tuesday,County Road,Urban,45.08363889,-93.49790833,Motor Vehicle In-Transport,Angle,Daylight,Clear
Minnesota,270130,2,HENNEPIN (53),MINNETONKA MILLS,June,Thursday,County Road,Urban,44.91286389,-93.42796667,Motor Vehicle In-Transport,Angle,Daylight,Clear
Minnesota,270139,1,ANOKA (3),COON RAPIDS,June,Sunday,County Road,Urban,45.15132222,-93.29833611,Pedestrian,The First Harmful Event was Not a Collision with a Motor Vehicle in Transport,Dark - Lighted,Cloudy
Minnesota,270140,2,TODD (153),STAPLES,June,Friday,U.S. Highway,Rural,46.35437222,-94.78394167,Motor Vehicle In-Transport,Angle,Daylight,Clear
Minnesota,270142,1,RAMSEY (123),WHITE BEAR LAKE,July,Tuesday,County Road,Urban,45.05214444,-92.98473056,Non-Motorist on Personal Conveyance,The First Harmful Event was Not a Collision with a Motor Vehicle in Transport,Daylight,Clear
Minnesota,270143,2,ANOKA (3),HAM LAKE,July,Tuesday,County Road,Urban,45.22570278,-93.16301111,Motor Vehicle In-Transport,Angle,Daylight,Clear
Minnesota,270144,2,SHERBURNE (141),ELK RIVER,July,Wednesday,U.S. Highway,Urban,45.25523333,-93.51856111,Motor Vehicle In-Transport,Front-to-Rear,Daylight,Clear
Minnesota,270145,3,CHIPPEWA (23),MONTEVIDEO,May,Friday,State Highway,Urban,44.951725,-95.71716389,Motor Vehicle In-Transport,Angle,Daylight,Cloudy
Minnesota,270146,4,SCOTT (139),PRIOR LAKE,July,Wednesday,County Road,Urban,44.71466667,-93.42909722,Motor Vehicle In-Transport,Angle,Daylight,Clear
Minnesota,270148,1,HUBBARD (57),PARK RAPIDS,July,Saturday,County Road,Rural,46.92753611,-95.01608333,Fence,The First Harmful Event was Not a Collision with a Motor Vehicle in Transport,Daylight,Clear
Minnesota,270151,1,ST. LOUIS (137),DULUTH,July,Sunday,Interstate,Urban,46.790375,-92.09273056,Concrete Traffic Barrier,The First Harmful Event was Not a Collision with a Motor Vehicle in Transport,Dark - Lighted,Clear
Minnesota,270155,1,ST. LOUIS (137),HERMANTOWN,July,Friday,U.S. Highway,Urban,46.8341,-92.20651667,Pedalcyclist,The First Harmful Event was Not a Collision with a Motor Vehicle in Transport,Dark - Not Lighted,Clear
Minnesota,270157,1,CHISAGO (25),CENTER CITY,July,Wednesday,County Road,Urban,45.39179722,-92.81607778,Parked Motor Vehicle,The First Harmful Event was Not a Collision with a Motor Vehicle in Transport,Daylight,Clear
Minnesota,270161,2,DAKOTA (37),APPLE VALLEY,July,Thursday,County Road,Urban,44.73225833,-93.21759722,Pedestrian,The First Harmful Event was Not a Collision with a Motor Vehicle in Transport,Daylight,Cloudy
Minnesota,270164,1,CHISAGO (25),HARRIS,July,Sunday,County Road,Rural,45.60586111,-92.97246111,Rollover/Overturn,The First Harmful Event was Not a Collision with a Motor Vehicle in Transport,Dark - Not Lighted,Clear
Minnesota,270165,1,SCOTT (139),SHAKOPEE,July,Sunday,County Road,Rural,44.79529167,-93.42053611,Traffic Signal Support,The First Harmful Event was Not a Collision with a Motor Vehicle in Transport,Daylight,Clear
Minnesota,270166,2,RAMSEY (123),ROSEVILLE,July,Monday,County Road,Urban,45.01771944,-93.18725556,Pedestrian,The First Harmful Event was Not a Collision with a Motor Vehicle in Transport,Dark - Not Lighted,Reported as Unknown
Minnesota,270167,1,HENNEPIN (53),MINNEAPOLIS,July,Tuesday,Local Street - Municipality,Urban,45.02401389,-93.29817778,Pedalcyclist,The First Harmful Event was Not a Collision with a Motor Vehicle in Transport,Dark - Lighted,Cloudy
Minnesota,270168,1,HENNEPIN (53),MINNEAPOLIS,July,Sunday,Interstate,Urban,44.90023056,-93.27466389,Rollover/Overturn,The First Harmful Event was Not a Collision with a Motor Vehicle in Transport,Daylight,Cloudy
Minnesota,270169,4,CHISAGO (25),NORTH BRANCH,July,Tuesday,State Highway,Rural,45.51519444,-93.01965278,Motor Vehicle In-Transport,Front-to-Rear,Daylight,Clear
Minnesota,270172,1,WINONA (169),WINONA,July,Wednesday,U.S. Highway,Urban,44.04944444,-91.68048056,Parked Motor Vehicle,The First Harmful Event was Not a Collision with a Motor Vehicle in Transport,Daylight,Clear
Minnesota,270175,5,MILLE LACS (95),PRINCETON,July,Sunday,State Highway,Rural,45.57443889,-93.57398611,Motor Vehicle In-Transport,Angle,Daylight,Rain
Minnesota,270176,8,CARVER (19),CHASKA,July,Tuesday,U.S. Highway,Urban,44.81482778,-93.60245833,Motor Vehicle In-Transport,Angle,Daylight,Clear
Minnesota,270179,1,BENTON (9),SAINT CLOUD,August,Thursday,U.S. Highway,Urban,45.56951667,-94.14154444,Pedestrian,The First Harmful Event was Not a Collision with a Motor Vehicle in Transport,Dark - Lighted,Clear
Minnesota,270180,2,HENNEPIN (53),GOLDEN VALLEY,August,Friday,State Highway,Urban,44.98437778,-93.34176667,Motor Vehicle In-Transport,Front-to-Rear,Daylight,Clear
Minnesota,270184,1,HENNEPIN (53),ROGERS,August,Sunday,Local Street - Municipality,Urban,45.2006,-93.56761111,Pedalcyclist,The First Harmful Event was Not a Collision with a Motor Vehicle in Transport,Dark - Not Lighted,Clear
Minnesota,270186,4,CHIPPEWA (23),WATSON,August,Wednesday,U.S. Highway,Rural,45.00873333,-95.80063611,Motor Vehicle In-Transport,Angle,Daylight,Clear
Minnesota,270187,1,HENNEPIN (53),CORCORAN,August,Friday,County Road,Urban,45.11192778,-93.57009722,Embankment,The First Harmful Event was Not a Collision with a Motor Vehicle in Transport,Daylight,Cloudy
Minnesota,270189,2,HENNEPIN (53),MINNETONKA MILLS,August,Friday,County Road,Urban,44.89175278,-93.47288056,Motor Vehicle In-Transport,Angle,Daylight,Clear
Minnesota,270190,2,DAKOTA (37),INVER GROVE HEIGHTS,August,Monday,State Highway,Urban,44.83860833,-93.09901944,Motor Vehicle In-Transport,Front-to-Rear,Daylight,Cloudy
Minnesota,270192,1,CROW WING (35),PEQUOT LAKES,August,Saturday,State Highway,Rural,46.60751944,-94.30166111,Traffic Sign Support,The First Harmful Event was Not a Collision with a Motor Vehicle in Transport,Daylight,Clear
Minnesota,270199,2,OLMSTED (109),ROCHESTER,August,Wednesday,Local Street - Municipality,Urban,44.04686667,-92.45675833,Motor Vehicle In-Transport,Angle,Daylight,Clear
Minnesota,270200,1,WRIGHT (171),MONTICELLO,August,Wednesday,State Highway,Urban,45.28528611,-93.80624444,Pedalcyclist,The First Harmful Event was Not a Collision with a Motor Vehicle in Transport,Dark - Not Lighted,Clear
Minnesota,270207,2,STEELE (147),OWATONNA,August,Thursday,Interstate,Urban,44.08501111,-93.24810833,Traffic Signal Support,The First Harmful Event was Not a Collision with a Motor Vehicle in Transport,Daylight,Clear
Minnesota,270211,2,HENNEPIN (53),MINNEAPOLIS,June,Monday,Local Street - Municipality,Urban,44.984225,-93.28351111,Motor Vehicle In-Transport,Angle,Daylight,Clear
Minnesota,270213,1,WASHINGTON (163),BAYPORT,August,Friday,County Road,Urban,45.02153611,-92.78335556,Parked Motor Vehicle,The First Harmful Event was Not a Collision with a Motor Vehicle in Transport,Dark - Lighted,Clear
Minnesota,270214,6,DAKOTA (37),INVER GROVE HEIGHTS,August,Saturday,County Road,Urban,44.83355,-93.04991667,Motor Vehicle In-Transport,Front-to-Front,Daylight,Clear
Minnesota,270215,1,HENNEPIN (53),EDINA,August,Saturday,State Highway,Urban,44.88705556,-93.328075,Rollover/Overturn,The First Harmful Event was Not a Collision with a Motor Vehicle in Transport,Dark - Lighted,Clear
Minnesota,270221,2,RICE (131),MORRISTOWN,August,Friday,State Highway,Rural,44.23090278,-93.44939167,Motor Vehicle In-Transport,Angle,Daylight,Clear
Minnesota,270227,2,ANOKA (3),ANDOVER,September,Friday,County Road,Urban,45.26998333,-93.37929167,Motor Vehicle In-Transport,Front-to-Front,Daylight,Cloudy
Minnesota,270228,2,KANABEC (65),MORA,September,Friday,State Highway,Rural,45.88606944,-93.28665556,Motor Vehicle In-Transport,Angle,Daylight,Cloudy
Minnesota,270233,1,ANOKA (3),BLAINE,September,Sunday,State Highway,Urban,45.12512778,-93.26469444,Pedestrian,The First Harmful Event was Not a Collision with a Motor Vehicle in Transport,Dark - Lighted,Clear
Minnesota,270234,2,WASHINGTON (163),WOODBURY,September,Sunday,County Road,Urban,44.92661944,-92.90526944,Motor Vehicle In-Transport,Angle,Daylight,Clear
Minnesota,270235,1,HENNEPIN (53),MINNEAPOLIS,August,Thursday,Local Street - Municipality,Urban,45.02958333,-93.29768611,Pedestrian,The First Harmful Event was Not a Collision with a Motor Vehicle in Transport,Daylight,Clear
Minnesota,270240,1,DAKOTA (37),ROSEMOUNT,September,Saturday,County Road,Rural,44.76133889,-93.05496389,Rollover/Overturn,The First Harmful Event was Not a Collision with a Motor Vehicle in Transport,Daylight,Clear
Minnesota,270242,1,HENNEPIN (53),MINNEAPOLIS,September,Wednesday,Local Street - Municipality,Urban,45.02441667,-93.27287222,Pedestrian,The First Harmful Event was Not a Collision with a Motor Vehicle in Transport,Dark - Lighted,Cloudy
Minnesota,270244,3,DAKOTA (37),INVER GROVE HEIGHTS,October,Wednesday,State Highway,Urban,44.83870556,-93.09935833,Motor Vehicle In-Transport,Angle,Daylight,Cloudy
Minnesota,270247,3,HENNEPIN (53),BLOOMINGTON,October,Tuesday,County Road,Urban,44.82620833,-93.29091667,Motor Vehicle In-Transport,Angle,Daylight,Rain
Minnesota,270248,1,RAMSEY (123),ARDEN HILLS,July,Monday,County Road,Urban,45.05806667,-93.17036944,Utility Pole/Light Support,The First Harmful Event was Not a Collision with a Motor Vehicle in Transport,Dark - Lighted,Clear
Minnesota,270250,4,CHISAGO (25),WYOMING,October,Saturday,Interstate,Urban,45.29714722,-93.00291667,Pedestrian,The First Harmful Event was Not a Collision with a Motor Vehicle in Transport,Dark - Not Lighted,Cloudy
Minnesota,270251,2,ANOKA (3),HAM LAKE,October,Monday,County Road,Urban,45.225675,-93.16303889,Motor Vehicle In-Transport,Front-to-Front,Daylight,Clear
Minnesota,270253,4,TODD (153),HEWITT,October,Tuesday,U.S. Highway,Rural,46.32542222,-95.09488333,Motor Vehicle In-Transport,Angle,Daylight,Clear
Minnesota,270259,1,STEARNS (145),SARTELL,October,Thursday,County Road,Urban,45.61541389,-94.22161667,Pedestrian,The First Harmful Event was Not a Collision with a Motor Vehicle in Transport,Dark - Lighted,Rain
Minnesota,270261,1,HENNEPIN (53),BLOOMINGTON,October,Thursday,Local Street - Municipality,Urban,44.84794167,-93.28889444,Pedestrian,The First Harmful Event was Not a Collision with a Motor Vehicle in Transport,Dark - Lighted,Rain
Minnesota,270262,1,HENNEPIN (53),MINNEAPOLIS,October,Sunday,County Road,Urban,44.95571111,-93.28796667,Pedestrian,The First Harmful Event was Not a Collision with a Motor Vehicle in Transport,Dark - Lighted,Snow
Minnesota,270264,5,DAKOTA (37),ROSEMOUNT,October,Thursday,State Highway,Rural,44.75833333,-93.01648611,Motor Vehicle In-Transport,Front-to-Rear,Daylight,Clear
Minnesota,270265,6,RAMSEY (123),SAINT PAUL,October,Thursday,U.S. Highway,Urban,44.94206111,-93.07655833,Motor Vehicle In-Transport,Front-to-Rear,Daylight,Clear
Minnesota,270266,9,RAMSEY (123),SAINT PAUL,October,Thursday,County Road,Urban,44.93301111,-93.00811944,Motor Vehicle In-Transport,Front-to-Front,Daylight,Clear
Minnesota,270267,4,HENNEPIN (53),MINNEAPOLIS,October,Thursday,Local Street - Municipality,Urban,44.99331389,-93.30569167,Parked Motor Vehicle,The First Harmful Event was Not a Collision with a Motor Vehicle in Transport,Dark - Lighted,Cloudy
Minnesota,270268,1,WINONA (169),WINONA,October,Friday,Local Street - Municipality,Urban,44.04733611,-91.66736667,Pedestrian,The First Harmful Event was Not a Collision with a Motor Vehicle in Transport,Daylight,Clear
Minnesota,270269,1,ANOKA (3),EAST BETHEL,October,Saturday,State Highway,Urban,45.31931389,-93.23586389,Traffic Sign Support,The First Harmful Event was Not a Collision with a Motor Vehicle in Transport,Daylight,Cloudy
Minnesota,270270,2,HENNEPIN (53),BLOOMINGTON,October,Saturday,Interstate,Urban,44.83489722,-93.29601944,Tree (Standing Only),The First Harmful Event was Not a Collision with a Motor Vehicle in Transport,Daylight,Clear
Minnesota,270271,1,ANOKA (3),HAM LAKE,September,Friday,County Road,Urban,45.218975,-93.21184167,Tree (Standing Only),The First Harmful Event was Not a Collision with a Motor Vehicle in Transport,Dark - Lighted,Clear
Minnesota,270274,1,ANOKA (3),BLAINE,October,Saturday,County Road,Urban,45.2109,-93.21423889,Ditch,The First Harmful Event was Not a Collision with a Motor Vehicle in Transport,Daylight,Clear
Minnesota,270279,3,WASHINGTON (163),STILLWATER,October,Thursday,State Highway,Urban,45.03583056,-92.81474444,Motor Vehicle In-Transport,Front-to-Rear,Daylight,Clear
Minnesota,270281,1,HENNEPIN (53),EDEN PRAIRIE,October,Sunday,U.S. Highway,Urban,44.86246944,-93.44281944,Embankment,The First Harmful Event was Not a Collision with a Motor Vehicle in Transport,Daylight,Cloudy
Minnesota,270282,3,BROWN (15),NEW ULM,October,Monday,Local Street - Municipality,Urban,44.32404444,-94.49684444,Rollover/Overturn,The First Harmful Event was Not a Collision with a Motor Vehicle in Transport,Daylight,Clear
Minnesota,270283,1,DAKOTA (37),WEST SAINT PAUL,October,Wednesday,Local Street - Municipality,Urban,44.90589167,-93.07556944,Pedestrian,The First Harmful Event was Not a Collision with a Motor Vehicle in Transport,Daylight,Clear
Minnesota,270284,4,KANDIYOHI (67),WILLMAR,October,Wednesday,County Road,Urban,45.10334167,-95.04582778,Motor Vehicle In-Transport,Angle,Daylight,Clear
Minnesota,270286,2,CHISAGO (25),NORTH BRANCH,November,Friday,Interstate,Urban,45.52509444,-92.991325,Motor Vehicle In-Transport,Front-to-Rear,Daylight,Clear
Minnesota,270290,2,WASHINGTON (163),STILLWATER,September,Wednesday,Local Street - Municipality,Urban,45.04815833,-92.80786944,Motor Vehicle In-Transport,Front-to-Front,Daylight,Clear