State,Case Number,Persons,County,City,Month,Day,Route,Rural/Urban,Latitude,Longitude,First Harmful Event,Manner of Collision,Light Conditions,Weather
Minnesota,270297,1,HENNEPIN (53),BROOKLYN PARK,November,Wednesday,Local Street - Municipality,Urban,45.07289167,-93.35541389,Pedalcyclist,The First Harmful Event was Not a Collision with a Motor Vehicle in Transport,Dark - Unknown Lighting,Clear
Minnesota,270298,1,RAMSEY (123),SAINT PAUL,November,Thursday,Local Street - Municipality,Urban,44.95147222,-93.06288333,Embankment,The First Harmful Event was Not a Collision with a Motor Vehicle in Transport,Daylight,Clear
Minnesota,270300,1,ANOKA (3),RAMSEY,November,Monday,County Road,Urban,45.26883889,-93.47142222,Rollover/Overturn,The First Harmful Event was Not a Collision with a Motor Vehicle in Transport,Dark - Not Lighted,Clear
Minnesota,270302,1,HENNEPIN (53),NEW HOPE,November,Friday,Local Street - Municipality,Urban,45.04169722,-93.39050833,Pedestrian,The First Harmful Event was Not a Collision with a Motor Vehicle in Transport,Dark - Lighted,Clear
Minnesota,270303,1,HENNEPIN (53),MINNEAPOLIS,November,Saturday,Local Street - Municipality,Urban,44.98693333,-93.27348889,Pedestrian,The First Harmful Event was Not a Collision with a Motor Vehicle in Transport,Dark - Not Lighted,Rain
Minnesota,270304,1,ST. LOUIS (137),DULUTH,November,Thursday,State Highway,Urban,46.78824444,-92.10634722,Utility Pole/Light Support,The First Harmful Event was Not a Collision with a Motor Vehicle in Transport,Dark - Lighted,Clear
Minnesota,270306,1,BENTON (9),SAINT CLOUD,October,Monday,Local Street - Municipality,Urban,45.56925,-94.14094722,Pedestrian,The First Harmful Event was Not a Collision with a Motor Vehicle in Transport,Dark - Lighted,Clear
Minnesota,270308,1,RAMSEY (123),SAINT PAUL,November,Tuesday,Local Street - Municipality,Urban,44.95220833,-93.11868333,Utility Pole/Light Support,The First Harmful Event was Not a Collision with a Motor Vehicle in Transport,Reported as Unknown,Reported as Unknown
Minnesota,270310,1,HENNEPIN (53),MINNEAPOLIS,November,Wednesday,Local Street - Municipality,Urban,44.97591389,-93.28106944,Pedalcyclist,The First Harmful Event was Not a Collision with a Motor Vehicle in Transport,Daylight,Cloudy
Minnesota,270313,3,DAKOTA (37),APPLE VALLEY,November,Friday,County Road,Urban,44.73011944,-93.17716667,Motor Vehicle In-Transport,Angle,Dark - Lighted,Clear
Minnesota,270314,1,HENNEPIN (53),PLYMOUTH,November,Saturday,Interstate,Urban,44.99622222,-93.45802222,Parked Motor Vehicle,The First Harmful Event was Not a Collision with a Motor Vehicle in Transport,Dark - Lighted,Clear
Minnesota,270316,1,ST. LOUIS (137),DULUTH,November,Monday,Local Street - Municipality,Urban,46.79870278,-92.10269722,Pedestrian,The First Harmful Event was Not a Collision with a Motor Vehicle in Transport,Dark - Not Lighted,Clear
Minnesota,270318,7,ANOKA (3),COON RAPIDS,November,Saturday,County Road,Urban,45.19760278,-93.32093056,Motor Vehicle In-Transport,Front-to-Front,Daylight,Snow
Minnesota,270319,1,HENNEPIN (53),BLOOMINGTON,December,Tuesday,Local Street - Municipality,Urban,44.82633333,-93.30658611,Pedestrian,The First Harmful Event was Not a Collision with a Motor Vehicle in Transport,Dark - Lighted,Cloudy
Minnesota,270321,2,RAMSEY (123),SAINT PAUL,December,Thursday,County Road,Urban,44.99198333,-93.03919444,Pedestrian,The First Harmful Event was Not a Collision with a Motor Vehicle in Transport,Dark - Lighted,Clear
Minnesota,270322,2,HENNEPIN (53),PLYMOUTH,December,Thursday,County Road,Urban,45.00355,-93.50672778,Motor Vehicle In-Transport,Front-to-Front,Dark - Lighted,Cloudy
Minnesota,270323,1,ANOKA (3),BLAINE,December,Friday,County Road,Urban,45.12746389,-93.18426111,Pedestrian,The First Harmful Event was Not a Collision with a Motor Vehicle in Transport,Dark - Not Lighted,Clear
Minnesota,270328,3,OLMSTED (109),ROCHESTER,December,Thursday,Local Street - Municipality,Urban,44.09381111,-92.507325,Motor Vehicle In-Transport,Angle,Dusk,Clear
Minnesota,270332,1,WASHINGTON (163),BAYPORT,December,Wednesday,State Highway,Urban,45.0217,-92.78096944,Pedestrian,The First Harmful Event was Not a Collision with a Motor Vehicle in Transport,Dark - Lighted,Cloudy
Minnesota,270333,1,BLUE EARTH (13),MANKATO,December,Sunday,County Road,Urban,44.15278889,-94.00878889,Tree (Standing Only),The First Harmful Event was Not a Collision with a Motor Vehicle in Transport,Dark - Lighted,Cloudy
Minnesota,270335,1,HOUSTON (55),HOKAH,December,Tuesday,State Highway,Rural,43.76075556,-91.35359722,Pedestrian,The First Harmful Event was Not a Collision with a Motor Vehicle in Transport,Dark - Not Lighted,Reported as Unknown
Minnesota,270338,1,ANOKA (3),LINO LAKES,December,Saturday,Interstate,Urban,45.16063056,-93.03152778,Rollover/Overturn,The First Harmful Event was Not a Collision with a Motor Vehicle in Transport,Dark - Not Lighted,Freezing Rain or Drizzle
Minnesota,270339,1,PINE (115),HINCKLEY,December,Saturday,State Highway,Rural,46.0111,-92.91004722,Pedestrian,The First Harmful Event was Not a Collision with a Motor Vehicle in Transport,Dark - Not Lighted,Rain
Minnesota,270341,2,HENNEPIN (53),PLYMOUTH,December,Tuesday,State Highway,Urban,45.031725,-93.50710833,Motor Vehicle In-Transport,Angle,Daylight,Clear
Mississippi,280004,2,FORREST (35),HATTIESBURG,January,Tuesday,Local Street - Municipality,Urban,31.31152222,-89.28105833,Ditch,The First Harmful Event was Not a Collision with a Motor Vehicle in Transport,Dark - Lighted,Clear
Mississippi,280005,2,MARION (91),COLUMBIA,January,Friday,U.S. Highway,Urban,31.23711111,-89.84371944,Motor Vehicle In-Transport,Angle,Daylight,Clear
Mississippi,280012,1,OKTIBBEHA (105),STARKVILLE,January,Saturday,Local Street - Municipality,Urban,33.46105278,-88.81015833,Curb,The First Harmful Event was Not a Collision with a Motor Vehicle in Transport,Daylight,Rain
Mississippi,280017,2,HARRISON (47),GULFPORT,January,Wednesday,U.S. Highway,Urban,30.48375833,-89.10341389,Motor Vehicle In-Transport,Angle,Daylight,Clear
Mississippi,280020,2,FORREST (35),HATTIESBURG,January,Saturday,Local Street - Municipality,Urban,31.31351111,-89.32271944,Pedestrian,The First Harmful Event was Not a Collision with a Motor Vehicle in Transport,Dark - Not Lighted,Clear
Mississippi,280021,4,LINCOLN (85),BROOKHAVEN,January,Tuesday,U.S. Highway,Urban,31.54664722,-90.47269167,Motor Vehicle In-Transport,Angle,Dark - Lighted,Clear
Mississippi,280025,3,FORREST (35),HATTIESBURG,January,Saturday,U.S. Highway,Urban,31.27786667,-89.29032778,Motor Vehicle In-Transport,Angle,Daylight,Clear
Mississippi,280034,2,HINDS (49),JACKSON,January,Saturday,Interstate,Urban,32.28844167,-90.2443,Tree (Standing Only),The First Harmful Event was Not a Collision with a Motor Vehicle in Transport,Dark - Not Lighted,Clear
Mississippi,280047,1,WASHINGTON (151),GREENVILLE,February,Tuesday,State Highway,Urban,33.44413056,-91.0413,Non-Motorist on Personal Conveyance,The First Harmful Event was Not a Collision with a Motor Vehicle in Transport,Dark - Not Lighted,Clear
Mississippi,280048,4,LAFAYETTE (71),OXFORD,February,Wednesday,State Highway,Urban,34.38408056,-89.49370556,Motor Vehicle In-Transport,Angle,Daylight,Clear
Mississippi,280053,3,HINDS (49),JACKSON,February,Saturday,U.S. Highway,Urban,32.30767222,-90.26126389,Motor Vehicle In-Transport,Front-to-Front,Daylight,Clear
Mississippi,280054,3,HINDS (49),JACKSON,February,Sunday,Local Street - Municipality,Urban,32.35598889,-90.20931389,Motor Vehicle In-Transport,Front-to-Rear,Dark - Lighted,Clear
Mississippi,280058,2,ADAMS (1),NATCHEZ,February,Wednesday,Local Street - Municipality,Urban,31.55718056,-91.39003333,Motor Vehicle In-Transport,Angle,Daylight,Clear
Mississippi,280059,1,BOLIVAR (11),CLEVELAND,February,Wednesday,Local Street - Municipality,Urban,33.73559444,-90.72561667,Pedestrian,The First Harmful Event was Not a Collision with a Motor Vehicle in Transport,Dark - Lighted,Clear
Mississippi,280061,1,ADAMS (1),NATCHEZ,February,Friday,U.S. Highway,Urban,31.52860278,-91.38941944,Utility Pole/Light Support,The First Harmful Event was Not a Collision with a Motor Vehicle in Transport,Dark - Lighted,Rain
Mississippi,280063,4,SIMPSON (127),MENDENHALL,January,Wednesday,U.S. Highway,Rural,31.93833333,-89.83225278,Motor Vehicle In-Transport,Angle,Daylight,Rain
Mississippi,280065,2,WARREN (149),VICKSBURG,January,Friday,Local Street - Municipality,Urban,32.29346667,-90.8694,Curb,The First Harmful Event was Not a Collision with a Motor Vehicle in Transport,Dark - Lighted,Clear
Mississippi,280069,2,WARREN (149),VICKSBURG,February,Sunday,Interstate,Urban,32.310075,-90.89877222,Embankment,The First Harmful Event was Not a Collision with a Motor Vehicle in Transport,Dark - Not Lighted,Clear
Mississippi,280070,7,HINDS (49),JACKSON,February,Saturday,Local Street - Municipality,Urban,32.29551389,-90.227825,Pedestrian,The First Harmful Event was Not a Collision with a Motor Vehicle in Transport,Dark - Not Lighted,Rain
Mississippi,280071,5,HINDS (49),JACKSON,February,Saturday,Interstate,Urban,32.33388611,-90.16305556,Guardrail Face,The First Harmful Event was Not a Collision with a Motor Vehicle in Transport,Dark - Lighted,Clear
Mississippi,280076,1,NESHOBA (99),PHILADELPHIA,February,Wednesday,State Highway,Urban,32.76399722,-89.16341111,Pedestrian,The First Harmful Event was Not a Collision with a Motor Vehicle in Transport,Dark - Not Lighted,Clear
Mississippi,280080,5,HARRISON (47),GULFPORT,March,Friday,Interstate,Urban,30.44516111,-89.02622222,Motor Vehicle In-Transport,Front-to-Rear,Daylight,Cloudy
Mississippi,280083,1,JACKSON (59),GAUTIER,March,Tuesday,Interstate,Urban,30.43825833,-88.61913056,Pedestrian,The First Harmful Event was Not a Collision with a Motor Vehicle in Transport,Daylight,Clear
Mississippi,280085,4,RANKIN (121),PEARL,March,Friday,Interstate,Urban,32.27062778,-90.07755278,Motor Vehicle In-Transport,Front-to-Rear,Daylight,Cloudy
Mississippi,280089,8,LEE (81),TUPELO,March,Monday,Local Street - Municipality,Urban,34.2466,-88.68579167,Motor Vehicle In-Transport,Front-to-Rear,Daylight,Clear
Mississippi,280091,2,WASHINGTON (151),GREENVILLE,March,Tuesday,U.S. Highway,Urban,33.39951667,-91.04360833,Motor Vehicle In-Transport,Angle,Daylight,Clear
Mississippi,280094,1,LAUDERDALE (75),MERIDIAN,March,Thursday,Local Street - Municipality,Urban,32.44300278,-88.65149444,Tree (Standing Only),The First Harmful Event was Not a Collision with a Motor Vehicle in Transport,Dark - Not Lighted,Rain
Mississippi,280098,3,HINDS (49),JACKSON,March,Sunday,Local Street - Municipality,Urban,32.28395556,-90.23355,Motor Vehicle In-Transport,Front-to-Front,Dark - Lighted,Clear
Mississippi,280103,1,HARRISON (47),LONG BEACH,March,Sunday,U.S. Highway,Urban,30.35156389,-89.13405833,Curb,The First Harmful Event was Not a Collision with a Motor Vehicle in Transport,Daylight,Clear
Mississippi,280105,2,HINDS (49),JACKSON,March,Sunday,Interstate,Urban,32.33908889,-90.24547222,Motor Vehicle In-Transport,Front-to-Rear,Dark - Lighted,Clear
Mississippi,280109,2,HARRISON (47),BILOXI,March,Wednesday,State Highway,Urban,30.47008333,-88.90799722,Utility Pole/Light Support,The First Harmful Event was Not a Collision with a Motor Vehicle in Transport,Daylight,Clear
Mississippi,280116,3,LAFAYETTE (71),OXFORD,March,Saturday,U.S. Highway,Urban,34.36058889,-89.5715,Motor Vehicle In-Transport,Front-to-Rear,Dark - Lighted,Clear
Mississippi,280125,10,LOWNDES (87),COLUMBUS,April,Tuesday,Local Street - Municipality,Urban,33.50689722,-88.38089444,Motor Vehicle In-Transport,Sideswipe - Same Direction,Daylight,Clear
Mississippi,280126,1,UNION (145),NEW ALBANY,April,Tuesday,State Highway,Rural,34.49103889,-88.99553611,Pedestrian,The First Harmful Event was Not a Collision with a Motor Vehicle in Transport,Dark - Not Lighted,Clear
Mississippi,280136,2,HARRISON (47),BILOXI,April,Sunday,Local Street - Municipality,Urban,30.39791667,-88.93848611,Railway Vehicle,The First Harmful Event was Not a Collision with a Motor Vehicle in Transport,Dark - Lighted,Rain
Mississippi,280139,1,MARSHALL (93),BYHALIA,April,Monday,Local Street - Municipality,Rural,34.86039722,-89.66133056,Guardrail End,The First Harmful Event was Not a Collision with a Motor Vehicle in Transport,Daylight,Cloudy
Mississippi,280143,2,HINDS (49),JACKSON,April,Thursday,Local Street - Municipality,Urban,32.25393611,-90.2422,"Post, Pole or Other Supports",The First Harmful Event was Not a Collision with a Motor Vehicle in Transport,Dark - Lighted,Clear
Mississippi,280147,5,HANCOCK (45),BAY SAINT LOUIS,April,Friday,State Highway,Rural,30.35741389,-89.42303056,Motor Vehicle In-Transport,Angle,Dark - Lighted,Clear
Mississippi,280151,1,HINDS (49),BYRAM,April,Thursday,Local Street - Municipality,Rural,32.18831389,-90.26365,Pedestrian,The First Harmful Event was Not a Collision with a Motor Vehicle in Transport,Dawn,Cloudy
Mississippi,280159,3,DE SOTO (33),OLIVE BRANCH,April,Sunday,Local Street - Municipality,Urban,34.95438611,-89.79502222,Motor Vehicle In-Transport,Front-to-Rear,Dark - Lighted,Clear
Mississippi,280161,2,GRENADA (43),GRENADA,April,Monday,State Highway,Urban,33.76908056,-89.80885833,Motor Vehicle In-Transport,Front-to-Rear,Daylight,Clear
Mississippi,280164,2,RANKIN (121),PEARL,April,Thursday,U.S. Highway,Urban,32.27258333,-90.15608333,Motor Vehicle In-Transport,Sideswipe - Same Direction,Daylight,Rain
Mississippi,280174,2,HINDS (49),JACKSON,April,Tuesday,U.S. Highway,Urban,32.28715833,-90.21558611,Pedestrian,The First Harmful Event was Not a Collision with a Motor Vehicle in Transport,Dark - Lighted,Clear
Mississippi,280190,4,MARSHALL (93),BYHALIA,May,Monday,State Highway,Rural,34.86843333,-89.66916111,Motor Vehicle In-Transport,Angle,Daylight,Clear
Mississippi,280191,1,JONES (67),LAUREL,May,Monday,Local Street - Municipality,Urban,31.70421111,-89.13922222,Pedestrian,The First Harmful Event was Not a Collision with a Motor Vehicle in Transport,Daylight,Clear
Mississippi,280194,3,HINDS (49),JACKSON,May,Tuesday,Interstate,Urban,32.36195,-90.232875,Utility Pole/Light Support,The First Harmful Event was Not a Collision with a Motor Vehicle in Transport,Dark - Lighted,Clear
Mississippi,280196,2,TIPPAH (139),RIPLEY,May,Wednesday,Local Street - Municipality,Rural,34.75618889,-88.94109444,Motor Vehicle In-Transport,Angle,Daylight,Clear
Mississippi,280199,2,HINDS (49),JACKSON,May,Thursday,Local Street - Municipality,Urban,32.26012222,-90.22106667,Motor Vehicle In-Transport,Angle,Dark - Lighted,Clear
Mississippi,280202,5,RANKIN (121),FLOWOOD,May,Friday,Local Street - Municipality,Urban,32.30705556,-90.08590833,Rollover/Overturn,The First Harmful Event was Not a Collision with a Motor Vehicle in Transport,Daylight,Clear
Mississippi,280207,2,BOLIVAR (11),SHAW,January,Tuesday,U.S. Highway,Rural,33.60844722,-90.76555556,Pedestrian,The First Harmful Event was Not a Collision with a Motor Vehicle in Transport,Dark - Not Lighted,Clear
Mississippi,280209,3,HARRISON (47),BILOXI,May,Saturday,U.S. Highway,Urban,30.39354167,-88.94709167,Motor Vehicle In-Transport,Angle,Dark - Lighted,Cloudy
Mississippi,280212,1,HINDS (49),JACKSON,May,Sunday,Local Street - Municipality,Urban,32.291525,-90.21316111,Pedestrian,The First Harmful Event was Not a Collision with a Motor Vehicle in Transport,Dark - Not Lighted,Clear
Mississippi,280223,2,LEE (81),NETTLETON,May,Monday,State Highway,Rural,34.09355278,-88.64114722,Motor Vehicle In-Transport,Angle,Daylight,Clear
Mississippi,280225,2,WINSTON (159),LOUISVILLE,May,Monday,State Highway,Rural,33.11606944,-89.08293056,Motor Vehicle In-Transport,Angle,Daylight,Clear
Mississippi,280227,4,HARRISON (47),BILOXI,May,Tuesday,Local Street - Municipality,Urban,30.44235278,-88.93390556,Motor Vehicle In-Transport,Front-to-Front,Daylight,Clear
Mississippi,280228,1,WARREN (149),VICKSBURG,May,Tuesday,U.S. Highway,Urban,32.23001389,-90.92613889,Embankment,The First Harmful Event was Not a Collision with a Motor Vehicle in Transport,Daylight,Clear
Mississippi,280232,1,PRENTISS (117),BALDWYN,May,Friday,Local Street - Municipality,Rural,34.50915556,-88.62651389,Culvert,The First Harmful Event was Not a Collision with a Motor Vehicle in Transport,Daylight,Clear
Mississippi,280238,2,HARRISON (47),GULFPORT,May,Tuesday,Local Street - Municipality,Urban,30.42268056,-89.06945556,Rollover/Overturn,The First Harmful Event was Not a Collision with a Motor Vehicle in Transport,Dark - Not Lighted,Clear
Mississippi,280242,2,HARRISON (47),GULFPORT,June,Saturday,U.S. Highway,Urban,30.41474722,-89.09306667,Pedalcyclist,The First Harmful Event was Not a Collision with a Motor Vehicle in Transport,Daylight,Clear
Mississippi,280248,2,RANKIN (121),FLOWOOD,June,Tuesday,State Highway,Urban,32.28556667,-90.15690833,Motor Vehicle In-Transport,Angle,Daylight,Clear
Mississippi,280252,2,LAUDERDALE (75),MERIDIAN,April,Sunday,State Highway,Urban,32.37518611,-88.743725,Motor Vehicle In-Transport,Angle,Daylight,Clear
Mississippi,280256,5,RANKIN (121),PEARL,June,Thursday,U.S. Highway,Urban,32.27813889,-90.15250833,Motor Vehicle In-Transport,Front-to-Front,Dark - Not Lighted,Cloudy
Mississippi,280258,5,DE SOTO (33),SOUTHAVEN,June,Friday,Interstate,Urban,34.96215833,-89.99908611,Pedestrian,The First Harmful Event was Not a Collision with a Motor Vehicle in Transport,Dark - Lighted,Cloudy
Mississippi,280269,2,HARRISON (47),GULFPORT,June,Friday,U.S. Highway,Urban,30.46956389,-89.10261944,Pedestrian,The First Harmful Event was Not a Collision with a Motor Vehicle in Transport,Dark - Not Lighted,Clear
Mississippi,280270,2,TISHOMINGO (141),IUKA,June,Friday,U.S. Highway,Rural,34.80191111,-88.23062222,Motor Vehicle In-Transport,Angle,Daylight,Clear
Mississippi,280271,1,JONES (67),LAUREL,June,Saturday,Local Street - Municipality,Urban,31.68775,-89.14671667,Pedestrian,The First Harmful Event was Not a Collision with a Motor Vehicle in Transport,Dark - Not Lighted,Clear
Mississippi,280272,2,DE SOTO (33),SOUTHAVEN,June,Monday,Interstate,Rural,34.94095278,-89.99576944,Motor Vehicle In-Transport,Front-to-Front,Dark - Not Lighted,Clear
Mississippi,280274,1,HINDS (49),JACKSON,June,Tuesday,State Highway,Rural,32.26818056,-90.32462778,Pedestrian,The First Harmful Event was Not a Collision with a Motor Vehicle in Transport,Dark - Not Lighted,Clear
Mississippi,280283,5,MADISON (89),FLORA,June,Saturday,U.S. Highway,Rural,32.53876944,-90.31963333,Motor Vehicle In-Transport,Angle,Daylight,Clear
Mississippi,280287,3,JACKSON (59),GAUTIER,July,Wednesday,Interstate,Rural,30.43768889,-88.63038056,Rollover/Overturn,The First Harmful Event was Not a Collision with a Motor Vehicle in Transport,Daylight,Clear
Mississippi,280291,3,DE SOTO (33),HORN LAKE,July,Thursday,Local Street - Municipality,Rural,34.93329722,-90.07637778,Pedestrian,The First Harmful Event was Not a Collision with a Motor Vehicle in Transport,Dark - Not Lighted,Cloudy
Mississippi,280292,6,HINDS (49),JACKSON,July,Friday,Interstate,Urban,32.27795,-90.21050278,Motor Vehicle In-Transport,Front-to-Rear,Dark - Lighted,Clear
Mississippi,280304,1,WASHINGTON (151),GREENVILLE,July,Saturday,U.S. Highway,Rural,33.37616944,-91.07244167,Pedestrian,The First Harmful Event was Not a Collision with a Motor Vehicle in Transport,Dark - Not Lighted,Cloudy
Mississippi,280307,3,FORREST (35),HATTIESBURG,July,Sunday,Local Street - Municipality,Urban,31.32288611,-89.36615556,Motor Vehicle In-Transport,Angle,Daylight,Rain
Mississippi,280308,2,HINDS (49),JACKSON,July,Wednesday,Interstate,Urban,32.33619444,-90.24541667,Pedestrian,The First Harmful Event was Not a Collision with a Motor Vehicle in Transport,Dark - Not Lighted,Clear
Mississippi,280317,1,HINDS (49),JACKSON,July,Tuesday,Interstate,Urban,32.25391111,-90.21161111,Pedestrian,The First Harmful Event was Not a Collision with a Motor Vehicle in Transport,Dark - Not Lighted,Rain
Mississippi,280320,4,DE SOTO (33),HERNANDO,July,Saturday,Interstate,Urban,34.83928611,-89.98263611,Bridge Rail (Includes parapet),The First Harmful Event was Not a Collision with a Motor Vehicle in Transport,Dark - Not Lighted,Clear
Mississippi,280322,1,LEE (81),VERONA,July,Sunday,County Road,Rural,34.17265278,-88.71968056,Pedestrian,The First Harmful Event was Not a Collision with a Motor Vehicle in Transport,Dark - Not Lighted,Clear
Mississippi,280333,1,HARRISON (47),BILOXI,August,Friday,Local Street - Municipality,Urban,30.48516111,-88.93878889,Culvert,The First Harmful Event was Not a Collision with a Motor Vehicle in Transport,Daylight,Rain
Mississippi,280334,1,HINDS (49),JACKSON,August,Friday,Local Street - Municipality,Urban,32.3222,-90.22626667,Pedalcyclist,The First Harmful Event was Not a Collision with a Motor Vehicle in Transport,Dark - Not Lighted,Clear
Mississippi,280336,1,HARRISON (47),GULFPORT,August,Saturday,U.S. Highway,Urban,30.41564167,-89.09289444,Pedestrian,The First Harmful Event was Not a Collision with a Motor Vehicle in Transport,Dark - Not Lighted,Clear
Mississippi,280337,1,RANKIN (121),FLOWOOD,August,Saturday,Local Street - Municipality,Urban,32.35628333,-90.04882222,Curb,The First Harmful Event was Not a Collision with a Motor Vehicle in Transport,Dark - Not Lighted,Cloudy
Mississippi,280344,1,HARRISON (47),BILOXI,August,Saturday,Interstate,Urban,30.39443056,-88.89426389,Guardrail Face,The First Harmful Event was Not a Collision with a Motor Vehicle in Transport,Dark - Lighted,Clear
Mississippi,280346,4,HINDS (49),JACKSON,August,Sunday,Interstate,Urban,32.39034444,-90.14586667,Motor Vehicle In-Transport,Front-to-Rear,Dark - Lighted,Clear
Mississippi,280350,2,PIKE (113),MCCOMB,August,Wednesday,Interstate,Urban,31.26026944,-90.47930556,Motor Vehicle In-Transport,Front-to-Rear,Dark - Not Lighted,Clear
Mississippi,280356,1,JACKSON (59),GAUTIER,August,Friday,U.S. Highway,Rural,30.39986389,-88.7034,Tree (Standing Only),The First Harmful Event was Not a Collision with a Motor Vehicle in Transport,Dark - Not Lighted,Clear
Mississippi,280361,1,FORREST (35),HATTIESBURG,August,Tuesday,Local Street - Municipality,Urban,31.31000556,-89.31351667,Pedestrian,The First Harmful Event was Not a Collision with a Motor Vehicle in Transport,Dark - Lighted,Clear
Mississippi,280367,1,WARREN (149),VICKSBURG,August,Friday,Local Street - Municipality,Urban,32.32008056,-90.87929444,Pedestrian,The First Harmful Event was Not a Collision with a Motor Vehicle in Transport,Dark - Not Lighted,Clear
Mississippi,280368,2,HARRISON (47),D'IBERVILLE,August,Saturday,Local Street - Municipality,Urban,30.43560556,-88.91073333,Unknown Fixed Object,The First Harmful Event was Not a Collision with a Motor Vehicle in Transport,Dark - Lighted,Clear
Mississippi,280369,6,FORREST (35),HATTIESBURG,August,Saturday,U.S. Highway,Urban,31.24852222,-89.27721944,Motor Vehicle In-Transport,Angle,Daylight,Clear
Mississippi,280371,3,OKTIBBEHA (105),STARKVILLE,August,Sunday,Local Street - Municipality,Urban,33.50265278,-88.81032778,Tree (Standing Only),The First Harmful Event was Not a Collision with a Motor Vehicle in Transport,Dark - Not Lighted,Cloudy
Mississippi,280375,4,HINDS (49),JACKSON,August,Sunday,Interstate,Urban,32.28946667,-90.24267778,Motor Vehicle In-Transport,Angle,Daylight,Clear
Mississippi,280382,1,LINCOLN (85),BROOKHAVEN,August,Monday,Local Street - Municipality,Urban,31.60755556,-90.44189444,Tree (Standing Only),The First Harmful Event was Not a Collision with a Motor Vehicle in Transport,Daylight,Cloudy
Mississippi,280383,2,RANKIN (121),FLOWOOD,August,Monday,Interstate,Urban,32.27957222,-90.17317222,Motor Vehicle In-Transport,Front-to-Rear,Daylight,Cloudy
Mississippi,280391,4,PIKE (113),MCCOMB,September,Sunday,Interstate,Rural,31.23827222,-90.48124722,Ditch,The First Harmful Event was Not a Collision with a Motor Vehicle in Transport,Daylight,Clear
Mississippi,280406,2,RANKIN (121),BRANDON,September,Thursday,Interstate,Rural,32.27839722,-90.03411389,Rollover/Overturn,The First Harmful Event was Not a Collision with a Motor Vehicle in Transport,Daylight,Clear
Mississippi,280407,2,LOWNDES (87),COLUMBUS,September,Thursday,State Highway,Urban,33.528925,-88.33641667,Motor Vehicle In-Transport,Front-to-Front,Daylight,Clear
Mississippi,280408,4,HINDS (49),JACKSON,September,Thursday,U.S. Highway,Urban,32.31740833,-90.28141389,Motor Vehicle In-Transport,Front-to-Front,Dark - Lighted,Clear
Mississippi,280411,3,GRENADA (43),GRENADA,September,Saturday,State Highway,Urban,33.78624444,-89.84243333,Motor Vehicle In-Transport,Angle,Daylight,Clear
Mississippi,280414,2,HINDS (49),TERRY,September,Monday,Interstate,Rural,32.09020278,-90.30824722,Motor Vehicle In-Transport,Front-to-Rear,Dark - Lighted,Clear
Mississippi,280416,7,HARRISON (47),GULFPORT,September,Tuesday,U.S. Highway,Urban,30.40211111,-89.09269444,Motor Vehicle In-Transport,Angle,Daylight,Clear
Mississippi,280422,1,HINDS (49),JACKSON,September,Sunday,Local Street - Municipality,Urban,32.2967,-90.18470833,Curb,The First Harmful Event was Not a Collision with a Motor Vehicle in Transport,Dark - Lighted,Clear
Mississippi,280426,3,CALHOUN (13),CALHOUN CITY,September,Thursday,Local Street - Municipality,Rural,33.85460833,-89.31129167,Curb,The First Harmful Event was Not a Collision with a Motor Vehicle in Transport,Daylight,Clear
Mississippi,280434,3,OKTIBBEHA (105),STARKVILLE,October,Tuesday,State Highway,Urban,33.44151389,-88.85369167,Motor Vehicle In-Transport,Front-to-Front,Dark - Lighted,Clear
Mississippi,280435,1,PANOLA (107),SARDIS,October,Wednesday,Local Street - Municipality,Rural,34.43705,-89.91345,Pedalcyclist,The First Harmful Event was Not a Collision with a Motor Vehicle in Transport,Dark - Not Lighted,Clear
Mississippi,280440,2,SCOTT (123),MORTON,October,Wednesday,Interstate,Urban,32.30324444,-89.71189167,Motor Vehicle In-Transport,Front-to-Rear,Daylight,Clear
Mississippi,280442,2,HINDS (49),JACKSON,September,Sunday,Interstate,Urban,32.27519444,-90.20443611,Rollover/Overturn,The First Harmful Event was Not a Collision with a Motor Vehicle in Transport,Dark - Lighted,Clear
Mississippi,280445,6,HINDS (49),BYRAM,October,Thursday,Interstate,Rural,32.180375,-90.25938889,Motor Vehicle In-Transport,Front-to-Rear,Daylight,Clear
Mississippi,280449,1,LAMAR (73),SUMRALL,October,Saturday,U.S. Highway,Rural,31.29349444,-89.55251944,Pedestrian,The First Harmful Event was Not a Collision with a Motor Vehicle in Transport,Dark - Not Lighted,Cloudy
Mississippi,280457,1,HARRISON (47),PASS CHRISTIAN,October,Thursday,Local Street - Municipality,Urban,30.319275,-89.24663056,Railway Vehicle,The First Harmful Event was Not a Collision with a Motor Vehicle in Transport,Daylight,Clear
Mississippi,280458,2,JACKSON (59),OCEAN SPRINGS,October,Thursday,Local Street - Municipality,Urban,30.40206944,-88.81643611,Tree (Standing Only),The First Harmful Event was Not a Collision with a Motor Vehicle in Transport,Dark - Not Lighted,Clear
Mississippi,280459,1,ALCORN (3),CORINTH,October,Friday,Local Street - Municipality,Rural,34.91541389,-88.50392778,Pedestrian,The First Harmful Event was Not a Collision with a Motor Vehicle in Transport,Dark - Not Lighted,Cloudy
Mississippi,280463,4,LEE (81),SALTILLO,October,Thursday,State Highway,Rural,34.36241667,-88.70371944,Motor Vehicle In-Transport,Front-to-Front,Dark - Lighted,Clear