State,Case Number,Persons,County,City,Month,Day,Route,Rural/Urban,Latitude,Longitude,First Harmful Event,Manner of Collision,Light Conditions,Weather
New Jersey,340134,2,OCEAN (29),TOMS RIVER,April,Saturday,State Highway,Urban,39.96349444,-74.200925,Pedestrian,The First Harmful Event was Not a Collision with a Motor Vehicle in Transport,Dark - Lighted,Clear
New Jersey,340135,2,ESSEX (13),NEWARK,April,Wednesday,Local Street - Municipality,Urban,40.73395833,-74.13965,Motor Vehicle In-Transport,Front-to-Rear,Daylight,Clear
New Jersey,340136,1,CAMDEN (7),CAMDEN,March,Tuesday,County Road,Urban,39.77955833,-75.00836944,Pedestrian,The First Harmful Event was Not a Collision with a Motor Vehicle in Transport,Daylight,Clear
New Jersey,340137,1,MONMOUTH (25),ATLANTIC HIGHLANDS,March,Friday,State Highway,Urban,40.40553889,-74.03353611,Pedestrian,The First Harmful Event was Not a Collision with a Motor Vehicle in Transport,Dark - Lighted,Clear
New Jersey,340138,1,HUDSON (17),UNION CITY,March,Thursday,Local Street - Municipality,Urban,40.76618889,-74.03508611,Pedestrian,The First Harmful Event was Not a Collision with a Motor Vehicle in Transport,Daylight,Rain
New Jersey,340139,1,BERGEN (3),FAIR LAWN,April,Sunday,State Highway,Urban,40.93765278,-74.12555556,Pedestrian,The First Harmful Event was Not a Collision with a Motor Vehicle in Transport,Dark - Lighted,Cloudy
New Jersey,340140,1,SUSSEX (37),HOPATCONG,April,Thursday,County Road,Urban,40.95525278,-74.67674722,Embankment,The First Harmful Event was Not a Collision with a Motor Vehicle in Transport,Dark - Not Lighted,Clear
New Jersey,340141,3,ATLANTIC (1),HAMMONTON,May,Saturday,U.S. Highway,Urban,39.70124444,-74.75111944,Motor Vehicle In-Transport,Front-to-Rear,Daylight,Clear
New Jersey,340142,2,BURLINGTON (5),WILLINGBORO,May,Monday,County Road,Urban,40.02781944,-74.86733889,Pedestrian,The First Harmful Event was Not a Collision with a Motor Vehicle in Transport,Dark - Lighted,Clear
New Jersey,340145,1,HUDSON (17),NORTH BERGEN,April,Thursday,County Road,Urban,40.76015833,-74.044625,Pedalcyclist,The First Harmful Event was Not a Collision with a Motor Vehicle in Transport,Daylight,Clear
New Jersey,340146,3,MORRIS (27),DENVILLE,April,Saturday,Local Street - Municipality,Urban,40.89128889,-74.47459167,Parked Motor Vehicle,The First Harmful Event was Not a Collision with a Motor Vehicle in Transport,Dusk,Clear
New Jersey,340148,1,ESSEX (13),NEWARK,April,Sunday,State Highway,Urban,40.71591944,-74.18404167,"Pavement Surface Irregularity (Ruts, Potholes, Grates, etc.)",The First Harmful Event was Not a Collision with a Motor Vehicle in Transport,Dark - Lighted,Clear
New Jersey,340149,3,PASSAIC (31),PATERSON,April,Saturday,State Highway,Urban,40.91238889,-74.13440556,Motor Vehicle In-Transport,Sideswipe - Same Direction,Daylight,Clear
New Jersey,340150,2,ESSEX (13),NEWARK,May,Wednesday,U.S. Highway,Urban,40.687475,-74.19272222,Pedestrian,The First Harmful Event was Not a Collision with a Motor Vehicle in Transport,Dark - Lighted,Clear
New Jersey,340151,3,WARREN (41),PHILLIPSBURG,May,Saturday,U.S. Highway,Urban,40.69599722,-75.18696944,Pedestrian,The First Harmful Event was Not a Collision with a Motor Vehicle in Transport,Dark - Lighted,Clear
New Jersey,340152,2,ATLANTIC (1),HAMILTON,May,Thursday,County Road,Urban,39.45322778,-74.73448889,Motor Vehicle In-Transport,Front-to-Front,Daylight,Clear
New Jersey,340153,2,CAMDEN (7),BROOKLAWN,April,Monday,U.S. Highway,Urban,39.87707778,-75.1164,Pedestrian,The First Harmful Event was Not a Collision with a Motor Vehicle in Transport,Dark - Lighted,Clear
New Jersey,340154,1,BERGEN (3),BERGENFIELD,May,Monday,Local Street - Municipality,Urban,40.92910556,-73.99807222,Pedalcyclist,The First Harmful Event was Not a Collision with a Motor Vehicle in Transport,Daylight,Clear
New Jersey,340155,2,MORRIS (27),PEQUANNOCK,May,Thursday,State Highway,Urban,40.98155833,-74.30117778,Motor Vehicle In-Transport,Sideswipe - Same Direction,Daylight,Clear
New Jersey,340156,2,GLOUCESTER (15),PAULSBORO,April,Sunday,Local Street - Municipality,Urban,39.833425,-75.24021667,Motor Vehicle In-Transport,Angle,Daylight,Clear
New Jersey,340157,1,OCEAN (29),LAKEWOOD,April,Thursday,State Highway,Urban,40.09070833,-74.20567778,Pedestrian,The First Harmful Event was Not a Collision with a Motor Vehicle in Transport,Dark - Lighted,Clear
New Jersey,340158,4,MONMOUTH (25),RUMSON,May,Saturday,Local Street - Municipality,Urban,40.36923611,-73.98766389,Motor Vehicle In-Transport,Angle,Daylight,Clear
New Jersey,340159,2,UNION (39),LINDEN,April,Wednesday,County Road,Urban,40.63827222,-74.25134167,Motor Vehicle In-Transport,Angle,Daylight,Clear
New Jersey,340160,1,MERCER (21),ROBBINSVILLE,May,Wednesday,Interstate,Rural,40.22676944,-74.55210278,Guardrail Face,The First Harmful Event was Not a Collision with a Motor Vehicle in Transport,Daylight,Clear
New Jersey,340161,3,CAMDEN (7),CAMDEN,May,Thursday,Interstate,Urban,39.92694444,-75.11611389,Concrete Traffic Barrier,The First Harmful Event was Not a Collision with a Motor Vehicle in Transport,Daylight,Clear
New Jersey,340162,1,CAMDEN (7),CHERRY HILL,April,Saturday,State Highway,Urban,39.9052,-74.97290278,Pedestrian,The First Harmful Event was Not a Collision with a Motor Vehicle in Transport,Dark - Lighted,Clear
New Jersey,340164,3,PASSAIC (31),CLIFTON,June,Monday,County Road,Urban,40.86945,-74.16906111,Motor Vehicle In-Transport,Angle,Dark - Lighted,Clear
New Jersey,340165,4,MIDDLESEX (23),SOUTH RIVER,June,Tuesday,County Road,Urban,40.43100556,-74.38120556,Motor Vehicle In-Transport,Angle,Daylight,Clear
New Jersey,340166,2,MIDDLESEX (23),PISCATAWAY,June,Thursday,County Road,Urban,40.51461111,-74.47707778,Motor Vehicle In-Transport,Front-to-Rear,Daylight,Clear
New Jersey,340167,1,SOMERSET (35),NORTH PLAINFIELD,May,Sunday,U.S. Highway,Urban,40.63004722,-74.43288056,Pedestrian,The First Harmful Event was Not a Collision with a Motor Vehicle in Transport,Dark - Lighted,Rain
New Jersey,340168,5,SOMERSET (35),NORTH PLAINFIELD,June,Monday,U.S. Highway,Urban,40.61679722,-74.45308333,Motor Vehicle In-Transport,Front-to-Rear,Daylight,Rain
New Jersey,340169,1,PASSAIC (31),WAYNE,June,Wednesday,County Road,Urban,40.95764167,-74.22459167,Curb,The First Harmful Event was Not a Collision with a Motor Vehicle in Transport,Daylight,Clear
New Jersey,340170,2,MONMOUTH (25),NEPTUNE CITY,June,Monday,State Highway,Urban,40.208725,-74.07236111,Motor Vehicle In-Transport,Angle,Daylight,Clear
New Jersey,340172,1,PASSAIC (31),WAYNE,May,Tuesday,Interstate,Urban,40.89830278,-74.24679722,Pedestrian,The First Harmful Event was Not a Collision with a Motor Vehicle in Transport,Dawn,Clear
New Jersey,340173,1,BERGEN (3),RIDGEFIELD,May,Saturday,Interstate,Urban,40.83239167,-74.022775,Guardrail Face,The First Harmful Event was Not a Collision with a Motor Vehicle in Transport,Dark - Lighted,Clear
New Jersey,340174,3,MIDDLESEX (23),OLD BRIDGE,May,Saturday,County Road,Urban,40.36150278,-74.31420278,Motor Vehicle In-Transport,Front-to-Front,Dark - Not Lighted,Clear
New Jersey,340175,1,CUMBERLAND (11),VINELAND,May,Tuesday,County Road,Urban,39.433575,-75.02032222,Utility Pole/Light Support,The First Harmful Event was Not a Collision with a Motor Vehicle in Transport,Dark - Lighted,Clear
New Jersey,340176,2,PASSAIC (31),PATERSON,May,Friday,Local Street - Municipality,Urban,40.92897222,-74.15251111,Motor Vehicle In-Transport,Angle,Dark - Lighted,Clear
New Jersey,340177,2,SUSSEX (37),SUSSEX,May,Saturday,County Road,Urban,41.20519722,-74.62096667,Motor Vehicle In-Transport,Front-to-Front,Daylight,Clear
New Jersey,340179,3,CAMDEN (7),LINDENWOLD,May,Sunday,U.S. Highway,Urban,39.80634167,-74.96722778,Motor Vehicle In-Transport,Angle,Daylight,Rain
New Jersey,340180,3,CAMDEN (7),CAMDEN,May,Wednesday,County Road,Urban,39.94966667,-75.08920278,Pedestrian,The First Harmful Event was Not a Collision with a Motor Vehicle in Transport,Daylight,Clear
New Jersey,340181,3,MIDDLESEX (23),METUCHEN,May,Tuesday,State Highway,Urban,40.53493889,-74.37506111,Motor Vehicle In-Transport,Angle,Daylight,Clear
New Jersey,340184,1,UNION (39),CLARK,May,Saturday,County Road,Urban,40.63077778,-74.30811944,Pedestrian,The First Harmful Event was Not a Collision with a Motor Vehicle in Transport,Daylight,Clear
New Jersey,340185,1,PASSAIC (31),WEST MILFORD,May,Sunday,Local Street - Municipality,Rural,41.16041389,-74.394575,Rollover/Overturn,The First Harmful Event was Not a Collision with a Motor Vehicle in Transport,Daylight,Clear
New Jersey,340187,1,CAPE MAY (9),WEST CAPE MAY,May,Saturday,County Road,Urban,38.936275,-74.93038333,Pedalcyclist,The First Harmful Event was Not a Collision with a Motor Vehicle in Transport,Daylight,Clear
New Jersey,340188,1,CAPE MAY (9),OCEAN CITY,May,Friday,County Road,Urban,39.282375,-74.57790556,Pedestrian,The First Harmful Event was Not a Collision with a Motor Vehicle in Transport,Daylight,Clear
New Jersey,340190,3,MONMOUTH (25),ABERDEEN,May,Wednesday,County Road,Urban,40.43668889,-74.21941944,Motor Vehicle In-Transport,Angle,Dusk,Clear
New Jersey,340191,2,MIDDLESEX (23),OLD BRIDGE,May,Monday,U.S. Highway,Urban,40.43139444,-74.30261389,Motor Vehicle In-Transport,Front-to-Rear,Dark - Lighted,Clear
New Jersey,340192,3,HUDSON (17),JERSEY CITY,May,Sunday,County Road,Urban,40.74868611,-74.03953889,Motor Vehicle In-Transport,Front-to-Front,Daylight,Rain
New Jersey,340193,2,UNION (39),SCOTCH PLAINS,June,Saturday,Local Street - Municipality,Urban,40.61659167,-74.36893056,Motor Vehicle In-Transport,Front-to-Front,Daylight,Clear
New Jersey,340194,6,MERCER (21),EAST WINDSOR,June,Friday,Interstate,Urban,40.23698889,-74.53590833,Motor Vehicle In-Transport,Front-to-Rear,Daylight,Clear
New Jersey,340195,2,MIDDLESEX (23),NORTH BRUNSWICK,May,Tuesday,State Highway,Urban,40.47316944,-74.49067778,Pedestrian,The First Harmful Event was Not a Collision with a Motor Vehicle in Transport,Dark - Not Lighted,Clear
New Jersey,340196,3,MIDDLESEX (23),MONROE TOWNSHIP,May,Monday,County Road,Urban,40.34251667,-74.45431389,Motor Vehicle In-Transport,Angle,Daylight,Rain
New Jersey,340197,2,MONMOUTH (25),HAZLET,May,Tuesday,State Highway,Urban,40.43708056,-74.14080556,Pedalcyclist,The First Harmful Event was Not a Collision with a Motor Vehicle in Transport,Dark - Lighted,Clear
New Jersey,340198,2,OCEAN (29),BARNEGAT,June,Sunday,County Road,Rural,39.77158611,-74.36025556,Tree (Standing Only),The First Harmful Event was Not a Collision with a Motor Vehicle in Transport,Dark - Not Lighted,Clear
New Jersey,340199,1,ATLANTIC (1),GALLOWAY TOWNSHIP,June,Monday,Local Street - Municipality,Urban,39.48228889,-74.50940278,Utility Pole/Light Support,The First Harmful Event was Not a Collision with a Motor Vehicle in Transport,Daylight,Clear
New Jersey,340200,1,MONMOUTH (25),HOWELL,June,Tuesday,U.S. Highway,Urban,40.13583889,-74.22439167,Pedestrian,The First Harmful Event was Not a Collision with a Motor Vehicle in Transport,Dark - Not Lighted,Clear
New Jersey,340202,3,BERGEN (3),LODI,June,Saturday,Local Street - Municipality,Urban,40.88220556,-74.093125,Motor Vehicle In-Transport,Angle,Daylight,Clear
New Jersey,340203,1,BERGEN (3),ENGLEWOOD,June,Tuesday,County Road,Urban,40.89802222,-73.98188889,Pedestrian,The First Harmful Event was Not a Collision with a Motor Vehicle in Transport,Daylight,Clear
New Jersey,340204,1,MIDDLESEX (23),SOUTH BRUNSWICK,June,Monday,Local Street - Municipality,Urban,40.37821111,-74.52766667,Curb,The First Harmful Event was Not a Collision with a Motor Vehicle in Transport,Dark - Lighted,Clear
New Jersey,340205,3,OCEAN (29),SHIP BOTTOM,June,Saturday,County Road,Urban,39.64833333,-74.17684444,Motor Vehicle In-Transport,Front-to-Rear,Daylight,Clear
New Jersey,340206,5,HUDSON (17),WEST NEW YORK,June,Tuesday,Local Street - Municipality,Urban,40.79089722,-74.020475,Motor Vehicle In-Transport,Angle,Dark - Lighted,Clear
New Jersey,340209,1,MORRIS (27),MORRISTOWN,June,Friday,Local Street - Municipality,Urban,40.796325,-74.48391944,Pedestrian,The First Harmful Event was Not a Collision with a Motor Vehicle in Transport,Daylight,Clear
New Jersey,340211,2,CAMDEN (7),CAMDEN,June,Monday,Local Street - Municipality,Urban,39.95560556,-75.12208889,Motor Vehicle In-Transport,Angle,Daylight,Clear
New Jersey,340212,3,CAMDEN (7),LAWNSIDE,June,Tuesday,U.S. Highway,Urban,39.86955833,-75.04227222,Motor Vehicle In-Transport,Front-to-Front,Daylight,Clear
New Jersey,340213,4,BERGEN (3),HACKENSACK,July,Saturday,County Road,Urban,40.896725,-74.03834167,Motor Vehicle In-Transport,Front-to-Front,Daylight,Rain
New Jersey,340215,13,UNION (39),HILLSIDE,July,Thursday,Local Street - Municipality,Urban,40.69487222,-74.22521389,Motor Vehicle In-Transport,Angle,Daylight,Rain
New Jersey,340216,3,MONMOUTH (25),TINTON FALLS,July,Friday,County Road,Urban,40.32113889,-74.08201667,Motor Vehicle In-Transport,Angle,Daylight,Clear
New Jersey,340217,5,ATLANTIC (1),ATLANTIC CITY,July,Saturday,Local Street - Municipality,Urban,39.36326667,-74.42527222,Pedestrian,The First Harmful Event was Not a Collision with a Motor Vehicle in Transport,Dark - Lighted,Rain
New Jersey,340218,3,GLOUCESTER (15),FRANKLINVILLE,July,Tuesday,County Road,Rural,39.57995,-75.00780556,Mail Box,The First Harmful Event was Not a Collision with a Motor Vehicle in Transport,Dark - Not Lighted,Clear
New Jersey,340219,2,HUDSON (17),JERSEY CITY,July,Sunday,Local Street - Municipality,Urban,40.701575,-74.08246944,Motor Vehicle In-Transport,Angle,Dark - Lighted,Clear
New Jersey,340221,3,BERGEN (3),HACKENSACK,June,Saturday,County Road,Urban,40.89569167,-74.05012778,Utility Pole/Light Support,The First Harmful Event was Not a Collision with a Motor Vehicle in Transport,Dark - Lighted,Clear
New Jersey,340222,2,PASSAIC (31),CLIFTON,June,Friday,County Road,Urban,40.87400833,-74.15673611,Motor Vehicle In-Transport,Angle,Dark - Lighted,Clear
New Jersey,340223,1,OCEAN (29),TOMS RIVER,May,Wednesday,Local Street - Municipality,Urban,39.99253333,-74.18024722,Rollover/Overturn,The First Harmful Event was Not a Collision with a Motor Vehicle in Transport,Dark - Lighted,Clear
New Jersey,340224,1,BURLINGTON (5),RIVERSIDE,June,Wednesday,County Road,Urban,40.03755833,-74.9625,Pedestrian,The First Harmful Event was Not a Collision with a Motor Vehicle in Transport,Dark - Lighted,Clear
New Jersey,340226,3,HUDSON (17),WEST NEW YORK,May,Thursday,Local Street - Municipality,Urban,40.79071944,-74.02013333,Pedestrian,The First Harmful Event was Not a Collision with a Motor Vehicle in Transport,Dusk,Clear
New Jersey,340229,1,GLOUCESTER (15),CLAYTON,June,Saturday,State Highway,Urban,39.65558056,-75.091125,Pedestrian,The First Harmful Event was Not a Collision with a Motor Vehicle in Transport,Daylight,Cloudy
New Jersey,340231,1,ESSEX (13),ORANGE,June,Thursday,Local Street - Municipality,Urban,40.768175,-74.22114444,Pedestrian,The First Harmful Event was Not a Collision with a Motor Vehicle in Transport,Daylight,Clear
New Jersey,340232,2,ESSEX (13),ORANGE,June,Thursday,County Road,Urban,40.77374444,-74.23365278,Motor Vehicle In-Transport,Angle,Daylight,Clear
New Jersey,340233,3,ATLANTIC (1),HAMILTON,June,Saturday,County Road,Urban,39.45082778,-74.74736944,Motor Vehicle In-Transport,Angle,Dark - Lighted,Clear
New Jersey,340234,2,OCEAN (29),TOMS RIVER,July,Thursday,State Highway,Urban,39.95246111,-74.15489722,Motor Vehicle In-Transport,Front-to-Rear,Daylight,Clear
New Jersey,340235,1,CAMDEN (7),CHERRY HILL,June,Wednesday,State Highway,Urban,39.93618611,-75.04493056,Pedestrian,The First Harmful Event was Not a Collision with a Motor Vehicle in Transport,Daylight,Clear
New Jersey,340236,3,CAMDEN (7),CHERRY HILL,June,Saturday,State Highway,Urban,39.92781111,-75.055175,Pedestrian,The First Harmful Event was Not a Collision with a Motor Vehicle in Transport,Dark - Not Lighted,Clear
New Jersey,340237,1,MORRIS (27),MADISON,June,Friday,County Road,Urban,40.75844722,-74.42063611,Pedestrian,The First Harmful Event was Not a Collision with a Motor Vehicle in Transport,Daylight,Clear
New Jersey,340238,10,MORRIS (27),MOUNT ARLINGTON,June,Friday,Interstate,Urban,40.89737778,-74.63430278,Motor Vehicle In-Transport,Front-to-Rear,Daylight,Clear
New Jersey,340240,2,CAMDEN (7),WINSLOW,July,Friday,State Highway,Urban,39.71666944,-74.90031111,Motor Vehicle In-Transport,Front-to-Front,Daylight,Rain
New Jersey,340241,4,SOMERSET (35),TOWNSHIP OF WARREN,July,Tuesday,Interstate,Urban,40.64661111,-74.56911389,Motor Vehicle In-Transport,Front-to-Rear,Dark - Not Lighted,Clear
New Jersey,340243,2,MORRIS (27),MONTVILLE,July,Thursday,U.S. Highway,Urban,40.85905833,-74.332075,Pedestrian,The First Harmful Event was Not a Collision with a Motor Vehicle in Transport,Dark - Not Lighted,Clear
New Jersey,340244,1,MERCER (21),HAMILTON TOWNSHIP,July,Tuesday,Local Street - Municipality,Urban,40.25243611,-74.71269167,Pedalcyclist,The First Harmful Event was Not a Collision with a Motor Vehicle in Transport,Dark - Lighted,Clear
New Jersey,340245,2,MORRIS (27),PARSIPPANY,July,Wednesday,Interstate,Urban,40.86375556,-74.41328333,Parked Motor Vehicle,The First Harmful Event was Not a Collision with a Motor Vehicle in Transport,Daylight,Clear
New Jersey,340246,4,MIDDLESEX (23),OLD BRIDGE,July,Saturday,County Road,Urban,40.37217778,-74.35625556,Motor Vehicle In-Transport,Front-to-Rear,Dark - Lighted,Clear
New Jersey,340248,2,CAMDEN (7),WATERFORD WORKS,July,Wednesday,Local Street - Municipality,Rural,39.75813333,-74.83673889,Motor Vehicle In-Transport,Angle,Dark - Lighted,Clear
New Jersey,340249,2,ATLANTIC (1),EGG HARBOR CITY,July,Wednesday,U.S. Highway,Urban,39.52597778,-74.6471,Pedestrian,The First Harmful Event was Not a Collision with a Motor Vehicle in Transport,Dusk,Clear
New Jersey,340250,6,GLOUCESTER (15),FRANKLINVILLE,July,Sunday,County Road,Urban,39.54538056,-75.057125,Motor Vehicle In-Transport,Angle,Daylight,Clear
New Jersey,340251,1,UNION (39),MOUNTAINSIDE,June,Thursday,County Road,Urban,40.68659167,-74.34884167,Pedestrian,The First Harmful Event was Not a Collision with a Motor Vehicle in Transport,Dusk,Clear
New Jersey,340253,4,MIDDLESEX (23),OLD BRIDGE,July,Tuesday,County Road,Urban,40.40958333,-74.34186111,Motor Vehicle In-Transport,Front-to-Front,Daylight,Clear
New Jersey,340254,4,UNION (39),UNION,June,Tuesday,State Highway,Urban,40.69297222,-74.25636389,Motor Vehicle In-Transport,Front-to-Front,Daylight,Clear
New Jersey,340255,2,BURLINGTON (5),HAINESPORT,July,Tuesday,State Highway,Urban,39.97244722,-74.84758056,Rollover/Overturn,The First Harmful Event was Not a Collision with a Motor Vehicle in Transport,Daylight,Clear
New Jersey,340256,1,OCEAN (29),NEW EGYPT,July,Friday,County Road,Rural,40.06725833,-74.467175,Utility Pole/Light Support,The First Harmful Event was Not a Collision with a Motor Vehicle in Transport,Dusk,Clear
New Jersey,340257,3,MIDDLESEX (23),SOUTH BRUNSWICK,July,Wednesday,U.S. Highway,Urban,40.41127778,-74.50606944,Motor Vehicle In-Transport,Angle,Daylight,Clear
New Jersey,340258,3,CUMBERLAND (11),MILLVILLE,August,Saturday,State Highway,Urban,39.41105556,-75.13031389,Pedestrian,The First Harmful Event was Not a Collision with a Motor Vehicle in Transport,Daylight,"Fog, Smog, Smoke"
New Jersey,340259,1,SUSSEX (37),STILLWATER,August,Saturday,Local Street - Municipality,Rural,41.061075,-74.86330833,"Post, Pole or Other Supports",The First Harmful Event was Not a Collision with a Motor Vehicle in Transport,Daylight,Clear
New Jersey,340260,1,PASSAIC (31),RINGWOOD,August,Sunday,County Road,Urban,41.1364,-74.255825,Wall,The First Harmful Event was Not a Collision with a Motor Vehicle in Transport,Dark - Lighted,Reported as Unknown
New Jersey,340261,2,WARREN (41),HARMONY,August,Sunday,Local Street - Municipality,Rural,40.72688889,-75.18356667,Other Object (not fixed),The First Harmful Event was Not a Collision with a Motor Vehicle in Transport,Daylight,Rain
New Jersey,340263,1,PASSAIC (31),PATERSON,August,Tuesday,Local Street - Municipality,Urban,40.92438889,-74.19453333,Pedestrian,The First Harmful Event was Not a Collision with a Motor Vehicle in Transport,Daylight,Clear
New Jersey,340264,1,PASSAIC (31),PATERSON,August,Sunday,Local Street - Municipality,Urban,40.93183333,-74.15865278,Pedalcyclist,The First Harmful Event was Not a Collision with a Motor Vehicle in Transport,Daylight,Clear
New Jersey,340265,4,MIDDLESEX (23),EAST BRUNSWICK,August,Sunday,County Road,Urban,40.41832222,-74.36929444,Motor Vehicle In-Transport,Angle,Daylight,Clear
New Jersey,340266,1,SOMERSET (35),SOMERVILLE,August,Monday,County Road,Urban,40.56534722,-74.59659167,Pedestrian,The First Harmful Event was Not a Collision with a Motor Vehicle in Transport,Dark - Lighted,Clear
New Jersey,340268,1,BERGEN (3),LEONIA,August,Thursday,State Highway,Urban,40.86141944,-73.99489444,Pedestrian,The First Harmful Event was Not a Collision with a Motor Vehicle in Transport,Daylight,Clear
New Jersey,340269,2,MORRIS (27),BOONTON,August,Friday,Local Street - Municipality,Urban,40.90164722,-74.40353889,"Post, Pole or Other Supports",The First Harmful Event was Not a Collision with a Motor Vehicle in Transport,Daylight,Clear
New Jersey,340270,2,ATLANTIC (1),ABSECON,August,Thursday,U.S. Highway,Urban,39.43226944,-74.51155,Pedestrian,The First Harmful Event was Not a Collision with a Motor Vehicle in Transport,Dark - Lighted,Clear
New Jersey,340271,5,CAMDEN (7),WINSLOW,August,Friday,County Road,Urban,39.78378056,-74.94644167,Motor Vehicle In-Transport,Front-to-Front,Dark - Lighted,Clear
New Jersey,340272,1,HUDSON (17),JERSEY CITY,August,Monday,State Highway,Urban,40.70948056,-74.09950278,Pedestrian,The First Harmful Event was Not a Collision with a Motor Vehicle in Transport,Dark - Not Lighted,Clear
New Jersey,340274,8,MERCER (21),ROBBINSVILLE,June,Monday,U.S. Highway,Urban,40.22745833,-74.601875,Motor Vehicle In-Transport,Front-to-Front,Daylight,Clear
New Jersey,340275,3,BERGEN (3),PARAMUS,August,Saturday,State Highway,Urban,40.91547222,-74.05199167,Pedestrian,The First Harmful Event was Not a Collision with a Motor Vehicle in Transport,Dark - Lighted,Clear
New Jersey,340277,1,PASSAIC (31),WAYNE,September,Thursday,Interstate,Urban,40.898025,-74.24805,Live Animal,The First Harmful Event was Not a Collision with a Motor Vehicle in Transport,Dark - Lighted,Clear
New Jersey,340278,2,MERCER (21),LAWRENCEVILLE,July,Sunday,U.S. Highway,Urban,40.24658333,-74.74059167,Motor Vehicle In-Transport,Angle,Dark - Lighted,Clear
New Jersey,340280,2,MERCER (21),TOWNSHIP OF EWING,July,Monday,County Road,Urban,40.24700556,-74.78486111,Motor Vehicle In-Transport,Angle,Daylight,Clear
New Jersey,340281,3,ESSEX (13),NEWARK,July,Friday,U.S. Highway,Urban,40.70675,-74.18054722,Motor Vehicle In-Transport,Front-to-Rear,Dark - Lighted,Clear
New Jersey,340282,1,CAMDEN (7),LINDENWOLD,July,Thursday,U.S. Highway,Urban,39.81757778,-74.99289167,Pedestrian,The First Harmful Event was Not a Collision with a Motor Vehicle in Transport,Dark - Lighted,Clear
New Jersey,340284,2,CAMDEN (7),CAMDEN,July,Saturday,County Road,Urban,39.93193056,-75.10486944,Motor Vehicle In-Transport,Angle,Dusk,Clear
New Jersey,340285,2,ATLANTIC (1),GALLOWAY TOWNSHIP,August,Saturday,U.S. Highway,Urban,39.44426944,-74.52581389,Pedestrian,The First Harmful Event was Not a Collision with a Motor Vehicle in Transport,Dark - Lighted,Clear
New Jersey,340286,3,MONMOUTH (25),BELMAR,June,Sunday,State Highway,Urban,40.18313611,-74.02678611,Curb,The First Harmful Event was Not a Collision with a Motor Vehicle in Transport,Daylight,Clear
New Jersey,340287,1,MIDDLESEX (23),HIGHLAND PARK,June,Friday,State Highway,Urban,40.49801389,-74.43429167,Pedestrian,The First Harmful Event was Not a Collision with a Motor Vehicle in Transport,Dark - Lighted,Clear
New Jersey,340288,1,UNION (39),UNION,July,Wednesday,County Road,Urban,40.67420833,-74.26355833,Pedestrian,The First Harmful Event was Not a Collision with a Motor Vehicle in Transport,Dusk,Rain
New Jersey,340289,1,ATLANTIC (1),ATLANTIC CITY,August,Saturday,Local Street - Municipality,Urban,39.35957222,-74.43458611,Pedestrian,The First Harmful Event was Not a Collision with a Motor Vehicle in Transport,Dark - Lighted,Clear
New Jersey,340291,1,MERCER (21),EAST WINDSOR,July,Tuesday,Interstate,Rural,40.2791,-74.5046,Pedestrian,The First Harmful Event was Not a Collision with a Motor Vehicle in Transport,Dark - Not Lighted,Clear
New Jersey,340292,2,BERGEN (3),WASHINGTON TOWNSHIP,September,Tuesday,County Road,Urban,40.97782778,-74.07538333,Motor Vehicle In-Transport,Sideswipe - Same Direction,Daylight,Clear
New Jersey,340293,2,HUDSON (17),BAYONNE,September,Monday,State Highway,Urban,40.69179722,-74.10525,Concrete Traffic Barrier,The First Harmful Event was Not a Collision with a Motor Vehicle in Transport,Daylight,Reported as Unknown
New Jersey,340295,3,CUMBERLAND (11),VINELAND,July,Friday,State Highway,Urban,39.503375,-75.041825,Motor Vehicle In-Transport,Angle,Daylight,Clear
New Jersey,340297,3,ATLANTIC (1),MARGATE CITY,September,Friday,County Road,Urban,39.33160278,-74.50705556,Motor Vehicle In-Transport,Angle,Daylight,Clear
New Jersey,340298,1,SOMERSET (35),FRANKLIN PARK,September,Tuesday,State Highway,Urban,40.48030833,-74.48411389,Curb,The First Harmful Event was Not a Collision with a Motor Vehicle in Transport,Daylight,Clear
New Jersey,340299,1,CAPE MAY (9),DENNISVILLE,September,Sunday,County Road,Urban,39.17863056,-74.76040278,Pedestrian,The First Harmful Event was Not a Collision with a Motor Vehicle in Transport,Dark - Not Lighted,Clear
New Jersey,340301,2,MORRIS (27),MOUNT OLIVE,September,Sunday,U.S. Highway,Urban,40.88406111,-74.72943056,Motor Vehicle In-Transport,Angle,Daylight,Clear
New Jersey,340302,1,ATLANTIC (1),EGG HARBOR TOWNSHIP,September,Monday,U.S. Highway,Urban,39.41253056,-74.57263611,Pedestrian,The First Harmful Event was Not a Collision with a Motor Vehicle in Transport,Dark - Lighted,Clear
New Jersey,340303,2,BERGEN (3),LEONIA,July,Saturday,Interstate,Urban,40.87063889,-73.97860278,Motor Vehicle In-Transport,Front-to-Front,Dark - Not Lighted,Clear
New Jersey,340304,3,CAPE MAY (9),DENNISVILLE,September,Monday,State Highway,Urban,39.19205278,-74.82400833,Motor Vehicle In-Transport,Front-to-Rear,Daylight,Clear
New Jersey,340310,4,OCEAN (29),TOMS RIVER,September,Friday,State Highway,Urban,40.03741389,-74.24259167,Motor Vehicle In-Transport,Angle,Daylight,Clear
New Jersey,340315,2,HUDSON (17),NORTH BERGEN,September,Sunday,County Road,Urban,40.80227222,-74.01275833,Motor Vehicle In-Transport,Angle,Dark - Lighted,Clear
New Jersey,340316,2,GLOUCESTER (15),FRANKLINVILLE,September,Wednesday,Local Street - Municipality,Rural,39.63458056,-75.04845556,Motor Vehicle In-Transport,Angle,Daylight,Clear
New Jersey,340317,1,UNION (39),SUMMIT,September,Sunday,County Road,Urban,40.71262222,-74.34635556,Pedestrian,The First Harmful Event was Not a Collision with a Motor Vehicle in Transport,Dark - Lighted,Clear
New Jersey,340318,3,BURLINGTON (5),BURLINGTON TOWNSHIP,August,Saturday,County Road,Urban,40.06105278,-74.85076389,Motor Vehicle In-Transport,Sideswipe - Same Direction,Daylight,Clear