State,Case Number,Persons,County,City,Month,Day,Route,Rural/Urban,Latitude,Longitude,First Harmful Event,Manner of Collision,Light Conditions,Weather
New Jersey,340319,1,BURLINGTON (5),BEVERLY,August,Saturday,County Road,Urban,40.06253889,-74.91723611,Other Non-Collision,The First Harmful Event was Not a Collision with a Motor Vehicle in Transport,Daylight,Clear
New Jersey,340320,2,BURLINGTON (5),BURLINGTON TOWNSHIP,September,Monday,U.S. Highway,Urban,40.06193056,-74.88003333,Pedestrian,The First Harmful Event was Not a Collision with a Motor Vehicle in Transport,Dark - Lighted,Clear
New Jersey,340322,2,CAMDEN (7),PENNSAUKEN,September,Saturday,U.S. Highway,Urban,39.95807222,-75.05610278,Motor Vehicle In-Transport,Front-to-Rear,Dark - Lighted,Clear
New Jersey,340325,1,SUSSEX (37),STANHOPE,September,Monday,U.S. Highway,Urban,40.92001944,-74.71852222,Pedalcyclist,The First Harmful Event was Not a Collision with a Motor Vehicle in Transport,Daylight,Clear
New Jersey,340326,1,BURLINGTON (5),EVESHAM  TOWNSHIP,September,Saturday,State Highway,Urban,39.89520278,-74.87585833,Pedestrian,The First Harmful Event was Not a Collision with a Motor Vehicle in Transport,Dark - Not Lighted,Clear
New Jersey,340327,1,PASSAIC (31),CLIFTON,October,Saturday,State Highway,Urban,40.885425,-74.13204722,"Post, Pole or Other Supports",The First Harmful Event was Not a Collision with a Motor Vehicle in Transport,Dark - Lighted,Clear
New Jersey,340328,1,BURLINGTON (5),EVESHAM  TOWNSHIP,September,Monday,County Road,Urban,39.88044444,-74.86649722,Pedestrian,The First Harmful Event was Not a Collision with a Motor Vehicle in Transport,Dark - Not Lighted,Clear
New Jersey,340329,2,BURLINGTON (5),BURLINGTON TOWNSHIP,October,Wednesday,County Road,Urban,40.10519444,-74.82954444,Motor Vehicle In-Transport,Angle,Daylight,Clear
New Jersey,340330,2,BURLINGTON (5),EVESHAM  TOWNSHIP,October,Sunday,State Highway,Urban,39.89558889,-74.93953056,Motor Vehicle In-Transport,Angle,Daylight,Cloudy
New Jersey,340331,2,MIDDLESEX (23),PISCATAWAY,October,Sunday,County Road,Urban,40.57083333,-74.45698056,Motor Vehicle In-Transport,Front-to-Front,Dawn,Clear
New Jersey,340332,1,BURLINGTON (5),BURLINGTON TOWNSHIP,September,Friday,County Road,Urban,40.04891944,-74.87964444,Pedestrian,The First Harmful Event was Not a Collision with a Motor Vehicle in Transport,Daylight,Clear
New Jersey,340334,1,OCEAN (29),CASSVILLE,October,Tuesday,County Road,Urban,40.16219722,-74.28342222,Non-Motorist on Personal Conveyance,The First Harmful Event was Not a Collision with a Motor Vehicle in Transport,Dusk,Clear
New Jersey,340337,2,WARREN (41),BLAIRSTOWN,October,Saturday,Interstate,Rural,40.93319167,-74.99815556,Shrubbery,The First Harmful Event was Not a Collision with a Motor Vehicle in Transport,Dark - Not Lighted,Clear
New Jersey,340338,4,CUMBERLAND (11),MILLVILLE,October,Friday,Local Street - Municipality,Urban,39.37228889,-75.05233056,Motor Vehicle In-Transport,Front-to-Front,Dark - Lighted,Clear
New Jersey,340339,2,CAMDEN (7),VOORHEES,August,Tuesday,County Road,Urban,39.84602222,-74.97351389,Motor Vehicle In-Transport,Angle,Daylight,Rain
New Jersey,340340,4,SUSSEX (37),LAFAYETTE,August,Monday,State Highway,Rural,41.09108889,-74.67623611,Motor Vehicle In-Transport,Front-to-Front,Dark - Lighted,Clear
New Jersey,340341,1,OCEAN (29),MANCHESTER TOWNSHIP,October,Sunday,County Road,Urban,39.95461667,-74.379575,Pedestrian,The First Harmful Event was Not a Collision with a Motor Vehicle in Transport,Dark - Not Lighted,Rain
New Jersey,340342,1,CAMDEN (7),CAMDEN,August,Monday,County Road,Urban,39.91806667,-75.10195833,Pedestrian,The First Harmful Event was Not a Collision with a Motor Vehicle in Transport,Dark - Lighted,Clear
New Jersey,340343,2,SUSSEX (37),MONTAGUE,August,Friday,State Highway,Rural,41.35132222,-74.68616111,Rollover/Overturn,The First Harmful Event was Not a Collision with a Motor Vehicle in Transport,Dark - Lighted,Clear
New Jersey,340344,1,SOMERSET (35),SOMERVILLE,November,Tuesday,Local Street - Municipality,Urban,40.5695,-74.61038611,Pedestrian,The First Harmful Event was Not a Collision with a Motor Vehicle in Transport,Daylight,Clear
New Jersey,340345,1,CAMDEN (7),CAMDEN,August,Tuesday,County Road,Urban,39.93888889,-75.09289722,Pedestrian,The First Harmful Event was Not a Collision with a Motor Vehicle in Transport,Dark - Lighted,Clear
New Jersey,340346,1,ESSEX (13),NEWARK,August,Monday,Local Street - Municipality,Urban,40.777925,-74.159625,Parked Motor Vehicle,The First Harmful Event was Not a Collision with a Motor Vehicle in Transport,Daylight,Clear
New Jersey,340347,1,CUMBERLAND (11),VINELAND,August,Saturday,Local Street - Municipality,Urban,39.47866389,-75.01937778,Utility Pole/Light Support,The First Harmful Event was Not a Collision with a Motor Vehicle in Transport,Dark - Lighted,Clear
New Jersey,340348,2,UNION (39),PLAINFIELD,August,Friday,County Road,Urban,40.60709444,-74.40543333,Curb,The First Harmful Event was Not a Collision with a Motor Vehicle in Transport,Dark - Lighted,Clear
New Jersey,340349,2,MIDDLESEX (23),SOUTH BRUNSWICK,August,Thursday,County Road,Urban,40.38496111,-74.44402222,Motor Vehicle In-Transport,Angle,Dark - Not Lighted,Clear
New Jersey,340350,2,MIDDLESEX (23),OLD BRIDGE,August,Thursday,U.S. Highway,Urban,40.40475556,-74.30559167,Motor Vehicle In-Transport,Sideswipe - Opposite Direction,Dawn,Clear
New Jersey,340351,3,UNION (39),CLARK,August,Friday,County Road,Urban,40.61198056,-74.33227778,Pedestrian,The First Harmful Event was Not a Collision with a Motor Vehicle in Transport,Daylight,Clear
New Jersey,340353,3,CUMBERLAND (11),VINELAND,September,Wednesday,County Road,Urban,39.47930833,-75.00095,Motor Vehicle In-Transport,Angle,Daylight,Clear
New Jersey,340355,3,GLOUCESTER (15),CLAYTON,August,Thursday,County Road,Urban,39.65688889,-75.05494722,Motor Vehicle In-Transport,Front-to-Rear,Dark - Lighted,Clear
New Jersey,340358,2,OCEAN (29),TOWNSHIP OF BRICK,August,Saturday,State Highway,Urban,40.06966667,-74.12671944,Pedestrian,The First Harmful Event was Not a Collision with a Motor Vehicle in Transport,Dark - Lighted,Clear
New Jersey,340359,1,CUMBERLAND (11),VINELAND,September,Saturday,Local Street - Municipality,Urban,39.51749722,-75.03295,Other Object (not fixed),The First Harmful Event was Not a Collision with a Motor Vehicle in Transport,Dark - Lighted,Clear
New Jersey,340360,2,CUMBERLAND (11),VINELAND,September,Thursday,State Highway,Urban,39.48789722,-75.06143333,Motor Vehicle In-Transport,Angle,Daylight,Clear
New Jersey,340361,3,BERGEN (3),HACKENSACK,September,Friday,County Road,Urban,40.87838333,-74.04741389,Motor Vehicle In-Transport,Sideswipe - Same Direction,Daylight,Clear
New Jersey,340364,5,ESSEX (13),NEWARK,August,Thursday,State Highway,Urban,40.74495556,-74.16713889,Motor Vehicle In-Transport,Angle,Daylight,Clear
New Jersey,340366,3,GLOUCESTER (15),DEPTFORD,August,Saturday,County Road,Urban,39.80798056,-75.09103889,Motor Vehicle In-Transport,Front-to-Front,Daylight,Clear
New Jersey,340367,2,GLOUCESTER (15),MANTUA,October,Wednesday,State Highway,Urban,39.79783056,-75.11095,Tree (Standing Only),The First Harmful Event was Not a Collision with a Motor Vehicle in Transport,Daylight,Rain
New Jersey,340368,1,BERGEN (3),HACKENSACK,October,Wednesday,County Road,Urban,40.90693056,-74.03981389,Pedestrian,The First Harmful Event was Not a Collision with a Motor Vehicle in Transport,Dawn,"Fog, Smog, Smoke"
New Jersey,340369,1,MERCER (21),LAWRENCEVILLE,September,Thursday,Local Street - Municipality,Urban,40.31243056,-74.73556944,Immersion or Partial Immersion,The First Harmful Event was Not a Collision with a Motor Vehicle in Transport,Daylight,Clear
New Jersey,340370,3,GLOUCESTER (15),FRANKLINVILLE,August,Sunday,County Road,Urban,39.63486389,-75.06190556,Motor Vehicle In-Transport,Angle,Daylight,Clear
New Jersey,340371,4,BURLINGTON (5),WESTAMPTON TOWNSHIP,October,Wednesday,Interstate,Urban,40.0135,-74.8485,Tree (Standing Only),The First Harmful Event was Not a Collision with a Motor Vehicle in Transport,Dark - Lighted,Cloudy
New Jersey,340372,1,OCEAN (29),TOWNSHIP OF BRICK,September,Sunday,County Road,Urban,40.04385,-74.12119722,Pedestrian,The First Harmful Event was Not a Collision with a Motor Vehicle in Transport,Dark - Lighted,Clear
New Jersey,340373,1,WARREN (41),ALLAMUCHY,September,Tuesday,County Road,Rural,40.95042222,-74.84096111,Rollover/Overturn,The First Harmful Event was Not a Collision with a Motor Vehicle in Transport,Daylight,Clear
New Jersey,340374,1,OCEAN (29),LAKEWOOD,October,Friday,Local Street - Municipality,Urban,40.06283056,-74.20103333,Pedestrian,The First Harmful Event was Not a Collision with a Motor Vehicle in Transport,Dark - Lighted,Clear
New Jersey,340375,1,MONMOUTH (25),MANASQUAN,August,Tuesday,State Highway,Urban,40.125175,-74.04551111,Curb,The First Harmful Event was Not a Collision with a Motor Vehicle in Transport,Dark - Lighted,Clear
New Jersey,340376,2,MERCER (21),EAST WINDSOR,August,Thursday,U.S. Highway,Urban,40.26196944,-74.54760556,Motor Vehicle In-Transport,Sideswipe - Same Direction,Daylight,Clear
New Jersey,340377,4,CAMDEN (7),CAMDEN,September,Thursday,Local Street - Municipality,Urban,39.95439722,-75.08846667,Motor Vehicle In-Transport,Angle,Dark - Lighted,Clear
New Jersey,340378,1,MIDDLESEX (23),CARTERET,September,Sunday,Interstate,Urban,40.59435833,-74.23339722,Concrete Traffic Barrier,The First Harmful Event was Not a Collision with a Motor Vehicle in Transport,Daylight,Clear
New Jersey,340380,1,CAMDEN (7),CAMDEN,September,Saturday,Local Street - Municipality,Urban,39.90556944,-75.11070833,Pedestrian,The First Harmful Event was Not a Collision with a Motor Vehicle in Transport,Dark - Not Lighted,Clear
New Jersey,340381,1,SUSSEX (37),MONTAGUE,September,Sunday,County Road,Rural,41.25841667,-74.71194444,Other Object (not fixed),The First Harmful Event was Not a Collision with a Motor Vehicle in Transport,Dark - Not Lighted,Clear
New Jersey,340382,2,SALEM (33),CARNEYS POINT,September,Tuesday,Interstate,Urban,39.67706389,-75.48820833,Motor Vehicle In-Transport,Front-to-Front,Dark - Lighted,Clear
New Jersey,340383,2,CAMDEN (7),GIBBSBORO,September,Sunday,County Road,Urban,39.82946389,-74.97168333,Utility Pole/Light Support,The First Harmful Event was Not a Collision with a Motor Vehicle in Transport,Dark - Lighted,Clear
New Jersey,340384,2,CAMDEN (7),CHESILHURST,September,Tuesday,Local Street - Municipality,Rural,39.72887222,-74.86863611,Tree (Standing Only),The First Harmful Event was Not a Collision with a Motor Vehicle in Transport,Daylight,Clear
New Jersey,340385,2,CAMDEN (7),STRATFORD,September,Sunday,U.S. Highway,Urban,39.82616389,-74.99858889,Motor Vehicle In-Transport,Front-to-Rear,Dark - Lighted,Clear
New Jersey,340387,1,UNION (39),PLAINFIELD,September,Sunday,County Road,Urban,40.60182778,-74.40300556,Pedestrian,The First Harmful Event was Not a Collision with a Motor Vehicle in Transport,Dark - Lighted,Clear
New Jersey,340388,1,PASSAIC (31),WAYNE,September,Wednesday,U.S. Highway,Urban,40.95195,-74.27216944,"Cargo/Equipment Loss, Shift, or Damage [harmful]",The First Harmful Event was Not a Collision with a Motor Vehicle in Transport,Daylight,Clear
New Jersey,340389,1,CAMDEN (7),CAMDEN,September,Thursday,County Road,Urban,39.945025,-75.09255278,Pedestrian,The First Harmful Event was Not a Collision with a Motor Vehicle in Transport,Dark - Lighted,Clear
New Jersey,340390,1,GLOUCESTER (15),WEST DEPTFORD,September,Thursday,State Highway,Urban,39.85201389,-75.14242778,Pedestrian,The First Harmful Event was Not a Collision with a Motor Vehicle in Transport,Dark - Lighted,Clear
New Jersey,340391,1,MORRIS (27),ROCKAWAY,September,Friday,U.S. Highway,Urban,40.89090278,-74.51349444,Pedestrian,The First Harmful Event was Not a Collision with a Motor Vehicle in Transport,Dark - Lighted,Clear
New Jersey,340392,1,PASSAIC (31),PASSAIC,September,Tuesday,Local Street - Municipality,Urban,40.85759167,-74.12761111,Pedestrian,The First Harmful Event was Not a Collision with a Motor Vehicle in Transport,Dark - Lighted,Clear
New Jersey,340393,2,ATLANTIC (1),PLEASANTVILLE,September,Tuesday,U.S. Highway,Urban,39.39741389,-74.52709722,Working Motor Vehicle,The First Harmful Event was Not a Collision with a Motor Vehicle in Transport,Dark - Lighted,Cloudy
New Jersey,340394,1,CAMDEN (7),WATERFORD WORKS,September,Sunday,County Road,Urban,39.77313889,-74.842775,Utility Pole/Light Support,The First Harmful Event was Not a Collision with a Motor Vehicle in Transport,Dark - Lighted,Cloudy
New Jersey,340396,4,MONMOUTH (25),EATONTOWN,September,Saturday,State Highway,Urban,40.30331667,-74.05907222,Pedestrian,The First Harmful Event was Not a Collision with a Motor Vehicle in Transport,Dark - Lighted,Clear
New Jersey,340398,1,ATLANTIC (1),EGG HARBOR TOWNSHIP,October,Friday,U.S. Highway,Urban,39.38630833,-74.51099722,Rollover/Overturn,The First Harmful Event was Not a Collision with a Motor Vehicle in Transport,Daylight,Clear
New Jersey,340399,1,ESSEX (13),NEWARK,August,Tuesday,U.S. Highway,Urban,99.9999,999.9999,Concrete Traffic Barrier,The First Harmful Event was Not a Collision with a Motor Vehicle in Transport,Dark - Lighted,Clear
New Jersey,340400,1,ESSEX (13),TOWNSHIP OF IRVINGTON,September,Friday,Local Street - Municipality,Urban,40.71748889,-74.2286,Parked Motor Vehicle,The First Harmful Event was Not a Collision with a Motor Vehicle in Transport,Daylight,Clear
New Jersey,340402,1,MERCER (21),LAWRENCEVILLE,October,Thursday,U.S. Highway,Urban,40.257225,-74.72785,Pedestrian,The First Harmful Event was Not a Collision with a Motor Vehicle in Transport,Dark - Lighted,Clear
New Jersey,340403,3,MORRIS (27),RIVERDALE,October,Tuesday,State Highway,Urban,40.98513056,-74.30371667,Motor Vehicle In-Transport,Front-to-Rear,Daylight,Clear
New Jersey,340406,1,HUDSON (17),SECAUCUS,October,Saturday,Interstate,Urban,40.78486667,-74.051775,Guardrail Face,The First Harmful Event was Not a Collision with a Motor Vehicle in Transport,Daylight,Clear
New Jersey,340407,2,UNION (39),LINDEN,October,Wednesday,State Highway,Urban,40.62753889,-74.27245,Parked Motor Vehicle,The First Harmful Event was Not a Collision with a Motor Vehicle in Transport,Dark - Lighted,Rain
New Jersey,340408,1,GLOUCESTER (15),FRANKLINVILLE,October,Friday,State Highway,Urban,39.59864167,-75.07495,Pedestrian,The First Harmful Event was Not a Collision with a Motor Vehicle in Transport,Dark - Not Lighted,Clear
New Jersey,340409,1,ESSEX (13),NEWARK,October,Saturday,State Highway,Urban,40.72968611,-74.16963056,Pedestrian,The First Harmful Event was Not a Collision with a Motor Vehicle in Transport,Daylight,Clear
New Jersey,340410,2,UNION (39),UNION,October,Thursday,Interstate,Urban,40.70714722,-74.25318333,Concrete Traffic Barrier,The First Harmful Event was Not a Collision with a Motor Vehicle in Transport,Daylight,Rain
New Jersey,340411,2,MIDDLESEX (23),EAST BRUNSWICK,October,Thursday,Local Street - Municipality,Urban,40.40724722,-74.41327778,Motor Vehicle In-Transport,Front-to-Front,Daylight,Clear
New Jersey,340412,1,MIDDLESEX (23),PLAINSBORO,October,Friday,Local Street - Municipality,Urban,40.32841944,-74.55803333,Pedestrian,The First Harmful Event was Not a Collision with a Motor Vehicle in Transport,Daylight,Clear
New Jersey,340413,1,OCEAN (29),LAVALLETTE,October,Saturday,State Highway,Urban,39.97497222,-74.06816389,Pedestrian,The First Harmful Event was Not a Collision with a Motor Vehicle in Transport,Dusk,Clear
New Jersey,340414,3,CAMDEN (7),HADDONFIELD,November,Monday,Local Street - Municipality,Urban,39.90969722,-75.03296944,Pedestrian,The First Harmful Event was Not a Collision with a Motor Vehicle in Transport,Daylight,Clear
New Jersey,340416,4,BERGEN (3),OAKLAND,November,Tuesday,County Road,Urban,41.03523333,-74.25034444,Motor Vehicle In-Transport,Angle,Daylight,Cloudy
New Jersey,340418,5,BERGEN (3),ELMWOOD PARK,August,Sunday,Interstate,Urban,40.90206667,-74.13257222,Motor Vehicle In-Transport,Front-to-Front,Dark - Lighted,Rain
New Jersey,340419,1,BERGEN (3),LYNDHURST,November,Saturday,Local Street - Municipality,Urban,40.80248056,-74.09705278,Curb,The First Harmful Event was Not a Collision with a Motor Vehicle in Transport,Daylight,Clear
New Jersey,340420,1,ESSEX (13),NEWARK,October,Monday,State Highway,Urban,40.73435556,-74.16627222,Pedestrian,The First Harmful Event was Not a Collision with a Motor Vehicle in Transport,Dark - Lighted,Rain
New Jersey,340421,1,GLOUCESTER (15),WOODBURY,November,Saturday,County Road,Urban,39.81846111,-75.14927778,Pedalcyclist,The First Harmful Event was Not a Collision with a Motor Vehicle in Transport,Dark - Not Lighted,Clear
New Jersey,340422,2,MORRIS (27),PARSIPPANY,November,Tuesday,U.S. Highway,Urban,40.86388056,-74.39625833,Motor Vehicle In-Transport,Angle,Dark - Lighted,Clear
New Jersey,340424,1,HUDSON (17),JERSEY CITY,November,Tuesday,U.S. Highway,Urban,40.73708333,-74.07511944,Pedestrian,The First Harmful Event was Not a Collision with a Motor Vehicle in Transport,Daylight,Clear
New Jersey,340425,2,ESSEX (13),NEWARK,October,Wednesday,County Road,Urban,40.73919444,-74.19500556,Pedestrian,The First Harmful Event was Not a Collision with a Motor Vehicle in Transport,Dark - Lighted,Rain
New Jersey,340426,2,ESSEX (13),NEWARK,October,Saturday,U.S. Highway,Urban,40.70300556,-74.18465,Motor Vehicle In-Transport,Front-to-Rear,Dark - Not Lighted,Clear
New Jersey,340429,1,MONMOUTH (25),HAZLET,October,Thursday,State Highway,Urban,40.42980556,-74.18796944,Pedestrian,The First Harmful Event was Not a Collision with a Motor Vehicle in Transport,Dark - Not Lighted,Clear
New Jersey,340431,1,HUDSON (17),JERSEY CITY,November,Monday,County Road,Urban,40.75123056,-74.03957778,Pedalcyclist,The First Harmful Event was Not a Collision with a Motor Vehicle in Transport,Daylight,Clear
New Jersey,340433,1,ESSEX (13),NEWARK,November,Monday,Local Street - Municipality,Urban,40.72632778,-74.1664,Pedestrian,The First Harmful Event was Not a Collision with a Motor Vehicle in Transport,Dark - Not Lighted,Rain
New Jersey,340434,4,ESSEX (13),NEWARK,August,Saturday,Local Street - Municipality,Urban,40.71525278,-74.21369167,Motor Vehicle In-Transport,Angle,Dark - Lighted,Clear
New Jersey,340435,2,GLOUCESTER (15),DEPTFORD,October,Wednesday,State Highway,Urban,39.80470833,-75.10531944,Shrubbery,The First Harmful Event was Not a Collision with a Motor Vehicle in Transport,Dark - Not Lighted,Rain
New Jersey,340436,1,CAMDEN (7),CHERRY HILL,October,Friday,State Highway,Urban,39.93979444,-75.01423889,Pedestrian,The First Harmful Event was Not a Collision with a Motor Vehicle in Transport,Dark - Lighted,Clear
New Jersey,340437,1,MONMOUTH (25),MIDDLETOWN,October,Monday,County Road,Urban,40.35368611,-74.12727778,Guardrail End,The First Harmful Event was Not a Collision with a Motor Vehicle in Transport,Daylight,Clear
New Jersey,340438,2,GLOUCESTER (15),PITMAN,October,Friday,County Road,Urban,39.73065556,-75.12891389,Curb,The First Harmful Event was Not a Collision with a Motor Vehicle in Transport,Dark - Lighted,Clear
New Jersey,340439,1,MIDDLESEX (23),SAYREVILLE,September,Tuesday,Local Street - Municipality,Urban,40.45580556,-74.29076944,Pedestrian,The First Harmful Event was Not a Collision with a Motor Vehicle in Transport,Dark - Not Lighted,Clear
New Jersey,340440,3,CAMDEN (7),CAMDEN,October,Friday,County Road,Urban,39.93945,-75.11321389,Motor Vehicle In-Transport,Angle,Dark - Lighted,Clear
New Jersey,340441,1,MIDDLESEX (23),NEW BRUNSWICK,October,Tuesday,Interstate,Urban,40.44154444,-74.428175,Guardrail Face,The First Harmful Event was Not a Collision with a Motor Vehicle in Transport,Dark - Not Lighted,Rain
New Jersey,340442,2,UNION (39),PLAINFIELD,September,Thursday,State Highway,Urban,40.60423056,-74.44406389,Motor Vehicle In-Transport,Front-to-Rear,Dark - Lighted,Clear
New Jersey,340443,1,MIDDLESEX (23),EDISON,October,Saturday,Interstate,Urban,40.51490278,-74.366075,Motor Vehicle In-Transport,Sideswipe - Same Direction,Dark - Not Lighted,Clear
New Jersey,340444,5,MORRIS (27),MONTVILLE,October,Friday,U.S. Highway,Urban,40.91818056,-74.35427778,Motor Vehicle In-Transport,Front-to-Front,Dark - Lighted,Clear
New Jersey,340445,1,BERGEN (3),RIDGEFIELD,October,Monday,State Highway,Urban,40.84027778,-74.00036667,Pedestrian,The First Harmful Event was Not a Collision with a Motor Vehicle in Transport,Dusk,Cloudy
New Jersey,340446,5,BURLINGTON (5),MANSFIELD,October,Saturday,Interstate,Urban,40.11443333,-74.71195556,Guardrail Face,The First Harmful Event was Not a Collision with a Motor Vehicle in Transport,Daylight,Clear
New Jersey,340447,1,CAMDEN (7),CAMDEN,October,Monday,State Highway,Urban,39.907975,-75.09740833,Pedestrian,The First Harmful Event was Not a Collision with a Motor Vehicle in Transport,Dark - Lighted,Clear
New Jersey,340449,4,MIDDLESEX (23),SAYREVILLE,November,Saturday,County Road,Urban,40.45911667,-74.30741944,Motor Vehicle In-Transport,Sideswipe - Same Direction,Daylight,Clear
New Jersey,340452,1,MIDDLESEX (23),EDISON,August,Friday,U.S. Highway,Urban,40.50796111,-74.39148611,Pedalcyclist,The First Harmful Event was Not a Collision with a Motor Vehicle in Transport,Daylight,Clear
New Jersey,340453,2,MIDDLESEX (23),WOODBRIDGE,November,Monday,Interstate,Urban,40.57395556,-74.24933889,Motor Vehicle In-Transport,Front-to-Front,Dark - Not Lighted,Clear
New Jersey,340454,1,BERGEN (3),HAWORTH,October,Thursday,Local Street - Municipality,Urban,40.96063889,-74.01513056,Tree (Standing Only),The First Harmful Event was Not a Collision with a Motor Vehicle in Transport,Dark - Lighted,Clear
New Jersey,340456,5,OCEAN (29),TOMS RIVER,October,Tuesday,U.S. Highway,Urban,40.01166389,-74.21685278,Motor Vehicle In-Transport,Front-to-Rear,Reported as Unknown,Clear
New Jersey,340457,1,OCEAN (29),TOMS RIVER,October,Monday,State Highway,Urban,39.99015556,-74.26719722,Motor Vehicle In-Transport,Sideswipe - Same Direction,Dark - Lighted,"Fog, Smog, Smoke"
New Jersey,340458,1,BERGEN (3),PARAMUS,December,Sunday,County Road,Urban,40.96943611,-74.09159167,Pedestrian,The First Harmful Event was Not a Collision with a Motor Vehicle in Transport,Daylight,Rain
New Jersey,340459,2,HUDSON (17),JERSEY CITY,December,Wednesday,State Highway,Urban,40.73126944,-74.05087778,Impact Attenuator/Crash Cushion,The First Harmful Event was Not a Collision with a Motor Vehicle in Transport,Dark - Lighted,Freezing Rain or Drizzle
New Jersey,340460,1,CUMBERLAND (11),VINELAND,December,Sunday,Local Street - Municipality,Urban,39.47076944,-74.93020833,Tree (Standing Only),The First Harmful Event was Not a Collision with a Motor Vehicle in Transport,Daylight,Clear
New Jersey,340462,2,SALEM (33),TOWNSHIP OF PITTSGROVE,December,Tuesday,County Road,Rural,39.58160833,-75.19233333,Motor Vehicle In-Transport,Angle,Dark - Not Lighted,Clear
New Jersey,340463,6,MORRIS (27),PARSIPPANY,October,Friday,Interstate,Urban,40.86020556,-74.38918889,Motor Vehicle In-Transport,Front-to-Front,Dark - Lighted,Clear
New Jersey,340467,5,PASSAIC (31),PATERSON,October,Friday,State Highway,Urban,40.89833889,-74.17077778,Motor Vehicle In-Transport,Front-to-Rear,Daylight,Clear
New Jersey,340468,1,MERCER (21),TRENTON,October,Sunday,State Highway,Urban,40.22396944,-74.73721389,Pedestrian,The First Harmful Event was Not a Collision with a Motor Vehicle in Transport,Dark - Lighted,Rain
New Jersey,340469,7,BERGEN (3),RIDGEFIELD,October,Saturday,Interstate,Urban,40.82608611,-74.03071389,Motor Vehicle In-Transport,Front-to-Rear,Daylight,Clear
New Jersey,340470,1,MERCER (21),TRENTON,October,Tuesday,State Highway,Urban,40.21353889,-74.75660556,Pedestrian,The First Harmful Event was Not a Collision with a Motor Vehicle in Transport,Daylight,Clear
New Jersey,340472,2,MORRIS (27),ROCKAWAY,December,Friday,County Road,Urban,41.03630833,-74.45138333,Motor Vehicle In-Transport,Angle,Daylight,Snow
New Jersey,340473,2,GLOUCESTER (15),WEST DEPTFORD,October,Thursday,County Road,Urban,39.81623333,-75.19102222,Pedestrian,The First Harmful Event was Not a Collision with a Motor Vehicle in Transport,Dark - Not Lighted,Rain
New Jersey,340474,1,ESSEX (13),NEWARK,September,Tuesday,Local Street - Municipality,Urban,40.74433611,-74.17019444,Pedestrian,The First Harmful Event was Not a Collision with a Motor Vehicle in Transport,Daylight,Clear
New Jersey,340475,1,ESSEX (13),NEWARK,December,Tuesday,County Road,Urban,40.73551111,-74.23715,Pedestrian,The First Harmful Event was Not a Collision with a Motor Vehicle in Transport,Daylight,Clear
New Jersey,340477,1,MERCER (21),TRENTON,December,Thursday,State Highway,Urban,40.21981389,-74.745075,Pedestrian,The First Harmful Event was Not a Collision with a Motor Vehicle in Transport,Daylight,Clear
New Jersey,340478,1,BERGEN (3),CLIFFSIDE PARK,December,Wednesday,County Road,Urban,40.82969167,-73.98598333,Pedestrian,The First Harmful Event was Not a Collision with a Motor Vehicle in Transport,Daylight,Clear
New Jersey,340479,8,OCEAN (29),TOMS RIVER,December,Sunday,State Highway,Urban,40.04271389,-74.23228889,Motor Vehicle In-Transport,Angle,Dark - Lighted,Clear
New Jersey,340481,1,MERCER (21),TRENTON,December,Sunday,Local Street - Municipality,Urban,40.23365278,-74.77918611,Pedestrian,The First Harmful Event was Not a Collision with a Motor Vehicle in Transport,Dusk,Clear
New Jersey,340482,1,PASSAIC (31),WAYNE,December,Wednesday,U.S. Highway,Urban,40.893125,-74.25688333,Pedestrian,The First Harmful Event was Not a Collision with a Motor Vehicle in Transport,Dark - Lighted,Clear
New Jersey,340483,2,MIDDLESEX (23),OLD BRIDGE,November,Saturday,Local Street - Municipality,Rural,40.37670278,-74.34739167,Tree (Standing Only),The First Harmful Event was Not a Collision with a Motor Vehicle in Transport,Daylight,Clear
New Jersey,340484,3,MIDDLESEX (23),OLD BRIDGE,November,Friday,State Highway,Urban,40.37991667,-74.32364167,Working Motor Vehicle,The First Harmful Event was Not a Collision with a Motor Vehicle in Transport,Daylight,Clear
New Jersey,340485,1,CUMBERLAND (11),GREENWICH,December,Sunday,Local Street - Municipality,Rural,39.38288056,-75.36955278,Tree (Standing Only),The First Harmful Event was Not a Collision with a Motor Vehicle in Transport,Dark - Not Lighted,Clear
New Jersey,340487,1,WARREN (41),HACKETTSTOWN,December,Friday,County Road,Urban,40.85670833,-74.8186,Pedestrian,The First Harmful Event was Not a Collision with a Motor Vehicle in Transport,Dark - Lighted,Rain
New Jersey,340488,1,UNION (39),ELIZABETH,November,Wednesday,Local Street - Municipality,Urban,40.66051944,-74.20733333,Non-Motorist on Personal Conveyance,The First Harmful Event was Not a Collision with a Motor Vehicle in Transport,Dark - Lighted,Clear
New Jersey,340489,1,PASSAIC (31),CLIFTON,December,Tuesday,County Road,Urban,40.86667778,-74.15783056,Parked Motor Vehicle,The First Harmful Event was Not a Collision with a Motor Vehicle in Transport,Daylight,Clear
New Jersey,340490,1,PASSAIC (31),PATERSON,November,Monday,County Road,Urban,40.90954722,-74.18549722,Pedestrian,The First Harmful Event was Not a Collision with a Motor Vehicle in Transport,Dark - Lighted,Clear