State,Case Number,Persons,County,City,Month,Day,Route,Rural/Urban,Latitude,Longitude,First Harmful Event,Manner of Collision,Light Conditions,Weather
New Jersey,340491,1,CAMDEN (7),LINDENWOLD,December,Friday,County Road,Urban,39.80515556,-75.00513889,Pedestrian,The First Harmful Event was Not a Collision with a Motor Vehicle in Transport,Dark - Not Lighted,Clear
New Jersey,340492,1,ESSEX (13),NEWARK,December,Tuesday,Local Street - Municipality,Urban,40.720825,-74.19734167,Pedestrian,The First Harmful Event was Not a Collision with a Motor Vehicle in Transport,Dark - Lighted,Clear
New Jersey,340493,4,GLOUCESTER (15),CLAYTON,December,Sunday,State Highway,Urban,39.67366111,-75.09585556,Pedestrian,The First Harmful Event was Not a Collision with a Motor Vehicle in Transport,Dark - Not Lighted,Clear
New Jersey,340494,2,BURLINGTON (5),WILLINGBORO,December,Tuesday,County Road,Urban,40.02651111,-74.86411111,Motor Vehicle In-Transport,Angle,Daylight,Clear
New Jersey,340495,1,ATLANTIC (1),EGG HARBOR TOWNSHIP,October,Wednesday,U.S. Highway,Urban,39.43261389,-74.60664444,Pedestrian,The First Harmful Event was Not a Collision with a Motor Vehicle in Transport,Dark - Not Lighted,Clear
New Jersey,340498,1,MIDDLESEX (23),PERTH AMBOY,December,Monday,State Highway,Urban,40.530325,-74.28808611,Pedestrian,The First Harmful Event was Not a Collision with a Motor Vehicle in Transport,Dark - Lighted,Rain
New Jersey,340499,1,SOMERSET (35),FRANKLIN PARK,December,Tuesday,County Road,Urban,40.49923889,-74.53723056,Pedestrian,The First Harmful Event was Not a Collision with a Motor Vehicle in Transport,Dark - Lighted,Cloudy
New Jersey,340501,1,MERCER (21),EAST WINDSOR,December,Friday,County Road,Urban,40.28580278,-74.52084722,Pedestrian,The First Harmful Event was Not a Collision with a Motor Vehicle in Transport,Dark - Not Lighted,Rain
New Jersey,340503,2,OCEAN (29),MANCHESTER TOWNSHIP,December,Sunday,State Highway,Urban,40.03207222,-74.25283889,Motor Vehicle In-Transport,Angle,Dark - Not Lighted,Rain
New Jersey,340504,2,MONMOUTH (25),ABERDEEN,December,Thursday,State Highway,Urban,40.43919167,-74.22529722,Pedestrian,The First Harmful Event was Not a Collision with a Motor Vehicle in Transport,Dark - Lighted,Clear
New Jersey,340505,10,MERCER (21),HAMILTON TOWNSHIP,November,Friday,Interstate,Urban,40.16792778,-74.63416111,Guardrail Face,The First Harmful Event was Not a Collision with a Motor Vehicle in Transport,Dark - Not Lighted,Clear
New Jersey,340507,2,CAMDEN (7),CHERRY HILL,December,Sunday,State Highway,Urban,39.93593611,-75.05076667,Pedestrian,The First Harmful Event was Not a Collision with a Motor Vehicle in Transport,Dark - Lighted,Clear
New Jersey,340509,2,OCEAN (29),TOMS RIVER,November,Sunday,County Road,Urban,39.9935,-74.17338056,Curb,The First Harmful Event was Not a Collision with a Motor Vehicle in Transport,Dark - Lighted,Clear
New Jersey,340510,0,HUNTERDON (19),LEBANON,December,Friday,Local Street - Municipality,Rural,40.63598889,-74.83649444,Pedestrian,The First Harmful Event was Not a Collision with a Motor Vehicle in Transport,Daylight,Clear
New Jersey,340511,3,BURLINGTON (5),TOWNSHIP OF SOUTHAMPTON,December,Tuesday,County Road,Urban,39.92909167,-74.77703333,Motor Vehicle In-Transport,Angle,Daylight,Clear
New Jersey,340512,2,BURLINGTON (5),EDGEWATER PARK,December,Saturday,County Road,Urban,40.04661389,-74.9275,Motor Vehicle In-Transport,Angle,Daylight,Clear
New Jersey,340514,1,BURLINGTON (5),PEMBERTON,December,Friday,County Road,Urban,39.95444722,-74.5478,Pedestrian,The First Harmful Event was Not a Collision with a Motor Vehicle in Transport,Dark - Not Lighted,Clear
New Jersey,340515,2,PASSAIC (31),PATERSON,December,Monday,Local Street - Municipality,Urban,40.93291111,-74.15733889,Pedestrian,The First Harmful Event was Not a Collision with a Motor Vehicle in Transport,Dark - Lighted,Rain
New Jersey,340516,3,HUDSON (17),JERSEY CITY,December,Friday,County Road,Urban,40.72596389,-74.07220833,Motor Vehicle In-Transport,Front-to-Front,Dark - Not Lighted,Clear
New Jersey,340517,4,MIDDLESEX (23),NORTH BRUNSWICK,December,Tuesday,U.S. Highway,Urban,40.44738889,-74.46515833,Motor Vehicle In-Transport,Sideswipe - Same Direction,Dark - Lighted,Clear
New Jersey,340518,4,MIDDLESEX (23),WOODBRIDGE,December,Friday,U.S. Highway,Urban,40.54918611,-74.32330556,Motor Vehicle In-Transport,Front-to-Rear,Dark - Lighted,Clear
New Jersey,340519,2,HUDSON (17),JERSEY CITY,December,Thursday,State Highway,Urban,40.70622778,-74.09976944,Motor Vehicle In-Transport,Angle,Daylight,Clear
New Jersey,340520,1,BERGEN (3),TEANECK,December,Thursday,Local Street - Municipality,Urban,40.90646389,-74.02072222,Pedestrian,The First Harmful Event was Not a Collision with a Motor Vehicle in Transport,Dark - Lighted,Clear
New Jersey,340521,2,GLOUCESTER (15),GLASSBORO,November,Monday,County Road,Urban,39.712925,-75.09891111,Motor Vehicle In-Transport,Angle,Dark - Lighted,Clear
New Jersey,340522,3,SALEM (33),TOWNSHIP OF PILESGROVE,December,Wednesday,U.S. Highway,Urban,39.64591667,-75.29801944,Motor Vehicle In-Transport,Front-to-Front,Dark - Not Lighted,Clear
New Jersey,340523,1,ATLANTIC (1),EGG HARBOR TOWNSHIP,December,Monday,U.S. Highway,Urban,39.38076111,-74.49540556,Pedestrian,The First Harmful Event was Not a Collision with a Motor Vehicle in Transport,Dark - Lighted,Clear
New Jersey,340524,1,SALEM (33),POLE TAVERN,December,Monday,State Highway,Urban,39.5667,-75.46211667,Pedestrian,The First Harmful Event was Not a Collision with a Motor Vehicle in Transport,Dark - Lighted,Rain
New Jersey,340525,1,BERGEN (3),CARLSTADT,December,Saturday,County Road,Urban,40.81851111,-74.06513333,Pedestrian,The First Harmful Event was Not a Collision with a Motor Vehicle in Transport,Dawn,"Fog, Smog, Smoke"
New Jersey,340526,2,MIDDLESEX (23),EDISON,February,Tuesday,U.S. Highway,Urban,40.50772778,-74.39241667,Pedestrian,The First Harmful Event was Not a Collision with a Motor Vehicle in Transport,Dark - Not Lighted,Clear
New Jersey,340527,7,HUDSON (17),BAYONNE,October,Saturday,Local Street - Municipality,Urban,40.66202778,-74.11661667,Motor Vehicle In-Transport,Angle,Dark - Lighted,Clear
New Jersey,340528,4,CAMDEN (7),CHERRY HILL,November,Monday,County Road,Urban,39.89874444,-74.96726944,Motor Vehicle In-Transport,Angle,Daylight,Clear
New Jersey,340529,1,GLOUCESTER (15),GLASSBORO,December,Wednesday,State Highway,Urban,39.71066111,-75.12605,Embankment,The First Harmful Event was Not a Collision with a Motor Vehicle in Transport,Dark - Lighted,Clear
New Jersey,340531,4,ESSEX (13),WEST ORANGE,December,Tuesday,Interstate,Urban,40.78693056,-74.24844722,Motor Vehicle In-Transport,Front-to-Rear,Dark - Not Lighted,Clear
New Jersey,340532,1,MIDDLESEX (23),SOUTH BRUNSWICK,December,Friday,County Road,Urban,40.38148889,-74.52178333,Pedalcyclist,The First Harmful Event was Not a Collision with a Motor Vehicle in Transport,Dark - Not Lighted,Rain
New Jersey,340533,1,ESSEX (13),BELLEVILLE,December,Monday,State Highway,Urban,40.78159167,-74.15429722,Pedestrian,The First Harmful Event was Not a Collision with a Motor Vehicle in Transport,Dark - Lighted,Rain
New Jersey,340534,1,BERGEN (3),LITTLE FERRY,December,Tuesday,County Road,Urban,40.85289444,-74.04315556,Pedestrian,The First Harmful Event was Not a Collision with a Motor Vehicle in Transport,Daylight,Clear
New Jersey,340535,1,BERGEN (3),HACKENSACK,December,Monday,County Road,Urban,40.86594167,-74.03913611,Pedalcyclist,The First Harmful Event was Not a Collision with a Motor Vehicle in Transport,Dark - Lighted,Clear
New Mexico,350002,1,DONA ANA (13),LAS CRUCES,January,Thursday,Local Street - Municipality,Urban,32.29665278,-106.7705194,Pedestrian,The First Harmful Event was Not a Collision with a Motor Vehicle in Transport,Dark - Not Lighted,Clear
New Mexico,350005,3,CIBOLA (6),GRANTS,January,Sunday,Interstate,Rural,35.16046944,-107.8867361,Motor Vehicle In-Transport,Sideswipe - Same Direction,Dark - Not Lighted,Clear
New Mexico,350007,2,BERNALILLO (1),ALBUQUERQUE,January,Thursday,Local Street - Municipality,Urban,35.09446111,-106.51525,Pedestrian,The First Harmful Event was Not a Collision with a Motor Vehicle in Transport,Dark - Not Lighted,Rain
New Mexico,350008,3,BERNALILLO (1),ALBUQUERQUE,January,Thursday,Interstate,Urban,35.09838611,-106.720925,Motor Vehicle In-Transport,Front-to-Rear,Dark - Not Lighted,Clear
New Mexico,350011,1,BERNALILLO (1),ALBUQUERQUE,January,Friday,Local Street - Municipality,Urban,35.07321111,-106.5446583,Pedestrian,The First Harmful Event was Not a Collision with a Motor Vehicle in Transport,Dark - Not Lighted,Rain
New Mexico,350012,1,BERNALILLO (1),ALBUQUERQUE,January,Tuesday,State Highway,Urban,35.11641389,-106.7017472,Pedestrian,The First Harmful Event was Not a Collision with a Motor Vehicle in Transport,Dark - Lighted,Clear
New Mexico,350015,1,CURRY (9),CLOVIS,January,Monday,Local Street - Municipality,Urban,34.40812778,-103.2141806,Pedestrian,The First Harmful Event was Not a Collision with a Motor Vehicle in Transport,Dark - Not Lighted,Clear
New Mexico,350016,1,BERNALILLO (1),ALBUQUERQUE,January,Monday,Local Street - Municipality,Urban,35.066225,-106.5030639,Pedestrian,The First Harmful Event was Not a Collision with a Motor Vehicle in Transport,Dark - Not Lighted,Clear
New Mexico,350018,1,BERNALILLO (1),ALBUQUERQUE,January,Friday,Local Street - Municipality,Urban,35.06178889,-106.5686556,Pedestrian,The First Harmful Event was Not a Collision with a Motor Vehicle in Transport,Dark - Lighted,Clear
New Mexico,350023,1,BERNALILLO (1),ALBUQUERQUE,January,Thursday,Local Street - Municipality,Urban,35.08982778,-106.6245167,Pedestrian,The First Harmful Event was Not a Collision with a Motor Vehicle in Transport,Dark - Lighted,Clear
New Mexico,350025,2,OTERO (35),ALAMOGORDO,January,Tuesday,Local Street - Municipality,Urban,32.91515278,-105.9346194,Motor Vehicle In-Transport,Angle,Daylight,Clear
New Mexico,350027,10,BERNALILLO (1),ALBUQUERQUE,January,Monday,State Highway,Urban,35.15390278,-106.6831389,Motor Vehicle In-Transport,Front-to-Rear,Dark - Not Lighted,Clear
New Mexico,350033,1,BERNALILLO (1),ALBUQUERQUE,February,Tuesday,Interstate,Urban,35.10647778,-106.6926444,Rollover/Overturn,The First Harmful Event was Not a Collision with a Motor Vehicle in Transport,Daylight,Clear
New Mexico,350034,2,SANTA FE (49),SANTA FE,February,Saturday,Interstate,Urban,35.63162222,-105.9641194,Guardrail Face,The First Harmful Event was Not a Collision with a Motor Vehicle in Transport,Daylight,Clear
New Mexico,350036,1,BERNALILLO (1),ALBUQUERQUE,February,Tuesday,State Highway,Urban,35.02075,-106.7150361,Pedestrian,The First Harmful Event was Not a Collision with a Motor Vehicle in Transport,Dark - Not Lighted,Clear
New Mexico,350039,4,SANTA FE (49),SANTA FE,February,Friday,U.S. Highway,Urban,35.68158056,-105.954775,Motor Vehicle In-Transport,Angle,Daylight,Clear
New Mexico,350040,1,BERNALILLO (1),ALBUQUERQUE,February,Sunday,Local Street - Municipality,Urban,35.13098611,-106.6033028,Pedestrian,The First Harmful Event was Not a Collision with a Motor Vehicle in Transport,Daylight,Clear
New Mexico,350042,1,RIO ARRIBA (39),EL RITO,February,Saturday,State Highway,Rural,36.28911944,-106.1804222,Rollover/Overturn,The First Harmful Event was Not a Collision with a Motor Vehicle in Transport,Daylight,Clear
New Mexico,350044,1,BERNALILLO (1),ALBUQUERQUE,February,Sunday,State Highway,Urban,35.17451944,-106.59365,Rollover/Overturn,The First Harmful Event was Not a Collision with a Motor Vehicle in Transport,Daylight,Clear
New Mexico,350045,1,DONA ANA (13),LAS CRUCES,February,Monday,Local Street - Municipality,Urban,32.29650556,-106.8117528,Pedalcyclist,The First Harmful Event was Not a Collision with a Motor Vehicle in Transport,Daylight,Clear
New Mexico,350046,2,BERNALILLO (1),ALBUQUERQUE,February,Sunday,State Highway,Urban,35.21105,-106.5981417,Traffic Sign Support,The First Harmful Event was Not a Collision with a Motor Vehicle in Transport,Dark - Not Lighted,Clear
New Mexico,350047,1,BERNALILLO (1),ALBUQUERQUE,February,Thursday,Local Street - Municipality,Urban,35.07237778,-106.5356444,Pedestrian,The First Harmful Event was Not a Collision with a Motor Vehicle in Transport,Dark - Lighted,Clear
New Mexico,350048,1,BERNALILLO (1),ALBUQUERQUE,February,Friday,Interstate,Urban,35.10481111,-106.6309444,Concrete Traffic Barrier,The First Harmful Event was Not a Collision with a Motor Vehicle in Transport,Daylight,Clear
New Mexico,350049,5,CIBOLA (6),GRANTS,February,Thursday,Interstate,Rural,35.15808611,-107.8828667,Motor Vehicle In-Transport,Front-to-Rear,Daylight,Clear
New Mexico,350051,1,BERNALILLO (1),ALBUQUERQUE,February,Friday,Local Street - Municipality,Urban,35.05948056,-106.5861194,Pedestrian,The First Harmful Event was Not a Collision with a Motor Vehicle in Transport,Daylight,Clear
New Mexico,350056,5,MCKINLEY (31),GALLUP,March,Tuesday,State Highway,Urban,35.53270556,-108.6467528,Pedestrian,The First Harmful Event was Not a Collision with a Motor Vehicle in Transport,Dark - Not Lighted,Clear
New Mexico,350057,2,TORRANCE (57),CEDARVALE,March,Friday,State Highway,Rural,34.41936111,-105.777925,Rollover/Overturn,The First Harmful Event was Not a Collision with a Motor Vehicle in Transport,Daylight,Clear
New Mexico,350059,1,DONA ANA (13),PLACITAS,March,Sunday,County Road,Urban,31.86055556,-106.6823361,Rollover/Overturn,The First Harmful Event was Not a Collision with a Motor Vehicle in Transport,Daylight,Clear
New Mexico,350061,3,MCKINLEY (31),ZUNI,March,Tuesday,State Highway,Rural,35.21334444,-108.7628,Motor Vehicle In-Transport,Angle,Daylight,Snow
New Mexico,350062,7,BERNALILLO (1),ALBUQUERQUE,March,Sunday,Local Street - Municipality,Urban,35.05546667,-106.7455639,Motor Vehicle In-Transport,Front-to-Front,Dark - Not Lighted,Clear
New Mexico,350063,2,BERNALILLO (1),ALBUQUERQUE,March,Saturday,State Highway,Urban,35.17449722,-106.6737556,Motor Vehicle In-Transport,Angle,Daylight,Clear
New Mexico,350064,3,BERNALILLO (1),ALBUQUERQUE,March,Sunday,State Highway,Urban,35.07407222,-106.4965667,Motor Vehicle In-Transport,Front-to-Rear,Daylight,Clear
New Mexico,350065,5,BERNALILLO (1),ALBUQUERQUE,March,Monday,Local Street - Municipality,Urban,35.12359167,-106.6040528,Motor Vehicle In-Transport,Angle,Dark - Lighted,"Blowing Sand, Soil, Dirt"
New Mexico,350068,8,DONA ANA (13),LAS CRUCES,March,Wednesday,U.S. Highway,Urban,32.40196111,-106.6663389,Motor Vehicle In-Transport,Front-to-Rear,Dark - Not Lighted,Clear
New Mexico,350069,1,SOCORRO (53),SOCORRO,March,Friday,U.S. Highway,Rural,34.01756389,-107.0364444,Rollover/Overturn,The First Harmful Event was Not a Collision with a Motor Vehicle in Transport,Daylight,Clear
New Mexico,350070,4,BERNALILLO (1),ALBUQUERQUE,March,Saturday,Local Street - Municipality,Urban,35.061325,-106.5687361,Pedestrian,The First Harmful Event was Not a Collision with a Motor Vehicle in Transport,Dusk,Clear
New Mexico,350071,1,BERNALILLO (1),ALBUQUERQUE,March,Tuesday,State Highway,Urban,35.02735556,-106.7138,Traffic Signal Support,The First Harmful Event was Not a Collision with a Motor Vehicle in Transport,Dark - Lighted,Clear
New Mexico,350073,2,SAN JUAN (45),FRUITLAND,March,Saturday,County Road,Urban,36.75259722,-108.4421111,Pedestrian,The First Harmful Event was Not a Collision with a Motor Vehicle in Transport,Dark - Not Lighted,Clear
New Mexico,350074,1,BERNALILLO (1),ALBUQUERQUE,March,Saturday,Local Street - Municipality,Urban,35.13054444,-106.5431444,Curb,The First Harmful Event was Not a Collision with a Motor Vehicle in Transport,Daylight,Clear
New Mexico,350077,3,MCKINLEY (31),GALLUP,March,Sunday,Interstate,Rural,35.39028889,-109.0097528,Motor Vehicle In-Transport,Sideswipe - Same Direction,Daylight,Clear
New Mexico,350083,1,BERNALILLO (1),ALBUQUERQUE,March,Wednesday,Local Street - Municipality,Urban,35.15158889,-106.6231472,Rollover/Overturn,The First Harmful Event was Not a Collision with a Motor Vehicle in Transport,Dark - Lighted,Clear
New Mexico,350085,2,BERNALILLO (1),ALBUQUERQUE,April,Monday,Interstate,Urban,35.13284444,-106.6094444,Pedestrian,The First Harmful Event was Not a Collision with a Motor Vehicle in Transport,Dark - Lighted,Clear
New Mexico,350086,1,DONA ANA (13),LAS CRUCES,April,Saturday,Interstate,Urban,32.27986389,-106.7361917,Motor Vehicle In-Transport,Angle,Dark - Not Lighted,Clear
New Mexico,350087,1,BERNALILLO (1),ALBUQUERQUE,March,Sunday,Local Street - Municipality,Urban,35.08096944,-106.6133972,Pedestrian,The First Harmful Event was Not a Collision with a Motor Vehicle in Transport,Dark - Lighted,Rain
New Mexico,350089,11,DONA ANA (13),PLACITAS,April,Saturday,County Road,Rural,31.80443333,-106.8632278,Rollover/Overturn,The First Harmful Event was Not a Collision with a Motor Vehicle in Transport,Dark - Not Lighted,Clear
New Mexico,350090,1,BERNALILLO (1),ALBUQUERQUE,April,Monday,Local Street - Municipality,Urban,35.05180278,-106.7105722,Pedestrian,The First Harmful Event was Not a Collision with a Motor Vehicle in Transport,Dawn,Clear
New Mexico,350093,2,CHAVES (5),ROSWELL,April,Thursday,U.S. Highway,Urban,33.37968611,-104.5833806,Motor Vehicle In-Transport,Angle,Dark - Not Lighted,Clear
New Mexico,350095,1,SAN JUAN (45),SHIPROCK,February,Sunday,U.S. Highway,Urban,36.78503056,-108.6790806,Pedestrian,The First Harmful Event was Not a Collision with a Motor Vehicle in Transport,Dark - Lighted,Clear
New Mexico,350098,3,BERNALILLO (1),ALBUQUERQUE,April,Saturday,Local Street - Municipality,Urban,35.08742778,-106.5998722,Motor Vehicle In-Transport,Angle,Daylight,Clear
New Mexico,350099,1,ROOSEVELT (41),PORTALES,April,Monday,U.S. Highway,Rural,34.2047,-103.3150778,Pedalcyclist,The First Harmful Event was Not a Collision with a Motor Vehicle in Transport,Daylight,Clear
New Mexico,350103,4,RIO ARRIBA (39),HERNANDEZ,April,Friday,U.S. Highway,Rural,36.0272,-106.0926667,Motor Vehicle In-Transport,Angle,Daylight,Clear
New Mexico,350107,1,CHAVES (5),ROSWELL,May,Tuesday,U.S. Highway,Urban,33.39414444,-104.5680139,Pedalcyclist,The First Harmful Event was Not a Collision with a Motor Vehicle in Transport,Daylight,Clear
New Mexico,350109,2,DONA ANA (13),MESQUITE,May,Saturday,State Highway,Rural,32.16157222,-106.703625,Motor Vehicle In-Transport,Angle,Daylight,Clear
New Mexico,350111,5,LINCOLN (27),CORONA,May,Monday,U.S. Highway,Rural,34.24061111,-105.597775,Motor Vehicle In-Transport,Front-to-Front,Dark - Not Lighted,Clear
New Mexico,350116,2,BERNALILLO (1),ALBUQUERQUE,May,Monday,Local Street - Municipality,Urban,35.21781389,-106.6966028,Pedestrian,The First Harmful Event was Not a Collision with a Motor Vehicle in Transport,Dark - Not Lighted,Clear
New Mexico,350117,1,SAN JUAN (45),FARMINGTON,May,Friday,State Highway,Rural,36.70985278,-108.2377972,Pedestrian,The First Harmful Event was Not a Collision with a Motor Vehicle in Transport,Dark - Not Lighted,Clear
New Mexico,350118,4,SAN JUAN (45),FARMINGTON,May,Tuesday,County Road,Rural,36.72910556,-108.048825,Motor Vehicle In-Transport,Front-to-Front,Daylight,Clear
New Mexico,350119,3,VALENCIA (61),BELEN,May,Wednesday,Local Street - Frontage Road,Urban,34.69806667,-106.7762667,Motor Vehicle In-Transport,Angle,Daylight,Clear
New Mexico,350120,4,CIBOLA (6),LAGUNA,April,Tuesday,State Highway,Rural,35.03846111,-107.3818722,Motor Vehicle In-Transport,Angle,Daylight,Clear
New Mexico,350121,2,TORRANCE (57),MORIARTY,May,Friday,Interstate,Rural,35.00467222,-105.94335,Rollover/Overturn,The First Harmful Event was Not a Collision with a Motor Vehicle in Transport,Daylight,Clear
New Mexico,350122,5,BERNALILLO (1),ALBUQUERQUE,March,Saturday,Interstate,Urban,35.10653611,-106.6486389,Rollover/Overturn,The First Harmful Event was Not a Collision with a Motor Vehicle in Transport,Daylight,Clear
New Mexico,350124,4,BERNALILLO (1),ALBUQUERQUE,May,Tuesday,Local Street - Municipality,Urban,35.07387778,-106.5504833,Motor Vehicle In-Transport,Angle,Dark - Lighted,Clear
New Mexico,350126,5,BERNALILLO (1),ALBUQUERQUE,May,Monday,Local Street - Municipality,Urban,35.02675556,-106.6898111,Motor Vehicle In-Transport,Angle,Daylight,Clear
New Mexico,350127,1,SANTA FE (49),SANTA FE,May,Monday,U.S. Highway,Urban,35.65921667,-105.9567722,Guardrail Face,The First Harmful Event was Not a Collision with a Motor Vehicle in Transport,Daylight,Clear
New Mexico,350128,1,BERNALILLO (1),ALBUQUERQUE,May,Sunday,State Highway,Urban,35.09903333,-106.7076028,Rollover/Overturn,The First Harmful Event was Not a Collision with a Motor Vehicle in Transport,Daylight,Severe Crosswinds
New Mexico,350129,1,BERNALILLO (1),ALBUQUERQUE,May,Thursday,Local Street - Municipality,Urban,35.10182778,-106.647075,Pedalcyclist,The First Harmful Event was Not a Collision with a Motor Vehicle in Transport,Daylight,Clear
New Mexico,350130,2,BERNALILLO (1),ALBUQUERQUE,May,Wednesday,Local Street - Municipality,Urban,35.07538889,-106.5634111,Pedestrian,The First Harmful Event was Not a Collision with a Motor Vehicle in Transport,Dark - Lighted,Clear
New Mexico,350131,1,SANDOVAL (43),RIO RANCHO,May,Wednesday,State Highway,Urban,35.28037222,-106.6120028,Concrete Traffic Barrier,The First Harmful Event was Not a Collision with a Motor Vehicle in Transport,Daylight,Clear
New Mexico,350132,7,BERNALILLO (1),ALBUQUERQUE,May,Wednesday,Local Street - Municipality,Urban,35.14228889,-106.5514,Motor Vehicle In-Transport,Angle,Daylight,Clear
New Mexico,350133,1,SANTA FE (49),SANTA FE,May,Thursday,State Highway,Urban,35.65006667,-106.0002417,Pedestrian,The First Harmful Event was Not a Collision with a Motor Vehicle in Transport,Dark - Lighted,Clear
New Mexico,350134,3,CIBOLA (6),LAGUNA,May,Friday,Interstate,Rural,35.05128889,-107.5142111,Motor Vehicle In-Transport,Front-to-Rear,Daylight,Clear
New Mexico,350135,1,BERNALILLO (1),ALBUQUERQUE,May,Sunday,Local Street - Municipality,Urban,35.07666667,-106.5750139,Pedestrian,The First Harmful Event was Not a Collision with a Motor Vehicle in Transport,Dark - Not Lighted,Clear
New Mexico,350138,5,SANDOVAL (43),CUBA,May,Thursday,U.S. Highway,Rural,36.07157222,-107.02075,Motor Vehicle In-Transport,Front-to-Front,Dark - Not Lighted,Rain
New Mexico,350140,1,MCKINLEY (31),GALLUP,April,Thursday,Local Street - Municipality,Urban,35.52864722,-108.7345222,Pedestrian,The First Harmful Event was Not a Collision with a Motor Vehicle in Transport,Dark - Lighted,Clear
New Mexico,350141,3,DONA ANA (13),LAS CRUCES,May,Sunday,Local Street - Municipality,Urban,32.26559722,-106.7724611,Fence,The First Harmful Event was Not a Collision with a Motor Vehicle in Transport,Dark - Not Lighted,Clear
New Mexico,350142,4,MCKINLEY (31),GALLUP,May,Tuesday,State Highway,Urban,35.50595278,-108.8300833,Embankment,The First Harmful Event was Not a Collision with a Motor Vehicle in Transport,Daylight,Clear
New Mexico,350144,2,CURRY (9),CLOVIS,May,Friday,State Highway,Urban,34.43489722,-103.1965167,Motor Vehicle In-Transport,Angle,Daylight,Clear
New Mexico,350145,2,SAN JUAN (45),SHIPROCK,March,Monday,U.S. Highway,Rural,36.76410833,-108.5841528,Motor Vehicle In-Transport,Angle,Daylight,Clear
New Mexico,350146,2,BERNALILLO (1),ALBUQUERQUE,May,Thursday,Interstate,Rural,35.04745556,-106.8772917,Motor Vehicle In-Transport,Front-to-Rear,Daylight,Severe Crosswinds
New Mexico,350148,3,BERNALILLO (1),ALBUQUERQUE,June,Sunday,Local Street - Municipality,Urban,35.07224722,-106.5344944,Pedestrian,The First Harmful Event was Not a Collision with a Motor Vehicle in Transport,Dark - Lighted,Clear
New Mexico,350151,1,BERNALILLO (1),ALBUQUERQUE,June,Wednesday,Local Street - Municipality,Urban,35.07358056,-106.5464694,Pedestrian,The First Harmful Event was Not a Collision with a Motor Vehicle in Transport,Dark - Lighted,Clear
New Mexico,350155,2,TAOS (55),RANCHOS DE TAOS,June,Friday,State Highway,Urban,36.362925,-105.5877917,Pedestrian,The First Harmful Event was Not a Collision with a Motor Vehicle in Transport,Dark - Not Lighted,Clear
New Mexico,350156,3,BERNALILLO (1),ALBUQUERQUE,June,Friday,Local Street - Municipality,Urban,35.09493333,-106.6483417,Motor Vehicle In-Transport,Angle,Daylight,Clear
New Mexico,350161,1,BERNALILLO (1),ALBUQUERQUE,May,Monday,Local Street - Municipality,Urban,35.03037222,-106.6797833,Pedalcyclist,The First Harmful Event was Not a Collision with a Motor Vehicle in Transport,Daylight,Clear
New Mexico,350164,1,BERNALILLO (1),ALBUQUERQUE,June,Tuesday,Local Street - Municipality,Urban,35.10881389,-106.5286472,Pedestrian,The First Harmful Event was Not a Collision with a Motor Vehicle in Transport,Dark - Lighted,Clear
New Mexico,350169,2,MCKINLEY (31),ZUNI,June,Thursday,State Highway,Rural,35.10730556,-108.5894583,Motor Vehicle In-Transport,Front-to-Front,Daylight,Clear
New Mexico,350170,2,VALENCIA (61),BELEN,July,Tuesday,State Highway,Rural,34.51946944,-106.60925,Rollover/Overturn,The First Harmful Event was Not a Collision with a Motor Vehicle in Transport,Daylight,Clear
New Mexico,350172,3,VALENCIA (61),BOSQUE FARMS,July,Monday,State Highway,Urban,34.85638611,-106.6906333,Motor Vehicle In-Transport,Front-to-Front,Daylight,Clear
New Mexico,350175,1,BERNALILLO (1),ALBUQUERQUE,July,Thursday,Local Street - Municipality,Urban,35.19026667,-106.5963111,Curb,The First Harmful Event was Not a Collision with a Motor Vehicle in Transport,Daylight,Clear
New Mexico,350176,1,EDDY (15),CARLSBAD,July,Friday,Local Street - Municipality,Urban,32.40990556,-104.2278389,Pedestrian,The First Harmful Event was Not a Collision with a Motor Vehicle in Transport,Dark - Lighted,Clear
New Mexico,350178,2,SANTA FE (49),SANTA FE,April,Friday,Local Street - Municipality,Urban,35.63220556,-106.0711111,Motor Vehicle In-Transport,Angle,Daylight,Clear
New Mexico,350182,3,VALENCIA (61),BELEN,July,Wednesday,Interstate,Rural,34.59944722,-106.7877778,Rollover/Overturn,The First Harmful Event was Not a Collision with a Motor Vehicle in Transport,Dark - Not Lighted,Clear
New Mexico,350184,1,BERNALILLO (1),ALBUQUERQUE,July,Wednesday,State Highway,Urban,35.20553889,-106.6591333,Pedestrian,The First Harmful Event was Not a Collision with a Motor Vehicle in Transport,Dark - Lighted,Clear
New Mexico,350187,1,RIO ARRIBA (39),ALCALDE,July,Monday,State Highway,Urban,36.10773333,-106.0305139,Rollover/Overturn,The First Harmful Event was Not a Collision with a Motor Vehicle in Transport,Dark - Not Lighted,Clear
New Mexico,350188,1,BERNALILLO (1),ALBUQUERQUE,July,Wednesday,State Highway,Urban,35.11834444,-106.6392639,Railway Vehicle,The First Harmful Event was Not a Collision with a Motor Vehicle in Transport,Daylight,Clear
New Mexico,350189,2,SAN JUAN (45),FARMINGTON,July,Friday,State Highway,Urban,36.743325,-108.1671611,Pedestrian,The First Harmful Event was Not a Collision with a Motor Vehicle in Transport,Dark - Not Lighted,Clear
New Mexico,350190,3,CURRY (9),CLOVIS,July,Monday,Local Street - Municipality,Urban,34.41758889,-103.19775,Motor Vehicle In-Transport,Angle,Daylight,Clear
New Mexico,350192,1,BERNALILLO (1),ALBUQUERQUE,July,Friday,Interstate,Urban,35.06618611,-106.42405,Concrete Traffic Barrier,The First Harmful Event was Not a Collision with a Motor Vehicle in Transport,Dark - Not Lighted,Clear