State,Case Number,Persons,County,City,Month,Day,Route,Rural/Urban,Latitude,Longitude,First Harmful Event,Manner of Collision,Light Conditions,Weather
New Mexico,350195,5,MCKINLEY (31),ZUNI,July,Saturday,State Highway,Rural,35.09692222,-108.7472889,Motor Vehicle In-Transport,Front-to-Front,Daylight,Clear
New Mexico,350197,1,BERNALILLO (1),ALBUQUERQUE,July,Monday,State Highway,Urban,35.04514722,-106.7097139,Pedestrian,The First Harmful Event was Not a Collision with a Motor Vehicle in Transport,Dark - Not Lighted,Clear
New Mexico,350199,1,RIO ARRIBA (39),SANTA CLARA PUEBLO,July,Wednesday,State Highway,Urban,35.99181944,-106.0679389,Pedestrian,The First Harmful Event was Not a Collision with a Motor Vehicle in Transport,Dark - Lighted,Clear
New Mexico,350202,2,SANDOVAL (43),RIO RANCHO,August,Monday,Local Street - Municipality,Urban,35.24163889,-106.6923389,Motor Vehicle In-Transport,Angle,Daylight,Clear
New Mexico,350208,1,BERNALILLO (1),ALBUQUERQUE,August,Monday,Local Street - Municipality,Urban,35.11952222,-106.5687472,Pedalcyclist,The First Harmful Event was Not a Collision with a Motor Vehicle in Transport,Daylight,Clear
New Mexico,350209,5,BERNALILLO (1),ALBUQUERQUE,August,Saturday,Local Street - Municipality,Urban,35.09460278,-106.5506833,Motor Vehicle In-Transport,Angle,Daylight,Clear
New Mexico,350210,3,DONA ANA (13),LAS CRUCES,August,Thursday,Interstate,Urban,32.273675,-106.7544583,Rollover/Overturn,The First Harmful Event was Not a Collision with a Motor Vehicle in Transport,Daylight,Clear
New Mexico,350220,2,BERNALILLO (1),ALBUQUERQUE,August,Monday,Interstate,Urban,35.2176,-106.5741639,Motor Vehicle In-Transport,Angle,Daylight,Clear
New Mexico,350222,1,MCKINLEY (31),THOREAU,July,Thursday,State Highway,Rural,35.40573611,-108.2156472,Pedestrian,The First Harmful Event was Not a Collision with a Motor Vehicle in Transport,Dark - Not Lighted,Clear
New Mexico,350223,2,BERNALILLO (1),ALBUQUERQUE,August,Saturday,State Highway,Urban,35.076975,-106.6458556,Pedestrian,The First Harmful Event was Not a Collision with a Motor Vehicle in Transport,Dusk,Clear
New Mexico,350224,3,BERNALILLO (1),ALBUQUERQUE,June,Saturday,State Highway,Urban,35.09443056,-106.7093806,Pedestrian,The First Harmful Event was Not a Collision with a Motor Vehicle in Transport,Dark - Lighted,Clear
New Mexico,350225,1,BERNALILLO (1),ALBUQUERQUE,July,Sunday,Local Street - Municipality,Urban,35.10146389,-106.5776306,Pedestrian,The First Harmful Event was Not a Collision with a Motor Vehicle in Transport,Dark - Lighted,Clear
New Mexico,350228,4,BERNALILLO (1),ALBUQUERQUE,August,Tuesday,State Highway,Urban,35.03458611,-106.7127472,Motor Vehicle In-Transport,Front-to-Front,Daylight,Clear
New Mexico,350231,3,BERNALILLO (1),ALBUQUERQUE,September,Thursday,Local Street - Municipality,Urban,34.99468889,-106.7357111,Motor Vehicle In-Transport,Front-to-Front,Daylight,Clear
New Mexico,350232,1,OTERO (35),HIGH ROLLS MT PARK,September,Sunday,U.S. Highway,Rural,32.94518611,-105.8713111,"Post, Pole or Other Supports",The First Harmful Event was Not a Collision with a Motor Vehicle in Transport,Daylight,Clear
New Mexico,350233,2,SAN JUAN (45),BLOOMFIELD,September,Wednesday,U.S. Highway,Rural,36.7628,-107.9787472,Motor Vehicle In-Transport,Angle,Daylight,Clear
New Mexico,350238,1,BERNALILLO (1),ALBUQUERQUE,September,Sunday,Local Street - Municipality,Urban,35.06626389,-106.6756639,Curb,The First Harmful Event was Not a Collision with a Motor Vehicle in Transport,Dark - Lighted,Clear
New Mexico,350239,4,SANDOVAL (43),JEMEZ PUEBLO,August,Thursday,U.S. Highway,Rural,35.71634167,-106.9394194,Motor Vehicle In-Transport,Front-to-Front,Daylight,Rain
New Mexico,350246,1,MCKINLEY (31),GALLUP,September,Tuesday,State Highway,Urban,35.53161111,-108.7409583,Pedestrian,The First Harmful Event was Not a Collision with a Motor Vehicle in Transport,Dark - Lighted,Clear
New Mexico,350248,3,TAOS (55),EL PRADO,September,Wednesday,State Highway,Urban,36.46859444,-105.607925,Motor Vehicle In-Transport,Front-to-Rear,Dark - Not Lighted,Clear
New Mexico,350250,5,SANDOVAL (43),SANTA ANA PUEBLO,September,Tuesday,U.S. Highway,Rural,35.40396667,-106.6393389,Motor Vehicle In-Transport,Angle,Daylight,Clear
New Mexico,350254,2,BERNALILLO (1),ALBUQUERQUE,September,Friday,State Highway,Urban,35.08313889,-106.7106667,Motor Vehicle In-Transport,Angle,Dark - Lighted,Clear
New Mexico,350255,2,SANDOVAL (43),RIO RANCHO,September,Friday,Local Street - Municipality,Urban,35.24165833,-106.7041472,Motor Vehicle In-Transport,Front-to-Rear,Dark - Lighted,Clear
New Mexico,350256,1,RIO ARRIBA (39),SANTA CLARA PUEBLO,May,Wednesday,State Highway,Urban,35.98514444,-106.0804472,Rollover/Overturn,The First Harmful Event was Not a Collision with a Motor Vehicle in Transport,Dark - Not Lighted,Clear
New Mexico,350258,2,BERNALILLO (1),ALBUQUERQUE,August,Wednesday,Local Street - Municipality,Urban,35.13453889,-106.6627444,Motor Vehicle In-Transport,Front-to-Front,Daylight,Clear
New Mexico,350259,15,CIBOLA (6),LAGUNA,September,Saturday,Interstate,Rural,35.00193611,-107.3101056,Motor Vehicle In-Transport,Front-to-Rear,Daylight,Clear
New Mexico,350260,1,BERNALILLO (1),ALBUQUERQUE,October,Tuesday,Local Street - Municipality,Urban,35.07513611,-106.560925,Pedestrian,The First Harmful Event was Not a Collision with a Motor Vehicle in Transport,Dark - Lighted,Clear
New Mexico,350262,1,BERNALILLO (1),ALBUQUERQUE,October,Tuesday,Local Street - Municipality,Urban,35.21346389,-106.7171306,Pedestrian,The First Harmful Event was Not a Collision with a Motor Vehicle in Transport,Dark - Not Lighted,Clear
New Mexico,350263,1,BERNALILLO (1),ALBUQUERQUE,October,Sunday,Local Street - Municipality,Urban,35.11686944,-106.634475,Rollover/Overturn,The First Harmful Event was Not a Collision with a Motor Vehicle in Transport,Dark - Not Lighted,Clear
New Mexico,350268,2,BERNALILLO (1),ALBUQUERQUE,October,Wednesday,Local Street - Municipality,Urban,35.07380278,-106.5487528,Pedestrian,The First Harmful Event was Not a Collision with a Motor Vehicle in Transport,Dark - Lighted,Clear
New Mexico,350270,2,SAN JUAN (45),FARMINGTON,July,Monday,State Highway,Urban,36.73280833,-108.16735,Motor Vehicle In-Transport,Angle,Daylight,Clear
New Mexico,350274,1,SAN JUAN (45),FARMINGTON,October,Sunday,Local Street - Municipality,Urban,36.74768889,-108.1423917,Guardrail Face,The First Harmful Event was Not a Collision with a Motor Vehicle in Transport,Daylight,Clear
New Mexico,350276,2,CURRY (9),CLOVIS,October,Saturday,Local Street - Municipality,Urban,34.43381389,-103.1952278,Motor Vehicle In-Transport,Angle,Daylight,Clear
New Mexico,350278,6,BERNALILLO (1),ALBUQUERQUE,October,Wednesday,Local Street - Municipality,Urban,35.04265,-106.6552639,Motor Vehicle In-Transport,Front-to-Front,Daylight,Clear
New Mexico,350281,1,BERNALILLO (1),ALBUQUERQUE,October,Monday,Interstate,Urban,35.10408056,-106.5879028,Pedestrian,The First Harmful Event was Not a Collision with a Motor Vehicle in Transport,Dawn,Clear
New Mexico,350282,3,BERNALILLO (1),ALBUQUERQUE,October,Friday,Local Street - Municipality,Urban,35.07608889,-106.7277556,Motor Vehicle In-Transport,Angle,Dusk,Clear
New Mexico,350287,4,SAN JUAN (45),FARMINGTON,October,Saturday,Local Street - Municipality,Rural,36.76046944,-108.2179278,Motor Vehicle In-Transport,Sideswipe - Opposite Direction,Dark - Not Lighted,Clear
New Mexico,350290,2,BERNALILLO (1),ALBUQUERQUE,October,Friday,Local Street - Municipality,Urban,35.11074444,-106.5064833,Motor Vehicle In-Transport,Angle,Dark - Lighted,Clear
New Mexico,350291,2,DONA ANA (13),LAS CRUCES,October,Friday,Local Street - Municipality,Urban,32.32274444,-106.7739806,Pedestrian,The First Harmful Event was Not a Collision with a Motor Vehicle in Transport,Dark - Lighted,Clear
New Mexico,350292,5,BERNALILLO (1),ALBUQUERQUE,June,Saturday,Local Street - Municipality,Urban,35.07651389,-106.7433806,Pedestrian,The First Harmful Event was Not a Collision with a Motor Vehicle in Transport,Daylight,Clear
New Mexico,350293,3,SANDOVAL (43),RIO RANCHO,October,Tuesday,Local Street - Municipality,Urban,35.36154167,-106.6645306,Motor Vehicle In-Transport,Front-to-Front,Daylight,Clear
New Mexico,350295,2,BERNALILLO (1),ALBUQUERQUE,October,Sunday,Interstate,Urban,35.10748611,-106.6190722,Motor Vehicle In-Transport,Front-to-Rear,Daylight,Clear
New Mexico,350296,1,SAN JUAN (45),NEWCOMB,October,Wednesday,U.S. Highway,Rural,36.286375,-108.7053944,Guardrail Face,The First Harmful Event was Not a Collision with a Motor Vehicle in Transport,Dark - Not Lighted,Clear
New Mexico,350298,1,BERNALILLO (1),ALBUQUERQUE,November,Sunday,Local Street - Municipality,Urban,35.18453333,-106.6010389,Curb,The First Harmful Event was Not a Collision with a Motor Vehicle in Transport,Dark - Not Lighted,Clear
New Mexico,350299,3,SANTA FE (49),SANTA FE,November,Sunday,Local Street - Municipality,Urban,35.68528333,-105.9666306,Motor Vehicle In-Transport,Front-to-Front,Dark - Lighted,Clear
New Mexico,350301,2,BERNALILLO (1),ALBUQUERQUE,November,Monday,State Highway,Urban,35.11924722,-106.7017306,Pedestrian,The First Harmful Event was Not a Collision with a Motor Vehicle in Transport,Dusk,Clear
New Mexico,350302,2,BERNALILLO (1),ALBUQUERQUE,November,Monday,Local Street - Municipality,Urban,35.08070278,-106.6452944,Motor Vehicle In-Transport,Angle,Dark - Lighted,Clear
New Mexico,350304,1,BERNALILLO (1),ALBUQUERQUE,November,Friday,State Highway,Urban,35.09171667,-106.7300417,Curb,The First Harmful Event was Not a Collision with a Motor Vehicle in Transport,Dark - Lighted,Clear
New Mexico,350307,1,VALENCIA (61),LOS LUNAS,November,Saturday,State Highway,Urban,34.754975,-106.7473028,Pedestrian,The First Harmful Event was Not a Collision with a Motor Vehicle in Transport,Dark - Not Lighted,Clear
New Mexico,350308,1,BERNALILLO (1),ALBUQUERQUE,November,Monday,Local Street - Municipality,Urban,35.10926111,-106.6108111,Pedestrian,The First Harmful Event was Not a Collision with a Motor Vehicle in Transport,Dark - Lighted,Clear
New Mexico,350309,6,SANTA FE (49),EDGEWOOD,November,Sunday,State Highway,Rural,35.04663889,-106.1550694,Motor Vehicle In-Transport,Front-to-Rear,Dark - Not Lighted,Clear
New Mexico,350310,3,BERNALILLO (1),ALBUQUERQUE,November,Tuesday,Local Street - Municipality,Urban,35.10105833,-106.6472083,Motor Vehicle In-Transport,Angle,Daylight,Clear
New Mexico,350313,1,LEA (25),LOVINGTON,November,Saturday,State Highway,Rural,32.87391667,-103.291725,Pedestrian,The First Harmful Event was Not a Collision with a Motor Vehicle in Transport,Dark - Not Lighted,"Fog, Smog, Smoke"
New Mexico,350316,2,BERNALILLO (1),ALBUQUERQUE,November,Saturday,State Highway,Urban,35.08075833,-106.7106,Pedestrian,The First Harmful Event was Not a Collision with a Motor Vehicle in Transport,Dark - Lighted,Clear
New Mexico,350317,1,CHAVES (5),ROSWELL,January,Friday,Local Street - Municipality,Rural,33.40844444,-104.5536694,Curb,The First Harmful Event was Not a Collision with a Motor Vehicle in Transport,Dark - Not Lighted,Clear
New Mexico,350319,3,SAN JUAN (45),FARMINGTON,November,Wednesday,State Highway,Rural,36.55033333,-108.2338333,Motor Vehicle In-Transport,Front-to-Front,Dark - Not Lighted,Clear
New Mexico,350323,2,BERNALILLO (1),ALBUQUERQUE,October,Wednesday,Local Street - Municipality,Urban,35.10543056,-106.5331028,Motor Vehicle In-Transport,Angle,Daylight,Clear
New Mexico,350326,3,BERNALILLO (1),ALBUQUERQUE,December,Monday,State Highway,Urban,35.025025,-106.7193194,Motor Vehicle In-Transport,Front-to-Front,Daylight,Severe Crosswinds
New Mexico,350327,2,SANDOVAL (43),RIO RANCHO,December,Tuesday,State Highway,Urban,35.27298889,-106.6200667,Embankment,The First Harmful Event was Not a Collision with a Motor Vehicle in Transport,Dark - Lighted,Clear
New Mexico,350328,6,CHAVES (5),ROSWELL,December,Thursday,Local Street - Municipality,Urban,33.3726,-104.5179,Motor Vehicle In-Transport,Front-to-Rear,Dark - Lighted,Clear
New Mexico,350330,2,BERNALILLO (1),ALBUQUERQUE,November,Saturday,Local Street - Municipality,Urban,35.07189444,-106.7464361,Pedestrian,The First Harmful Event was Not a Collision with a Motor Vehicle in Transport,Dark - Not Lighted,Clear
New Mexico,350331,1,BERNALILLO (1),ALBUQUERQUE,December,Tuesday,Local Street - Municipality,Urban,35.07285278,-106.5819694,Pedestrian,The First Harmful Event was Not a Collision with a Motor Vehicle in Transport,Dusk,Clear
New Mexico,350332,2,SANDOVAL (43),CUBA,December,Friday,U.S. Highway,Rural,36.07156111,-107.0867528,Motor Vehicle In-Transport,Front-to-Rear,Daylight,Clear
New Mexico,350334,5,DONA ANA (13),LAS CRUCES,December,Saturday,Local Street - Municipality,Urban,32.342625,-106.7652694,Pedestrian,The First Harmful Event was Not a Collision with a Motor Vehicle in Transport,Dark - Lighted,Clear
New Mexico,350336,3,BERNALILLO (1),ALBUQUERQUE,December,Friday,Local Street - Municipality,Urban,35.18507778,-106.6057667,Motor Vehicle In-Transport,Angle,Dark - Not Lighted,Clear
New Mexico,350339,1,BERNALILLO (1),ALBUQUERQUE,December,Sunday,Local Street - Municipality,Urban,35.116425,-106.6126278,Pedestrian,The First Harmful Event was Not a Collision with a Motor Vehicle in Transport,Dark - Not Lighted,Clear
New Mexico,350340,2,BERNALILLO (1),ALBUQUERQUE,December,Sunday,Local Street - Municipality,Urban,35.05753056,-106.7296806,Motor Vehicle In-Transport,Angle,Dark - Lighted,Clear
New Mexico,350342,2,VALENCIA (61),LOS LUNAS,December,Tuesday,State Highway,Urban,34.74582778,-106.7268667,Motor Vehicle In-Transport,Angle,Daylight,Clear
New Mexico,350343,1,BERNALILLO (1),ALBUQUERQUE,December,Tuesday,Local Street - Municipality,Urban,35.07643889,-106.7434528,Pedestrian,The First Harmful Event was Not a Collision with a Motor Vehicle in Transport,Dark - Not Lighted,Clear
New Mexico,350349,3,BERNALILLO (1),ALBUQUERQUE,December,Thursday,Local Street - Municipality,Urban,35.07320833,-106.5444667,Motor Vehicle In-Transport,Angle,Dark - Lighted,Clear
New Mexico,350350,1,MCKINLEY (31),TOHATCHI,March,Tuesday,U.S. Highway,Urban,35.85928611,-108.7453778,Pedestrian,The First Harmful Event was Not a Collision with a Motor Vehicle in Transport,Dark - Not Lighted,Clear
New Mexico,350354,1,BERNALILLO (1),ALBUQUERQUE,December,Wednesday,Local Street - Township,Urban,35.08618333,-106.7183056,Pedestrian,The First Harmful Event was Not a Collision with a Motor Vehicle in Transport,Dark - Not Lighted,Clear
New Mexico,350356,2,DONA ANA (13),LAS CRUCES,December,Monday,Local Street - Municipality,Urban,32.32671111,-106.787725,Traffic Signal Support,The First Harmful Event was Not a Collision with a Motor Vehicle in Transport,Dark - Lighted,Clear
New Mexico,350359,2,RIO ARRIBA (39),ESPA�OLA,December,Sunday,County Road,Urban,36.01368889,-106.0435806,Wall,The First Harmful Event was Not a Collision with a Motor Vehicle in Transport,Dark - Lighted,Clear
New York,360001,5,KINGS (47),NEW YORK CITY,January,Tuesday,Local Street - Municipality,Urban,40.66118889,-74.00077778,Pedalcyclist,The First Harmful Event was Not a Collision with a Motor Vehicle in Transport,Dark - Lighted,Clear
New York,360002,1,NASSAU (59),LONG BEACH,January,Saturday,Local Street - Township,Urban,40.58869444,-73.66241667,Pedestrian,The First Harmful Event was Not a Collision with a Motor Vehicle in Transport,Dark - Lighted,Rain
New York,360003,1,NASSAU (59),LYNBROOK,January,Saturday,Local Street - Township,Urban,40.65161944,-73.66951667,Pedestrian,The First Harmful Event was Not a Collision with a Motor Vehicle in Transport,Dark - Lighted,Rain
New York,360004,1,BRONX (5),NEW YORK CITY,January,Tuesday,Local Street - Municipality,Urban,40.80917778,-73.92277222,Pedestrian,The First Harmful Event was Not a Collision with a Motor Vehicle in Transport,Dark - Lighted,Clear
New York,360005,6,KINGS (47),NEW YORK CITY,January,Wednesday,Local Street - Municipality,Urban,40.59588333,-73.99700278,Pedestrian,The First Harmful Event was Not a Collision with a Motor Vehicle in Transport,Dark - Lighted,Clear
New York,360006,1,SARATOGA (91),BALLSTON LAKE,January,Saturday,County Road,Rural,42.93654167,-73.82543056,Pedestrian,The First Harmful Event was Not a Collision with a Motor Vehicle in Transport,Dark - Not Lighted,"Fog, Smog, Smoke"
New York,360007,1,GREENE (39),CAIRO,January,Thursday,County Road,Urban,42.29998056,-73.99977222,Pedestrian,The First Harmful Event was Not a Collision with a Motor Vehicle in Transport,Daylight,Clear
New York,360009,1,SULLIVAN (105),MONTICELLO,January,Monday,Local Street - Township,Rural,41.61648611,-74.61389722,Utility Pole/Light Support,The First Harmful Event was Not a Collision with a Motor Vehicle in Transport,Dark - Not Lighted,Clear
New York,360010,1,SUFFOLK (103),HUNTINGTON,January,Thursday,State Highway,Rural,40.84113889,-73.45511389,Utility Pole/Light Support,The First Harmful Event was Not a Collision with a Motor Vehicle in Transport,Daylight,Clear
New York,360012,1,ORANGE (71),BLOOMING GROVE,January,Wednesday,State Highway,Rural,41.34711667,-74.20523611,Guardrail End,The First Harmful Event was Not a Collision with a Motor Vehicle in Transport,Daylight,Cloudy
New York,360013,1,QUEENS (81),MIDDLE VILLAGE,January,Tuesday,State Highway,Urban,40.73576111,-73.87609167,Pedestrian,The First Harmful Event was Not a Collision with a Motor Vehicle in Transport,Daylight,Clear
New York,360014,5,BRONX (5),NEW YORK CITY,January,Saturday,State Highway,Urban,40.89351389,-73.86322778,Concrete Traffic Barrier,The First Harmful Event was Not a Collision with a Motor Vehicle in Transport,Dark - Lighted,Clear
New York,360015,1,ULSTER (111),KINGSTON,January,Sunday,U.S. Highway,Urban,41.9734,-73.98873056,Pedestrian,The First Harmful Event was Not a Collision with a Motor Vehicle in Transport,Dark - Not Lighted,Cloudy
New York,360016,2,OSWEGO (75),ALTMAR,January,Tuesday,State Highway,Rural,43.53972778,-76.07825,Motor Vehicle In-Transport,Front-to-Rear,Daylight,Cloudy
New York,360017,1,QUEENS (81),MIDDLE VILLAGE,January,Friday,Local Street - Municipality,Urban,40.763425,-73.92843611,Pedestrian,The First Harmful Event was Not a Collision with a Motor Vehicle in Transport,Daylight,Clear
New York,360018,1,MONROE (55),RUSH,January,Saturday,Local Street - Township,Rural,42.96084444,-77.71285833,Tree (Standing Only),The First Harmful Event was Not a Collision with a Motor Vehicle in Transport,Daylight,Clear
New York,360019,1,WESTCHESTER (119),BEDFORD,January,Thursday,State Highway,Rural,41.22832222,-73.71606111,Tree (Standing Only),The First Harmful Event was Not a Collision with a Motor Vehicle in Transport,Daylight,Clear
New York,360020,6,STEUBEN (101),ADDISON,January,Monday,State Highway,Rural,42.08811667,-77.24565,Motor Vehicle In-Transport,Angle,Daylight,Clear
New York,360021,1,LIVINGSTON (51),DANSVILLE,January,Saturday,State Highway,Rural,42.65064167,-77.70596111,Culvert,The First Harmful Event was Not a Collision with a Motor Vehicle in Transport,Daylight,Cloudy
New York,360022,2,QUEENS (81),MIDDLE VILLAGE,January,Sunday,Local Street - Municipality,Urban,40.66615556,-73.80626944,Curb,The First Harmful Event was Not a Collision with a Motor Vehicle in Transport,Dark - Lighted,Clear
New York,360023,1,NASSAU (59),OYSTER BAY,January,Saturday,State Highway,Rural,99.9999,999.9999,Wall,The First Harmful Event was Not a Collision with a Motor Vehicle in Transport,Daylight,Cloudy
New York,360024,2,GENESEE (37),PEMBROKE,January,Friday,County Road,Rural,42.95998889,-78.44629444,Motor Vehicle In-Transport,Front-to-Rear,Dark - Not Lighted,Clear
New York,360025,1,NEW YORK (61),NEW YORK,January,Tuesday,Local Street - Municipality,Urban,40.78296667,-73.95392778,Pedestrian,The First Harmful Event was Not a Collision with a Motor Vehicle in Transport,Dark - Lighted,Rain
New York,360027,2,NEW YORK (61),NEW YORK,January,Sunday,Local Street - Municipality,Urban,40.83391944,-73.94837222,Parked Motor Vehicle,The First Harmful Event was Not a Collision with a Motor Vehicle in Transport,Dark - Lighted,Rain
New York,360028,3,QUEENS (81),MIDDLE VILLAGE,February,Sunday,State Highway,Urban,40.66645278,-73.78913056,Concrete Traffic Barrier,The First Harmful Event was Not a Collision with a Motor Vehicle in Transport,Dark - Lighted,Clear
New York,360029,1,NEW YORK (61),NEW YORK,February,Monday,Local Street - Municipality,Urban,40.75908333,-73.98860833,Pedalcyclist,The First Harmful Event was Not a Collision with a Motor Vehicle in Transport,Dark - Lighted,Clear
New York,360030,4,MONROE (55),HENRIETTA,January,Thursday,Local Street - Township,Urban,43.07863611,-77.62183611,Wall,The First Harmful Event was Not a Collision with a Motor Vehicle in Transport,Dark - Lighted,Clear
New York,360031,1,KINGS (47),NEW YORK CITY,January,Friday,Local Street - Frontage Road,Urban,40.66853333,-73.86826389,Pedalcyclist,The First Harmful Event was Not a Collision with a Motor Vehicle in Transport,Dark - Lighted,Clear
New York,360032,2,SUFFOLK (103),BABYLON,January,Sunday,State Highway,Urban,40.69527222,-73.38944722,Motor Vehicle In-Transport,Angle,Daylight,Clear
New York,360033,1,QUEENS (81),MIDDLE VILLAGE,January,Thursday,Local Street - Municipality,Urban,40.72553333,-73.86999722,Pedestrian,The First Harmful Event was Not a Collision with a Motor Vehicle in Transport,Dark - Lighted,Clear
New York,360035,3,MONROE (55),ROCHESTER,January,Friday,State Highway,Urban,43.19188333,-77.60028611,Guardrail Face,The First Harmful Event was Not a Collision with a Motor Vehicle in Transport,Daylight,Snow
New York,360036,1,LIVINGSTON (51),LIMA,January,Thursday,Local Street - Township,Rural,42.88155,-77.59169722,Snow Bank,The First Harmful Event was Not a Collision with a Motor Vehicle in Transport,Dark - Not Lighted,Clear
New York,360037,2,MONROE (55),CLARKSON,January,Monday,County Road,Rural,43.2581,-77.84635833,Motor Vehicle In-Transport,Angle,Daylight,Cloudy
New York,360038,2,SUFFOLK (103),SMITHTOWN,February,Friday,State Highway,Urban,40.84768333,-73.16980833,Pedestrian,The First Harmful Event was Not a Collision with a Motor Vehicle in Transport,Dark - Lighted,Cloudy
New York,360039,3,GENESEE (37),ELBA,February,Saturday,State Highway,Rural,43.04899167,-78.19228611,Motor Vehicle In-Transport,Angle,Daylight,Cloudy
New York,360040,2,QUEENS (81),MIDDLE VILLAGE,February,Tuesday,Local Street - Municipality,Urban,40.75601667,-73.72724167,Pedestrian,The First Harmful Event was Not a Collision with a Motor Vehicle in Transport,Dark - Lighted,Clear
New York,360042,7,BRONX (5),NEW YORK CITY,February,Monday,Interstate,Urban,40.84455,-73.90275833,Motor Vehicle In-Transport,Front-to-Rear,Dark - Lighted,Clear
New York,360043,2,SENECA (99),ROMULUS,January,Tuesday,State Highway,Rural,42.73460833,-76.83618056,Utility Pole/Light Support,The First Harmful Event was Not a Collision with a Motor Vehicle in Transport,Daylight,Cloudy
New York,360044,1,KINGS (47),NEW YORK CITY,January,Friday,Local Street - Municipality,Urban,40.71706389,-73.93468056,Pedestrian,The First Harmful Event was Not a Collision with a Motor Vehicle in Transport,Dusk,Clear
New York,360045,3,BRONX (5),NEW YORK CITY,January,Wednesday,Local Street - Municipality,Urban,40.872975,-73.80880833,Motor Vehicle In-Transport,Front-to-Front,Daylight,Clear
New York,360046,1,JEFFERSON (45),BROWNVILLE,February,Friday,County Road,Rural,44.01556667,-76.075075,Snow Bank,The First Harmful Event was Not a Collision with a Motor Vehicle in Transport,Dark - Not Lighted,Cloudy
New York,360048,1,KINGS (47),NEW YORK CITY,January,Monday,Local Street - Municipality,Urban,40.64653056,-74.01554167,Pedestrian,The First Harmful Event was Not a Collision with a Motor Vehicle in Transport,Dark - Lighted,Clear
New York,360049,1,BRONX (5),NEW YORK CITY,February,Thursday,Local Street - Municipality,Urban,40.82588056,-73.84647778,Pedestrian,The First Harmful Event was Not a Collision with a Motor Vehicle in Transport,Daylight,Clear
New York,360050,1,NEW YORK (61),NEW YORK,February,Friday,Local Street - Municipality,Urban,40.74772222,-73.97676389,Pedestrian,The First Harmful Event was Not a Collision with a Motor Vehicle in Transport,Dark - Lighted,Clear
New York,360051,2,NASSAU (59),HEMPSTEAD,February,Sunday,Local Street - Township,Urban,40.69566667,-73.69096389,Motor Vehicle In-Transport,Angle,Dark - Lighted,Cloudy
New York,360052,1,TOMPKINS (109),DRYDEN,January,Tuesday,County Road,Rural,42.44703889,-76.42915833,Pedestrian,The First Harmful Event was Not a Collision with a Motor Vehicle in Transport,Dark - Not Lighted,Snow
New York,360053,1,QUEENS (81),MIDDLE VILLAGE,February,Monday,Local Street - Municipality,Urban,40.66643056,-73.74536389,Bridge Pier or Support,The First Harmful Event was Not a Collision with a Motor Vehicle in Transport,Dark - Lighted,Rain
New York,360054,1,NASSAU (59),HEMPSTEAD,February,Saturday,Local Street - Township,Urban,40.64484444,-73.63899722,Curb,The First Harmful Event was Not a Collision with a Motor Vehicle in Transport,Dark - Lighted,Clear
New York,360055,1,KINGS (47),NEW YORK CITY,January,Saturday,Local Street - Municipality,Urban,40.60435556,-73.97398333,Pedalcyclist,The First Harmful Event was Not a Collision with a Motor Vehicle in Transport,Dark - Lighted,Clear
New York,360056,1,DELAWARE (25),HARPERSFIELD,February,Monday,Local Street - Township,Rural,42.41854444,-74.67141111,Tree (Standing Only),The First Harmful Event was Not a Collision with a Motor Vehicle in Transport,Dark - Not Lighted,Cloudy
New York,360057,5,CLINTON (19),MOOERS,February,Saturday,U.S. Highway,Rural,44.96651667,-73.56828056,Motor Vehicle In-Transport,Front-to-Front,Daylight,Snow
New York,360058,2,ORANGE (71),WARWICK,February,Friday,State Highway,Urban,41.24358889,-74.36977222,Motor Vehicle In-Transport,Front-to-Front,Dark - Lighted,Clear
New York,360059,2,CHAUTAUQUA (13),GERRY,February,Friday,County Road,Rural,42.21111389,-79.23622222,Ditch,The First Harmful Event was Not a Collision with a Motor Vehicle in Transport,Daylight,Cloudy
New York,360060,1,QUEENS (81),MIDDLE VILLAGE,February,Sunday,Local Street - Frontage Road,Urban,40.73023611,-73.86187222,Pedestrian,The First Harmful Event was Not a Collision with a Motor Vehicle in Transport,Daylight,Cloudy
New York,360061,4,ERIE (29),CHEEKTOWAGA,January,Tuesday,State Highway,Urban,42.93028611,-78.73741111,Motor Vehicle In-Transport,Angle,Daylight,Clear
New York,360062,1,KINGS (47),NEW YORK CITY,January,Sunday,Local Street - Municipality,Urban,40.60031944,-73.94286667,Pedestrian,The First Harmful Event was Not a Collision with a Motor Vehicle in Transport,Daylight,Rain
New York,360063,1,NASSAU (59),HEMPSTEAD,February,Saturday,County Road,Urban,40.69043611,-73.72510556,Pedestrian,The First Harmful Event was Not a Collision with a Motor Vehicle in Transport,Dark - Lighted,Clear
New York,360064,1,DUTCHESS (27),HYDE PARK,February,Saturday,County Road,Rural,41.78704722,-73.926625,Guardrail Face,The First Harmful Event was Not a Collision with a Motor Vehicle in Transport,Daylight,Cloudy
New York,360065,1,NASSAU (59),HEMPSTEAD,February,Tuesday,State Highway,Urban,40.70820556,-73.68301389,Pedestrian,The First Harmful Event was Not a Collision with a Motor Vehicle in Transport,Dusk,Clear