State,Case Number,Persons,County,City,Month,Day,Route,Rural/Urban,Latitude,Longitude,First Harmful Event,Manner of Collision,Light Conditions,Weather
New York,360066,1,KINGS (47),NEW YORK CITY,February,Thursday,Local Street - Municipality,Urban,40.70808333,-73.95713333,Pedalcyclist,The First Harmful Event was Not a Collision with a Motor Vehicle in Transport,Dark - Lighted,Clear
New York,360067,1,WAYNE (117),WOLCOTT,January,Wednesday,Local Street - Township,Rural,43.26105278,-76.81565278,Motor Vehicle In-Transport,Front-to-Rear,Daylight,Clear
New York,360070,1,QUEENS (81),MIDDLE VILLAGE,February,Tuesday,Local Street - Municipality,Urban,40.71305556,-73.91705833,Pedestrian,The First Harmful Event was Not a Collision with a Motor Vehicle in Transport,Daylight,Clear
New York,360071,1,QUEENS (81),MIDDLE VILLAGE,March,Tuesday,Interstate,Urban,40.74182222,-73.84116111,Guardrail End,The First Harmful Event was Not a Collision with a Motor Vehicle in Transport,Dark - Lighted,Clear
New York,360073,1,KINGS (47),NEW YORK CITY,March,Wednesday,Local Street - Municipality,Urban,40.60532222,-73.94128333,Pedestrian,The First Harmful Event was Not a Collision with a Motor Vehicle in Transport,Daylight,Clear
New York,360074,3,QUEENS (81),MIDDLE VILLAGE,January,Friday,Local Street - Municipality,Urban,40.76854167,-73.78670278,Motor Vehicle In-Transport,Front-to-Front,Daylight,Clear
New York,360075,1,ONONDAGA (67),SYRACUSE,February,Wednesday,Interstate,Urban,43.05873611,-76.0864,Pedestrian,The First Harmful Event was Not a Collision with a Motor Vehicle in Transport,Dark - Not Lighted,Cloudy
New York,360076,1,ORANGE (71),CAMPBELL HALL,January,Tuesday,County Road,Rural,41.43655556,-74.25605278,Tree (Standing Only),The First Harmful Event was Not a Collision with a Motor Vehicle in Transport,Daylight,Clear
New York,360077,2,NASSAU (59),HEMPSTEAD,January,Thursday,State Highway,Urban,40.73651667,-73.60158333,Motor Vehicle In-Transport,Front-to-Rear,Daylight,Rain
New York,360078,1,STEUBEN (101),HORNELL,February,Wednesday,Interstate,Urban,42.37037778,-77.67661667,Concrete Traffic Barrier,The First Harmful Event was Not a Collision with a Motor Vehicle in Transport,Dark - Not Lighted,Cloudy
New York,360079,3,MONROE (55),FAIRPORT,February,Thursday,County Road,Urban,43.1157,-77.40256389,Motor Vehicle In-Transport,Angle,Daylight,Cloudy
New York,360080,1,RICHMOND (85),NEW YORK CITY,February,Friday,Local Street - Municipality,Urban,40.59539722,-74.16074444,Pedestrian,The First Harmful Event was Not a Collision with a Motor Vehicle in Transport,Dark - Lighted,Clear
New York,360081,3,SUFFOLK (103),BABYLON,January,Thursday,State Highway,Urban,40.71418889,-73.33360278,Motor Vehicle In-Transport,Front-to-Rear,Dusk,Cloudy
New York,360082,7,MONROE (55),ROCHESTER,February,Sunday,County Road,Urban,43.186875,-77.59962222,Motor Vehicle In-Transport,Angle,Daylight,Clear
New York,360083,3,GENESEE (37),LE ROY,February,Sunday,State Highway,Urban,42.97193056,-77.99221111,Curb,The First Harmful Event was Not a Collision with a Motor Vehicle in Transport,Dark - Lighted,Clear
New York,360084,4,OSWEGO (75),WEST MONROE,February,Monday,State Highway,Rural,43.28566111,-76.08995,Motor Vehicle In-Transport,Front-to-Front,Daylight,Snow
New York,360085,1,WARREN (113),POTTERSVILLE,January,Tuesday,Interstate,Rural,43.724425,-73.82077222,Guardrail Face,The First Harmful Event was Not a Collision with a Motor Vehicle in Transport,Daylight,Snow
New York,360086,2,SUFFOLK (103),SOUTHAMPTON,February,Friday,State Highway,Urban,40.92159167,-72.3392,Motor Vehicle In-Transport,Front-to-Front,Daylight,Cloudy
New York,360087,3,NASSAU (59),WESTBURY,February,Tuesday,Local Street - Township,Urban,40.75455833,-73.58121944,Railway Vehicle,The First Harmful Event was Not a Collision with a Motor Vehicle in Transport,Dark - Lighted,Clear
New York,360088,2,TOMPKINS (109),BROOKTONDALE,March,Monday,County Road,Rural,42.38558889,-76.37289167,Motor Vehicle In-Transport,Angle,Daylight,Snow
New York,360089,1,ULSTER (111),LLOYD,March,Tuesday,U.S. Highway,Urban,41.71681389,-73.96289167,Pedestrian,The First Harmful Event was Not a Collision with a Motor Vehicle in Transport,Dark - Lighted,Clear
New York,360090,1,OSWEGO (75),WEST MONROE,February,Friday,County Road,Rural,43.26589722,-76.12131111,Pedestrian,The First Harmful Event was Not a Collision with a Motor Vehicle in Transport,Dark - Not Lighted,Cloudy
New York,360091,1,BRONX (5),NEW YORK CITY,March,Monday,Local Street - Municipality,Urban,40.8349,-73.894075,Pedestrian,The First Harmful Event was Not a Collision with a Motor Vehicle in Transport,Dusk,Clear
New York,360092,1,DUTCHESS (27),LAGRANGEVILLE,February,Friday,Local Street - Township,Rural,41.65976667,-73.78224167,Mail Box,The First Harmful Event was Not a Collision with a Motor Vehicle in Transport,Daylight,Cloudy
New York,360093,1,BRONX (5),NEW YORK CITY,March,Tuesday,Local Street - Municipality,Urban,40.84278611,-73.82558611,Pedestrian,The First Harmful Event was Not a Collision with a Motor Vehicle in Transport,Dark - Lighted,Clear
New York,360094,2,KINGS (47),NEW YORK CITY,March,Monday,Local Street - Frontage Road,Urban,40.64966389,-73.92379722,Utility Pole/Light Support,The First Harmful Event was Not a Collision with a Motor Vehicle in Transport,Dark - Lighted,Clear
New York,360095,1,NASSAU (59),LAKE SUCCESS,March,Sunday,Local Street - Frontage Road,Urban,40.76677222,-73.69566111,Pedalcyclist,The First Harmful Event was Not a Collision with a Motor Vehicle in Transport,Daylight,Clear
New York,360096,1,KINGS (47),NEW YORK CITY,March,Tuesday,Local Street - Frontage Road,Urban,40.662,-73.88304167,Pedestrian,The First Harmful Event was Not a Collision with a Motor Vehicle in Transport,Dark - Lighted,Clear
New York,360097,1,QUEENS (81),MIDDLE VILLAGE,March,Thursday,Local Street - Municipality,Urban,40.74220278,-73.95887222,Pedalcyclist,The First Harmful Event was Not a Collision with a Motor Vehicle in Transport,Dark - Lighted,Clear
New York,360098,2,TIOGA (107),NICHOLS,March,Wednesday,State Highway,Rural,42.05363889,-76.33408056,Working Motor Vehicle,The First Harmful Event was Not a Collision with a Motor Vehicle in Transport,Daylight,Cloudy
New York,360099,2,CHAUTAUQUA (13),MAPLE SPRINGS,February,Saturday,County Road,Rural,42.23051944,-79.29918056,Motor Vehicle In-Transport,Angle,Daylight,Cloudy
New York,360100,1,SUFFOLK (103),ISLIP,March,Tuesday,County Road,Urban,40.79405278,-73.185525,Pedestrian,The First Harmful Event was Not a Collision with a Motor Vehicle in Transport,Dark - Lighted,Clear
New York,360101,2,RICHMOND (85),NEW YORK CITY,March,Saturday,Local Street - Municipality,Urban,40.54441667,-74.17645278,Pedestrian,The First Harmful Event was Not a Collision with a Motor Vehicle in Transport,Daylight,Clear
New York,360103,7,ORANGE (71),MONROE,February,Friday,State Highway,Rural,41.34339722,-74.1848,Motor Vehicle In-Transport,Front-to-Rear,Daylight,Clear
New York,360104,2,GENESEE (37),PEMBROKE,March,Thursday,State Highway,Rural,42.99639722,-78.45422778,Motor Vehicle In-Transport,Front-to-Front,Daylight,Cloudy
New York,360105,2,JEFFERSON (45),CLAYTON,March,Wednesday,State Highway,Rural,44.14616389,-76.07220833,Rollover/Overturn,The First Harmful Event was Not a Collision with a Motor Vehicle in Transport,Daylight,Clear
New York,360106,6,STEUBEN (101),PAINTED POST,March,Wednesday,State Highway,Rural,42.11321111,-77.17800556,Motor Vehicle In-Transport,Front-to-Front,Daylight,Clear
New York,360107,2,FULTON (35),MAYFIELD,March,Friday,State Highway,Rural,43.06329444,-74.23953056,Motor Vehicle In-Transport,Angle,Daylight,Snow
New York,360108,2,ALBANY (1),COLONIE,February,Sunday,Local Street - Township,Urban,42.71995,-73.81739444,Motor Vehicle In-Transport,Front-to-Rear,Daylight,Clear
New York,360109,1,DELAWARE (25),STAMFORD,March,Thursday,State Highway,Rural,42.41859444,-74.62079444,Pedestrian,The First Harmful Event was Not a Collision with a Motor Vehicle in Transport,Dusk,Clear
New York,360110,1,NEW YORK (61),NEW YORK,March,Friday,Local Street - Municipality,Urban,40.82272222,-73.94948889,Pedestrian,The First Harmful Event was Not a Collision with a Motor Vehicle in Transport,Dark - Lighted,Clear
New York,360112,4,ONONDAGA (67),EAST SYRACUSE,March,Tuesday,State Highway,Urban,43.06345556,-76.05893889,Motor Vehicle In-Transport,Angle,Daylight,Cloudy
New York,360113,3,CORTLAND (23),CORTLAND,March,Monday,Interstate,Urban,42.59295833,-76.13499722,Motor Vehicle In-Transport,Angle,Dawn,Cloudy
New York,360114,1,KINGS (47),NEW YORK CITY,March,Saturday,Local Street - Municipality,Urban,40.71124722,-73.940525,Pedestrian,The First Harmful Event was Not a Collision with a Motor Vehicle in Transport,Daylight,Clear
New York,360115,1,SUFFOLK (103),SOUTHAMPTON,March,Tuesday,Local Street - Township,Rural,40.97896111,-72.32115833,Tree (Standing Only),The First Harmful Event was Not a Collision with a Motor Vehicle in Transport,Dark - Lighted,Clear
New York,360116,1,KINGS (47),NEW YORK CITY,March,Saturday,State Highway,Urban,40.66065556,-73.88562778,Pedestrian,The First Harmful Event was Not a Collision with a Motor Vehicle in Transport,Dark - Lighted,Clear
New York,360117,2,WESTCHESTER (119),HARRISON,March,Thursday,State Highway,Urban,41.00829444,-73.69612222,Motor Vehicle In-Transport,Angle,Daylight,Clear
New York,360118,4,KINGS (47),NEW YORK CITY,March,Saturday,Local Street - Municipality,Urban,40.62851111,-73.92213333,Motor Vehicle In-Transport,Angle,Daylight,Clear
New York,360119,3,KINGS (47),NEW YORK CITY,April,Tuesday,Local Street - Municipality,Urban,40.64336389,-73.92506111,Tree (Standing Only),The First Harmful Event was Not a Collision with a Motor Vehicle in Transport,Daylight,Clear
New York,360120,1,NEW YORK (61),NEW YORK,January,Friday,Local Street - Municipality,Urban,40.80845278,-73.96488056,Pedestrian,The First Harmful Event was Not a Collision with a Motor Vehicle in Transport,Dark - Lighted,Clear
New York,360121,1,CHAUTAUQUA (13),FREDONIA,April,Thursday,Local Street - Township,Rural,42.40489444,-79.38539444,Guardrail End,The First Harmful Event was Not a Collision with a Motor Vehicle in Transport,Dark - Not Lighted,Clear
New York,360122,3,CAYUGA (11),SENNETT,April,Thursday,State Highway,Rural,42.98824167,-76.56209167,Motor Vehicle In-Transport,Front-to-Rear,Daylight,Clear
New York,360123,1,NEW YORK (61),NEW YORK,April,Thursday,Local Street - Municipality,Urban,40.71075,-74.01605556,Pedestrian,The First Harmful Event was Not a Collision with a Motor Vehicle in Transport,Daylight,Clear
New York,360124,1,NASSAU (59),HEMPSTEAD,February,Saturday,Local Street - Township,Urban,40.69446389,-73.62176667,Pedestrian,The First Harmful Event was Not a Collision with a Motor Vehicle in Transport,Dark - Lighted,Clear
New York,360125,2,QUEENS (81),MIDDLE VILLAGE,April,Thursday,Local Street - Municipality,Urban,40.66564444,-73.73928056,Pedestrian,The First Harmful Event was Not a Collision with a Motor Vehicle in Transport,Dark - Lighted,Clear
New York,360126,1,BROOME (7),BINGHAMTON,March,Monday,Local Street - Municipality,Urban,42.09647222,-75.9348,Tree (Standing Only),The First Harmful Event was Not a Collision with a Motor Vehicle in Transport,Daylight,Clear
New York,360127,2,HERKIMER (43),MOHAWK,April,Tuesday,Interstate,Urban,99.9999,999.9999,Other Object (not fixed),The First Harmful Event was Not a Collision with a Motor Vehicle in Transport,Daylight,Clear
New York,360128,3,NASSAU (59),HEMPSTEAD,April,Tuesday,Local Street - Township,Urban,40.69909167,-73.62317222,Pedestrian,The First Harmful Event was Not a Collision with a Motor Vehicle in Transport,Dark - Lighted,Rain
New York,360129,2,QUEENS (81),MIDDLE VILLAGE,April,Sunday,Local Street - Municipality,Urban,40.66508889,-73.83137222,Tree (Standing Only),The First Harmful Event was Not a Collision with a Motor Vehicle in Transport,Dark - Lighted,Clear
New York,360130,1,QUEENS (81),MIDDLE VILLAGE,April,Tuesday,Local Street - Municipality,Urban,40.77168611,-73.87557222,Rollover/Overturn,The First Harmful Event was Not a Collision with a Motor Vehicle in Transport,Dark - Lighted,Cloudy
New York,360131,2,SUFFOLK (103),ISLIP,January,Tuesday,Local Street - Township,Urban,40.78428333,-73.19094167,Pedestrian,The First Harmful Event was Not a Collision with a Motor Vehicle in Transport,Dark - Lighted,Rain
New York,360132,1,ROCKLAND (87),STONY POINT,March,Friday,State Highway,Rural,41.23763611,-74.03087778,Tree (Standing Only),The First Harmful Event was Not a Collision with a Motor Vehicle in Transport,Daylight,Cloudy
New York,360133,2,SUFFOLK (103),SOUTHAMPTON,March,Tuesday,State Highway,Rural,40.8911,-72.56408333,Motor Vehicle In-Transport,Front-to-Front,Daylight,Clear
New York,360134,2,WAYNE (117),MARION,April,Thursday,State Highway,Rural,43.12861667,-77.19911667,Motor Vehicle In-Transport,Front-to-Front,Daylight,Clear
New York,360135,1,ONTARIO (69),CANANDAIGUA,April,Friday,Local Street - Township,Rural,42.89545556,-77.16098056,Unknown Fixed Object,The First Harmful Event was Not a Collision with a Motor Vehicle in Transport,Dark - Not Lighted,Clear
New York,360136,1,ULSTER (111),LLOYD,April,Friday,State Highway,Urban,41.71526111,-73.96359722,Building,The First Harmful Event was Not a Collision with a Motor Vehicle in Transport,Daylight,Cloudy
New York,360137,1,SULLIVAN (105),MONTICELLO,April,Sunday,County Road,Rural,41.66057222,-74.689475,Tree (Standing Only),The First Harmful Event was Not a Collision with a Motor Vehicle in Transport,Dark - Lighted,Clear
New York,360139,3,SUFFOLK (103),HUNTINGTON,January,Sunday,Local Street - Township,Urban,40.84631944,-73.29584722,Curb,The First Harmful Event was Not a Collision with a Motor Vehicle in Transport,Dark - Lighted,Clear
New York,360140,2,SUFFOLK (103),ISLIP,January,Sunday,County Road,Urban,40.79948056,-73.20972222,Pedestrian,The First Harmful Event was Not a Collision with a Motor Vehicle in Transport,Dark - Not Lighted,Cloudy
New York,360141,1,NASSAU (59),HEMPSTEAD,March,Wednesday,State Highway,Urban,40.690375,-73.63256111,Bridge Pier or Support,The First Harmful Event was Not a Collision with a Motor Vehicle in Transport,Dark - Lighted,Clear
New York,360142,7,SUFFOLK (103),BABYLON,January,Sunday,Local Street - Township,Urban,40.74255,-73.30870278,Motor Vehicle In-Transport,Angle,Daylight,Cloudy
New York,360143,2,MONROE (55),ROCHESTER,April,Friday,State Highway,Urban,43.19519167,-77.62945556,Pedestrian,The First Harmful Event was Not a Collision with a Motor Vehicle in Transport,Daylight,Rain
New York,360144,2,QUEENS (81),MIDDLE VILLAGE,April,Thursday,State Highway,Urban,40.68163611,-73.72793611,Rollover/Overturn,The First Harmful Event was Not a Collision with a Motor Vehicle in Transport,Dark - Lighted,Clear
New York,360145,2,SUFFOLK (103),BROOKHAVEN,February,Saturday,Local Street - Township,Urban,40.79833333,-72.84064444,Pedestrian,The First Harmful Event was Not a Collision with a Motor Vehicle in Transport,Dark - Lighted,Clear
New York,360146,2,PUTNAM (79),COLD SPRING,April,Saturday,U.S. Highway,Rural,41.44214167,-73.91657778,Motor Vehicle In-Transport,Angle,Dawn,Rain
New York,360147,1,SUFFOLK (103),STONY BROOK,February,Friday,County Road,Rural,40.90528889,-73.11708056,Tree (Standing Only),The First Harmful Event was Not a Collision with a Motor Vehicle in Transport,Daylight,Cloudy
New York,360148,2,SUFFOLK (103),SHIRLEY,February,Sunday,Local Street - Township,Rural,40.8128,-72.87523889,Motor Vehicle In-Transport,Front-to-Rear,Dark - Lighted,Clear
New York,360150,1,SUFFOLK (103),ISLIP,February,Monday,Local Street - Township,Urban,40.79937222,-73.196525,Utility Pole/Light Support,The First Harmful Event was Not a Collision with a Motor Vehicle in Transport,Daylight,Clear
New York,360151,3,SUFFOLK (103),BROOKHAVEN,February,Sunday,State Highway,Urban,40.87357778,-72.98203333,Utility Pole/Light Support,The First Harmful Event was Not a Collision with a Motor Vehicle in Transport,Dark - Lighted,Clear
New York,360152,1,SUFFOLK (103),ISLIP,February,Thursday,County Road,Urban,40.82668333,-73.13323333,Pedestrian,The First Harmful Event was Not a Collision with a Motor Vehicle in Transport,Dark - Lighted,Clear
New York,360154,1,SUFFOLK (103),ISLIP,February,Friday,Local Street - Township,Urban,40.81110556,-73.21765,Wall,The First Harmful Event was Not a Collision with a Motor Vehicle in Transport,Dark - Lighted,Cloudy
New York,360155,1,SUFFOLK (103),BROOKHAVEN,February,Sunday,County Road,Urban,40.76926389,-72.97118889,Pedestrian,The First Harmful Event was Not a Collision with a Motor Vehicle in Transport,Dark - Lighted,Rain
New York,360156,1,ROCKLAND (87),RAMAPO,January,Thursday,Local Street - Township,Urban,41.127825,-74.04171667,Pedestrian,The First Harmful Event was Not a Collision with a Motor Vehicle in Transport,Dark - Lighted,Cloudy
New York,360157,2,SARATOGA (91),BALLSTON LAKE,March,Sunday,State Highway,Urban,42.98027222,-73.85875278,Pedestrian,The First Harmful Event was Not a Collision with a Motor Vehicle in Transport,Dark - Not Lighted,Snow
New York,360158,1,ORANGE (71),WARWICK,April,Tuesday,County Road,Rural,41.23392778,-74.38018889,Embankment,The First Harmful Event was Not a Collision with a Motor Vehicle in Transport,Daylight,Clear
New York,360159,4,ERIE (29),BUFFALO,March,Wednesday,Local Street - Municipality,Urban,42.83721111,-78.82382778,Motor Vehicle In-Transport,Angle,Dark - Lighted,Cloudy
New York,360160,2,OSWEGO (75),WILLIAMSTOWN,March,Saturday,State Highway,Rural,43.42212778,-75.88582778,Motor Vehicle In-Transport,Front-to-Front,Daylight,Rain
New York,360161,1,CHEMUNG (15),ELMIRA,April,Tuesday,Local Street - Municipality,Rural,42.11594722,-76.81428056,Pedalcyclist,The First Harmful Event was Not a Collision with a Motor Vehicle in Transport,Daylight,Clear
New York,360162,2,CATTARAUGUS (9),SALAMANCA,April,Saturday,State Highway,Rural,42.00043889,-78.98265833,Guardrail Face,The First Harmful Event was Not a Collision with a Motor Vehicle in Transport,Daylight,Cloudy
New York,360163,4,TOMPKINS (109),LANSING,April,Friday,State Highway,Urban,42.48160833,-76.47561389,Motor Vehicle In-Transport,Angle,Daylight,Cloudy
New York,360164,1,WAYNE (117),NEWARK,April,Monday,State Highway,Urban,43.10133889,-77.07625278,Tree (Standing Only),The First Harmful Event was Not a Collision with a Motor Vehicle in Transport,Daylight,Cloudy
New York,360165,1,QUEENS (81),MIDDLE VILLAGE,April,Sunday,Local Street - Municipality,Urban,40.77731389,-73.79332222,Rollover/Overturn,The First Harmful Event was Not a Collision with a Motor Vehicle in Transport,Daylight,Clear
New York,360166,1,NEW YORK (61),NEW YORK,April,Tuesday,Local Street - Municipality,Urban,40.82885,-73.94849167,Pedestrian,The First Harmful Event was Not a Collision with a Motor Vehicle in Transport,Daylight,Clear
New York,360167,1,KINGS (47),NEW YORK CITY,April,Wednesday,Local Street - Municipality,Urban,40.63276667,-73.94754167,Pedestrian,The First Harmful Event was Not a Collision with a Motor Vehicle in Transport,Dark - Lighted,Cloudy
New York,360168,3,NEW YORK (61),NEW YORK,April,Tuesday,Local Street - Municipality,Urban,40.85495278,-73.92952222,Parked Motor Vehicle,The First Harmful Event was Not a Collision with a Motor Vehicle in Transport,Dark - Lighted,Clear
New York,360169,2,NIAGARA (63),NIAGARA FALLS,January,Wednesday,State Highway,Urban,43.07803611,-78.96191111,Pedestrian,The First Harmful Event was Not a Collision with a Motor Vehicle in Transport,Dark - Lighted,Rain
New York,360171,1,KINGS (47),NEW YORK CITY,April,Wednesday,Local Street - Municipality,Urban,40.63054167,-73.98166944,Pedalcyclist,The First Harmful Event was Not a Collision with a Motor Vehicle in Transport,Daylight,Clear
New York,360172,2,QUEENS (81),MIDDLE VILLAGE,April,Wednesday,Local Street - Municipality,Urban,40.60408333,-73.75918889,Pedestrian,The First Harmful Event was Not a Collision with a Motor Vehicle in Transport,Daylight,Clear
New York,360173,1,RICHMOND (85),NEW YORK CITY,April,Saturday,Local Street - Municipality,Urban,40.61020556,-74.13230556,Pedestrian,The First Harmful Event was Not a Collision with a Motor Vehicle in Transport,Dark - Lighted,Clear
New York,360174,1,NASSAU (59),HEMPSTEAD,April,Saturday,State Highway,Urban,40.67188889,-73.51043611,Pedestrian,The First Harmful Event was Not a Collision with a Motor Vehicle in Transport,Dark - Lighted,Clear
New York,360175,4,SCHUYLER (97),CAYUTA,April,Thursday,State Highway,Rural,42.29244444,-76.70644722,Motor Vehicle In-Transport,Angle,Daylight,Clear
New York,360177,1,MADISON (53),SULLIVAN,April,Wednesday,Interstate,Rural,43.09151111,-75.91488333,Pedestrian,The First Harmful Event was Not a Collision with a Motor Vehicle in Transport,Dark - Not Lighted,Cloudy
New York,360178,2,GREENE (39),CATSKILL,March,Sunday,Interstate,Rural,42.18464167,-73.92468056,Parked Motor Vehicle,The First Harmful Event was Not a Collision with a Motor Vehicle in Transport,Dark - Not Lighted,Clear
New York,360179,1,NASSAU (59),LYNBROOK,April,Thursday,County Road,Urban,40.65891944,-73.67793056,Pedestrian,The First Harmful Event was Not a Collision with a Motor Vehicle in Transport,Dark - Lighted,Rain
New York,360180,1,ERIE (29),SPRINGVILLE,April,Thursday,U.S. Highway,Rural,42.55310556,-78.71168333,Bridge Pier or Support,The First Harmful Event was Not a Collision with a Motor Vehicle in Transport,Daylight,Cloudy
New York,360181,1,ONONDAGA (67),MANLIUS,April,Sunday,County Road,Rural,43.11588056,-75.99931944,Mail Box,The First Harmful Event was Not a Collision with a Motor Vehicle in Transport,Daylight,Clear
New York,360182,1,KINGS (47),NEW YORK CITY,May,Thursday,Local Street - Municipality,Urban,40.60254444,-73.99923333,Non-Motorist on Personal Conveyance,The First Harmful Event was Not a Collision with a Motor Vehicle in Transport,Daylight,Clear
New York,360183,1,WESTCHESTER (119),YONKERS,March,Friday,Local Street - Municipality,Urban,40.91730278,-73.89565833,Pedestrian,The First Harmful Event was Not a Collision with a Motor Vehicle in Transport,Dark - Lighted,Cloudy
New York,360184,2,ROCKLAND (87),WEST HAVERSTRAW,April,Monday,U.S. Highway,Urban,41.212275,-73.98573889,Motor Vehicle In-Transport,Angle,Dark - Lighted,Clear
New York,360185,3,ONONDAGA (67),NORTH SYRACUSE,April,Monday,State Highway,Urban,43.142225,-76.11825556,Guardrail Face,The First Harmful Event was Not a Collision with a Motor Vehicle in Transport,Daylight,Sleet or Hail
New York,360186,1,WASHINGTON (115),GREENWICH,April,Tuesday,County Road,Rural,42.98311389,-73.60624722,Tree (Standing Only),The First Harmful Event was Not a Collision with a Motor Vehicle in Transport,Dusk,Clear
New York,360187,1,ERIE (29),FERRY VILLAGE,January,Tuesday,Local Street - Township,Urban,43.00114722,-78.938325,Parked Motor Vehicle,The First Harmful Event was Not a Collision with a Motor Vehicle in Transport,Dark - Lighted,Cloudy
New York,360188,1,KINGS (47),NEW YORK CITY,May,Friday,Local Street - Township,Urban,40.67935278,-73.91918611,Pedestrian,The First Harmful Event was Not a Collision with a Motor Vehicle in Transport,Daylight,Cloudy
New York,360189,2,WESTCHESTER (119),NEW ROCHELLE,February,Thursday,U.S. Highway,Urban,40.91476389,-73.77199444,Pedestrian,The First Harmful Event was Not a Collision with a Motor Vehicle in Transport,Dark - Lighted,Clear
New York,360190,2,ROCKLAND (87),SUFFERN,March,Thursday,State Highway,Urban,41.11875278,-74.15772778,Motor Vehicle In-Transport,Front-to-Front,Dark - Lighted,Clear
New York,360191,2,ONEIDA (65),UTICA,April,Monday,State Highway,Rural,43.17435,-75.14544167,Tree (Standing Only),The First Harmful Event was Not a Collision with a Motor Vehicle in Transport,Daylight,Cloudy
New York,360192,2,QUEENS (81),MIDDLE VILLAGE,May,Saturday,Interstate,Urban,40.68083333,-73.80460278,Motor Vehicle In-Transport,Angle,Daylight,Cloudy
New York,360193,5,ULSTER (111),NEW PALTZ,March,Friday,Local Street - Township,Urban,41.7505,-74.07790833,Motor Vehicle In-Transport,Front-to-Rear,Dark - Lighted,Cloudy
New York,360194,2,HAMILTON (41),LONG LAKE,May,Wednesday,State Highway,Rural,43.97928056,-74.34102222,Motor Vehicle In-Transport,Angle,Daylight,Cloudy
New York,360196,6,SENECA (99),WATERLOO,April,Saturday,State Highway,Rural,42.96035278,-76.86150833,Motor Vehicle In-Transport,Rear-to-Side,Daylight,Clear
New York,360197,1,SCHENECTADY (93),SCHENECTADY,May,Wednesday,Local Street - Municipality,Urban,42.79053611,-73.91912222,Rollover/Overturn,The First Harmful Event was Not a Collision with a Motor Vehicle in Transport,Daylight,Clear
New York,360198,1,WASHINGTON (115),FORT EDWARD,May,Monday,County Road,Urban,43.28537222,-73.57993333,Tree (Standing Only),The First Harmful Event was Not a Collision with a Motor Vehicle in Transport,Daylight,Cloudy
New York,360199,2,NASSAU (59),HEMPSTEAD,May,Wednesday,Local Street - Township,Urban,40.65866667,-73.67103333,Motor Vehicle In-Transport,Angle,Daylight,Cloudy
New York,360200,2,TOMPKINS (109),DRYDEN,April,Thursday,Local Street - Township,Rural,42.53396944,-76.30786111,Pedalcyclist,The First Harmful Event was Not a Collision with a Motor Vehicle in Transport,Daylight,Clear
New York,360201,1,SUFFOLK (103),BROOKHAVEN,January,Sunday,State Highway,Urban,40.77165,-73.00760833,Pedestrian,The First Harmful Event was Not a Collision with a Motor Vehicle in Transport,Dark - Lighted,Clear
New York,360202,1,SUFFOLK (103),BROOKHAVEN,April,Wednesday,Interstate,Rural,40.88928056,-72.75508611,Tree (Standing Only),The First Harmful Event was Not a Collision with a Motor Vehicle in Transport,Daylight,Clear
New York,360203,1,NASSAU (59),HEMPSTEAD,April,Wednesday,State Highway,Urban,40.69409722,-73.5438,Pedalcyclist,The First Harmful Event was Not a Collision with a Motor Vehicle in Transport,Daylight,Clear
New York,360204,3,ALBANY (1),ALBANY,May,Monday,Local Street - Municipality,Urban,42.65124444,-73.80218889,Curb,The First Harmful Event was Not a Collision with a Motor Vehicle in Transport,Daylight,Clear
New York,360205,2,KINGS (47),NEW YORK CITY,May,Wednesday,Local Street - Municipality,Urban,40.62734722,-73.89997778,Parked Motor Vehicle,The First Harmful Event was Not a Collision with a Motor Vehicle in Transport,Daylight,Clear
New York,360206,1,QUEENS (81),MIDDLE VILLAGE,May,Wednesday,State Highway,Urban,40.75036389,-73.93968333,Pedestrian,The First Harmful Event was Not a Collision with a Motor Vehicle in Transport,Dawn,Clear
New York,360207,1,RICHMOND (85),NEW YORK CITY,February,Monday,Local Street - Municipality,Urban,40.55683611,-74.13603333,Pedestrian,The First Harmful Event was Not a Collision with a Motor Vehicle in Transport,Daylight,Clear
New York,360208,2,KINGS (47),NEW YORK CITY,April,Saturday,Local Street - Municipality,Urban,40.63959722,-74.00886389,Pedestrian,The First Harmful Event was Not a Collision with a Motor Vehicle in Transport,Daylight,Clear
New York,360209,1,WASHINGTON (115),HUDSON FALLS,May,Saturday,U.S. Highway,Rural,43.33334444,-73.55900833,Tree (Standing Only),The First Harmful Event was Not a Collision with a Motor Vehicle in Transport,Daylight,Clear
New York,360210,1,KINGS (47),NEW YORK CITY,May,Saturday,Local Street - Municipality,Urban,40.57619444,-73.98795556,Pedestrian,The First Harmful Event was Not a Collision with a Motor Vehicle in Transport,Daylight,Clear