State,Case Number,Persons,County,City,Month,Day,Route,Rural/Urban,Latitude,Longitude,First Harmful Event,Manner of Collision,Light Conditions,Weather
New York,360638,1,KINGS (47),NEW YORK CITY,October,Saturday,Local Street - Municipality,Urban,40.62883056,-73.97394167,Pedalcyclist,The First Harmful Event was Not a Collision with a Motor Vehicle in Transport,Daylight,Clear
New York,360639,3,ORLEANS (73),SHELBY CENTER,October,Saturday,State Highway,Rural,43.14154167,-78.39033889,Motor Vehicle In-Transport,Front-to-Front,Daylight,Clear
New York,360640,2,ERIE (29),CLARENCE,August,Tuesday,State Highway,Urban,42.9651,-78.69224444,Motor Vehicle In-Transport,Front-to-Rear,Daylight,Clear
New York,360641,1,KINGS (47),NEW YORK CITY,October,Tuesday,Local Street - Municipality,Urban,40.68001667,-73.89613333,Concrete Traffic Barrier,The First Harmful Event was Not a Collision with a Motor Vehicle in Transport,Dark - Lighted,Clear
New York,360642,5,DUTCHESS (27),FISHKILL,October,Tuesday,State Highway,Rural,41.58098333,-73.77745833,Motor Vehicle In-Transport,Angle,Daylight,Cloudy
New York,360643,1,NASSAU (59),HEMPSTEAD,January,Thursday,Local Street - Township,Urban,40.709675,-73.62776667,Pedestrian,The First Harmful Event was Not a Collision with a Motor Vehicle in Transport,Dark - Lighted,Cloudy
New York,360644,2,SARATOGA (91),SARATOGA SPRINGS,October,Tuesday,U.S. Highway,Urban,43.05311944,-73.78799722,Motor Vehicle In-Transport,Front-to-Front,Dark - Not Lighted,Clear
New York,360645,1,ERIE (29),HAMBURG,October,Wednesday,County Road,Urban,42.72850556,-78.9452,Mail Box,The First Harmful Event was Not a Collision with a Motor Vehicle in Transport,Daylight,Clear
New York,360646,1,SUFFOLK (103),BABYLON,August,Tuesday,Local Street - Township,Urban,40.69753056,-73.37421944,Parked Motor Vehicle,The First Harmful Event was Not a Collision with a Motor Vehicle in Transport,Daylight,Cloudy
New York,360647,1,NASSAU (59),OYSTER BAY,October,Wednesday,State Highway,Urban,40.79573056,-73.47993056,Bridge Pier or Support,The First Harmful Event was Not a Collision with a Motor Vehicle in Transport,Daylight,Rain
New York,360648,2,ORLEANS (73),GAINES,October,Thursday,State Highway,Rural,43.28006667,-78.23125,Live Animal,The First Harmful Event was Not a Collision with a Motor Vehicle in Transport,Dawn,Clear
New York,360649,5,STEUBEN (101),PULTENEY,October,Saturday,County Road,Rural,42.483625,-77.18666389,Tree (Standing Only),The First Harmful Event was Not a Collision with a Motor Vehicle in Transport,Dark - Not Lighted,Clear
New York,360650,1,KINGS (47),NEW YORK CITY,October,Saturday,Local Street - Municipality,Urban,40.644025,-73.97666389,Pedestrian,The First Harmful Event was Not a Collision with a Motor Vehicle in Transport,Daylight,Clear
New York,360651,3,QUEENS (81),MIDDLE VILLAGE,October,Saturday,State Highway,Urban,40.64843611,-73.75381389,Motor Vehicle In-Transport,Front-to-Rear,Dark - Lighted,Clear
New York,360652,2,ORANGE (71),NEWBURGH,October,Friday,Local Street - Municipality,Urban,41.51733889,-74.01438889,Motor Vehicle In-Transport,Front-to-Rear,Dark - Lighted,Clear
New York,360653,1,QUEENS (81),MIDDLE VILLAGE,October,Sunday,Local Street - Municipality,Urban,40.61250556,-73.81967222,Pedalcyclist,The First Harmful Event was Not a Collision with a Motor Vehicle in Transport,Daylight,Clear
New York,360654,1,ONONDAGA (67),TULLY,October,Wednesday,State Highway,Rural,42.81218056,-76.162825,Pedestrian,The First Harmful Event was Not a Collision with a Motor Vehicle in Transport,Daylight,Clear
New York,360655,1,ERIE (29),CLARENCE,October,Tuesday,State Highway,Urban,42.96545278,-78.66728611,Tree (Standing Only),The First Harmful Event was Not a Collision with a Motor Vehicle in Transport,Daylight,Clear
New York,360656,2,WESTCHESTER (119),NEW ROCHELLE,March,Sunday,U.S. Highway,Urban,40.91011944,-73.78354722,Pedestrian,The First Harmful Event was Not a Collision with a Motor Vehicle in Transport,Dark - Lighted,Clear
New York,360657,1,QUEENS (81),MIDDLE VILLAGE,October,Wednesday,State Highway,Urban,40.66680556,-73.78226111,Guardrail Face,The First Harmful Event was Not a Collision with a Motor Vehicle in Transport,Dark - Lighted,Clear
New York,360658,1,ONONDAGA (67),ONONDAGA HILL,September,Sunday,U.S. Highway,Urban,42.98271111,-76.143025,Pedestrian,The First Harmful Event was Not a Collision with a Motor Vehicle in Transport,Dark - Lighted,Cloudy
New York,360659,4,ALBANY (1),COLONIE,July,Saturday,State Highway,Urban,42.73449444,-73.75603889,Motor Vehicle In-Transport,Front-to-Front,Daylight,Clear
New York,360660,3,SUFFOLK (103),HUNTINGTON,September,Sunday,State Highway,Urban,40.83115833,-73.39498611,Motor Vehicle In-Transport,Angle,Dark - Lighted,Clear
New York,360661,2,LIVINGSTON (51),CONESUS,August,Friday,Local Street - Township,Rural,42.73769444,-77.64002778,Motor Vehicle In-Transport,Angle,Daylight,Clear
New York,360662,1,ULSTER (111),KINGSTON,October,Wednesday,U.S. Highway,Urban,41.97495,-73.99908333,Pedestrian,The First Harmful Event was Not a Collision with a Motor Vehicle in Transport,Dark - Lighted,Clear
New York,360663,1,MONROE (55),WEBSTER,October,Thursday,County Road,Urban,43.26599167,-77.41678333,Tree (Standing Only),The First Harmful Event was Not a Collision with a Motor Vehicle in Transport,Dark - Not Lighted,Rain
New York,360664,1,KINGS (47),NEW YORK CITY,October,Wednesday,Local Street - Municipality,Urban,40.58381111,-73.94838889,Pedestrian,The First Harmful Event was Not a Collision with a Motor Vehicle in Transport,Daylight,Rain
New York,360665,1,RENSSELAER (83),CASTLETON-ON-HUDSON,October,Saturday,U.S. Highway,Rural,42.49883056,-73.67346389,Pedestrian,The First Harmful Event was Not a Collision with a Motor Vehicle in Transport,Dark - Not Lighted,Clear
New York,360666,2,CHENANGO (17),NEW BERLIN,October,Saturday,State Highway,Rural,99.9999,999.9999,Pedalcyclist,The First Harmful Event was Not a Collision with a Motor Vehicle in Transport,Dark - Not Lighted,Cloudy
New York,360667,2,SUFFOLK (103),RIVERHEAD,October,Saturday,Local Street - Township,Urban,40.95839722,-72.73290833,Fell/Jumped from Vehicle,The First Harmful Event was Not a Collision with a Motor Vehicle in Transport,Daylight,Clear
New York,360668,1,MONTGOMERY (57),AMSTERDAM,October,Saturday,Local Street - Municipality,Urban,42.95000833,-74.18094722,Parked Motor Vehicle,The First Harmful Event was Not a Collision with a Motor Vehicle in Transport,Dark - Lighted,Clear
New York,360669,1,KINGS (47),NEW YORK CITY,October,Sunday,Local Street - Municipality,Urban,40.66137222,-73.87070556,Parked Motor Vehicle,The First Harmful Event was Not a Collision with a Motor Vehicle in Transport,Dark - Lighted,Rain
New York,360670,5,TIOGA (107),BARTON,October,Sunday,State Highway,Rural,42.00683889,-76.47261944,Motor Vehicle In-Transport,Front-to-Rear,Dark - Not Lighted,Cloudy
New York,360671,7,SENECA (99),SENECA FALLS,October,Sunday,Interstate,Rural,42.98541667,-76.77172222,Motor Vehicle In-Transport,Front-to-Front,Dark - Not Lighted,Clear
New York,360672,1,NASSAU (59),FREEPORT,October,Tuesday,Local Street - Municipality,Urban,40.63315833,-73.58031111,Pedestrian,The First Harmful Event was Not a Collision with a Motor Vehicle in Transport,Daylight,Cloudy
New York,360673,4,ERIE (29),LANCASTER,October,Monday,State Highway,Urban,42.93024722,-78.69693889,Motor Vehicle In-Transport,Angle,Daylight,Clear
New York,360674,1,SARATOGA (91),HADLEY,October,Tuesday,County Road,Rural,43.30054722,-73.91064722,Embankment,The First Harmful Event was Not a Collision with a Motor Vehicle in Transport,Dark - Not Lighted,Rain
New York,360675,3,ERIE (29),BUFFALO,October,Tuesday,Local Street - Municipality,Urban,42.95740556,-78.84382222,Pedalcyclist,The First Harmful Event was Not a Collision with a Motor Vehicle in Transport,Daylight,Rain
New York,360676,1,NEW YORK (61),NEW YORK,October,Tuesday,Local Street - Municipality,Urban,40.77673889,-73.94501389,Pedestrian,The First Harmful Event was Not a Collision with a Motor Vehicle in Transport,Dark - Lighted,Clear
New York,360677,2,ORANGE (71),HIGHLAND FALLS,October,Tuesday,U.S. Highway,Urban,41.422375,-74.00020833,Motor Vehicle In-Transport,Angle,Dark - Not Lighted,Clear
New York,360678,1,NASSAU (59),HEMPSTEAD,October,Friday,County Road,Urban,40.69507778,-73.63119722,Pedestrian,The First Harmful Event was Not a Collision with a Motor Vehicle in Transport,Daylight,Clear
New York,360679,1,OSWEGO (75),MEXICO,October,Thursday,State Highway,Rural,43.41225833,-76.25038889,Ridden Animal or Animal Drawn Conveyance,The First Harmful Event was Not a Collision with a Motor Vehicle in Transport,Daylight,Rain
New York,360680,3,DUTCHESS (27),MILLBROOK,October,Wednesday,State Highway,Rural,41.78010278,-73.73445556,Motor Vehicle In-Transport,Angle,Dark - Not Lighted,Clear
New York,360681,2,SARATOGA (91),WILTON,October,Friday,Local Street - Township,Urban,43.15676667,-73.73326944,Pedestrian,The First Harmful Event was Not a Collision with a Motor Vehicle in Transport,Daylight,Cloudy
New York,360682,2,COLUMBIA (21),CHATHAM,October,Saturday,Interstate,Rural,42.45131667,-73.57509444,Motor Vehicle In-Transport,Angle,Dark - Not Lighted,Cloudy
New York,360683,1,QUEENS (81),MIDDLE VILLAGE,October,Sunday,Local Street - Municipality,Urban,40.76322222,-73.87630278,Pedestrian,The First Harmful Event was Not a Collision with a Motor Vehicle in Transport,Dawn,Rain
New York,360684,1,PUTNAM (79),BREWSTER,October,Sunday,Interstate,Rural,41.425225,-73.62740556,Pedestrian,The First Harmful Event was Not a Collision with a Motor Vehicle in Transport,Dark - Not Lighted,Rain
New York,360685,4,ERIE (29),BUFFALO,October,Sunday,State Highway,Urban,42.86019167,-78.81588889,Motor Vehicle In-Transport,Angle,Dark - Lighted,Rain
New York,360686,1,MONROE (55),ROCHESTER,October,Monday,Local Street - Municipality,Urban,43.16099444,-77.58478611,Rollover/Overturn,The First Harmful Event was Not a Collision with a Motor Vehicle in Transport,Dark - Lighted,Clear
New York,360687,1,KINGS (47),NEW YORK CITY,October,Monday,Local Street - Municipality,Urban,40.67813611,-73.87076667,Pedestrian,The First Harmful Event was Not a Collision with a Motor Vehicle in Transport,Dark - Lighted,Clear
New York,360688,2,SCHENECTADY (93),NISKAYUNA,October,Monday,County Road,Urban,42.79591944,-73.87056111,Motor Vehicle In-Transport,Angle,Daylight,Cloudy
New York,360689,1,KINGS (47),NEW YORK CITY,October,Tuesday,Local Street - Municipality,Urban,40.60018889,-73.99567778,Pedestrian,The First Harmful Event was Not a Collision with a Motor Vehicle in Transport,Dark - Lighted,Rain
New York,360690,1,KINGS (47),NEW YORK CITY,October,Wednesday,Local Street - Frontage Road,Urban,40.60936111,-73.967375,Pedalcyclist,The First Harmful Event was Not a Collision with a Motor Vehicle in Transport,Daylight,Clear
New York,360691,2,MADISON (53),BROOKFIELD,October,Thursday,State Highway,Rural,42.80254167,-75.25421111,Motor Vehicle In-Transport,Front-to-Front,Daylight,Cloudy
New York,360692,2,CATTARAUGUS (9),EAST OTTO,October,Wednesday,Local Street - Township,Rural,42.43174444,-78.74793611,Culvert,The First Harmful Event was Not a Collision with a Motor Vehicle in Transport,Daylight,Clear
New York,360693,6,KINGS (47),NEW YORK CITY,November,Saturday,Local Street - Municipality,Urban,40.69868056,-73.94693889,Motor Vehicle In-Transport,Angle,Dark - Lighted,Clear
New York,360695,4,GREENE (39),COXSACKIE,June,Thursday,State Highway,Urban,42.36318333,-73.83168333,Motor Vehicle In-Transport,Angle,Daylight,Clear
New York,360696,1,MONROE (55),GREECE,November,Saturday,Local Street - Township,Urban,43.22927778,-77.64644444,Tree (Standing Only),The First Harmful Event was Not a Collision with a Motor Vehicle in Transport,Dark - Lighted,Clear
New York,360697,1,SCHENECTADY (93),SCHENECTADY,November,Sunday,County Road,Urban,42.89437222,-73.90931944,Tree (Standing Only),The First Harmful Event was Not a Collision with a Motor Vehicle in Transport,Dark - Not Lighted,Cloudy
New York,360698,4,ULSTER (111),WALLKILL,November,Monday,County Road,Rural,41.59756944,-74.21913889,Motor Vehicle In-Transport,Front-to-Rear,Daylight,Clear
New York,360699,2,WAYNE (117),SODUS,November,Monday,State Highway,Urban,43.23883889,-77.08953333,Motor Vehicle In-Transport,Angle,Dark - Not Lighted,Clear
New York,360700,1,SUFFOLK (103),SMITHTOWN,August,Thursday,State Highway,Urban,40.85768333,-73.20800833,Traffic Sign Support,The First Harmful Event was Not a Collision with a Motor Vehicle in Transport,Daylight,Clear
New York,360701,1,KINGS (47),NEW YORK CITY,June,Thursday,Local Street - Municipality,Urban,40.64438889,-73.97578889,Pedestrian,The First Harmful Event was Not a Collision with a Motor Vehicle in Transport,Dark - Lighted,Clear
New York,360702,3,SUFFOLK (103),ISLIP,July,Thursday,County Road,Rural,40.79919167,-73.0517,Motor Vehicle In-Transport,Front-to-Front,Daylight,Clear
New York,360703,1,SUFFOLK (103),BROOKHAVEN,August,Friday,Local Street - Township,Urban,40.91584444,-73.03880556,Rollover/Overturn,The First Harmful Event was Not a Collision with a Motor Vehicle in Transport,Daylight,Clear
New York,360704,1,SUFFOLK (103),PATCHOGUE,August,Thursday,State Highway,Urban,40.77857222,-73.02060556,Curb,The First Harmful Event was Not a Collision with a Motor Vehicle in Transport,Daylight,Clear
New York,360705,1,SUFFOLK (103),PORT JEFFERSON STATION,August,Friday,Local Street - Municipality,Urban,40.93468611,-73.06698889,Tree (Standing Only),The First Harmful Event was Not a Collision with a Motor Vehicle in Transport,Daylight,Clear
New York,360706,2,SUFFOLK (103),BROOKHAVEN,August,Monday,Local Street - Township,Urban,40.82044722,-72.81355556,Pedalcyclist,The First Harmful Event was Not a Collision with a Motor Vehicle in Transport,Daylight,Clear
New York,360707,2,SUFFOLK (103),PORT JEFFERSON STA,August,Saturday,State Highway,Urban,40.91836944,-73.05351389,Pedestrian,The First Harmful Event was Not a Collision with a Motor Vehicle in Transport,Dark - Not Lighted,Clear
New York,360708,1,SUFFOLK (103),ISLIP,August,Saturday,County Road,Urban,40.79734722,-73.12211389,Rollover/Overturn,The First Harmful Event was Not a Collision with a Motor Vehicle in Transport,Daylight,Clear
New York,360709,1,SUFFOLK (103),ISLIP,September,Monday,County Road,Urban,40.81832778,-73.12600278,Pedestrian,The First Harmful Event was Not a Collision with a Motor Vehicle in Transport,Daylight,Cloudy
New York,360710,2,SUFFOLK (103),ISLIP,September,Sunday,County Road,Urban,40.74467222,-73.26391389,Motor Vehicle In-Transport,Front-to-Front,Dawn,Clear
New York,360711,2,SUFFOLK (103),ISLIP,September,Friday,County Road,Urban,40.78136667,-73.26148889,Motor Vehicle In-Transport,Front-to-Front,Dark - Lighted,Clear
New York,360712,4,SUFFOLK (103),MASTIC BEACH,September,Friday,Local Street - Municipality,Urban,40.77241667,-72.83931667,Tree (Standing Only),The First Harmful Event was Not a Collision with a Motor Vehicle in Transport,Daylight,Clear
New York,360713,2,SUFFOLK (103),BROOKHAVEN,September,Saturday,Local Street - Township,Urban,40.7818,-72.94535278,Motor Vehicle In-Transport,Angle,Daylight,Clear
New York,360714,2,PUTNAM (79),COLD SPRING,September,Wednesday,U.S. Highway,Rural,41.38143889,-73.9124,Motor Vehicle In-Transport,Angle,Daylight,Clear
New York,360715,1,SUFFOLK (103),BROOKHAVEN,September,Sunday,Local Street - Municipality,Rural,40.87894722,-72.78955278,Tree (Standing Only),The First Harmful Event was Not a Collision with a Motor Vehicle in Transport,Daylight,Clear
New York,360716,1,SUFFOLK (103),BROOKHAVEN,September,Saturday,Local Street - Township,Urban,40.89911667,-72.94984722,Pedestrian,The First Harmful Event was Not a Collision with a Motor Vehicle in Transport,Dark - Lighted,Clear
New York,360717,2,SUFFOLK (103),BROOKHAVEN,September,Saturday,State Highway,Urban,40.85505556,-72.99822222,Pedestrian,The First Harmful Event was Not a Collision with a Motor Vehicle in Transport,Dark - Not Lighted,Cloudy
New York,360718,8,SUFFOLK (103),SOUTHOLD,August,Saturday,Local Street - Township,Urban,41.2578,-72.00284444,Fell/Jumped from Vehicle,The First Harmful Event was Not a Collision with a Motor Vehicle in Transport,Dark - Not Lighted,Clear
New York,360719,3,SUFFOLK (103),BROOKHAVEN,September,Wednesday,Interstate,Urban,40.86514167,-72.81808333,Motor Vehicle In-Transport,Front-to-Rear,Dark - Not Lighted,Clear
New York,360720,1,ONONDAGA (67),SYRACUSE,October,Saturday,State Highway,Urban,43.08863056,-76.19211111,Pedestrian,The First Harmful Event was Not a Collision with a Motor Vehicle in Transport,Daylight,Cloudy
New York,360721,2,SUFFOLK (103),ISLIP,September,Friday,County Road,Urban,40.80398611,-73.20765,Motor Vehicle In-Transport,Front-to-Front,Daylight,Clear
New York,360722,2,ONONDAGA (67),ONONDAGA HILL,October,Thursday,State Highway,Urban,43.00542778,-76.17395556,Pedestrian,The First Harmful Event was Not a Collision with a Motor Vehicle in Transport,Daylight,Cloudy
New York,360723,1,FULTON (35),CAROGA LAKE,October,Sunday,State Highway,Rural,43.13895278,-74.48294167,Tree (Standing Only),The First Harmful Event was Not a Collision with a Motor Vehicle in Transport,Dark - Not Lighted,Rain
New York,360724,1,PUTNAM (79),COLD SPRING,October,Friday,U.S. Highway,Rural,41.47846111,-73.91356944,Pedestrian,The First Harmful Event was Not a Collision with a Motor Vehicle in Transport,Dark - Not Lighted,Clear
New York,360725,1,SUFFOLK (103),HUNTINGTON,October,Tuesday,State Highway,Urban,40.79869167,-73.40483333,Tree (Standing Only),The First Harmful Event was Not a Collision with a Motor Vehicle in Transport,Daylight,Cloudy
New York,360726,1,DELAWARE (25),HANCOCK,November,Monday,Local Street - Township,Rural,41.98381389,-75.11848333,Guardrail Face,The First Harmful Event was Not a Collision with a Motor Vehicle in Transport,Daylight,Clear
New York,360727,0,QUEENS (81),MIDDLE VILLAGE,November,Tuesday,Local Street - Municipality,Urban,40.70052778,-73.80784444,Pedestrian,The First Harmful Event was Not a Collision with a Motor Vehicle in Transport,Dark - Lighted,Clear
New York,360728,3,ST. LAWRENCE (89),WINTHROP,October,Wednesday,U.S. Highway,Rural,44.77593611,-74.77799722,Motor Vehicle In-Transport,Angle,Daylight,Cloudy
New York,360730,3,OSWEGO (75),OSWEGO,November,Tuesday,State Highway,Urban,43.4547,-76.51773056,Pedestrian,The First Harmful Event was Not a Collision with a Motor Vehicle in Transport,Daylight,Cloudy
New York,360731,2,NASSAU (59),OLD WESTBURY,November,Tuesday,State Highway,Rural,40.76120833,-73.61225556,Pedestrian,The First Harmful Event was Not a Collision with a Motor Vehicle in Transport,Dark - Not Lighted,Clear
New York,360732,2,QUEENS (81),MIDDLE VILLAGE,November,Wednesday,Local Street - Municipality,Urban,40.71203333,-73.87916944,Pedestrian,The First Harmful Event was Not a Collision with a Motor Vehicle in Transport,Daylight,Clear
New York,360733,3,SUFFOLK (103),HUNTINGTON,October,Monday,County Road,Urban,40.88038056,-73.30444722,Pedalcyclist,The First Harmful Event was Not a Collision with a Motor Vehicle in Transport,Dark - Lighted,Clear
New York,360734,1,ST. LAWRENCE (89),CANTON,November,Wednesday,Local Street - Township,Rural,44.65297222,-75.18565833,Tree (Standing Only),The First Harmful Event was Not a Collision with a Motor Vehicle in Transport,Dark - Not Lighted,Cloudy
New York,360735,2,NEW YORK (61),NEW YORK,November,Thursday,Local Street - Municipality,Urban,40.75596389,-73.99072778,Pedestrian,The First Harmful Event was Not a Collision with a Motor Vehicle in Transport,Dark - Lighted,Clear
New York,360736,1,NEW YORK (61),NEW YORK,November,Saturday,Local Street - Municipality,Urban,40.80185556,-73.93135833,Pedalcyclist,The First Harmful Event was Not a Collision with a Motor Vehicle in Transport,Dark - Lighted,Clear
New York,360737,5,FRANKLIN (33),MALONE,November,Friday,State Highway,Rural,44.86950278,-74.33072222,Motor Vehicle In-Transport,Front-to-Front,Daylight,Cloudy
New York,360738,2,CAYUGA (11),WEEDSPORT,November,Sunday,State Highway,Rural,43.04692778,-76.56508889,Motor Vehicle In-Transport,Front-to-Rear,Daylight,Clear
New York,360739,1,SARATOGA (91),BALLSTON SPA,November,Sunday,Local Street - Township,Rural,42.99265833,-73.84176389,Railway Vehicle,The First Harmful Event was Not a Collision with a Motor Vehicle in Transport,Daylight,Clear
New York,360740,3,DUTCHESS (27),LAGRANGEVILLE,November,Monday,County Road,Urban,41.651625,-73.75459167,Motor Vehicle In-Transport,Angle,Dusk,Cloudy
New York,360741,2,BRONX (5),NEW YORK CITY,November,Saturday,Interstate,Urban,40.84526111,-73.91395556,Motor Vehicle In-Transport,Front-to-Rear,Dark - Lighted,Clear
New York,360742,2,TIOGA (107),OWEGO,November,Tuesday,Local Street - Township,Rural,42.086575,-76.25183333,Culvert,The First Harmful Event was Not a Collision with a Motor Vehicle in Transport,Daylight,Cloudy
New York,360743,1,SCHENECTADY (93),SCHENECTADY,November,Thursday,Local Street - Municipality,Urban,42.81106111,-73.93679167,Building,The First Harmful Event was Not a Collision with a Motor Vehicle in Transport,Dark - Lighted,Clear
New York,360744,1,NASSAU (59),HEMPSTEAD,November,Saturday,State Highway,Rural,40.69905833,-73.510975,Unknown Object Not Fixed,The First Harmful Event was Not a Collision with a Motor Vehicle in Transport,Dark - Lighted,Clear
New York,360745,1,MONROE (55),ROCHESTER,November,Saturday,Local Street - Municipality,Urban,43.16573333,-77.57166944,Pedestrian,The First Harmful Event was Not a Collision with a Motor Vehicle in Transport,Dark - Lighted,Clear
New York,360746,3,NEW YORK (61),NEW YORK,November,Saturday,State Highway,Urban,40.73603611,-73.97491111,Concrete Traffic Barrier,The First Harmful Event was Not a Collision with a Motor Vehicle in Transport,Dark - Lighted,Clear
New York,360747,1,ROCKLAND (87),RAMAPO,September,Wednesday,Local Street - Township,Urban,41.12571667,-74.04136944,Utility Pole/Light Support,The First Harmful Event was Not a Collision with a Motor Vehicle in Transport,Daylight,Clear
New York,360748,1,SUFFOLK (103),ISLIP,November,Saturday,State Highway,Urban,40.71641111,-73.16450556,Other Fixed Object,The First Harmful Event was Not a Collision with a Motor Vehicle in Transport,Daylight,Clear
New York,360749,1,BRONX (5),NEW YORK CITY,November,Saturday,Local Street - Municipality,Urban,40.82818333,-73.88309167,Pedestrian,The First Harmful Event was Not a Collision with a Motor Vehicle in Transport,Dark - Lighted,Clear
New York,360750,1,STEUBEN (101),REXVILLE,October,Thursday,State Highway,Rural,42.08796944,-77.71395833,Rollover/Overturn,The First Harmful Event was Not a Collision with a Motor Vehicle in Transport,Dark - Not Lighted,Rain
New York,360751,2,ORANGE (71),CAMPBELL HALL,November,Saturday,State Highway,Urban,41.44883889,-74.20725833,Tree (Standing Only),The First Harmful Event was Not a Collision with a Motor Vehicle in Transport,Daylight,Clear
New York,360752,1,DELAWARE (25),FRANKLIN,November,Monday,County Road,Rural,42.36008333,-75.11499444,Tree (Standing Only),The First Harmful Event was Not a Collision with a Motor Vehicle in Transport,Daylight,Cloudy
New York,360753,1,KINGS (47),NEW YORK CITY,November,Saturday,Local Street - Municipality,Urban,40.67904167,-73.91096389,Pedestrian,The First Harmful Event was Not a Collision with a Motor Vehicle in Transport,Dark - Lighted,Clear
New York,360754,2,MONROE (55),SPENCERPORT,November,Monday,County Road,Urban,43.1984,-77.77314444,Motor Vehicle In-Transport,Angle,Daylight,Clear
New York,360755,2,NASSAU (59),HEMPSTEAD,November,Tuesday,County Road,Urban,40.64090556,-73.71218056,Tree (Standing Only),The First Harmful Event was Not a Collision with a Motor Vehicle in Transport,Daylight,Cloudy
New York,360756,1,NASSAU (59),HEMPSTEAD,November,Thursday,State Highway,Urban,40.70830556,-73.71001667,Pedestrian,The First Harmful Event was Not a Collision with a Motor Vehicle in Transport,Daylight,Clear
New York,360757,1,SARATOGA (91),MECHANICVILLE,November,Saturday,U.S. Highway,Urban,42.89244167,-73.68985,Pedestrian,The First Harmful Event was Not a Collision with a Motor Vehicle in Transport,Dawn,Clear
New York,360758,5,BROOME (7),BINGHAMTON,November,Thursday,Local Street - Municipality,Urban,42.095625,-75.92369444,Motor Vehicle In-Transport,Angle,Daylight,Cloudy
New York,360759,1,MONROE (55),ROCHESTER,September,Sunday,Local Street - Municipality,Urban,43.15761667,-77.60456667,Pedestrian,The First Harmful Event was Not a Collision with a Motor Vehicle in Transport,Dark - Lighted,Clear
New York,360760,6,ONONDAGA (67),SYRACUSE,November,Sunday,Local Street - Municipality,Urban,43.07396944,-76.16426667,Other Object (not fixed),The First Harmful Event was Not a Collision with a Motor Vehicle in Transport,Dark - Lighted,Clear
New York,360761,2,QUEENS (81),MIDDLE VILLAGE,November,Friday,Local Street - Municipality,Urban,40.76313611,-73.81278333,Pedestrian,The First Harmful Event was Not a Collision with a Motor Vehicle in Transport,Daylight,Cloudy
New York,360762,3,WESTCHESTER (119),TARRYTOWN,November,Friday,Local Street - Township,Urban,41.00199167,-73.81484444,Pedestrian,The First Harmful Event was Not a Collision with a Motor Vehicle in Transport,Dark - Not Lighted,Cloudy
New York,360763,2,RICHMOND (85),NEW YORK CITY,November,Saturday,Local Street - Municipality,Urban,40.56001389,-74.11325,Tree (Standing Only),The First Harmful Event was Not a Collision with a Motor Vehicle in Transport,Dark - Lighted,Rain
New York,360764,1,CATTARAUGUS (9),GREAT VALLEY,November,Saturday,U.S. Highway,Rural,42.1881,-78.6775,Embankment,The First Harmful Event was Not a Collision with a Motor Vehicle in Transport,Daylight,Cloudy
New York,360765,2,NEW YORK (61),NEW YORK,November,Saturday,State Highway,Urban,40.7201,-73.97470278,Pedestrian,The First Harmful Event was Not a Collision with a Motor Vehicle in Transport,Dark - Lighted,Clear
New York,360766,1,QUEENS (81),MIDDLE VILLAGE,November,Monday,Local Street - Municipality,Urban,40.755375,-73.80465,Pedestrian,The First Harmful Event was Not a Collision with a Motor Vehicle in Transport,Dark - Lighted,Clear
New York,360767,1,ST. LAWRENCE (89),DE PEYSTER,November,Wednesday,Local Street - Township,Rural,44.57709722,-75.40285833,Tree (Standing Only),The First Harmful Event was Not a Collision with a Motor Vehicle in Transport,Dark - Not Lighted,Rain
New York,360768,2,NIAGARA (63),NIAGARA FALLS,November,Wednesday,Local Street - Municipality,Urban,43.10440833,-79.03354167,Motor Vehicle In-Transport,Angle,Dark - Lighted,Clear
New York,360769,2,MONROE (55),BRIGHTON,November,Wednesday,County Road,Urban,43.11123889,-77.56008333,Utility Pole/Light Support,The First Harmful Event was Not a Collision with a Motor Vehicle in Transport,Daylight,Cloudy
New York,360770,1,QUEENS (81),MIDDLE VILLAGE,November,Friday,Local Street - Municipality,Urban,40.74605833,-73.89897778,Pedestrian,The First Harmful Event was Not a Collision with a Motor Vehicle in Transport,Daylight,Clear
New York,360771,4,DUTCHESS (27),POUGHQUAG,November,Friday,State Highway,Urban,41.6129,-73.67648333,Motor Vehicle In-Transport,Front-to-Front,Daylight,Cloudy