State,Case Number,Persons,County,City,Month,Day,Route,Rural/Urban,Latitude,Longitude,First Harmful Event,Manner of Collision,Light Conditions,Weather
New York,360772,2,KINGS (47),NEW YORK CITY,November,Saturday,Local Street - Municipality,Urban,40.67548333,-73.89684167,Pedestrian,The First Harmful Event was Not a Collision with a Motor Vehicle in Transport,Dark - Lighted,Clear
New York,360773,1,ORANGE (71),NEWBURGH,November,Saturday,Local Street - Municipality,Urban,41.49923611,-74.02378056,Utility Pole/Light Support,The First Harmful Event was Not a Collision with a Motor Vehicle in Transport,Dark - Lighted,Clear
New York,360775,3,MONROE (55),GATES,December,Monday,State Highway,Urban,43.15755556,-77.72717222,Tree (Standing Only),The First Harmful Event was Not a Collision with a Motor Vehicle in Transport,Daylight,Cloudy
New York,360776,1,KINGS (47),NEW YORK CITY,December,Wednesday,Local Street - Municipality,Urban,40.69289722,-73.98820556,Pedestrian,The First Harmful Event was Not a Collision with a Motor Vehicle in Transport,Daylight,Clear
New York,360777,2,SUFFOLK (103),BABYLON,December,Wednesday,State Highway,Urban,40.688125,-73.41363056,Pedestrian,The First Harmful Event was Not a Collision with a Motor Vehicle in Transport,Dark - Lighted,Cloudy
New York,360778,1,KINGS (47),NEW YORK CITY,December,Monday,Local Street - Municipality,Urban,40.59385556,-73.98196944,Pedestrian,The First Harmful Event was Not a Collision with a Motor Vehicle in Transport,Dark - Lighted,Snow
New York,360779,1,NASSAU (59),VALLEY STREAM,December,Wednesday,County Road,Urban,40.66445833,-73.72360556,Parked Motor Vehicle,The First Harmful Event was Not a Collision with a Motor Vehicle in Transport,Dark - Lighted,Clear
New York,360780,1,ERIE (29),CHEEKTOWAGA,December,Thursday,County Road,Urban,42.94849722,-78.78753889,Tree (Standing Only),The First Harmful Event was Not a Collision with a Motor Vehicle in Transport,Daylight,Snow
New York,360781,4,CLINTON (19),PLATTSBURGH,December,Thursday,Local Street - Municipality,Urban,44.69753333,-73.49328611,Motor Vehicle In-Transport,Angle,Daylight,Clear
New York,360782,2,QUEENS (81),MIDDLE VILLAGE,December,Thursday,State Highway,Urban,40.74661944,-73.93500833,Motor Vehicle In-Transport,Front-to-Rear,Daylight,Clear
New York,360783,2,WYOMING (121),PORTAGEVILLE,December,Friday,State Highway,Rural,42.59113611,-78.06865,Motor Vehicle In-Transport,Angle,Dark - Not Lighted,Snow
New York,360784,2,SUFFOLK (103),RIVERHEAD,December,Monday,State Highway,Urban,40.91813611,-72.67258056,Pedestrian,The First Harmful Event was Not a Collision with a Motor Vehicle in Transport,Dark - Lighted,Rain
New York,360785,0,QUEENS (81),MIDDLE VILLAGE,December,Friday,Local Street - Municipality,Urban,40.68133333,-73.79319444,Pedestrian,The First Harmful Event was Not a Collision with a Motor Vehicle in Transport,Dark - Lighted,Clear
New York,360786,1,SUFFOLK (103),ISLIP,October,Saturday,County Road,Urban,40.80500278,-73.26622778,Building,The First Harmful Event was Not a Collision with a Motor Vehicle in Transport,Dark - Lighted,Clear
New York,360787,1,SUFFOLK (103),BROOKHAVEN,October,Tuesday,Local Street - Township,Urban,40.90471944,-73.05692778,Tree (Standing Only),The First Harmful Event was Not a Collision with a Motor Vehicle in Transport,Dark - Lighted,Clear
New York,360788,1,SUFFOLK (103),BROOKHAVEN,October,Sunday,County Road,Rural,40.93006667,-73.00456389,Tree (Standing Only),The First Harmful Event was Not a Collision with a Motor Vehicle in Transport,Daylight,Clear
New York,360789,1,SUFFOLK (103),BABYLON,September,Wednesday,State Highway,Urban,40.66764444,-73.40191944,Pedestrian,The First Harmful Event was Not a Collision with a Motor Vehicle in Transport,Dark - Lighted,Clear
New York,360790,1,SUFFOLK (103),BABYLON,October,Monday,Local Street - Township,Urban,40.75725,-73.32755278,Pedestrian,The First Harmful Event was Not a Collision with a Motor Vehicle in Transport,Daylight,Clear
New York,360791,1,NASSAU (59),HEMPSTEAD,October,Thursday,Local Street - Township,Urban,40.70953889,-73.61844722,Pedestrian,The First Harmful Event was Not a Collision with a Motor Vehicle in Transport,Dawn,Rain
New York,360792,1,ERIE (29),HAMBURG,December,Friday,County Road,Urban,42.79711111,-78.81986667,Pedestrian,The First Harmful Event was Not a Collision with a Motor Vehicle in Transport,Dark - Lighted,Cloudy
New York,360793,1,WESTCHESTER (119),YONKERS,November,Thursday,Local Street - Municipality,Urban,40.93551389,-73.88852222,Pedestrian,The First Harmful Event was Not a Collision with a Motor Vehicle in Transport,Dusk,Clear
New York,360794,2,NEW YORK (61),NEW YORK,December,Saturday,Local Street - Municipality,Urban,40.76978056,-73.98201389,Pedestrian,The First Harmful Event was Not a Collision with a Motor Vehicle in Transport,Daylight,Clear
New York,360795,2,ULSTER (111),ROSENDALE,November,Wednesday,State Highway,Urban,41.87985833,-74.048625,Motor Vehicle In-Transport,Front-to-Front,Dark - Not Lighted,Rain
New York,360796,4,KINGS (47),NEW YORK CITY,December,Sunday,Local Street - Municipality,Urban,40.63736944,-73.92402222,Motor Vehicle In-Transport,Angle,Dark - Lighted,Clear
New York,360797,1,PUTNAM (79),CARMEL,December,Monday,County Road,Urban,41.41201389,-73.65841389,Pedestrian,The First Harmful Event was Not a Collision with a Motor Vehicle in Transport,Dark - Not Lighted,Rain
New York,360798,1,NEW YORK (61),NEW YORK,December,Monday,Local Street - Municipality,Urban,40.79609444,-73.935325,Non-Motorist on Personal Conveyance,The First Harmful Event was Not a Collision with a Motor Vehicle in Transport,Daylight,Rain
New York,360799,1,COLUMBIA (21),GHENT,December,Monday,County Road,Rural,42.36242222,-73.63576944,Tree (Standing Only),The First Harmful Event was Not a Collision with a Motor Vehicle in Transport,Daylight,Rain
New York,360801,1,ERIE (29),BUFFALO,December,Saturday,Local Street - Municipality,Urban,42.95581944,-78.88964444,Pedestrian,The First Harmful Event was Not a Collision with a Motor Vehicle in Transport,Dark - Lighted,Cloudy
New York,360802,2,CLINTON (19),CHAMPLAIN,December,Monday,State Highway,Rural,44.97848889,-73.43833611,Motor Vehicle In-Transport,Front-to-Front,Dawn,Rain
New York,360803,1,QUEENS (81),MIDDLE VILLAGE,December,Monday,Local Street - Municipality,Urban,40.7099,-73.91113056,Pedestrian,The First Harmful Event was Not a Collision with a Motor Vehicle in Transport,Dark - Lighted,Rain
New York,360804,1,HAMILTON (41),LONG LAKE,October,Saturday,Local Street - Township,Rural,43.97059722,-74.35521667,Boulder,The First Harmful Event was Not a Collision with a Motor Vehicle in Transport,Daylight,Clear
New York,360805,1,CATTARAUGUS (9),ALLEGANY,December,Tuesday,County Road,Urban,42.09113056,-78.46425,Ditch,The First Harmful Event was Not a Collision with a Motor Vehicle in Transport,Daylight,Cloudy
New York,360806,1,ERIE (29),BUFFALO,December,Monday,U.S. Highway,Urban,42.85574722,-78.828225,Pedestrian,The First Harmful Event was Not a Collision with a Motor Vehicle in Transport,Dark - Lighted,Clear
New York,360807,4,ALBANY (1),ALBANY,December,Wednesday,U.S. Highway,Urban,42.664375,-73.785175,Motor Vehicle In-Transport,Front-to-Front,Dark - Lighted,Clear
New York,360808,1,QUEENS (81),MIDDLE VILLAGE,December,Wednesday,Local Street - Municipality,Urban,40.70411944,-73.907575,Pedestrian,The First Harmful Event was Not a Collision with a Motor Vehicle in Transport,Daylight,Clear
New York,360809,3,DUTCHESS (27),WAPPINGERS FALLS,December,Thursday,State Highway,Urban,41.57750833,-73.93190833,Motor Vehicle In-Transport,Front-to-Front,Daylight,Clear
New York,360810,4,QUEENS (81),MIDDLE VILLAGE,December,Wednesday,Local Street - Municipality,Urban,40.75120278,-73.90205278,Pedestrian,The First Harmful Event was Not a Collision with a Motor Vehicle in Transport,Dark - Lighted,Clear
New York,360811,1,KINGS (47),NEW YORK CITY,December,Friday,Local Street - Municipality,Urban,40.58741111,-73.93845556,Pedestrian,The First Harmful Event was Not a Collision with a Motor Vehicle in Transport,Dark - Lighted,Rain
New York,360812,1,ST. LAWRENCE (89),PARISHVILLE,December,Friday,Local Street - Township,Rural,44.634425,-74.85818889,Tree (Standing Only),The First Harmful Event was Not a Collision with a Motor Vehicle in Transport,Dark - Not Lighted,Rain
New York,360813,2,NASSAU (59),MASSAPEQUA PARK,December,Friday,State Highway,Urban,40.67748611,-73.45311944,Pedestrian,The First Harmful Event was Not a Collision with a Motor Vehicle in Transport,Dark - Lighted,Rain
New York,360814,1,NASSAU (59),HEMPSTEAD,December,Friday,State Highway,Rural,40.68317222,-73.67623611,Tree (Standing Only),The First Harmful Event was Not a Collision with a Motor Vehicle in Transport,Dark - Lighted,Clear
New York,360815,3,MONROE (55),ROCHESTER,December,Tuesday,State Highway,Urban,43.13093611,-77.65722222,Motor Vehicle In-Transport,Front-to-Front,Dark - Lighted,Clear
New York,360817,4,WARREN (113),LAKE GEORGE,September,Monday,State Highway,Urban,43.38883333,-73.70410833,Motor Vehicle In-Transport,Angle,Daylight,Clear
New York,360818,1,ERIE (29),FERRY VILLAGE,May,Tuesday,Local Street - Township,Rural,43.00739167,-78.93342222,Mail Box,The First Harmful Event was Not a Collision with a Motor Vehicle in Transport,Dark - Not Lighted,Clear
New York,360819,10,WESTCHESTER (119),TARRYTOWN,October,Friday,Interstate,Urban,41.06049167,-73.82804444,Concrete Traffic Barrier,The First Harmful Event was Not a Collision with a Motor Vehicle in Transport,Daylight,Clear
New York,360820,4,MONROE (55),PENFIELD,December,Thursday,State Highway,Urban,43.19338333,-77.50205278,Motor Vehicle In-Transport,Angle,Dark - Lighted,Clear
New York,360822,2,ERIE (29),SPRINGVILLE,December,Saturday,State Highway,Rural,42.56437778,-78.63719444,Motor Vehicle In-Transport,Angle,Daylight,Snow
New York,360823,2,ONEIDA (65),UTICA,November,Wednesday,Interstate,Urban,43.11653889,-75.21538611,Motor Vehicle In-Transport,Front-to-Front,Daylight,Clear
New York,360824,1,NEW YORK (61),NEW YORK,December,Wednesday,Local Street - Municipality,Urban,40.78976389,-73.95800278,Pedalcyclist,The First Harmful Event was Not a Collision with a Motor Vehicle in Transport,Daylight,Clear
New York,360825,1,KINGS (47),NEW YORK CITY,December,Wednesday,Local Street - Municipality,Urban,40.63993333,-74.00480278,Pedestrian,The First Harmful Event was Not a Collision with a Motor Vehicle in Transport,Daylight,Clear
New York,360827,2,SUFFOLK (103),BROOKHAVEN,October,Monday,State Highway,Urban,40.94381944,-72.85556667,Motor Vehicle In-Transport,Angle,Daylight,Clear
New York,360828,3,SUFFOLK (103),ISLIP,October,Thursday,State Highway,Urban,40.73114167,-73.19083889,Motor Vehicle In-Transport,Front-to-Front,Daylight,Clear
New York,360829,2,SUFFOLK (103),BROOKHAVEN,November,Saturday,County Road,Urban,40.83594444,-73.04824167,Pedestrian,The First Harmful Event was Not a Collision with a Motor Vehicle in Transport,Dark - Lighted,Cloudy
New York,360830,1,SUFFOLK (103),BABYLON,November,Tuesday,Local Street - Township,Urban,40.68004444,-73.39879444,Pedestrian,The First Harmful Event was Not a Collision with a Motor Vehicle in Transport,Dark - Lighted,Cloudy
New York,360831,2,SUFFOLK (103),BABYLON,November,Tuesday,Local Street - Township,Urban,40.70174722,-73.31901389,Parked Motor Vehicle,The First Harmful Event was Not a Collision with a Motor Vehicle in Transport,Daylight,Cloudy
New York,360832,1,SUFFOLK (103),ISLIP,November,Wednesday,State Highway,Rural,40.76618611,-73.07671944,Pedestrian,The First Harmful Event was Not a Collision with a Motor Vehicle in Transport,Dark - Not Lighted,Clear
New York,360833,4,SUFFOLK (103),BROOKHAVEN,November,Thursday,Local Street - Township,Urban,40.86642778,-73.03608333,Motor Vehicle In-Transport,Front-to-Front,Daylight,Clear
New York,360834,2,ONONDAGA (67),BALDWINSVILLE,November,Monday,Local Street - Municipality,Urban,43.16143889,-76.31254444,Pedestrian,The First Harmful Event was Not a Collision with a Motor Vehicle in Transport,Daylight,Cloudy
New York,360835,2,QUEENS (81),MIDDLE VILLAGE,December,Wednesday,Local Street - Municipality,Urban,40.75645556,-73.82927222,Pedestrian,The First Harmful Event was Not a Collision with a Motor Vehicle in Transport,Daylight,Clear
New York,360836,3,ESSEX (31),LAKE PLACID,December,Wednesday,State Highway,Rural,44.27909444,-73.97510556,Motor Vehicle In-Transport,Angle,Daylight,Snow
New York,360837,1,KINGS (47),NEW YORK CITY,December,Thursday,Local Street - Municipality,Urban,40.654425,-74.00784167,Pedestrian,The First Harmful Event was Not a Collision with a Motor Vehicle in Transport,Daylight,Clear
New York,360838,3,ULSTER (111),KINGSTON,December,Thursday,U.S. Highway,Urban,41.97995833,-73.98921111,Motor Vehicle In-Transport,Front-to-Front,Daylight,Clear
New York,360839,1,NEW YORK (61),NEW YORK,December,Thursday,Local Street - Municipality,Urban,40.71990556,-74.00143889,Pedestrian,The First Harmful Event was Not a Collision with a Motor Vehicle in Transport,Daylight,Clear
New York,360840,3,KINGS (47),NEW YORK CITY,December,Friday,Local Street - Municipality,Urban,40.67263056,-73.99008889,Pedestrian,The First Harmful Event was Not a Collision with a Motor Vehicle in Transport,Dawn,Clear
New York,360841,1,NEW YORK (61),NEW YORK,December,Friday,Local Street - Municipality,Urban,40.76408611,-73.99228333,Pedestrian,The First Harmful Event was Not a Collision with a Motor Vehicle in Transport,Dark - Lighted,Clear
New York,360842,1,NIAGARA (63),NIAGARA FALLS,December,Friday,Local Street - Municipality,Urban,43.11845833,-79.00952222,Pedestrian,The First Harmful Event was Not a Collision with a Motor Vehicle in Transport,Dark - Lighted,Cloudy
New York,360843,1,LIVINGSTON (51),CALEDONIA,December,Friday,U.S. Highway,Rural,42.91509444,-77.85835556,Tree (Standing Only),The First Harmful Event was Not a Collision with a Motor Vehicle in Transport,Daylight,Cloudy
New York,360844,3,SUFFOLK (103),BABYLON,November,Tuesday,County Road,Urban,40.67059444,-73.39389167,Parked Motor Vehicle,The First Harmful Event was Not a Collision with a Motor Vehicle in Transport,Dark - Lighted,Clear
New York,360845,2,SUFFOLK (103),HUNTINGTON,December,Friday,State Highway,Urban,40.8284,-73.41143333,Pedalcyclist,The First Harmful Event was Not a Collision with a Motor Vehicle in Transport,Dark - Lighted,Clear
New York,360846,6,SUFFOLK (103),PATCHOGUE,December,Saturday,Local Street - Township,Urban,40.78814722,-73.01651944,Motor Vehicle In-Transport,Angle,Dark - Lighted,Clear
New York,360847,2,NIAGARA (63),NIAGARA FALLS,December,Monday,U.S. Highway,Urban,43.090075,-78.99385278,Motor Vehicle In-Transport,Front-to-Front,Dark - Lighted,Cloudy
New York,360848,6,ONEIDA (65),CLINTON,December,Sunday,State Highway,Rural,43.02663611,-75.41615556,Motor Vehicle In-Transport,Front-to-Front,Dark - Not Lighted,Clear
New York,360849,1,ROCKLAND (87),STONY POINT,December,Tuesday,U.S. Highway,Urban,41.21822222,-73.98643056,Pedestrian,The First Harmful Event was Not a Collision with a Motor Vehicle in Transport,Dark - Lighted,Clear
New York,360850,2,SUFFOLK (103),ROCKY POINT,December,Monday,Local Street - Township,Urban,40.94755556,-72.90879722,Tree (Standing Only),The First Harmful Event was Not a Collision with a Motor Vehicle in Transport,Dark - Lighted,Clear
New York,360851,1,QUEENS (81),MIDDLE VILLAGE,December,Wednesday,Local Street - Municipality,Urban,40.67706667,-73.82485,Pedestrian,The First Harmful Event was Not a Collision with a Motor Vehicle in Transport,Dark - Lighted,Cloudy
New York,360852,3,CHENANGO (17),GUILFORD,December,Wednesday,State Highway,Rural,42.34083056,-75.40291111,Motor Vehicle In-Transport,Angle,Dark - Not Lighted,Clear
New York,360853,3,NEW YORK (61),NEW YORK,December,Thursday,Local Street - Municipality,Urban,40.80307778,-73.95231111,Pedestrian,The First Harmful Event was Not a Collision with a Motor Vehicle in Transport,Dark - Lighted,Clear
New York,360854,2,WASHINGTON (115),ARGYLE,August,Monday,State Highway,Rural,43.22913889,-73.48854444,Motor Vehicle In-Transport,Front-to-Front,Daylight,Clear
New York,360855,1,NASSAU (59),OYSTER BAY,December,Friday,County Road,Urban,40.66823056,-73.43701389,Pedestrian,The First Harmful Event was Not a Collision with a Motor Vehicle in Transport,Dark - Lighted,Clear
New York,360856,1,CHAUTAUQUA (13),JAMESTOWN,December,Thursday,State Highway,Urban,42.08613611,-79.24987222,Pedestrian,The First Harmful Event was Not a Collision with a Motor Vehicle in Transport,Daylight,Cloudy
New York,360857,1,JEFFERSON (45),WATERTOWN,December,Friday,Local Street - Municipality,Urban,43.97400278,-75.91088611,Pedestrian,The First Harmful Event was Not a Collision with a Motor Vehicle in Transport,Daylight,Cloudy
New York,360858,1,ORANGE (71),CIRCLEVILLE,December,Saturday,Local Street - Township,Urban,41.47837222,-74.36301944,Boulder,The First Harmful Event was Not a Collision with a Motor Vehicle in Transport,Daylight,Cloudy
New York,360860,1,SUFFOLK (103),ISLIP,December,Saturday,Local Street - Township,Urban,40.79855,-73.24777222,Pedestrian,The First Harmful Event was Not a Collision with a Motor Vehicle in Transport,Dark - Lighted,Clear
New York,360861,1,MONROE (55),CHURCHVILLE,December,Saturday,County Road,Urban,43.07567222,-77.79607778,Utility Pole/Light Support,The First Harmful Event was Not a Collision with a Motor Vehicle in Transport,Daylight,Clear
New York,360862,1,WESTCHESTER (119),PEEKSKILL,December,Sunday,Local Street - Municipality,Urban,41.28303611,-73.92578889,Pedestrian,The First Harmful Event was Not a Collision with a Motor Vehicle in Transport,Daylight,Cloudy
New York,360864,1,RENSSELAER (83),BERLIN,December,Monday,State Highway,Rural,42.71181389,-73.37748611,Pedestrian,The First Harmful Event was Not a Collision with a Motor Vehicle in Transport,Daylight,Rain
New York,360865,1,ERIE (29),ORCHARD PARK,December,Monday,U.S. Highway,Urban,42.77905556,-78.78722222,Pedestrian,The First Harmful Event was Not a Collision with a Motor Vehicle in Transport,Dark - Lighted,Cloudy
New York,360866,1,CHAUTAUQUA (13),FREDONIA,October,Friday,State Highway,Rural,42.40196389,-79.30408889,Tree (Standing Only),The First Harmful Event was Not a Collision with a Motor Vehicle in Transport,Daylight,Clear
New York,360867,2,NASSAU (59),HEMPSTEAD,December,Tuesday,Local Street - Township,Urban,40.64501111,-73.70130278,Motor Vehicle In-Transport,Front-to-Front,Daylight,Cloudy
New York,360868,1,NASSAU (59),HEMPSTEAD,December,Tuesday,Local Street - Township,Urban,40.63281944,-73.723925,Pedestrian,The First Harmful Event was Not a Collision with a Motor Vehicle in Transport,Dawn,Cloudy
New York,360869,1,OTSEGO (77),ONEONTA,December,Monday,State Highway,Urban,42.45626667,-75.05705556,Pedestrian,The First Harmful Event was Not a Collision with a Motor Vehicle in Transport,Dark - Lighted,Cloudy
New York,360870,3,CHAUTAUQUA (13),BUSTI,December,Tuesday,Local Street - Township,Rural,42.03979722,-79.34407778,Motor Vehicle In-Transport,Angle,Daylight,Snow
New York,360871,1,NEW YORK (61),NEW YORK,December,Tuesday,Local Street - Municipality,Urban,40.80633889,-73.94201667,Pedestrian,The First Harmful Event was Not a Collision with a Motor Vehicle in Transport,Dark - Lighted,Clear
New York,360873,1,ALBANY (1),DELMAR,August,Saturday,State Highway,Urban,42.58934722,-73.85124444,Rollover/Overturn,The First Harmful Event was Not a Collision with a Motor Vehicle in Transport,Daylight,Cloudy
New York,360874,1,NASSAU (59),NEW HYDE PARK,September,Saturday,State Highway,Urban,40.77124167,-73.56799722,Guardrail Face,The First Harmful Event was Not a Collision with a Motor Vehicle in Transport,Dark - Lighted,Clear
New York,360875,2,ERIE (29),BUFFALO,August,Thursday,State Highway,Urban,42.87201111,-78.81709722,Motor Vehicle In-Transport,Angle,Daylight,Clear
New York,360876,2,ERIE (29),ELMA,August,Saturday,State Highway,Urban,42.85990833,-78.69016667,Motor Vehicle In-Transport,Angle,Daylight,Clear
New York,360877,1,QUEENS (81),MIDDLE VILLAGE,November,Saturday,Local Street - Municipality,Urban,40.74488889,-73.71119167,Pedestrian,The First Harmful Event was Not a Collision with a Motor Vehicle in Transport,Dark - Lighted,Clear
New York,360878,1,MONROE (55),ROCHESTER,September,Sunday,Local Street - Municipality,Urban,43.1839,-77.58469167,Pedestrian,The First Harmful Event was Not a Collision with a Motor Vehicle in Transport,Dark - Lighted,Rain
New York,360879,3,MONROE (55),GREECE,September,Tuesday,Local Street - Township,Urban,43.21828056,-77.65895278,Motor Vehicle In-Transport,Angle,Daylight,Cloudy
New York,360880,2,SULLIVAN (105),ELDRED,September,Friday,State Highway,Rural,99.9999,999.9999,Rollover/Overturn,The First Harmful Event was Not a Collision with a Motor Vehicle in Transport,Dusk,Clear
New York,360881,4,ORANGE (71),CUDDEBACKVILLE,July,Saturday,U.S. Highway,Rural,41.41007778,-74.63588611,Motor Vehicle In-Transport,Front-to-Front,Daylight,Clear
New York,360882,5,WASHINGTON (115),ARGYLE,December,Tuesday,State Highway,Rural,43.24016389,-73.48446944,Culvert,The First Harmful Event was Not a Collision with a Motor Vehicle in Transport,Daylight,Snow
New York,360883,2,MONROE (55),ROCHESTER,October,Thursday,Local Street - Municipality,Urban,43.26541389,-77.62016667,Motor Vehicle In-Transport,Front-to-Front,Daylight,Rain
New York,360884,2,ULSTER (111),PLATTEKILL,August,Friday,Local Street - Township,Rural,41.70023333,-74.0458,Wall,The First Harmful Event was Not a Collision with a Motor Vehicle in Transport,Daylight,Cloudy
New York,360885,4,ALBANY (1),COLONIE,December,Wednesday,State Highway,Urban,42.757225,-73.87798889,Utility Pole/Light Support,The First Harmful Event was Not a Collision with a Motor Vehicle in Transport,Dawn,Clear
New York,360886,2,SUFFOLK (103),SOUTHAMPTON,December,Tuesday,State Highway,Rural,40.87429444,-72.60166389,Motor Vehicle In-Transport,Front-to-Front,Dark - Not Lighted,Rain
New York,360887,1,KINGS (47),NEW YORK CITY,December,Saturday,Local Street - Municipality,Urban,40.576375,-73.96878889,Pedestrian,The First Harmful Event was Not a Collision with a Motor Vehicle in Transport,Dark - Lighted,Clear
New York,360888,2,WESTCHESTER (119),BEDFORD,December,Monday,State Highway,Rural,41.19836667,-73.69761389,Motor Vehicle In-Transport,Front-to-Front,Dark - Not Lighted,Cloudy
New York,360889,1,NASSAU (59),HEMPSTEAD,November,Wednesday,Local Street - Township,Urban,40.68320556,-73.61531389,Shrubbery,The First Harmful Event was Not a Collision with a Motor Vehicle in Transport,Dark - Lighted,Clear
New York,360890,2,ALLEGANY (3),FRIENDSHIP,December,Wednesday,Interstate,Rural,42.23555,-78.086275,Motor Vehicle In-Transport,Angle,Daylight,Snow
New York,360891,2,NASSAU (59),OYSTER BAY,December,Friday,State Highway,Urban,40.71954722,-73.48431111,Motor Vehicle In-Transport,Front-to-Front,Daylight,Clear
New York,360892,4,DUTCHESS (27),HOPEWELL JUNCTION,July,Tuesday,State Highway,Rural,41.51521111,-73.68800556,Pedestrian,The First Harmful Event was Not a Collision with a Motor Vehicle in Transport,Dark - Not Lighted,Clear
New York,360893,1,FULTON (35),NORTHVILLE,November,Sunday,State Highway,Rural,43.19090556,-74.19740833,Pedestrian,The First Harmful Event was Not a Collision with a Motor Vehicle in Transport,Dark - Not Lighted,Clear
New York,360894,1,SUFFOLK (103),GREENPORT,October,Saturday,State Highway,Urban,41.10254167,-72.35913611,Pedestrian,The First Harmful Event was Not a Collision with a Motor Vehicle in Transport,Daylight,Clear
New York,360895,2,WARREN (113),QUEENSBURY,December,Monday,County Road,Urban,43.29645278,-73.68929167,Pedestrian,The First Harmful Event was Not a Collision with a Motor Vehicle in Transport,Dark - Not Lighted,Clear
New York,360896,1,ERIE (29),BUFFALO,September,Monday,Local Street - Municipality,Urban,42.90000833,-78.82995,Pedestrian,The First Harmful Event was Not a Collision with a Motor Vehicle in Transport,Dark - Lighted,Clear
New York,360897,5,NASSAU (59),GLEN COVE,September,Sunday,County Road,Urban,40.87318889,-73.62175,Motor Vehicle In-Transport,Angle,Dark - Lighted,Clear
New York,360898,4,ROCKLAND (87),NYACK,October,Sunday,State Highway,Urban,41.06889722,-74.02516667,Motor Vehicle In-Transport,Sideswipe - Same Direction,Daylight,Clear
New York,360899,1,SCHOHARIE (95),MIDDLEBURG,December,Tuesday,Local Street - Township,Urban,42.59846389,-74.33512778,Pedestrian,The First Harmful Event was Not a Collision with a Motor Vehicle in Transport,Daylight,Clear
North Carolina,370007,1,CABARRUS (25),MIDLAND,January,Wednesday,Local Street - Municipality,Urban,35.23192222,-80.50625,Tree (Standing Only),The First Harmful Event was Not a Collision with a Motor Vehicle in Transport,Dark - Not Lighted,Clear
North Carolina,370015,1,CUMBERLAND (51),FAYETTEVILLE,January,Tuesday,Local Street - Municipality,Urban,35.10308889,-78.98688611,Tree (Standing Only),The First Harmful Event was Not a Collision with a Motor Vehicle in Transport,Daylight,Clear
North Carolina,370018,1,CUMBERLAND (51),FAYETTEVILLE,January,Friday,Local Street - Municipality,Urban,35.05104444,-78.86460833,Pedestrian,The First Harmful Event was Not a Collision with a Motor Vehicle in Transport,Daylight,Clear
North Carolina,370019,2,CUMBERLAND (51),SPRING LAKE,January,Friday,State Highway,Urban,35.16534444,-78.97213611,Pedestrian,The First Harmful Event was Not a Collision with a Motor Vehicle in Transport,Dark - Not Lighted,Clear
North Carolina,370020,1,DAVIDSON (57),THOMASVILLE,January,Thursday,U.S. Highway,Urban,35.9091,-80.06440278,Motor Vehicle In-Transport,Front-to-Rear,Dark - Lighted,Rain
North Carolina,370021,1,DUPLIN (61),BEULAVILLE,January,Saturday,State Highway,Urban,34.91597778,-77.77568889,Fire/Explosion,The First Harmful Event was Not a Collision with a Motor Vehicle in Transport,Dawn,Clear
North Carolina,370022,1,DURHAM (63),DURHAM,January,Thursday,State Highway,Urban,36.01496111,-78.94095833,Parked Motor Vehicle,The First Harmful Event was Not a Collision with a Motor Vehicle in Transport,Daylight,Cloudy
North Carolina,370025,2,GUILFORD (81),GREENSBORO,January,Wednesday,Local Street - Municipality,Urban,36.11312222,-79.77543889,Motor Vehicle In-Transport,Angle,Daylight,Cloudy
North Carolina,370026,3,GUILFORD (81),HIGH POINT,January,Tuesday,Local Street - Municipality,Urban,35.96358333,-79.98508056,Motor Vehicle In-Transport,Angle,Daylight,Clear
North Carolina,370029,2,GUILFORD (81),GREENSBORO,January,Friday,Local Street - Municipality,Urban,36.08173889,-79.83763333,Tree (Standing Only),The First Harmful Event was Not a Collision with a Motor Vehicle in Transport,Daylight,Clear
North Carolina,370030,1,GUILFORD (81),GREENSBORO,January,Saturday,Local Street - Municipality,Urban,36.08598056,-79.78798056,Pedestrian,The First Harmful Event was Not a Collision with a Motor Vehicle in Transport,Dark - Lighted,Rain
North Carolina,370049,1,MECKLENBURG (119),CHARLOTTE,January,Tuesday,U.S. Highway,Urban,35.327175,-80.72791667,Pedestrian,The First Harmful Event was Not a Collision with a Motor Vehicle in Transport,Dark - Lighted,Rain
North Carolina,370050,5,MECKLENBURG (119),CHARLOTTE,January,Saturday,State Highway,Urban,35.11931944,-80.95346111,Pedestrian,The First Harmful Event was Not a Collision with a Motor Vehicle in Transport,Dark - Lighted,Clear