State,Case Number,Persons,County,City,Month,Day,Route,Rural/Urban,Latitude,Longitude,First Harmful Event,Manner of Collision,Light Conditions,Weather
North Carolina,370577,2,GUILFORD (81),GREENSBORO,June,Monday,Local Street - Municipality,Urban,36.07827778,-79.79572222,Motor Vehicle In-Transport,Angle,Daylight,Clear
North Carolina,370580,4,GUILFORD (81),WHITSETT,June,Sunday,State Highway,Rural,36.04463889,-79.57516389,Ditch,The First Harmful Event was Not a Collision with a Motor Vehicle in Transport,Daylight,Cloudy
North Carolina,370589,1,HAYWOOD (87),CANTON,June,Wednesday,State Highway,Urban,35.52864167,-82.84212222,Curb,The First Harmful Event was Not a Collision with a Motor Vehicle in Transport,Daylight,Rain
North Carolina,370598,1,LENOIR (107),KINSTON,June,Monday,State Highway,Urban,35.27886667,-77.56137222,Pedestrian,The First Harmful Event was Not a Collision with a Motor Vehicle in Transport,Daylight,Clear
North Carolina,370603,2,MECKLENBURG (119),CHARLOTTE,June,Sunday,State Highway,Urban,35.2035,-80.92729167,Motor Vehicle In-Transport,Angle,Dark - Lighted,Clear
North Carolina,370605,2,MECKLENBURG (119),CHARLOTTE,June,Wednesday,Interstate,Urban,35.27717222,-80.96608333,Motor Vehicle In-Transport,Front-to-Front,Dark - Not Lighted,Clear
North Carolina,370606,1,MECKLENBURG (119),CHARLOTTE,June,Friday,Interstate,Urban,35.36210556,-80.84075556,Pedestrian,The First Harmful Event was Not a Collision with a Motor Vehicle in Transport,Daylight,Clear
North Carolina,370609,2,MECKLENBURG (119),CHARLOTTE,June,Thursday,Interstate,Urban,35.248525,-80.96691667,Motor Vehicle In-Transport,Front-to-Rear,Daylight,Cloudy
North Carolina,370611,1,MECKLENBURG (119),MATTHEWS,June,Friday,Local Street - Municipality,Urban,35.11951389,-80.71899444,Pedestrian,The First Harmful Event was Not a Collision with a Motor Vehicle in Transport,Daylight,Clear
North Carolina,370618,1,NEW HANOVER (129),WILMINGTON,June,Thursday,U.S. Highway,Urban,34.23854722,-77.914775,Rollover/Overturn,The First Harmful Event was Not a Collision with a Motor Vehicle in Transport,Dark - Lighted,Clear
North Carolina,370620,1,ORANGE (135),CHAPEL HILL,June,Friday,Local Street - Municipality,Urban,35.96156389,-79.05419444,Pedestrian,The First Harmful Event was Not a Collision with a Motor Vehicle in Transport,Daylight,Clear
North Carolina,370648,4,UNION (179),WEDDINGTON,June,Tuesday,State Highway,Rural,35.02343889,-80.76249722,Motor Vehicle In-Transport,Front-to-Rear,Daylight,Clear
North Carolina,370655,2,WAKE (183),RALEIGH,June,Monday,Interstate,Urban,35.7561,-78.6003,Motor Vehicle In-Transport,Front-to-Front,Daylight,Clear
North Carolina,370660,2,WILKES (193),WILKESBORO,June,Friday,U.S. Highway,Urban,36.13857222,-81.17017778,Rollover/Overturn,The First Harmful Event was Not a Collision with a Motor Vehicle in Transport,Daylight,Clear
North Carolina,370666,1,BERTIE (15),AULANDER,July,Monday,State Highway,Rural,36.22049444,-77.10885833,Ditch,The First Harmful Event was Not a Collision with a Motor Vehicle in Transport,Daylight,Clear
North Carolina,370675,2,CABARRUS (25),CONCORD,July,Sunday,Interstate,Urban,35.43619722,-80.65456944,Guardrail Face,The First Harmful Event was Not a Collision with a Motor Vehicle in Transport,Dark - Lighted,Clear
North Carolina,370676,17,CABARRUS (25),CONCORD,July,Sunday,Interstate,Rural,35.47563056,-80.58058056,Motor Vehicle In-Transport,Front-to-Rear,Daylight,Clear
North Carolina,370691,4,CUMBERLAND (51),FAYETTEVILLE,July,Friday,Interstate,Rural,35.00720278,-78.82035,Motor Vehicle In-Transport,Front-to-Rear,Dark - Lighted,Clear
North Carolina,370705,3,DURHAM (63),DURHAM,July,Monday,Local Street - Municipality,Urban,35.90138889,-78.95680833,Motor Vehicle In-Transport,Angle,Daylight,Clear
North Carolina,370706,2,DURHAM (63),DURHAM,July,Sunday,State Highway,Urban,36.03066389,-78.92795556,Motor Vehicle In-Transport,Angle,Daylight,Clear
North Carolina,370707,1,DURHAM (63),DURHAM,July,Saturday,Local Street - Municipality,Urban,35.91561111,-78.90055556,Ditch,The First Harmful Event was Not a Collision with a Motor Vehicle in Transport,Daylight,Clear
North Carolina,370708,1,EDGECOMBE (65),TARBORO,July,Wednesday,State Highway,Urban,35.98885278,-77.57959722,Rollover/Overturn,The First Harmful Event was Not a Collision with a Motor Vehicle in Transport,Dark - Lighted,Clear
North Carolina,370711,1,GASTON (71),GASTONIA,July,Thursday,U.S. Highway,Urban,35.261825,-81.14936389,Traffic Sign Support,The First Harmful Event was Not a Collision with a Motor Vehicle in Transport,Dark - Lighted,Clear
North Carolina,370712,1,GASTON (71),GASTONIA,July,Sunday,Local Street - Municipality,Urban,35.26735833,-81.19460278,Pedestrian,The First Harmful Event was Not a Collision with a Motor Vehicle in Transport,Daylight,Clear
North Carolina,370714,1,DAVIE (59),MOCKSVILLE,April,Sunday,U.S. Highway,Urban,35.89436389,-80.56174722,Pedestrian,The First Harmful Event was Not a Collision with a Motor Vehicle in Transport,Dark - Lighted,Clear
North Carolina,370715,1,UNION (179),MONROE,June,Saturday,U.S. Highway,Urban,34.977575,-80.49803056,Pedestrian,The First Harmful Event was Not a Collision with a Motor Vehicle in Transport,Dark - Lighted,Cloudy
North Carolina,370716,1,DAVIDSON (57),LEXINGTON,July,Wednesday,State Highway,Urban,35.84388611,-80.25399167,Pedestrian,The First Harmful Event was Not a Collision with a Motor Vehicle in Transport,Dark - Lighted,Cloudy
North Carolina,370717,3,GUILFORD (81),GREENSBORO,July,Friday,Local Street - Municipality,Urban,36.10259167,-79.88943056,Motor Vehicle In-Transport,Front-to-Rear,Dark - Not Lighted,Clear
North Carolina,370718,1,GUILFORD (81),GUILFORD,July,Sunday,Local Street - Municipality,Urban,36.11300278,-79.75356389,Pedestrian,The First Harmful Event was Not a Collision with a Motor Vehicle in Transport,Dark - Lighted,Clear
North Carolina,370721,1,GUILFORD (81),HIGH POINT,July,Friday,Interstate,Rural,36.00910556,-80.01797778,Guardrail Face,The First Harmful Event was Not a Collision with a Motor Vehicle in Transport,Dark - Not Lighted,Cloudy
North Carolina,370722,2,GUILFORD (81),GREENSBORO,July,Friday,Local Street - Municipality,Urban,36.13213056,-79.874975,Motor Vehicle In-Transport,Front-to-Front,Daylight,Cloudy
North Carolina,370735,2,JOHNSTON (101),CLAYTON,July,Sunday,U.S. Highway,Urban,35.66522778,-78.49664722,Motor Vehicle In-Transport,Angle,Daylight,Clear
North Carolina,370738,5,MECKLENBURG (119),CHARLOTTE,July,Wednesday,Local Street - Municipality,Urban,35.28344444,-80.89545556,Motor Vehicle In-Transport,Front-to-Front,Daylight,Clear
North Carolina,370739,3,MECKLENBURG (119),CHARLOTTE,July,Thursday,U.S. Highway,Urban,35.22436389,-80.89611111,Pedestrian,The First Harmful Event was Not a Collision with a Motor Vehicle in Transport,Daylight,Clear
North Carolina,370740,4,MECKLENBURG (119),CHARLOTTE,July,Sunday,State Highway,Urban,35.24765833,-80.8541,Cable Barrier,The First Harmful Event was Not a Collision with a Motor Vehicle in Transport,Dark - Lighted,Clear
North Carolina,370741,2,MECKLENBURG (119),CHARLOTTE,July,Tuesday,Local Street - Municipality,Urban,35.21419722,-80.8789,Curb,The First Harmful Event was Not a Collision with a Motor Vehicle in Transport,Dark - Lighted,Clear
North Carolina,370742,3,MECKLENBURG (119),HUNTERSVILLE,July,Wednesday,Interstate,Rural,35.40752222,-80.85777222,Motor Vehicle In-Transport,Front-to-Rear,Daylight,Clear
North Carolina,370743,6,MECKLENBURG (119),CHARLOTTE,July,Tuesday,Interstate,Urban,35.16157778,-80.89053333,Motor Vehicle In-Transport,Front-to-Rear,Daylight,Cloudy
North Carolina,370749,1,NEW HANOVER (129),WILMINGTON,July,Saturday,Local Street - Municipality,Urban,34.19328889,-77.93488889,Pedestrian,The First Harmful Event was Not a Collision with a Motor Vehicle in Transport,Dark - Lighted,Clear
North Carolina,370752,2,NORTHAMPTON (131),CONWAY,July,Sunday,U.S. Highway,Rural,36.43574444,-77.13623056,Motor Vehicle In-Transport,Angle,Daylight,Clear
North Carolina,370765,3,STANLY (167),ALBEMARLE,July,Friday,U.S. Highway,Urban,35.38529444,-80.19304167,Motor Vehicle In-Transport,Angle,Daylight,Cloudy
North Carolina,370774,1,WILSON (195),WILSON,July,Tuesday,State Highway,Urban,35.79088056,-77.95015,Shrubbery,The First Harmful Event was Not a Collision with a Motor Vehicle in Transport,Daylight,Clear
North Carolina,370791,1,CATAWBA (35),HICKORY,August,Friday,U.S. Highway,Urban,35.70940278,-81.34935,Tree (Standing Only),The First Harmful Event was Not a Collision with a Motor Vehicle in Transport,Dark - Lighted,Clear
North Carolina,370795,2,CLEVELAND (45),KINGS MOUNTAIN,August,Saturday,Interstate,Urban,35.22644167,-81.33277222,Pedestrian,The First Harmful Event was Not a Collision with a Motor Vehicle in Transport,Dark - Not Lighted,Clear
North Carolina,370801,2,CUMBERLAND (51),FAYETTEVILLE,August,Friday,Local Street - Municipality,Urban,35.02824444,-78.95749167,Tree (Standing Only),The First Harmful Event was Not a Collision with a Motor Vehicle in Transport,Dark - Lighted,Clear
North Carolina,370802,5,DAVIDSON (57),LEXINGTON,August,Sunday,State Highway,Rural,35.76178889,-80.10546389,Motor Vehicle In-Transport,Front-to-Front,Daylight,Clear
North Carolina,370809,1,FORSYTH (67),WINSTON SALEM,August,Friday,Local Street - Municipality,Urban,36.05585833,-80.27490556,Rollover/Overturn,The First Harmful Event was Not a Collision with a Motor Vehicle in Transport,Dark - Lighted,Clear
North Carolina,370810,1,FORSYTH (67),WINSTON SALEM,August,Sunday,Interstate,Urban,36.06569444,-80.1883,Rollover/Overturn,The First Harmful Event was Not a Collision with a Motor Vehicle in Transport,Dark - Not Lighted,Clear
North Carolina,370814,1,GASTON (71),GASTONIA,August,Sunday,U.S. Highway,Urban,35.27908611,-81.1878,Fire Hydrant,The First Harmful Event was Not a Collision with a Motor Vehicle in Transport,Dark - Lighted,Clear
North Carolina,370815,5,GASTON (71),GASTONIA,August,Thursday,Local Street - Municipality,Urban,35.27503333,-81.14146389,Motor Vehicle In-Transport,Angle,Daylight,Clear
North Carolina,370818,2,GUILFORD (81),GREENSBORO,August,Thursday,U.S. Highway,Urban,36.12418333,-79.748775,Motor Vehicle In-Transport,Front-to-Front,Dark - Not Lighted,Rain
North Carolina,370820,1,GUILFORD (81),GREENSBORO,August,Wednesday,Interstate,Urban,36.03621944,-79.89021667,Pedestrian,The First Harmful Event was Not a Collision with a Motor Vehicle in Transport,Dark - Not Lighted,Cloudy
North Carolina,370823,1,HENDERSON (89),HENDERSONVILLE,August,Sunday,U.S. Highway,Urban,35.33393889,-82.44815278,Pedestrian,The First Harmful Event was Not a Collision with a Motor Vehicle in Transport,Dark - Not Lighted,Rain
North Carolina,370824,2,CATAWBA (35),NEWTON,August,Saturday,State Highway,Urban,35.68091111,-81.1944,Motor Vehicle In-Transport,Angle,Daylight,Clear
North Carolina,370825,1,CUMBERLAND (51),FAYETTEVILLE,August,Saturday,State Highway,Urban,35.03929722,-78.89022222,Guardrail Face,The First Harmful Event was Not a Collision with a Motor Vehicle in Transport,Dark - Not Lighted,Clear
North Carolina,370826,8,IREDELL (97),MOORESVILLE,August,Saturday,Local Street - Municipality,Urban,35.562975,-80.80219167,Fell/Jumped from Vehicle,The First Harmful Event was Not a Collision with a Motor Vehicle in Transport,Daylight,Clear
North Carolina,370828,1,JACKSON (99),SYLVA,August,Friday,U.S. Highway,Urban,35.38158889,-83.22317222,Guardrail Face,The First Harmful Event was Not a Collision with a Motor Vehicle in Transport,Daylight,Clear
North Carolina,370830,2,LEE (105),SANFORD,August,Thursday,Local Street - Municipality,Urban,35.48145278,-79.17158889,Motor Vehicle In-Transport,Angle,Daylight,Clear
North Carolina,370833,1,MECKLENBURG (119),CHARLOTTE,August,Sunday,State Highway,Urban,35.21779722,-80.87161944,Guardrail Face,The First Harmful Event was Not a Collision with a Motor Vehicle in Transport,Daylight,Clear
North Carolina,370834,1,MECKLENBURG (119),CHARLOTTE,August,Friday,State Highway,Urban,35.30817778,-80.72040833,Pedestrian,The First Harmful Event was Not a Collision with a Motor Vehicle in Transport,Dark - Not Lighted,Clear
North Carolina,370835,1,MECKLENBURG (119),CHARLOTTE,August,Monday,Interstate,Urban,35.14841944,-80.94197222,Tree (Standing Only),The First Harmful Event was Not a Collision with a Motor Vehicle in Transport,Dark - Not Lighted,Clear
North Carolina,370838,3,MECKLENBURG (119),CHARLOTTE,August,Saturday,U.S. Highway,Urban,35.22626389,-80.91011667,Motor Vehicle In-Transport,Angle,Daylight,Clear
North Carolina,370839,6,MECKLENBURG (119),CHARLOTTE,August,Sunday,U.S. Highway,Urban,35.13665556,-80.71494167,Motor Vehicle In-Transport,Front-to-Rear,Dark - Not Lighted,Clear
North Carolina,370841,6,MECKLENBURG (119),CHARLOTTE,August,Friday,U.S. Highway,Urban,35.228275,-80.91444722,Motor Vehicle In-Transport,Angle,Dark - Lighted,Clear
North Carolina,370843,1,MOORE (125),CAMERON,August,Thursday,State Highway,Urban,35.32459444,-79.24917222,Culvert,The First Harmful Event was Not a Collision with a Motor Vehicle in Transport,Daylight,Clear
North Carolina,370844,1,NASH (127),ROCKY MOUNT,August,Wednesday,U.S. Highway,Urban,35.96179444,-77.79509444,Rollover/Overturn,The First Harmful Event was Not a Collision with a Motor Vehicle in Transport,Dark - Not Lighted,Clear
North Carolina,370845,4,NASH (127),ROCKY MOUNT,August,Wednesday,State Highway,Urban,35.99322778,-77.80782222,Motor Vehicle In-Transport,Sideswipe - Same Direction,Daylight,Clear
North Carolina,370857,1,RANDOLPH (151),ARCHDALE,August,Wednesday,Interstate,Urban,35.91454167,-79.94750833,Guardrail Face,The First Harmful Event was Not a Collision with a Motor Vehicle in Transport,Daylight,Clear
North Carolina,370862,2,ROCKINGHAM (157),REIDSVILLE,August,Tuesday,U.S. Highway,Urban,36.34538611,-79.69294722,Motor Vehicle In-Transport,Front-to-Rear,Dark - Lighted,Clear
North Carolina,370865,3,ROWAN (159),SALISBURY,August,Sunday,State Highway,Urban,35.66403056,-80.51419167,Motor Vehicle In-Transport,Front-to-Front,Daylight,Clear
North Carolina,370870,12,UNION (179),MONROE,August,Sunday,U.S. Highway,Urban,34.99593333,-80.54364444,Motor Vehicle In-Transport,Sideswipe - Opposite Direction,Daylight,Clear
North Carolina,370872,3,WAKE (183),RALEIGH,August,Thursday,Interstate,Rural,35.82952222,-78.75995556,Motor Vehicle In-Transport,Front-to-Rear,Dark - Lighted,Clear
North Carolina,370875,4,WAKE (183),RALEIGH,August,Tuesday,Interstate,Urban,35.75559444,-78.65705833,Motor Vehicle In-Transport,Front-to-Rear,Daylight,Clear
North Carolina,370881,6,ALAMANCE (1),MEBANE,September,Saturday,Local Street - Frontage Road,Urban,36.10769722,-79.2641,Motor Vehicle In-Transport,Angle,Daylight,Clear
North Carolina,370883,2,ANSON (7),WADESBORO,September,Thursday,U.S. Highway,Urban,34.96645833,-80.06211111,Motor Vehicle In-Transport,Angle,Dusk,Clear
North Carolina,370890,1,CABARRUS (25),CONCORD,September,Thursday,State Highway,Urban,35.42509722,-80.57835278,Pedestrian,The First Harmful Event was Not a Collision with a Motor Vehicle in Transport,Daylight,Clear
North Carolina,370902,5,COLUMBUS (47),BOLTON,September,Monday,U.S. Highway,Rural,34.32988056,-78.39860833,Other Fixed Object,The First Harmful Event was Not a Collision with a Motor Vehicle in Transport,Dark - Not Lighted,Clear
North Carolina,370906,2,CUMBERLAND (51),SPRING LAKE,September,Wednesday,State Highway,Urban,35.22220556,-78.93959167,Pedestrian,The First Harmful Event was Not a Collision with a Motor Vehicle in Transport,Dark - Not Lighted,Clear
North Carolina,370907,2,DARE (55),KITTY HAWK,September,Monday,U.S. Highway,Urban,36.0677,-75.69422222,Motor Vehicle In-Transport,Front-to-Front,Daylight,Clear
North Carolina,370912,2,DURHAM (63),DURHAM,September,Tuesday,U.S. Highway,Urban,35.97815,-78.85445833,Motor Vehicle In-Transport,Front-to-Rear,Dark - Not Lighted,Clear
North Carolina,370913,2,DURHAM (63),DURHAM,September,Monday,U.S. Highway,Urban,36.08423333,-78.91152222,Pedestrian,The First Harmful Event was Not a Collision with a Motor Vehicle in Transport,Dark - Not Lighted,Clear
North Carolina,370914,3,EDGECOMBE (65),TARBORO,September,Tuesday,State Highway,Urban,35.91251667,-77.54432778,Motor Vehicle In-Transport,Angle,Daylight,Clear
North Carolina,370915,8,EDGECOMBE (65),TARBORO,September,Wednesday,Local Street - Municipality,Urban,35.88343333,-77.548575,Motor Vehicle In-Transport,Front-to-Front,Daylight,Clear
North Carolina,370916,6,FORSYTH (67),WINSTON SALEM,September,Tuesday,U.S. Highway,Urban,36.13116389,-80.23650833,Motor Vehicle In-Transport,Front-to-Rear,Daylight,Clear
North Carolina,370925,3,GUILFORD (81),GREENSBORO,September,Saturday,U.S. Highway,Urban,35.99474722,-79.7478,Motor Vehicle In-Transport,Front-to-Front,Dark - Not Lighted,Clear
North Carolina,370926,1,GUILFORD (81),OAK RIDGE,September,Sunday,State Highway,Urban,36.15382222,-80.02637222,Traffic Sign Support,The First Harmful Event was Not a Collision with a Motor Vehicle in Transport,Dark - Not Lighted,Clear
North Carolina,370938,2,HAYWOOD (87),MAGGIE VALLEY,September,Friday,U.S. Highway,Rural,35.58744722,-83.01003333,Motor Vehicle In-Transport,Front-to-Rear,Daylight,Clear
North Carolina,370959,1,MECKLENBURG (119),CHARLOTTE,September,Tuesday,Local Street - Municipality,Urban,35.26535,-80.85423889,Tree (Standing Only),The First Harmful Event was Not a Collision with a Motor Vehicle in Transport,Dark - Lighted,Clear
North Carolina,370960,1,MECKLENBURG (119),CHARLOTTE,September,Friday,Local Street - Municipality,Urban,35.24446944,-80.87711667,Pedestrian,The First Harmful Event was Not a Collision with a Motor Vehicle in Transport,Dark - Lighted,Clear
North Carolina,370961,1,MECKLENBURG (119),CHARLOTTE,September,Sunday,State Highway,Urban,35.26123333,-80.87690278,Pedestrian,The First Harmful Event was Not a Collision with a Motor Vehicle in Transport,Dark - Lighted,Clear
North Carolina,370964,2,MECKLENBURG (119),CHARLOTTE,September,Saturday,State Highway,Urban,35.24415556,-80.895775,Pedestrian,The First Harmful Event was Not a Collision with a Motor Vehicle in Transport,Dark - Lighted,Clear
North Carolina,370967,2,MONTGOMERY (123),TROY,September,Tuesday,State Highway,Rural,35.3701,-79.91539444,Motor Vehicle In-Transport,Angle,Daylight,Clear
North Carolina,370968,5,MOORE (125),PINEHURST,September,Wednesday,State Highway,Urban,35.20540833,-79.476125,Motor Vehicle In-Transport,Angle,Daylight,Clear
North Carolina,370973,1,NEW HANOVER (129),WILMINGTON,September,Thursday,Local Street - Municipality,Urban,34.18266667,-77.87299444,Fence,The First Harmful Event was Not a Collision with a Motor Vehicle in Transport,Dark - Not Lighted,Clear
North Carolina,370975,2,NEW HANOVER (129),WILMINGTON,September,Friday,U.S. Highway,Urban,34.20919722,-77.84708056,Motor Vehicle In-Transport,Angle,Daylight,Clear
North Carolina,370976,1,NEW HANOVER (129),WILMINGTON,September,Saturday,U.S. Highway,Urban,34.20921111,-77.84655556,Pedestrian,The First Harmful Event was Not a Collision with a Motor Vehicle in Transport,Dark - Not Lighted,Clear
North Carolina,370977,1,NEW HANOVER (129),WILMINGTON,September,Sunday,U.S. Highway,Urban,34.24532778,-77.87516389,Pedestrian,The First Harmful Event was Not a Collision with a Motor Vehicle in Transport,Dark - Lighted,Clear
North Carolina,371000,3,WAKE (183),RALEIGH,September,Saturday,Local Street - Municipality,Urban,35.79264167,-78.61533611,Motor Vehicle In-Transport,Front-to-Rear,Dark - Lighted,Clear
North Carolina,371005,2,WATAUGA (189),BOONE,September,Tuesday,U.S. Highway,Urban,36.21759444,-81.66395833,Motor Vehicle In-Transport,Front-to-Rear,Daylight,Clear
North Carolina,371009,1,WILSON (195),WILSON,September,Tuesday,Local Street - Municipality,Urban,35.772575,-77.95349722,Pedestrian,The First Harmful Event was Not a Collision with a Motor Vehicle in Transport,Daylight,Clear
North Carolina,371019,2,BUNCOMBE (21),ASHEVILLE,October,Sunday,State Highway,Urban,35.57763611,-82.61008889,Motor Vehicle In-Transport,Angle,Daylight,Cloudy
North Carolina,371026,2,CABARRUS (25),HARRISBURG,October,Monday,Local Street - Municipality,Urban,35.32489167,-80.63747222,Railway Vehicle,The First Harmful Event was Not a Collision with a Motor Vehicle in Transport,Daylight,Clear
North Carolina,371029,3,CALDWELL (27),LENOIR,October,Monday,Local Street - Frontage Road,Urban,35.90146944,-81.56233056,Motor Vehicle In-Transport,Angle,Daylight,Cloudy
North Carolina,371033,2,CATAWBA (35),CONOVER,October,Friday,Local Street - Frontage Road,Urban,35.72319722,-81.20516111,Motor Vehicle In-Transport,Angle,Dawn,Clear
North Carolina,371038,2,CLEVELAND (45),SHELBY,October,Wednesday,State Highway,Urban,35.30485278,-81.52646944,Motor Vehicle In-Transport,Front-to-Front,Daylight,Clear
North Carolina,371042,1,CRAVEN (49),NEW BERN,October,Saturday,Local Street - Municipality,Urban,35.10529167,-77.06805278,Pedestrian,The First Harmful Event was Not a Collision with a Motor Vehicle in Transport,Dark - Lighted,Clear
North Carolina,371043,2,CUMBERLAND (51),FAYETTEVILLE,October,Saturday,U.S. Highway,Urban,35.084275,-78.95222222,Motor Vehicle In-Transport,Angle,Dark - Lighted,Clear
North Carolina,371044,2,CUMBERLAND (51),FAYETTEVILLE,October,Saturday,Local Street - Municipality,Urban,35.06221111,-79.06286389,Pedestrian,The First Harmful Event was Not a Collision with a Motor Vehicle in Transport,Dark - Lighted,Clear
North Carolina,371054,2,DURHAM (63),DURHAM,October,Monday,Local Street - Municipality,Urban,35.998675,-78.87435556,Motor Vehicle In-Transport,Angle,Daylight,Clear
North Carolina,371055,1,DURHAM (63),DURHAM,October,Friday,Local Street - Municipality,Urban,36.10618333,-78.887025,Non-Motorist on Personal Conveyance,The First Harmful Event was Not a Collision with a Motor Vehicle in Transport,Dark - Not Lighted,Clear
North Carolina,371059,1,FORSYTH (67),WINSTON SALEM,October,Sunday,Interstate,Urban,36.06018611,-80.2193,Guardrail Face,The First Harmful Event was Not a Collision with a Motor Vehicle in Transport,Dark - Not Lighted,Rain
North Carolina,371060,1,FORSYTH (67),WINSTON SALEM,October,Monday,Local Street - Municipality,Urban,36.04553889,-80.22990278,Pedalcyclist,The First Harmful Event was Not a Collision with a Motor Vehicle in Transport,Dark - Lighted,Clear
North Carolina,371068,1,GUILFORD (81),GREENSBORO,October,Wednesday,Local Street - Municipality,Urban,36.0598,-79.88589444,Pedestrian,The First Harmful Event was Not a Collision with a Motor Vehicle in Transport,Dark - Lighted,Clear
North Carolina,371069,2,GUILFORD (81),GREENSBORO,October,Friday,State Highway,Urban,36.07048056,-79.95912222,Motor Vehicle In-Transport,Angle,Daylight,Cloudy
North Carolina,371074,1,IREDELL (97),STATESVILLE,October,Thursday,U.S. Highway,Urban,35.80755,-80.808325,Pedalcyclist,The First Harmful Event was Not a Collision with a Motor Vehicle in Transport,Dusk,Clear
North Carolina,371083,1,MECKLENBURG (119),CHARLOTTE,October,Friday,Interstate,Urban,35.35350556,-80.86206667,Parked Motor Vehicle,The First Harmful Event was Not a Collision with a Motor Vehicle in Transport,Daylight,Clear
North Carolina,371085,1,MECKLENBURG (119),CHARLOTTE,October,Saturday,Interstate,Urban,35.23920556,-80.84189167,Pedestrian,The First Harmful Event was Not a Collision with a Motor Vehicle in Transport,Dark - Lighted,Clear
North Carolina,371087,3,MECKLENBURG (119),CHARLOTTE,October,Tuesday,Interstate,Urban,35.23156389,-80.83313611,Pedestrian,The First Harmful Event was Not a Collision with a Motor Vehicle in Transport,Dark - Not Lighted,Clear
North Carolina,371088,3,MECKLENBURG (119),CHARLOTTE,October,Tuesday,Interstate,Urban,35.05985278,-80.76970556,Motor Vehicle In-Transport,Angle,Daylight,Cloudy
North Carolina,371092,2,MECKLENBURG (119),CHARLOTTE,October,Friday,Interstate,Urban,35.27941389,-80.790575,Other Traffic Barrier,The First Harmful Event was Not a Collision with a Motor Vehicle in Transport,Dark - Lighted,Clear
North Carolina,371096,3,NEW HANOVER (129),WILMINGTON,October,Sunday,Local Street - Municipality,Urban,34.22638056,-77.91215556,Motor Vehicle In-Transport,Angle,Daylight,Clear
North Carolina,371097,3,NEW HANOVER (129),WILMINGTON,October,Wednesday,U.S. Highway,Urban,34.25491667,-77.87090556,Motor Vehicle In-Transport,Angle,Dark - Lighted,Clear
North Carolina,371101,4,ORANGE (135),CHAPEL HILL,October,Tuesday,U.S. Highway,Urban,35.94461389,-79.01266111,Traffic Sign Support,The First Harmful Event was Not a Collision with a Motor Vehicle in Transport,Daylight,Cloudy
North Carolina,371108,2,RANDOLPH (151),TRINITY,October,Friday,State Highway,Rural,35.90750556,-79.98234722,Motor Vehicle In-Transport,Front-to-Rear,Dark - Not Lighted,Clear
North Carolina,371112,8,ROBESON (155),LUMBERTON,October,Monday,Interstate,Urban,34.60504722,-79.09778333,Motor Vehicle In-Transport,Rear-to-Side,Dark - Lighted,Rain
North Carolina,371114,2,ROCKINGHAM (157),EDEN,October,Sunday,Local Street - Frontage Road,Urban,36.49637778,-79.76139444,Motor Vehicle In-Transport,Angle,Daylight,Cloudy
North Carolina,371118,10,ROWAN (159),SALISBURY,October,Sunday,U.S. Highway,Urban,35.68275,-80.55455556,Motor Vehicle In-Transport,Front-to-Front,Daylight,Cloudy
North Carolina,371123,2,VANCE (181),HENDERSON,October,Thursday,Local Street - Municipality,Urban,36.34027778,-78.43577222,Motor Vehicle In-Transport,Front-to-Front,Daylight,Clear
North Carolina,371126,2,WAKE (183),HOLLY SPRINGS,October,Friday,State Highway,Urban,35.63401944,-78.82824722,Pedestrian,The First Harmful Event was Not a Collision with a Motor Vehicle in Transport,Daylight,Clear
North Carolina,371128,1,WAKE (183),KNIGHTDALE,October,Saturday,U.S. Highway,Urban,35.7991,-78.47416389,Other Fixed Object,The First Harmful Event was Not a Collision with a Motor Vehicle in Transport,Daylight,Clear
North Carolina,371129,3,WAKE (183),RALEIGH,October,Monday,Local Street - Municipality,Urban,35.77386389,-78.60313889,Motor Vehicle In-Transport,Angle,Daylight,Clear
North Carolina,371131,2,WAKE (183),RALEIGH,October,Wednesday,U.S. Highway,Urban,35.79526111,-78.64130833,Rollover/Overturn,The First Harmful Event was Not a Collision with a Motor Vehicle in Transport,Dark - Lighted,Cloudy
North Carolina,371141,1,ASHE (9),WEST JEFFERSON,November,Sunday,U.S. Highway,Rural,36.38457778,-81.48305,Pedestrian,The First Harmful Event was Not a Collision with a Motor Vehicle in Transport,Daylight,Cloudy
North Carolina,371142,1,BEAUFORT (13),WASHINGTON PARK,November,Sunday,U.S. Highway,Urban,35.55165833,-77.05821667,Non-Motorist on Personal Conveyance,The First Harmful Event was Not a Collision with a Motor Vehicle in Transport,Daylight,Clear
North Carolina,371146,3,BUNCOMBE (21),ASHEVILLE,November,Tuesday,U.S. Highway,Urban,35.64666111,-82.58066389,Motor Vehicle In-Transport,Front-to-Front,Dark - Lighted,Clear
North Carolina,371147,2,BUNCOMBE (21),ASHEVILLE,November,Sunday,Interstate,Urban,35.56699444,-82.50889167,Embankment,The First Harmful Event was Not a Collision with a Motor Vehicle in Transport,Dark - Not Lighted,Clear
North Carolina,371163,3,CUMBERLAND (51),FAYETTEVILLE,November,Monday,Local Street - Municipality,Urban,35.08156944,-78.98823056,Curb,The First Harmful Event was Not a Collision with a Motor Vehicle in Transport,Daylight,Rain