State,Case Number,Persons,County,City,Month,Day,Route,Rural/Urban,Latitude,Longitude,First Harmful Event,Manner of Collision,Light Conditions,Weather
North Carolina,371171,3,DURHAM (63),DURHAM,November,Saturday,U.S. Highway,Urban,35.97230833,-78.943025,Traffic Sign Support,The First Harmful Event was Not a Collision with a Motor Vehicle in Transport,Dark - Not Lighted,Clear
North Carolina,371172,1,FORSYTH (67),WINSTON SALEM,November,Sunday,Local Street - Municipality,Urban,36.03790556,-80.29482222,Utility Pole/Light Support,The First Harmful Event was Not a Collision with a Motor Vehicle in Transport,Dark - Lighted,Clear
North Carolina,371174,2,GASTON (71),GASTONIA,November,Sunday,State Highway,Urban,35.27477778,-81.15740556,Motor Vehicle In-Transport,Angle,Dark - Lighted,Clear
North Carolina,371180,3,GUILFORD (81),GREENSBORO,November,Wednesday,U.S. Highway,Urban,36.08687778,-79.72236389,Pedestrian,The First Harmful Event was Not a Collision with a Motor Vehicle in Transport,Dark - Not Lighted,Clear
North Carolina,371182,1,GUILFORD (81),GREENSBORO,November,Friday,U.S. Highway,Urban,36.113975,-79.756275,Guardrail Face,The First Harmful Event was Not a Collision with a Motor Vehicle in Transport,Dark - Lighted,Clear
North Carolina,371197,2,MARTIN (117),JAMESVILLE,November,Thursday,U.S. Highway,Rural,35.81259722,-76.915025,Motor Vehicle In-Transport,Angle,Dark - Not Lighted,Clear
North Carolina,371200,1,MECKLENBURG (119),CHARLOTTE,November,Saturday,Interstate,Urban,35.33504167,-80.74351389,Tree (Standing Only),The First Harmful Event was Not a Collision with a Motor Vehicle in Transport,Dark - Lighted,Clear
North Carolina,371201,1,MECKLENBURG (119),HUNTERSVILLE,November,Saturday,Interstate,Urban,35.37358333,-80.84535833,Rollover/Overturn,The First Harmful Event was Not a Collision with a Motor Vehicle in Transport,Dark - Not Lighted,Clear
North Carolina,371202,7,MECKLENBURG (119),CHARLOTTE,November,Thursday,Interstate,Urban,35.27546944,-80.96690278,Motor Vehicle In-Transport,Front-to-Rear,Dark - Not Lighted,Rain
North Carolina,371203,1,MECKLENBURG (119),CHARLOTTE,November,Thursday,Local Street - Municipality,Urban,35.28108889,-80.81985556,Pedestrian,The First Harmful Event was Not a Collision with a Motor Vehicle in Transport,Dark - Not Lighted,Rain
North Carolina,371204,5,MECKLENBURG (119),CHARLOTTE,November,Friday,State Highway,Urban,35.28741111,-80.72746389,Motor Vehicle In-Transport,Angle,Daylight,Clear
North Carolina,371205,1,MECKLENBURG (119),CHARLOTTE,November,Saturday,Interstate,Urban,35.28395278,-80.76453611,Curb,The First Harmful Event was Not a Collision with a Motor Vehicle in Transport,Dark - Lighted,Clear
North Carolina,371206,1,MECKLENBURG (119),CHARLOTTE,November,Saturday,State Highway,Urban,35.23888056,-80.73796111,Curb,The First Harmful Event was Not a Collision with a Motor Vehicle in Transport,Dark - Lighted,Cloudy
North Carolina,371207,2,MECKLENBURG (119),CHARLOTTE,November,Sunday,State Highway,Urban,35.13620556,-80.78311111,Pedestrian,The First Harmful Event was Not a Collision with a Motor Vehicle in Transport,Daylight,Clear
North Carolina,371210,2,NEW HANOVER (129),WILMINGTON,November,Thursday,Local Street - Municipality,Urban,34.201975,-77.88690833,Motor Vehicle In-Transport,Front-to-Front,Dark - Not Lighted,Clear
North Carolina,371212,1,NEW HANOVER (129),WILMINGTON,November,Friday,U.S. Highway,Urban,34.19146944,-77.93263333,Pedestrian,The First Harmful Event was Not a Collision with a Motor Vehicle in Transport,Dark - Not Lighted,Rain
North Carolina,371221,3,PERSON (145),ROXBORO,November,Saturday,U.S. Highway,Urban,36.37219167,-78.98274444,Motor Vehicle In-Transport,Angle,Daylight,Rain
North Carolina,371238,1,SCOTLAND (165),LAURINBURG,November,Friday,Local Street - Frontage Road,Urban,34.75069444,-79.46062778,Pedestrian,The First Harmful Event was Not a Collision with a Motor Vehicle in Transport,Dark - Lighted,Clear
North Carolina,371240,2,STOKES (169),KING,November,Tuesday,Local Street - Frontage Road,Urban,36.26404444,-80.36171389,Motor Vehicle In-Transport,Angle,Daylight,Clear
North Carolina,371242,1,UNION (179),MINERAL SPRINGS,November,Sunday,Local Street - Frontage Road,Urban,35.07745278,-80.49570833,Ditch,The First Harmful Event was Not a Collision with a Motor Vehicle in Transport,Daylight,Clear
North Carolina,371244,4,UNION (179),INDIAN TRAIL,November,Wednesday,U.S. Highway,Urban,35.06973056,-80.59947778,Motor Vehicle In-Transport,Sideswipe - Same Direction,Dark - Not Lighted,Clear
North Carolina,371252,1,WAKE (183),RALEIGH,November,Friday,U.S. Highway,Urban,35.74273611,-78.649025,Pedestrian,The First Harmful Event was Not a Collision with a Motor Vehicle in Transport,Dark - Not Lighted,Rain
North Carolina,371264,4,ALAMANCE (1),BURLINGTON,December,Wednesday,Local Street - Municipality,Urban,36.10238611,-79.40070278,Tree (Standing Only),The First Harmful Event was Not a Collision with a Motor Vehicle in Transport,Daylight,Clear
North Carolina,371277,2,CLEVELAND (45),LAWNDALE,December,Saturday,State Highway,Urban,35.41743333,-81.55705833,Motor Vehicle In-Transport,Sideswipe - Opposite Direction,Daylight,Clear
North Carolina,371280,4,CUMBERLAND (51),FAYETTEVILLE,December,Tuesday,U.S. Highway,Urban,35.02859444,-79.03684722,Motor Vehicle In-Transport,Front-to-Rear,Daylight,Clear
North Carolina,371281,4,CUMBERLAND (51),FAYETTEVILLE,December,Monday,State Highway,Urban,35.02166667,-78.96198611,Motor Vehicle In-Transport,Angle,Dark - Lighted,Clear
North Carolina,371285,3,CUMBERLAND (51),FAYETTEVILLE,December,Friday,U.S. Highway,Urban,35.100225,-78.91230833,Motor Vehicle In-Transport,Angle,Dark - Lighted,Rain
North Carolina,371288,1,DAVIDSON (57),LEXINGTON,December,Sunday,Interstate,Urban,35.77583056,-80.30563056,Rollover/Overturn,The First Harmful Event was Not a Collision with a Motor Vehicle in Transport,Daylight,Cloudy
North Carolina,371289,1,DAVIDSON (57),WALLBURG,December,Saturday,State Highway,Urban,36.01827778,-80.1563,Pedestrian,The First Harmful Event was Not a Collision with a Motor Vehicle in Transport,Dark - Not Lighted,Clear
North Dakota,380003,1,GRAND FORKS (35),GRAND FORKS,January,Saturday,State Highway,Urban,47.916275,-97.04485833,Traffic Signal Support,The First Harmful Event was Not a Collision with a Motor Vehicle in Transport,Dark - Lighted,Clear
North Dakota,380004,1,WARD (101),MINOT,February,Friday,Local Street - Municipality,Urban,48.2292,-101.2385694,Pedalcyclist,The First Harmful Event was Not a Collision with a Motor Vehicle in Transport,Dark - Not Lighted,Clear
North Dakota,380006,2,GRAND FORKS (35),GRAND FORKS,February,Saturday,Local Street - Municipality,Urban,47.87852222,-97.03522778,Fell/Jumped from Vehicle,The First Harmful Event was Not a Collision with a Motor Vehicle in Transport,Dark - Not Lighted,Clear
North Dakota,380008,2,CASS (17),FARGO,March,Friday,Local Street - Municipality,Urban,46.861575,-96.79993333,Motor Vehicle In-Transport,Angle,Daylight,Clear
North Dakota,380012,7,CASS (17),FARGO,March,Saturday,Local Street - Frontage Road,Urban,46.860575,-96.79844167,Motor Vehicle In-Transport,Angle,Dark - Lighted,Clear
North Dakota,380016,2,WILLIAMS (105),WILLISTON,April,Sunday,U.S. Highway,Rural,48.24465278,-103.6254389,Motor Vehicle In-Transport,Angle,Dark - Not Lighted,"Fog, Smog, Smoke"
North Dakota,380017,1,GRAND FORKS (35),GRAND FORKS,April,Sunday,State Highway,Urban,47.918325,-97.09540833,Pedestrian,The First Harmful Event was Not a Collision with a Motor Vehicle in Transport,Dark - Lighted,Rain
North Dakota,380018,1,GRAND FORKS (35),GRAND FORKS,April,Monday,U.S. Highway,Urban,47.93311944,-97.0917,Pedestrian,The First Harmful Event was Not a Collision with a Motor Vehicle in Transport,Dark - Lighted,Clear
North Dakota,380022,1,BURLEIGH (15),BISMARCK,April,Tuesday,Local Street - Municipality,Urban,46.842775,-100.7458444,Curb,The First Harmful Event was Not a Collision with a Motor Vehicle in Transport,Daylight,Cloudy
North Dakota,380036,5,BURLEIGH (15),BISMARCK,June,Friday,Interstate,Urban,46.83128611,-100.7731389,Motor Vehicle In-Transport,Angle,Daylight,Clear
North Dakota,380039,2,CASS (17),RIVERSIDE,June,Saturday,Local Street - Municipality,Urban,46.8609,-96.91771667,Parked Motor Vehicle,The First Harmful Event was Not a Collision with a Motor Vehicle in Transport,Dark - Lighted,Clear
North Dakota,380041,1,WARD (101),MINOT,June,Sunday,Local Street - Municipality,Urban,48.20914167,-101.3175639,Curb,The First Harmful Event was Not a Collision with a Motor Vehicle in Transport,Daylight,Clear
North Dakota,380042,2,STARK (89),DICKINSON,July,Monday,Interstate,Urban,46.87949722,-102.8196194,Motor Vehicle In-Transport,Angle,Daylight,Clear
North Dakota,380047,2,DUNN (25),MANNING,July,Thursday,State Highway,Rural,47.18806944,-102.7784806,Parked Motor Vehicle,The First Harmful Event was Not a Collision with a Motor Vehicle in Transport,Daylight,Clear
North Dakota,380054,1,WILLIAMS (105),EPPING,July,Tuesday,U.S. Highway,Rural,48.16162222,-103.2579472,Fence,The First Harmful Event was Not a Collision with a Motor Vehicle in Transport,Dark - Not Lighted,Clear
North Dakota,380082,2,MCKENZIE (53),WATFORD CITY,July,Friday,U.S. Highway,Urban,47.8032,-103.2142917,Utility Pole/Light Support,The First Harmful Event was Not a Collision with a Motor Vehicle in Transport,Daylight,Clear
North Dakota,380086,3,STARK (89),DICKINSON,December,Wednesday,Local Street - Municipality,Urban,46.86358889,-102.8015778,Motor Vehicle In-Transport,Angle,Dusk,Clear
North Dakota,380088,2,CASS (17),FARGO,December,Monday,Local Street - Municipality,Urban,46.88945556,-96.86171389,Motor Vehicle In-Transport,Angle,Daylight,Blowing Snow
Ohio,390007,1,TUSCARAWAS (157),NEW PHILADELPHIA,January,Friday,County Road,Urban,40.49611111,-81.46144167,Pedestrian,The First Harmful Event was Not a Collision with a Motor Vehicle in Transport,Dark - Lighted,Cloudy
Ohio,390011,3,FRANKLIN (49),COLUMBUS,January,Monday,U.S. Highway,Urban,39.95679444,-83.04518333,Pedestrian,The First Harmful Event was Not a Collision with a Motor Vehicle in Transport,Dark - Lighted,Clear
Ohio,390015,1,SENECA (147),TIFFIN,January,Wednesday,State Highway,Urban,41.10332222,-83.19553889,Pedestrian,The First Harmful Event was Not a Collision with a Motor Vehicle in Transport,Dark - Not Lighted,Snow
Ohio,390016,2,MONTGOMERY (113),DAYTON,January,Monday,County Road,Urban,39.76514167,-84.23510556,Tree (Standing Only),The First Harmful Event was Not a Collision with a Motor Vehicle in Transport,Dark - Lighted,Cloudy
Ohio,390017,1,FRANKLIN (49),COLUMBUS,January,Saturday,County Road,Urban,39.89072222,-82.97184167,Fence,The First Harmful Event was Not a Collision with a Motor Vehicle in Transport,Dark - Lighted,Clear
Ohio,390018,2,CLERMONT (25),BATAVIA,January,Friday,State Highway,Urban,39.08097778,-84.17533333,Motor Vehicle In-Transport,Front-to-Front,Dark - Not Lighted,Rain
Ohio,390019,1,WARREN (165),FRANKLIN,January,Thursday,County Road,Urban,39.54546111,-84.30530278,Tree (Standing Only),The First Harmful Event was Not a Collision with a Motor Vehicle in Transport,Dark - Not Lighted,Clear
Ohio,390021,1,MONTGOMERY (113),VANDALIA,January,Sunday,U.S. Highway,Urban,39.88921111,-84.21835,Curb,The First Harmful Event was Not a Collision with a Motor Vehicle in Transport,Dark - Not Lighted,Cloudy
Ohio,390029,6,HAMILTON (61),CINCINNATI,January,Saturday,U.S. Highway,Urban,39.18001667,-84.46574722,Motor Vehicle In-Transport,Sideswipe - Same Direction,Dark - Lighted,Snow
Ohio,390030,2,GUERNSEY (59),CAMBRIDGE,January,Sunday,Interstate,Urban,40.00751389,-81.62734167,Motor Vehicle In-Transport,Angle,Daylight,Snow
Ohio,390032,2,CUYAHOGA (35),EUCLID,January,Friday,State Highway,Urban,41.56792778,-81.5146,Curb,The First Harmful Event was Not a Collision with a Motor Vehicle in Transport,Dark - Lighted,Snow
Ohio,390036,1,LUCAS (95),TOLEDO,January,Friday,County Road,Urban,41.70691667,-83.59506389,Non-Motorist on Personal Conveyance,The First Harmful Event was Not a Collision with a Motor Vehicle in Transport,Reported as Unknown,Clear
Ohio,390040,5,MEDINA (103),WADSWORTH,January,Friday,State Highway,Urban,41.02646389,-81.75845278,Motor Vehicle In-Transport,Front-to-Front,Daylight,Cloudy
Ohio,390043,3,HAMILTON (61),EVENDALE,February,Sunday,U.S. Highway,Urban,39.24156111,-84.42888333,Utility Pole/Light Support,The First Harmful Event was Not a Collision with a Motor Vehicle in Transport,Daylight,Clear
Ohio,390045,1,FRANKLIN (49),COLUMBUS,February,Monday,County Road,Urban,39.9436,-82.97195,Pedestrian,The First Harmful Event was Not a Collision with a Motor Vehicle in Transport,Dark - Lighted,Rain
Ohio,390048,1,MONTGOMERY (113),MORAINE,January,Saturday,Interstate,Urban,39.68531944,-84.22934722,Guardrail End,The First Harmful Event was Not a Collision with a Motor Vehicle in Transport,Dark - Lighted,Cloudy
Ohio,390049,2,CLERMONT (25),BATAVIA,January,Monday,State Highway,Urban,39.01390278,-84.183075,Motor Vehicle In-Transport,Front-to-Front,Dark - Not Lighted,Rain
Ohio,390050,1,HAMILTON (61),CINCINNATI,February,Friday,County Road,Urban,39.15123889,-84.54195278,Bridge Pier or Support,The First Harmful Event was Not a Collision with a Motor Vehicle in Transport,Dark - Lighted,Cloudy
Ohio,390056,3,CUYAHOGA (35),CLEVELAND,January,Friday,U.S. Highway,Urban,41.50303611,-81.6822,Pedestrian,The First Harmful Event was Not a Collision with a Motor Vehicle in Transport,Dark - Lighted,Clear
Ohio,390057,1,FRANKLIN (49),COLUMBUS,February,Monday,County Road,Urban,40.05073056,-82.95391944,Pedestrian,The First Harmful Event was Not a Collision with a Motor Vehicle in Transport,Dusk,Cloudy
Ohio,390059,1,CUYAHOGA (35),CLEVELAND,January,Friday,State Highway,Urban,41.45498611,-81.63484444,Tree (Standing Only),The First Harmful Event was Not a Collision with a Motor Vehicle in Transport,Dark - Lighted,Clear
Ohio,390063,3,HENRY (69),NAPOLEON,February,Tuesday,U.S. Highway,Rural,41.41250556,-84.18250833,Motor Vehicle In-Transport,Front-to-Front,Dark - Not Lighted,Cloudy
Ohio,390065,3,STARK (151),CANTON,January,Sunday,County Road,Urban,40.81021389,-81.31923889,Motor Vehicle In-Transport,Angle,Daylight,Cloudy
Ohio,390072,1,ASHTABULA (7),SAYBROOK,February,Sunday,Local Street - Township,Rural,41.78934167,-80.83436944,Embankment,The First Harmful Event was Not a Collision with a Motor Vehicle in Transport,Dark - Not Lighted,Clear
Ohio,390073,1,STARK (151),ALLIANCE,February,Monday,Local Street - Township,Urban,40.90202222,-81.12171111,Pedestrian,The First Harmful Event was Not a Collision with a Motor Vehicle in Transport,Daylight,Cloudy
Ohio,390076,3,FRANKLIN (49),COLUMBUS,February,Friday,County Road,Urban,39.99483889,-83.08608056,Rollover/Overturn,The First Harmful Event was Not a Collision with a Motor Vehicle in Transport,Dark - Not Lighted,Cloudy
Ohio,390078,1,CUYAHOGA (35),CLEVELAND,January,Friday,State Highway,Urban,41.46839167,-81.74902778,Pedestrian,The First Harmful Event was Not a Collision with a Motor Vehicle in Transport,Dark - Lighted,Clear
Ohio,390082,2,LORAIN (93),AMHERST,January,Thursday,Local Street - Township,Urban,41.378225,-82.25502222,Tree (Standing Only),The First Harmful Event was Not a Collision with a Motor Vehicle in Transport,Dark - Not Lighted,Clear
Ohio,390088,1,MAHONING (99),YOUNGSTOWN,February,Friday,State Highway,Urban,41.06091111,-80.65993889,Pedestrian,The First Harmful Event was Not a Collision with a Motor Vehicle in Transport,Dark - Not Lighted,Clear
Ohio,390090,3,BUTLER (17),FAIRFIELD,February,Friday,County Road,Urban,39.33483611,-84.49808056,Motor Vehicle In-Transport,Angle,Daylight,Snow
Ohio,390092,2,LUCAS (95),TOLEDO,February,Thursday,Local Street - Municipality,Rural,41.62061944,-83.627775,Other Object (not fixed),The First Harmful Event was Not a Collision with a Motor Vehicle in Transport,Dark - Not Lighted,Clear
Ohio,390094,1,SUMMIT (153),AKRON,March,Sunday,County Road,Urban,41.11567778,-81.540625,Tree (Standing Only),The First Harmful Event was Not a Collision with a Motor Vehicle in Transport,Daylight,Cloudy
Ohio,390103,3,LAKE (85),MENTOR,February,Tuesday,State Highway,Urban,41.67613056,-81.33981667,Motor Vehicle In-Transport,Front-to-Front,Dusk,Rain
Ohio,390104,1,LICKING (89),HEATH,February,Tuesday,County Road,Urban,40.03504722,-82.42140833,Culvert,The First Harmful Event was Not a Collision with a Motor Vehicle in Transport,Daylight,Rain
Ohio,390106,4,SUMMIT (153),STOW,January,Tuesday,State Highway,Urban,41.18356944,-81.47783056,Motor Vehicle In-Transport,Front-to-Rear,Daylight,Cloudy
Ohio,390108,2,MONTGOMERY (113),DAYTON,March,Saturday,County Road,Urban,39.76608333,-84.23684444,Utility Pole/Light Support,The First Harmful Event was Not a Collision with a Motor Vehicle in Transport,Dark - Lighted,Cloudy
Ohio,390110,2,LORAIN (93),SHEFFIELD VILLAGE,February,Monday,Interstate,Urban,41.42073611,-82.08429167,Motor Vehicle In-Transport,Front-to-Front,Dark - Not Lighted,Cloudy
Ohio,390117,1,CUYAHOGA (35),BEDFORD,February,Thursday,State Highway,Urban,41.40119722,-81.54997222,Utility Pole/Light Support,The First Harmful Event was Not a Collision with a Motor Vehicle in Transport,Dusk,Clear
Ohio,390119,4,HAMILTON (61),CINCINNATI,February,Tuesday,U.S. Highway,Urban,39.11200556,-84.69354722,Motor Vehicle In-Transport,Angle,Daylight,Clear
Ohio,390121,1,HAMILTON (61),SAINT BERNARD,February,Saturday,County Road,Urban,39.16790278,-84.49760556,Curb,The First Harmful Event was Not a Collision with a Motor Vehicle in Transport,Dark - Lighted,Cloudy
Ohio,390129,5,CUYAHOGA (35),CLEVELAND,March,Sunday,Interstate,Urban,41.52393333,-81.66414167,Motor Vehicle In-Transport,Sideswipe - Same Direction,Daylight,Cloudy
Ohio,390130,1,CUYAHOGA (35),CLEVELAND,March,Wednesday,County Road,Urban,41.463675,-81.60396389,Pedestrian,The First Harmful Event was Not a Collision with a Motor Vehicle in Transport,Dark - Lighted,Cloudy
Ohio,390132,3,WOOD (173),NORTHWOOD,March,Friday,Interstate,Rural,41.60423611,-83.54615,Motor Vehicle In-Transport,Front-to-Rear,Dark - Lighted,Clear
Ohio,390133,1,HAMILTON (61),CINCINNATI,February,Wednesday,County Road,Urban,39.13269444,-84.49985833,Pedestrian,The First Harmful Event was Not a Collision with a Motor Vehicle in Transport,Dark - Lighted,Rain
Ohio,390134,1,SUMMIT (153),AKRON,March,Saturday,County Road,Rural,41.04700556,-81.48733056,Pedestrian,The First Harmful Event was Not a Collision with a Motor Vehicle in Transport,Dark - Lighted,Clear
Ohio,390136,2,FRANKLIN (49),COLUMBUS,February,Friday,Interstate,Urban,40.01195556,-82.99137778,Parked Motor Vehicle,The First Harmful Event was Not a Collision with a Motor Vehicle in Transport,Daylight,Clear
Ohio,390138,2,GREENE (57),FAIRBORN,March,Sunday,Interstate,Rural,39.83131667,-83.99842222,Guardrail Face,The First Harmful Event was Not a Collision with a Motor Vehicle in Transport,Dark - Not Lighted,Cloudy
Ohio,390140,2,MERCER (107),FORT RECOVERY,March,Monday,State Highway,Rural,40.41215556,-84.76736667,Motor Vehicle In-Transport,Angle,Daylight,Clear
Ohio,390141,1,PREBLE (135),CAMDEN,March,Saturday,State Highway,Rural,39.62760556,-84.65796667,Ditch,The First Harmful Event was Not a Collision with a Motor Vehicle in Transport,Daylight,Clear
Ohio,390142,3,BROWN (15),MOUNT ORAB,March,Tuesday,County Road,Rural,39.015775,-83.877075,Motor Vehicle In-Transport,Angle,Daylight,Clear
Ohio,390147,1,FRANKLIN (49),COLUMBUS,March,Sunday,County Road,Urban,39.93757222,-83.067125,Pedestrian,The First Harmful Event was Not a Collision with a Motor Vehicle in Transport,Dark - Lighted,Rain
Ohio,390154,2,HAMILTON (61),CINCINNATI,March,Saturday,County Road,Urban,39.15114722,-84.60058056,Pedestrian,The First Harmful Event was Not a Collision with a Motor Vehicle in Transport,Daylight,Clear
Ohio,390158,3,MONTGOMERY (113),TROTWOOD,February,Sunday,Local Street - Municipality,Urban,39.78331111,-84.27069167,"Post, Pole or Other Supports",The First Harmful Event was Not a Collision with a Motor Vehicle in Transport,Dark - Not Lighted,Clear
Ohio,390161,1,CUYAHOGA (35),CLEVELAND,February,Tuesday,State Highway,Urban,41.50483889,-81.69859722,Embankment,The First Harmful Event was Not a Collision with a Motor Vehicle in Transport,Dark - Lighted,Rain
Ohio,390162,3,CUYAHOGA (35),EUCLID,March,Saturday,Local Street - Municipality,Urban,41.59771944,-81.49496111,Building,The First Harmful Event was Not a Collision with a Motor Vehicle in Transport,Dark - Lighted,Clear
Ohio,390163,4,GREENE (57),CEDARVILLE,March,Saturday,State Highway,Rural,39.71778889,-83.77555833,Motor Vehicle In-Transport,Angle,Daylight,Cloudy
Ohio,390164,9,MONTGOMERY (113),TROTWOOD,March,Sunday,State Highway,Urban,39.79765278,-84.28078889,Motor Vehicle In-Transport,Angle,Daylight,Clear
Ohio,390172,2,FRANKLIN (49),COLUMBUS,March,Thursday,U.S. Highway,Urban,39.9335,-82.99596111,Motor Vehicle In-Transport,Front-to-Front,Dark - Lighted,Rain
Ohio,390177,3,CUYAHOGA (35),WALTON HILLS,March,Saturday,County Road,Urban,41.35810833,-81.53358611,Motor Vehicle In-Transport,Front-to-Front,Dark - Not Lighted,Snow
Ohio,390181,7,FRANKLIN (49),COLUMBUS,April,Saturday,State Highway,Urban,39.996025,-82.97929167,Utility Pole/Light Support,The First Harmful Event was Not a Collision with a Motor Vehicle in Transport,Daylight,Clear
Ohio,390182,1,FRANKLIN (49),GROVEPORT,April,Sunday,County Road,Urban,39.86810556,-82.885,Tree (Standing Only),The First Harmful Event was Not a Collision with a Motor Vehicle in Transport,Daylight,Clear
Ohio,390183,6,DARKE (37),GREENVILLE,April,Tuesday,State Highway,Rural,40.11180278,-84.65628333,Motor Vehicle In-Transport,Front-to-Rear,Daylight,Clear
Ohio,390187,1,CUYAHOGA (35),STRONGSVILLE,April,Friday,Local Street - Municipality,Urban,41.33806389,-81.84515,Tree (Standing Only),The First Harmful Event was Not a Collision with a Motor Vehicle in Transport,Daylight,Rain
Ohio,390190,1,LUCAS (95),TOLEDO,March,Thursday,County Road,Urban,41.6862,-83.5354,Utility Pole/Light Support,The First Harmful Event was Not a Collision with a Motor Vehicle in Transport,Dark - Lighted,Rain
Ohio,390192,3,MAHONING (99),CAMPBELL,March,Thursday,County Road,Urban,41.07396944,-80.60141111,Embankment,The First Harmful Event was Not a Collision with a Motor Vehicle in Transport,Daylight,Cloudy
Ohio,390194,3,STARK (151),ALLIANCE,March,Saturday,Local Street - Township,Urban,40.92177778,-81.11185,Motor Vehicle In-Transport,Angle,Daylight,Clear
Ohio,390196,1,FRANKLIN (49),COLUMBUS,April,Saturday,Local Street - Township,Urban,40.09419167,-83.08971667,Tree (Standing Only),The First Harmful Event was Not a Collision with a Motor Vehicle in Transport,Daylight,Cloudy
Ohio,390198,4,SANDUSKY (143),WOODVILLE,March,Sunday,U.S. Highway,Rural,41.42471667,-83.29933889,Motor Vehicle In-Transport,Angle,Daylight,Cloudy
Ohio,390199,1,HURON (77),WILLARD,March,Saturday,U.S. Highway,Rural,41.04269444,-82.72599167,Pedestrian,The First Harmful Event was Not a Collision with a Motor Vehicle in Transport,Dark - Unknown Lighting,Freezing Rain or Drizzle
Ohio,390202,2,FRANKLIN (49),COLUMBUS,April,Tuesday,County Road,Urban,40.05680278,-82.95318889,Utility Pole/Light Support,The First Harmful Event was Not a Collision with a Motor Vehicle in Transport,Daylight,Cloudy
Ohio,390203,3,TRUMBULL (155),HUBBARD,March,Monday,Interstate,Urban,41.16389167,-80.609675,Motor Vehicle In-Transport,Front-to-Rear,Daylight,Cloudy
Ohio,390206,2,FRANKLIN (49),COLUMBUS,May,Friday,U.S. Highway,Urban,40.07219167,-83.01899167,Motor Vehicle In-Transport,Front-to-Front,Dark - Lighted,Clear
Ohio,390207,4,FRANKLIN (49),COLUMBUS,May,Sunday,Local Street - Municipality,Urban,39.972675,-83.16039167,Motor Vehicle In-Transport,Front-to-Front,Daylight,Cloudy
Ohio,390210,2,LUCAS (95),TOLEDO,May,Saturday,Local Street - Municipality,Urban,41.638,-83.54626111,Pedestrian,The First Harmful Event was Not a Collision with a Motor Vehicle in Transport,Daylight,Clear
Ohio,390212,1,FRANKLIN (49),COLUMBUS,April,Thursday,State Highway,Urban,39.91993333,-82.93127222,Other Traffic Barrier,The First Harmful Event was Not a Collision with a Motor Vehicle in Transport,Dusk,Cloudy
Ohio,390219,2,HAMILTON (61),CINCINNATI,May,Sunday,Local Street - Municipality,Urban,39.17299167,-84.51109722,Motor Vehicle In-Transport,Front-to-Front,Daylight,Rain
Ohio,390220,3,LUCAS (95),TOLEDO,May,Wednesday,Local Street - Municipality,Urban,41.63816111,-83.64718889,Motor Vehicle In-Transport,Angle,Dark - Lighted,Clear
Ohio,390221,6,TRUMBULL (155),WARREN,April,Thursday,Local Street - Municipality,Urban,41.23408333,-80.83264444,Motor Vehicle In-Transport,Front-to-Rear,Dark - Lighted,Clear
Ohio,390222,5,CUYAHOGA (35),CLEVELAND,March,Sunday,State Highway,Urban,41.47539167,-81.727925,Utility Pole/Light Support,The First Harmful Event was Not a Collision with a Motor Vehicle in Transport,Dark - Lighted,Snow
Ohio,390223,2,CUYAHOGA (35),CLEVELAND,April,Thursday,U.S. Highway,Urban,41.52229444,-81.61059722,Curb,The First Harmful Event was Not a Collision with a Motor Vehicle in Transport,Dark - Lighted,Clear
Ohio,390224,2,CUYAHOGA (35),CLEVELAND,April,Sunday,County Road,Urban,41.49340556,-81.6299,Motor Vehicle In-Transport,Sideswipe - Same Direction,Dark - Lighted,Clear
Ohio,390225,2,CUYAHOGA (35),CLEVELAND,April,Tuesday,Interstate,Urban,41.41042778,-81.66632222,Motor Vehicle In-Transport,Front-to-Rear,Dark - Lighted,Clear
Ohio,390227,1,CUYAHOGA (35),BEREA,April,Monday,County Road,Urban,41.35830556,-81.84849444,Tree (Standing Only),The First Harmful Event was Not a Collision with a Motor Vehicle in Transport,Daylight,Rain
Ohio,390239,5,FRANKLIN (49),HILLIARD,March,Tuesday,Interstate,Urban,40.03305556,-83.12111111,Motor Vehicle In-Transport,Front-to-Rear,Daylight,Clear
Ohio,390241,3,MONTGOMERY (113),HUBER HEIGHTS,April,Saturday,Local Street - Municipality,Urban,39.84357778,-84.05773611,Motor Vehicle In-Transport,Angle,Dark - Not Lighted,Clear
Ohio,390242,1,CUYAHOGA (35),INDEPENDENCE,May,Friday,Interstate,Urban,41.37780556,-81.65285556,Guardrail Face,The First Harmful Event was Not a Collision with a Motor Vehicle in Transport,Daylight,Cloudy
Ohio,390247,3,FRANKLIN (49),COLUMBUS,May,Wednesday,Interstate,Urban,40.02156944,-82.99533889,Motor Vehicle In-Transport,Front-to-Front,Dark - Lighted,Cloudy
Ohio,390254,6,LAKE (85),WILLOUGHBY HILLS,May,Sunday,Interstate,Urban,41.59088056,-81.448825,Motor Vehicle In-Transport,Front-to-Front,Dark - Lighted,Rain
Ohio,390257,3,BUTLER (17),WESTCHESTER,May,Wednesday,County Road,Urban,39.36168611,-84.46778333,Motor Vehicle In-Transport,Angle,Daylight,Clear
Ohio,390259,2,FRANKLIN (49),COLUMBUS,May,Wednesday,U.S. Highway,Urban,39.94796389,-82.93711389,Motor Vehicle In-Transport,Angle,Dark - Lighted,Clear
Ohio,390263,1,CUYAHOGA (35),CLEVELAND,May,Monday,U.S. Highway,Urban,41.47018333,-81.61327222,Parked Motor Vehicle,The First Harmful Event was Not a Collision with a Motor Vehicle in Transport,Dark - Lighted,Clear
Ohio,390267,2,CLARK (23),SPRINGFIELD,May,Sunday,County Road,Urban,39.90416111,-83.774525,"Post, Pole or Other Supports",The First Harmful Event was Not a Collision with a Motor Vehicle in Transport,Dark - Lighted,Clear
Ohio,390268,2,LUCAS (95),OREGON,May,Wednesday,State Highway,Urban,41.63820833,-83.40944722,Motor Vehicle In-Transport,Angle,Daylight,Clear