State,Case Number,Persons,County,City,Month,Day,Route,Rural/Urban,Latitude,Longitude,First Harmful Event,Manner of Collision,Light Conditions,Weather
Ohio,390269,2,LICKING (89),ETNA,May,Thursday,County Road,Rural,39.94431667,-82.73058333,Motor Vehicle In-Transport,Angle,Dark - Not Lighted,Cloudy
Ohio,390272,4,CUYAHOGA (35),SHAKER HEIGHTS,March,Saturday,Local Street - Municipality,Urban,41.47381111,-81.53617222,Motor Vehicle In-Transport,Angle,Dark - Lighted,Rain
Ohio,390274,2,MONTGOMERY (113),DAYTON,May,Thursday,County Road,Urban,39.76975833,-84.24862222,Curb,The First Harmful Event was Not a Collision with a Motor Vehicle in Transport,Dark - Lighted,Clear
Ohio,390276,4,WOOD (173),PERRYSBURG,April,Monday,Interstate,Rural,41.48012778,-83.62203889,Motor Vehicle In-Transport,Front-to-Rear,Daylight,Clear
Ohio,390281,1,CUYAHOGA (35),BRATENAHL,April,Sunday,Interstate,Urban,41.55935833,-81.593475,Pedestrian,The First Harmful Event was Not a Collision with a Motor Vehicle in Transport,Dark - Lighted,Clear
Ohio,390283,3,RICHLAND (139),SHELBY,February,Sunday,County Road,Rural,40.89673611,-82.65545556,Motor Vehicle In-Transport,Angle,Dark - Lighted,Cloudy
Ohio,390285,2,MONTGOMERY (113),BROOKVILLE,April,Monday,County Road,Rural,39.83137222,-84.42043611,Pedestrian,The First Harmful Event was Not a Collision with a Motor Vehicle in Transport,Daylight,Cloudy
Ohio,390287,1,FRANKLIN (49),COLUMBUS,April,Monday,Local Street - Municipality,Urban,39.94925,-83.04296944,Utility Pole/Light Support,The First Harmful Event was Not a Collision with a Motor Vehicle in Transport,Dark - Lighted,Clear
Ohio,390289,1,FRANKLIN (49),COLUMBUS,April,Thursday,Local Street - Municipality,Urban,40.00381944,-83.15713056,Pedestrian,The First Harmful Event was Not a Collision with a Motor Vehicle in Transport,Daylight,Clear
Ohio,390291,1,LUCAS (95),SYLVANIA,May,Thursday,Local Street - Municipality,Urban,41.70232222,-83.65391667,Pedestrian,The First Harmful Event was Not a Collision with a Motor Vehicle in Transport,Dark - Not Lighted,Cloudy
Ohio,390297,4,FAIRFIELD (45),LANCASTER,June,Saturday,Local Street - Municipality,Urban,39.73439722,-82.56919167,Rollover/Overturn,The First Harmful Event was Not a Collision with a Motor Vehicle in Transport,Dusk,Clear
Ohio,390298,3,PREBLE (135),GRATIS,April,Friday,State Highway,Rural,39.56996667,-84.494875,Motor Vehicle In-Transport,Front-to-Front,Daylight,Clear
Ohio,390301,8,LUCAS (95),TOLEDO,April,Monday,Interstate,Urban,41.64186111,-83.49673056,Motor Vehicle In-Transport,Front-to-Rear,Daylight,Cloudy
Ohio,390302,1,CUYAHOGA (35),CLEVELAND,March,Friday,U.S. Highway,Urban,41.46096944,-81.70063611,Pedestrian,The First Harmful Event was Not a Collision with a Motor Vehicle in Transport,Daylight,Cloudy
Ohio,390305,2,HAMILTON (61),SHARONVILLE,May,Sunday,Interstate,Urban,39.272575,-84.44028056,Motor Vehicle In-Transport,Angle,Dark - Lighted,Clear
Ohio,390306,1,LUCAS (95),TOLEDO,April,Tuesday,Local Street - Municipality,Urban,41.64461944,-83.68435,Utility Pole/Light Support,The First Harmful Event was Not a Collision with a Motor Vehicle in Transport,Daylight,Clear
Ohio,390307,1,WOOD (173),PERRYSBURG,April,Tuesday,County Road,Rural,41.52608889,-83.56758056,Utility Pole/Light Support,The First Harmful Event was Not a Collision with a Motor Vehicle in Transport,Daylight,Clear
Ohio,390310,2,FRANKLIN (49),OBETZ,May,Friday,County Road,Urban,39.878625,-82.93093889,Motor Vehicle In-Transport,Angle,Daylight,Cloudy
Ohio,390312,1,CUYAHOGA (35),UNIVERSITY HEIGHTS,March,Thursday,Local Street - Municipality,Urban,41.50133333,-81.51884444,Pedestrian,The First Harmful Event was Not a Collision with a Motor Vehicle in Transport,Dark - Lighted,Clear
Ohio,390313,4,CUYAHOGA (35),CLEVELAND,February,Sunday,County Road,Urban,41.45911944,-81.76892222,Motor Vehicle In-Transport,Angle,Dark - Lighted,Clear
Ohio,390318,1,CUYAHOGA (35),CLEVELAND,May,Tuesday,State Highway,Urban,41.48960278,-81.71308333,Curb,The First Harmful Event was Not a Collision with a Motor Vehicle in Transport,Dark - Not Lighted,Clear
Ohio,390321,1,HAMILTON (61),SILVERTON,May,Thursday,County Road,Urban,39.18144722,-84.395325,Parked Motor Vehicle,The First Harmful Event was Not a Collision with a Motor Vehicle in Transport,Daylight,Rain
Ohio,390326,1,FRANKLIN (49),COLUMBUS,June,Saturday,Local Street - Municipality,Urban,39.90465,-83.05148889,"Harmful Event, Details Not Reported",The First Harmful Event was Not a Collision with a Motor Vehicle in Transport,Daylight,Clear
Ohio,390330,4,TUSCARAWAS (157),NEW PHILADELPHIA,May,Wednesday,State Highway,Urban,40.48062778,-81.42818889,Pedestrian,The First Harmful Event was Not a Collision with a Motor Vehicle in Transport,Daylight,Rain
Ohio,390333,5,AUGLAIZE (11),MOULTON,May,Saturday,County Road,Rural,40.60580833,-84.24579167,Motor Vehicle In-Transport,Front-to-Front,Daylight,Cloudy
Ohio,390335,1,ASHTABULA (7),WINDSOR,June,Monday,Local Street - Township,Rural,41.531625,-80.91477778,Other Object (not fixed),The First Harmful Event was Not a Collision with a Motor Vehicle in Transport,Dark - Not Lighted,Clear
Ohio,390336,4,GEAUGA (55),MONTVILLE,June,Thursday,State Highway,Rural,41.628525,-81.04790833,Motor Vehicle In-Transport,Front-to-Front,Daylight,Clear
Ohio,390337,5,LICKING (89),KIRKERSVILLE,June,Friday,Interstate,Rural,39.94553889,-82.61159722,Motor Vehicle In-Transport,Front-to-Rear,Daylight,Clear
Ohio,390340,2,FRANKLIN (49),COLUMBUS,June,Tuesday,Interstate,Urban,39.93225,-82.93123889,Pedestrian,The First Harmful Event was Not a Collision with a Motor Vehicle in Transport,Dark - Lighted,Cloudy
Ohio,390342,8,FRANKLIN (49),OBETZ,June,Monday,Interstate,Urban,39.87181111,-82.94661389,Cable Barrier,The First Harmful Event was Not a Collision with a Motor Vehicle in Transport,Daylight,Clear
Ohio,390345,1,LORAIN (93),AVON LAKE,June,Thursday,U.S. Highway,Urban,41.50098889,-82.0639,Pedalcyclist,The First Harmful Event was Not a Collision with a Motor Vehicle in Transport,Daylight,Clear
Ohio,390347,1,RICHLAND (139),MANSFIELD,February,Wednesday,Local Street - Township,Urban,40.76741389,-82.57087222,Parked Motor Vehicle,The First Harmful Event was Not a Collision with a Motor Vehicle in Transport,Dark - Lighted,Snow
Ohio,390350,3,LUCAS (95),TOLEDO,June,Friday,County Road,Urban,41.63076111,-83.57703056,Motor Vehicle In-Transport,Angle,Daylight,Clear
Ohio,390352,1,WOOD (173),HASKINS,June,Saturday,State Highway,Rural,41.46729722,-83.706,"Post, Pole or Other Supports",The First Harmful Event was Not a Collision with a Motor Vehicle in Transport,Dark - Lighted,Cloudy
Ohio,390358,5,FRANKLIN (49),OBETZ,June,Tuesday,Interstate,Urban,39.87156111,-82.94584722,Motor Vehicle In-Transport,Angle,Dawn,Clear
Ohio,390359,1,STARK (151),CANTON,June,Tuesday,Local Street - Municipality,Urban,40.76686944,-81.387925,Guardrail Face,The First Harmful Event was Not a Collision with a Motor Vehicle in Transport,Daylight,Clear
Ohio,390360,1,FAIRFIELD (45),PICKERINGTON,June,Thursday,Local Street - Municipality,Urban,39.89595,-82.76264444,Mail Box,The First Harmful Event was Not a Collision with a Motor Vehicle in Transport,Daylight,Clear
Ohio,390361,3,LUCAS (95),OREGON,June,Saturday,County Road,Urban,41.67413889,-83.42958611,Motor Vehicle In-Transport,Angle,Daylight,Rain
Ohio,390362,2,DELAWARE (41),DELAWARE,June,Tuesday,U.S. Highway,Urban,40.26873889,-83.07058889,Motor Vehicle In-Transport,Angle,Daylight,Cloudy
Ohio,390363,2,WOOD (173),PERRYSBURG,June,Saturday,State Highway,Urban,41.53127222,-83.61061111,Motor Vehicle In-Transport,Front-to-Front,Daylight,Rain
Ohio,390368,1,CUYAHOGA (35),BROADVIEW HEIGHTS,June,Sunday,Interstate,Urban,41.34091667,-81.64958611,Traffic Sign Support,The First Harmful Event was Not a Collision with a Motor Vehicle in Transport,Dark - Lighted,Rain
Ohio,390369,2,GREENE (57),FAIRBORN,April,Monday,Local Street - Municipality,Urban,39.81071944,-84.01935,Motor Vehicle In-Transport,Angle,Daylight,Clear
Ohio,390370,1,CUYAHOGA (35),CLEVELAND,March,Wednesday,Local Street - Municipality,Urban,41.46264167,-81.76880833,Pedestrian,The First Harmful Event was Not a Collision with a Motor Vehicle in Transport,Dark - Lighted,Clear
Ohio,390372,2,SUMMIT (153),GREEN,February,Wednesday,Interstate,Urban,40.9655,-81.46781944,Motor Vehicle In-Transport,Front-to-Front,Dark - Lighted,Clear
Ohio,390376,0,PICKAWAY (129),CIRCLEVILLE,June,Monday,State Highway,Urban,39.60495833,-82.94364167,Pedestrian,The First Harmful Event was Not a Collision with a Motor Vehicle in Transport,Daylight,Cloudy
Ohio,390381,1,HAMILTON (61),CINCINNATI,April,Saturday,County Road,Urban,39.14391111,-84.51108056,Curb,The First Harmful Event was Not a Collision with a Motor Vehicle in Transport,Dark - Lighted,Clear
Ohio,390382,3,CUYAHOGA (35),NORTH OLMSTED,June,Saturday,State Highway,Urban,41.42657222,-81.89477778,Motor Vehicle In-Transport,Angle,Dark - Lighted,Clear
Ohio,390383,1,FRANKLIN (49),COLUMBUS,March,Sunday,Local Street - Municipality,Urban,39.94297222,-82.95422222,Pedestrian,The First Harmful Event was Not a Collision with a Motor Vehicle in Transport,Dark - Lighted,Rain
Ohio,390385,1,COLUMBIANA (29),ACHOR,June,Sunday,State Highway,Rural,40.76526389,-80.63390833,Mail Box,The First Harmful Event was Not a Collision with a Motor Vehicle in Transport,Dark - Not Lighted,Rain
Ohio,390388,3,HAMILTON (61),CINCINNATI,June,Sunday,Local Street - Municipality,Urban,39.11827778,-84.500125,Curb,The First Harmful Event was Not a Collision with a Motor Vehicle in Transport,Daylight,Rain
Ohio,390390,3,PORTAGE (133),BRIMFIELD,June,Monday,County Road,Urban,41.08320833,-81.37246111,Motor Vehicle In-Transport,Angle,Daylight,Rain
Ohio,390392,2,TRUMBULL (155),WARREN,June,Friday,Local Street - Municipality,Urban,41.24413889,-80.84531667,Utility Pole/Light Support,The First Harmful Event was Not a Collision with a Motor Vehicle in Transport,Daylight,Clear
Ohio,390393,1,HAMILTON (61),CINCINNATI,June,Wednesday,Local Street - Municipality,Urban,39.13296667,-84.52028889,Utility Pole/Light Support,The First Harmful Event was Not a Collision with a Motor Vehicle in Transport,Dark - Lighted,Clear
Ohio,390395,3,LICKING (89),HEATH,April,Saturday,County Road,Urban,40.00348889,-82.48179722,Rollover/Overturn,The First Harmful Event was Not a Collision with a Motor Vehicle in Transport,Dark - Not Lighted,Clear
Ohio,390396,1,MONTGOMERY (113),OAKWOOD,March,Saturday,State Highway,Urban,39.72905278,-84.18037222,Curb,The First Harmful Event was Not a Collision with a Motor Vehicle in Transport,Daylight,Clear
Ohio,390397,3,SUMMIT (153),CUYAHOGA FALLS,March,Tuesday,County Road,Urban,41.1251,-81.5086,Motor Vehicle In-Transport,Angle,Daylight,Cloudy
Ohio,390398,4,SUMMIT (153),CUYAHOGA FALLS,March,Monday,County Road,Urban,41.13479722,-81.47891111,Motor Vehicle In-Transport,Angle,Daylight,Clear
Ohio,390399,1,LORAIN (93),LORAIN,June,Friday,Local Street - Municipality,Urban,41.46868889,-82.14876667,Mail Box,The First Harmful Event was Not a Collision with a Motor Vehicle in Transport,Daylight,Clear
Ohio,390400,1,MAHONING (99),YOUNGSTOWN,April,Friday,State Highway,Urban,41.11173333,-80.66550278,Bridge Rail (Includes parapet),The First Harmful Event was Not a Collision with a Motor Vehicle in Transport,Dark - Lighted,Rain
Ohio,390401,2,PORTAGE (133),STREETSBORO,June,Friday,State Highway,Urban,41.20516944,-81.30016111,Motor Vehicle In-Transport,Sideswipe - Same Direction,Daylight,Clear
Ohio,390402,1,LUCAS (95),TOLEDO,June,Sunday,Local Street - Municipality,Urban,41.68848056,-83.50093056,Traffic Sign Support,The First Harmful Event was Not a Collision with a Motor Vehicle in Transport,Dark - Lighted,Clear
Ohio,390403,1,LORAIN (93),NORTH RIDGEVILLE,July,Tuesday,Local Street - Municipality,Urban,41.40025278,-82.05074167,Tree (Standing Only),The First Harmful Event was Not a Collision with a Motor Vehicle in Transport,Dark - Not Lighted,Clear
Ohio,390404,1,SUMMIT (153),AKRON,July,Tuesday,State Highway,Urban,41.07647222,-81.50410833,Pedestrian,The First Harmful Event was Not a Collision with a Motor Vehicle in Transport,Dark - Lighted,Cloudy
Ohio,390408,1,HAMILTON (61),CINCINNATI,June,Monday,County Road,Urban,39.15688333,-84.53885278,Fence,The First Harmful Event was Not a Collision with a Motor Vehicle in Transport,Dark - Lighted,Cloudy
Ohio,390415,2,BUTLER (17),WESTCHESTER,July,Wednesday,U.S. Highway,Urban,39.32925833,-84.35401111,Motor Vehicle In-Transport,Angle,Daylight,Clear
Ohio,390419,3,GEAUGA (55),SOUTH NEWBURY,July,Monday,Local Street - Township,Rural,41.48054167,-81.23520833,Motor Vehicle In-Transport,Front-to-Front,Daylight,Clear
Ohio,390421,3,CUYAHOGA (35),CLEVELAND,May,Thursday,County Road,Urban,41.45748889,-81.59126111,Utility Pole/Light Support,The First Harmful Event was Not a Collision with a Motor Vehicle in Transport,Dark - Lighted,Cloudy
Ohio,390422,8,CUYAHOGA (35),CLEVELAND,June,Sunday,U.S. Highway,Urban,41.48301111,-81.64499444,Motor Vehicle In-Transport,Front-to-Front,Daylight,Clear
Ohio,390423,1,MONTGOMERY (113),TROTWOOD,June,Tuesday,State Highway,Urban,39.74645,-84.28852778,Pedestrian,The First Harmful Event was Not a Collision with a Motor Vehicle in Transport,Dark - Lighted,Cloudy
Ohio,390430,2,CUYAHOGA (35),CLEVELAND,May,Wednesday,U.S. Highway,Urban,41.48650833,-81.72084722,Motor Vehicle In-Transport,Front-to-Front,Dark - Lighted,Clear
Ohio,390431,1,CUYAHOGA (35),CLEVELAND,June,Monday,State Highway,Urban,41.43464722,-81.71061944,Curb,The First Harmful Event was Not a Collision with a Motor Vehicle in Transport,Dark - Lighted,Clear
Ohio,390433,1,HARDIN (65),KENTON,March,Thursday,County Road,Rural,40.64251111,-83.60623056,Tree (Standing Only),The First Harmful Event was Not a Collision with a Motor Vehicle in Transport,Daylight,Clear
Ohio,390437,2,BUTLER (17),WEST MIDDLETOWN,May,Saturday,State Highway,Urban,39.52611389,-84.39171944,Motor Vehicle In-Transport,Angle,Daylight,Clear
Ohio,390441,1,ASHTABULA (7),ASHTABULA,July,Tuesday,County Road,Rural,41.85767222,-80.76843333,Ditch,The First Harmful Event was Not a Collision with a Motor Vehicle in Transport,Dark - Not Lighted,Rain
Ohio,390442,1,CLERMONT (25),GOSHEN,July,Wednesday,County Road,Rural,39.24911111,-84.17059444,Pedalcyclist,The First Harmful Event was Not a Collision with a Motor Vehicle in Transport,Daylight,Clear
Ohio,390443,2,LUCAS (95),SYLVANIA,July,Wednesday,U.S. Highway,Urban,41.69482222,-83.69561944,Motor Vehicle In-Transport,Angle,Dark - Lighted,Rain
Ohio,390446,1,MAHONING (99),YOUNGSTOWN,July,Friday,Local Street - Municipality,Rural,41.09613889,-80.67785278,Tree (Standing Only),The First Harmful Event was Not a Collision with a Motor Vehicle in Transport,Daylight,Clear
Ohio,390450,1,LICKING (89),NEWARK,July,Friday,Local Street - Municipality,Urban,40.04751389,-82.42140833,Pedalcyclist,The First Harmful Event was Not a Collision with a Motor Vehicle in Transport,Dark - Lighted,Cloudy
Ohio,390460,1,GREENE (57),BEAVER CREEK,June,Friday,Local Street - Municipality,Urban,39.695775,-84.09102778,Pedalcyclist,The First Harmful Event was Not a Collision with a Motor Vehicle in Transport,Dusk,Cloudy
Ohio,390462,3,CUYAHOGA (35),CLEVELAND,May,Friday,County Road,Urban,41.53155278,-81.63129722,Pedestrian,The First Harmful Event was Not a Collision with a Motor Vehicle in Transport,Dark - Lighted,Clear
Ohio,390463,4,CUYAHOGA (35),CLEVELAND,June,Wednesday,Interstate,Urban,41.46128611,-81.656925,Guardrail Face,The First Harmful Event was Not a Collision with a Motor Vehicle in Transport,Daylight,Clear
Ohio,390465,1,MADISON (97),LONDON,July,Saturday,U.S. Highway,Urban,39.89126111,-83.44521667,Tree (Standing Only),The First Harmful Event was Not a Collision with a Motor Vehicle in Transport,Dark - Lighted,Clear
Ohio,390466,1,CUYAHOGA (35),CLEVELAND,April,Tuesday,Local Street - Municipality,Urban,41.45986944,-81.65665556,Bridge Overhead Structure,The First Harmful Event was Not a Collision with a Motor Vehicle in Transport,Daylight,Cloudy
Ohio,390467,1,LUCAS (95),TOLEDO,July,Saturday,Local Street - Municipality,Urban,41.65288889,-83.60531944,Pedalcyclist,The First Harmful Event was Not a Collision with a Motor Vehicle in Transport,Daylight,Clear
Ohio,390469,2,LICKING (89),ETNA,July,Monday,Interstate,Urban,39.94861111,-82.67739444,Motor Vehicle In-Transport,Front-to-Rear,Daylight,Cloudy
Ohio,390470,2,LUCAS (95),TOLEDO,July,Thursday,Local Street - Municipality,Urban,41.65515,-83.51261944,"Post, Pole or Other Supports",The First Harmful Event was Not a Collision with a Motor Vehicle in Transport,Dark - Unknown Lighting,Clear
Ohio,390471,1,MONTGOMERY (113),DAYTON,July,Monday,Local Street - Township,Urban,39.74992778,-84.24822778,Wall,The First Harmful Event was Not a Collision with a Motor Vehicle in Transport,Dark - Lighted,Clear
Ohio,390481,1,LAKE (85),MENTOR,July,Saturday,County Road,Urban,41.66863333,-81.37176111,Other Non-Collision,The First Harmful Event was Not a Collision with a Motor Vehicle in Transport,Dark - Lighted,Clear
Ohio,390483,2,SANDUSKY (143),FREMONT,June,Thursday,County Road,Urban,41.35561111,-83.08059722,Motor Vehicle In-Transport,Angle,Daylight,Rain
Ohio,390484,2,CHAMPAIGN (21),URBANA,July,Friday,State Highway,Rural,40.09293611,-83.75723056,Motor Vehicle In-Transport,Angle,Daylight,Clear
Ohio,390485,1,FRANKLIN (49),COLUMBUS,July,Friday,Interstate,Urban,39.94951111,-83.03958333,Rollover/Overturn,The First Harmful Event was Not a Collision with a Motor Vehicle in Transport,Daylight,Clear
Ohio,390487,2,LORAIN (93),LORAIN,July,Tuesday,County Road,Urban,41.409325,-82.28290556,Motor Vehicle In-Transport,Angle,Daylight,Clear
Ohio,390488,2,LAWRENCE (87),CHESAPEAKE,June,Wednesday,State Highway,Urban,38.42818889,-82.44766389,Motor Vehicle In-Transport,Angle,Daylight,Clear
Ohio,390490,1,FRANKLIN (49),COLUMBUS,July,Tuesday,Local Street - Municipality,Urban,39.94371111,-82.95661944,Rollover/Overturn,The First Harmful Event was Not a Collision with a Motor Vehicle in Transport,Dark - Lighted,Clear
Ohio,390493,1,ASHTABULA (7),ASHTABULA,July,Monday,Local Street - Municipality,Urban,41.87061389,-80.78013889,Other Fixed Object,The First Harmful Event was Not a Collision with a Motor Vehicle in Transport,Daylight,Clear
Ohio,390502,1,FRANKLIN (49),COLUMBUS,August,Thursday,Local Street - Municipality,Urban,39.91850556,-82.82411944,Pedestrian,The First Harmful Event was Not a Collision with a Motor Vehicle in Transport,Daylight,Clear
Ohio,390504,2,FRANKLIN (49),COLUMBUS,July,Sunday,County Road,Urban,39.93624444,-82.98355278,Pedestrian,The First Harmful Event was Not a Collision with a Motor Vehicle in Transport,Dark - Lighted,Clear
Ohio,390506,1,FRANKLIN (49),COLUMBUS,July,Monday,County Road,Urban,40.04803889,-82.90145556,Concrete Traffic Barrier,The First Harmful Event was Not a Collision with a Motor Vehicle in Transport,Dark - Lighted,Clear
Ohio,390508,3,FRANKLIN (49),COLUMBUS,July,Monday,County Road,Urban,39.94848889,-83.04701111,Motor Vehicle In-Transport,Angle,Daylight,Clear
Ohio,390509,1,FRANKLIN (49),COLUMBUS,July,Wednesday,County Road,Urban,39.917525,-82.82376389,Guardrail Face,The First Harmful Event was Not a Collision with a Motor Vehicle in Transport,Daylight,Clear
Ohio,390511,1,FRANKLIN (49),COLUMBUS,July,Saturday,State Highway,Urban,40.01636111,-82.96573056,Tree (Standing Only),The First Harmful Event was Not a Collision with a Motor Vehicle in Transport,Dark - Lighted,Clear
Ohio,390518,1,BELMONT (13),FLUSHING,July,Sunday,State Highway,Rural,40.13919722,-81.09035833,Rollover/Overturn,The First Harmful Event was Not a Collision with a Motor Vehicle in Transport,Daylight,Clear
Ohio,390526,2,WARREN (165),FRANKLIN,August,Saturday,Local Street - Township,Urban,39.57788889,-84.29451389,Traffic Sign Support,The First Harmful Event was Not a Collision with a Motor Vehicle in Transport,Daylight,Clear
Ohio,390538,1,MAHONING (99),BOARDMAN,August,Wednesday,County Road,Urban,40.99731944,-80.63383889,Pedestrian,The First Harmful Event was Not a Collision with a Motor Vehicle in Transport,Dark - Not Lighted,Cloudy
Ohio,390541,3,MEIGS (105),CHESTER,August,Sunday,State Highway,Rural,39.11454722,-81.91583056,Motor Vehicle In-Transport,Front-to-Front,Daylight,Clear
Ohio,390543,1,FRANKLIN (49),COLUMBUS,August,Saturday,Local Street - Municipality,Urban,39.94942222,-83.02226389,Pedestrian,The First Harmful Event was Not a Collision with a Motor Vehicle in Transport,Dark - Lighted,Clear
Ohio,390549,1,MAHONING (99),YOUNGSTOWN,August,Wednesday,Local Street - Municipality,Urban,41.071925,-80.62142222,Rollover/Overturn,The First Harmful Event was Not a Collision with a Motor Vehicle in Transport,Dark - Lighted,Clear
Ohio,390555,1,SUMMIT (153),AKRON,June,Monday,State Highway,Urban,41.101975,-81.47228889,Pedestrian,The First Harmful Event was Not a Collision with a Motor Vehicle in Transport,Dark - Lighted,Cloudy
Ohio,390557,1,PREBLE (135),EATON,July,Sunday,County Road,Urban,39.75858333,-84.617825,Guardrail End,The First Harmful Event was Not a Collision with a Motor Vehicle in Transport,Daylight,Clear
Ohio,390559,2,HAMILTON (61),CINCINNATI,July,Thursday,Interstate,Urban,39.16186111,-84.52028889,Motor Vehicle In-Transport,Front-to-Rear,Daylight,Clear
Ohio,390560,3,BUTLER (17),HAMILTON,August,Wednesday,State Highway,Urban,39.3918,-84.5473,Motor Vehicle In-Transport,Front-to-Rear,Daylight,Clear
Ohio,390564,3,SUMMIT (153),GREEN,April,Thursday,State Highway,Urban,40.973775,-81.46360833,Motor Vehicle In-Transport,Angle,Daylight,Cloudy
Ohio,390565,2,CUYAHOGA (35),CLEVELAND,August,Friday,County Road,Urban,41.5653,-81.55970278,Motor Vehicle In-Transport,Angle,Daylight,Clear
Ohio,390567,8,MONTGOMERY (113),VANDALIA,August,Saturday,Interstate,Urban,39.90105556,-84.18698056,Motor Vehicle In-Transport,Front-to-Rear,Daylight,Clear
Ohio,390570,2,HARDIN (65),MOUNT VICTORY,June,Tuesday,County Road,Rural,40.52841389,-83.51651111,Motor Vehicle In-Transport,Front-to-Front,Daylight,Clear
Ohio,390573,5,CUYAHOGA (35),CLEVELAND,July,Saturday,Local Street - Municipality,Urban,41.47000278,-81.69968611,Pedestrian,The First Harmful Event was Not a Collision with a Motor Vehicle in Transport,Dark - Lighted,Cloudy
Ohio,390575,1,PORTAGE (133),ATWATER,August,Saturday,U.S. Highway,Rural,41.02464167,-81.04180278,Pedestrian,The First Harmful Event was Not a Collision with a Motor Vehicle in Transport,Daylight,Cloudy
Ohio,390576,4,MONTGOMERY (113),HUBER HEIGHTS,August,Wednesday,Local Street - Municipality,Urban,39.84845,-84.14305,Motor Vehicle In-Transport,Front-to-Front,Dark - Not Lighted,Clear
Ohio,390579,7,PICKAWAY (129),CIRCLEVILLE,August,Saturday,U.S. Highway,Rural,39.65088333,-82.9581,Motor Vehicle In-Transport,Front-to-Front,Dark - Not Lighted,Clear
Ohio,390584,1,ASHTABULA (7),SAYBROOK,August,Monday,U.S. Highway,Urban,41.84098056,-80.84493056,Motor Vehicle In-Transport,Sideswipe - Same Direction,Daylight,Clear
Ohio,390586,2,BUTLER (17),WESTCHESTER,August,Thursday,Local Street - Municipality,Urban,39.3189,-84.407325,Traffic Sign Support,The First Harmful Event was Not a Collision with a Motor Vehicle in Transport,Dark - Not Lighted,Clear
Ohio,390587,1,STARK (151),CANTON,July,Saturday,Local Street - Municipality,Urban,40.82486944,-81.39400278,Guardrail Face,The First Harmful Event was Not a Collision with a Motor Vehicle in Transport,Daylight,Clear
Ohio,390589,4,FRANKLIN (49),COLUMBUS,August,Tuesday,U.S. Highway,Urban,39.82923056,-83.00075556,Motor Vehicle In-Transport,Angle,Daylight,Clear
Ohio,390591,2,BUTLER (17),WEST MIDDLETOWN,August,Saturday,Local Street - Municipality,Urban,39.52556944,-84.36540833,Motor Vehicle In-Transport,Sideswipe - Same Direction,Daylight,Clear
Ohio,390592,1,GEAUGA (55),PARKMAN,August,Saturday,State Highway,Rural,41.393675,-81.06031389,Culvert,The First Harmful Event was Not a Collision with a Motor Vehicle in Transport,Daylight,Clear
Ohio,390594,2,GREENE (57),BEAVER CREEK,June,Friday,Interstate,Urban,39.77316389,-84.06895278,Motor Vehicle In-Transport,Front-to-Front,Dusk,Cloudy
Ohio,390597,1,ERIE (43),SANDUSKY,August,Sunday,State Highway,Urban,41.44240833,-82.78040278,Rollover/Overturn,The First Harmful Event was Not a Collision with a Motor Vehicle in Transport,Daylight,Clear
Ohio,390598,1,TRUMBULL (155),WARREN,August,Sunday,Local Street - Municipality,Urban,41.23608889,-80.822725,"Post, Pole or Other Supports",The First Harmful Event was Not a Collision with a Motor Vehicle in Transport,Dark - Lighted,Cloudy
Ohio,390601,1,HAMILTON (61),CINCINNATI,August,Thursday,County Road,Urban,39.11846667,-84.51918889,Parked Motor Vehicle,The First Harmful Event was Not a Collision with a Motor Vehicle in Transport,Daylight,Clear
Ohio,390602,1,CUYAHOGA (35),CLEVELAND,July,Saturday,County Road,Urban,41.55701944,-81.58527222,Utility Pole/Light Support,The First Harmful Event was Not a Collision with a Motor Vehicle in Transport,Dark - Lighted,Clear
Ohio,390603,2,CUYAHOGA (35),CLEVELAND,August,Saturday,Local Street - Municipality,Urban,41.44951944,-81.57643056,Motor Vehicle In-Transport,Angle,Dark - Lighted,Clear
Ohio,390607,3,FRANKLIN (49),COLUMBUS,September,Friday,Interstate,Urban,40.06622222,-82.90620278,Motor Vehicle In-Transport,Front-to-Rear,Dawn,Clear
Ohio,390609,6,GREENE (57),FAIRBORN,August,Saturday,Local Street - Municipality,Trafficway Not in State Inventory,39.81190556,-84.01506667,Motor Vehicle In-Transport,Angle,Daylight,Clear
Ohio,390611,1,CUYAHOGA (35),CLEVELAND,August,Sunday,Interstate,Urban,41.56752222,-81.57598333,Concrete Traffic Barrier,The First Harmful Event was Not a Collision with a Motor Vehicle in Transport,Dusk,Clear
Ohio,390613,3,LUCAS (95),OTTAWA HILLS,August,Tuesday,State Highway,Urban,41.67702778,-83.64405278,Motor Vehicle In-Transport,Angle,Daylight,Cloudy
Ohio,390614,1,CUYAHOGA (35),BRATENAHL,August,Tuesday,Interstate,Urban,41.549725,-81.60651389,Curb,The First Harmful Event was Not a Collision with a Motor Vehicle in Transport,Dark - Lighted,Clear
Ohio,390617,3,FRANKLIN (49),COLUMBUS,July,Tuesday,Interstate,Urban,39.98443889,-82.98489722,Motor Vehicle In-Transport,Front-to-Rear,Dark - Unknown Lighting,Rain
Ohio,390619,2,LICKING (89),PATASKALA,August,Saturday,County Road,Rural,40.022475,-82.72966111,Ditch,The First Harmful Event was Not a Collision with a Motor Vehicle in Transport,Daylight,Clear
Ohio,390631,7,ASHTABULA (7),GENEVA,September,Saturday,State Highway,Urban,41.86695278,-80.90545833,Motor Vehicle In-Transport,Front-to-Rear,Dark - Not Lighted,Clear
Ohio,390636,2,FRANKLIN (49),GAHANNA,August,Friday,Interstate,Urban,39.992,-82.85638056,Bridge Overhead Structure,The First Harmful Event was Not a Collision with a Motor Vehicle in Transport,Dark - Not Lighted,Clear
Ohio,390637,1,LUCAS (95),TOLEDO,August,Monday,County Road,Urban,41.68313889,-83.55420278,Curb,The First Harmful Event was Not a Collision with a Motor Vehicle in Transport,Dark - Lighted,Clear
Ohio,390638,2,CUYAHOGA (35),INDEPENDENCE,May,Monday,County Road,Urban,41.3968,-81.6536,Motor Vehicle In-Transport,Angle,Dawn,Clear
Ohio,390639,1,GREENE (57),BEAVER CREEK,May,Wednesday,Interstate,Urban,39.77275,-84.07459167,Rollover/Overturn,The First Harmful Event was Not a Collision with a Motor Vehicle in Transport,Dark - Lighted,Clear