State,Case Number,Persons,County,City,Month,Day,Route,Rural/Urban,Latitude,Longitude,First Harmful Event,Manner of Collision,Light Conditions,Weather
Ohio,391029,1,CUYAHOGA (35),GARFIELD HEIGHTS,December,Thursday,Interstate,Urban,41.41713889,-81.59416667,Embankment,The First Harmful Event was Not a Collision with a Motor Vehicle in Transport,Dark - Lighted,Cloudy
Ohio,391031,3,CLARK (23),SPRINGFIELD,October,Tuesday,Local Street - Municipality,Urban,39.94000556,-83.77783333,Utility Pole/Light Support,The First Harmful Event was Not a Collision with a Motor Vehicle in Transport,Dark - Lighted,Cloudy
Ohio,391033,3,CUYAHOGA (35),CLEVELAND,November,Friday,Interstate,Urban,41.47423056,-81.66020278,Impact Attenuator/Crash Cushion,The First Harmful Event was Not a Collision with a Motor Vehicle in Transport,Daylight,Cloudy
Ohio,391034,5,CUYAHOGA (35),CLEVELAND,November,Wednesday,State Highway,Urban,41.46697222,-81.65112222,Motor Vehicle In-Transport,Front-to-Rear,Daylight,Cloudy
Ohio,391035,2,CUYAHOGA (35),CLEVELAND,December,Tuesday,State Highway,Urban,41.44202222,-81.57170556,Motor Vehicle In-Transport,Front-to-Front,Daylight,Cloudy
Ohio,391036,1,CUYAHOGA (35),CLEVELAND,December,Friday,Local Street - Municipality,Urban,41.45818056,-81.61893611,Curb,The First Harmful Event was Not a Collision with a Motor Vehicle in Transport,Dark - Lighted,Cloudy
Ohio,391038,4,MONTGOMERY (113),RIVERSIDE,October,Saturday,County Road,Urban,39.82076944,-84.13933056,Motor Vehicle In-Transport,Front-to-Rear,Daylight,Rain
Ohio,391039,3,SUMMIT (153),AKRON,September,Saturday,State Highway,Urban,41.05067778,-81.54814167,Motor Vehicle In-Transport,Angle,Dark - Lighted,Cloudy
Ohio,391041,4,CUYAHOGA (35),CLEVELAND,October,Sunday,County Road,Urban,41.48835,-81.60913056,Motor Vehicle In-Transport,Angle,Daylight,Cloudy
Ohio,391044,1,SUMMIT (153),AKRON,November,Wednesday,County Road,Urban,41.1037,-81.49934167,Curb,The First Harmful Event was Not a Collision with a Motor Vehicle in Transport,Dark - Lighted,Cloudy
Ohio,391047,1,FRANKLIN (49),COLUMBUS,November,Saturday,Local Street - Municipality,Urban,39.92551111,-83.16258889,Utility Pole/Light Support,The First Harmful Event was Not a Collision with a Motor Vehicle in Transport,Dark - Not Lighted,Rain
Ohio,391051,4,MONTGOMERY (113),MORAINE,March,Sunday,Interstate,Urban,39.70086667,-84.22944722,Motor Vehicle In-Transport,Front-to-Front,Dark - Not Lighted,Cloudy
Ohio,391053,4,SHELBY (149),BOTKINS,October,Thursday,State Highway,Rural,40.43881944,-84.17863056,Motor Vehicle In-Transport,Angle,Daylight,Clear
Ohio,391054,1,SUMMIT (153),AKRON,October,Thursday,Local Street - Municipality,Urban,41.03614167,-81.52698889,Pedestrian,The First Harmful Event was Not a Collision with a Motor Vehicle in Transport,Daylight,Clear
Ohio,391055,1,SUMMIT (153),AKRON,October,Friday,Local Street - Municipality,Urban,41.10213611,-81.5121,Pedestrian,The First Harmful Event was Not a Collision with a Motor Vehicle in Transport,Dark - Lighted,Cloudy
Ohio,391057,1,SENECA (147),TIFFIN,December,Thursday,State Highway,Urban,41.11726667,-83.16660833,Other Object (not fixed),The First Harmful Event was Not a Collision with a Motor Vehicle in Transport,Daylight,Clear
Ohio,391058,3,SUMMIT (153),CUYAHOGA FALLS,November,Wednesday,State Highway,Urban,41.14606389,-81.4756,Motor Vehicle In-Transport,Front-to-Front,Dark - Lighted,Clear
Ohio,391060,2,HAMILTON (61),CINCINNATI,December,Tuesday,Local Street - Municipality,Urban,39.16453333,-84.55239167,Pedestrian,The First Harmful Event was Not a Collision with a Motor Vehicle in Transport,Dark - Lighted,Clear
Ohio,391062,2,CUYAHOGA (35),CLEVELAND,December,Wednesday,Local Street - Municipality,Urban,41.4669,-81.72224722,Utility Pole/Light Support,The First Harmful Event was Not a Collision with a Motor Vehicle in Transport,Dark - Lighted,Clear
Ohio,391063,1,CUYAHOGA (35),CLEVELAND,December,Tuesday,County Road,Urban,41.506975,-81.61535278,Pedestrian,The First Harmful Event was Not a Collision with a Motor Vehicle in Transport,Dark - Lighted,Cloudy
Ohio,391064,2,FRANKLIN (49),COLUMBUS,November,Friday,Local Street - Municipality,Urban,40.02733056,-83.11656944,Motor Vehicle In-Transport,Angle,Daylight,Clear
Ohio,391065,2,CUYAHOGA (35),CLEVELAND,December,Saturday,County Road,Urban,41.55101389,-81.57546389,Motor Vehicle In-Transport,Front-to-Front,Dark - Lighted,Clear
Ohio,391066,1,SUMMIT (153),CUYAHOGA FALLS,December,Wednesday,Local Street - Municipality,Urban,41.1472,-81.53026944,Tree (Standing Only),The First Harmful Event was Not a Collision with a Motor Vehicle in Transport,Dark - Not Lighted,Cloudy
Ohio,391068,5,CLARK (23),SPRINGFIELD,November,Thursday,State Highway,Rural,39.91878889,-83.88600556,Motor Vehicle In-Transport,Front-to-Rear,Daylight,Cloudy
Ohio,391069,2,SUMMIT (153),AKRON,December,Sunday,County Road,Urban,41.09735278,-81.51563889,Curb,The First Harmful Event was Not a Collision with a Motor Vehicle in Transport,Dark - Lighted,Cloudy
Ohio,391072,4,CUYAHOGA (35),EAST CLEVELAND,December,Monday,U.S. Highway,Rural,41.53609722,-81.57609722,Pedestrian,The First Harmful Event was Not a Collision with a Motor Vehicle in Transport,Dusk,Cloudy
Ohio,391073,7,STARK (151),CANTON,November,Monday,Interstate,Urban,40.82277778,-81.39632778,Motor Vehicle In-Transport,Sideswipe - Same Direction,Daylight,Clear
Ohio,391074,4,MONTGOMERY (113),MORAINE,November,Tuesday,Interstate,Urban,39.688475,-84.22953611,Motor Vehicle In-Transport,Front-to-Rear,Dusk,Clear
Ohio,391076,4,RICHLAND (139),BELLVILLE,October,Thursday,State Highway,Rural,40.62010556,-82.51906111,Motor Vehicle In-Transport,Front-to-Front,Daylight,Rain
Ohio,391077,1,WAYNE (169),WOOSTER,December,Thursday,Local Street - Township,Urban,40.83859722,-81.91568611,Pedestrian,The First Harmful Event was Not a Collision with a Motor Vehicle in Transport,Daylight,Clear
Ohio,391078,1,TRUMBULL (155),WARREN,November,Wednesday,State Highway,Urban,41.23397778,-80.82634167,Pedestrian,The First Harmful Event was Not a Collision with a Motor Vehicle in Transport,Dark - Lighted,Cloudy
Ohio,391081,3,GREENE (57),BEAVER CREEK,December,Saturday,Local Street - Municipality,Urban,39.72798333,-84.05726389,Motor Vehicle In-Transport,Angle,Dark - Lighted,Cloudy
Oklahoma,400004,2,TULSA (143),TULSA,January,Wednesday,Local Street - Municipality,Urban,36.1189,-95.8509,Pedestrian,The First Harmful Event was Not a Collision with a Motor Vehicle in Transport,Daylight,Clear
Oklahoma,400008,4,BRYAN (13),DURANT,January,Monday,Local Street - Municipality,Urban,33.98819444,-96.390975,Motor Vehicle In-Transport,Angle,Daylight,Clear
Oklahoma,400012,1,CLEVELAND (27),NORMAN,January,Monday,Interstate,Urban,35.2243,-97.4853,Pedestrian,The First Harmful Event was Not a Collision with a Motor Vehicle in Transport,Dark - Lighted,Clear
Oklahoma,400018,3,TULSA (143),TULSA,January,Monday,Local Street - Municipality,Urban,36.1696,-95.9957,Tree (Standing Only),The First Harmful Event was Not a Collision with a Motor Vehicle in Transport,Dark - Not Lighted,Clear
Oklahoma,400019,2,LOGAN (83),COYLE,January,Tuesday,State Highway,Rural,35.9572,-97.2423,Motor Vehicle In-Transport,Angle,Daylight,Clear
Oklahoma,400021,1,OKLAHOMA (109),OKLAHOMA CITY,January,Friday,State Highway,Urban,35.5138,-97.5768,Curb,The First Harmful Event was Not a Collision with a Motor Vehicle in Transport,Dark - Not Lighted,Cloudy
Oklahoma,400024,3,OKLAHOMA (109),OKLAHOMA CITY,January,Saturday,Interstate,Urban,35.5088,-97.5756,Pedestrian,The First Harmful Event was Not a Collision with a Motor Vehicle in Transport,Dark - Lighted,Clear
Oklahoma,400025,1,OKLAHOMA (109),OKLAHOMA CITY,January,Tuesday,Local Street - Municipality,Urban,35.5516,-97.4942,Curb,The First Harmful Event was Not a Collision with a Motor Vehicle in Transport,Dark - Not Lighted,Cloudy
Oklahoma,400026,1,OKLAHOMA (109),OKLAHOMA CITY,January,Wednesday,Local Street - Municipality,Urban,35.4063,-97.531,Curb,The First Harmful Event was Not a Collision with a Motor Vehicle in Transport,Dark - Not Lighted,Clear
Oklahoma,400032,2,OKLAHOMA (109),OKLAHOMA CITY,January,Friday,Local Street - Municipality,Urban,35.49613056,-97.60119444,Motor Vehicle In-Transport,Front-to-Front,Daylight,Clear
Oklahoma,400033,6,CANADIAN (17),EL RENO,January,Saturday,Interstate,Urban,35.5242,-98.0283,Motor Vehicle In-Transport,Angle,Dark - Not Lighted,Clear
Oklahoma,400034,1,CLEVELAND (27),NOBLE,January,Monday,County Road,Rural,35.1313,-97.2819,Culvert,The First Harmful Event was Not a Collision with a Motor Vehicle in Transport,Dark - Not Lighted,Clear
Oklahoma,400039,2,OKLAHOMA (109),OKLAHOMA CITY,February,Saturday,State Highway,Urban,35.41284722,-97.65721389,Motor Vehicle In-Transport,Front-to-Front,Dark - Not Lighted,Cloudy
Oklahoma,400041,2,OKLAHOMA (109),OKLAHOMA CITY,January,Friday,Local Street - Municipality,Urban,35.42613056,-97.547975,Pedestrian,The First Harmful Event was Not a Collision with a Motor Vehicle in Transport,Dark - Lighted,Rain
Oklahoma,400046,1,OKLAHOMA (109),OKLAHOMA CITY,February,Friday,Interstate,Urban,35.4478,-97.4278,Pedestrian,The First Harmful Event was Not a Collision with a Motor Vehicle in Transport,Dark - Lighted,Clear
Oklahoma,400048,1,CLEVELAND (27),OKLAHOMA CITY,February,Thursday,County Road,Rural,35.3137,-97.2124,Culvert,The First Harmful Event was Not a Collision with a Motor Vehicle in Transport,Dark - Not Lighted,Cloudy
Oklahoma,400049,1,TULSA (143),TULSA,February,Monday,Local Street - Municipality,Urban,36.0318,-95.9151,Pedestrian,The First Harmful Event was Not a Collision with a Motor Vehicle in Transport,Dark - Not Lighted,Cloudy
Oklahoma,400060,1,TULSA (143),TULSA,February,Monday,Local Street - Municipality,Urban,36.1605,-95.8931,Pedestrian,The First Harmful Event was Not a Collision with a Motor Vehicle in Transport,Dark - Lighted,Clear
Oklahoma,400061,5,OKLAHOMA (109),OKLAHOMA CITY,March,Friday,Local Street - Municipality,Urban,35.57154722,-97.53135556,Pedestrian,The First Harmful Event was Not a Collision with a Motor Vehicle in Transport,Dark - Not Lighted,Cloudy
Oklahoma,400062,1,OKLAHOMA (109),OKLAHOMA CITY,February,Friday,Interstate,Urban,35.4619,-97.501,Concrete Traffic Barrier,The First Harmful Event was Not a Collision with a Motor Vehicle in Transport,Daylight,Cloudy
Oklahoma,400066,1,OKLAHOMA (109),MIDWEST CITY,January,Sunday,U.S. Highway,Urban,35.49323889,-97.41015556,Culvert,The First Harmful Event was Not a Collision with a Motor Vehicle in Transport,Dark - Lighted,Cloudy
Oklahoma,400067,3,POTTAWATOMIE (125),SHAWNEE,January,Saturday,Local Street - Municipality,Urban,35.3763,-96.93164444,Motor Vehicle In-Transport,Front-to-Rear,Daylight,Clear
Oklahoma,400075,1,OKLAHOMA (109),OKLAHOMA CITY,March,Thursday,Local Street - Municipality,Urban,35.48600833,-97.53018056,Pedalcyclist,The First Harmful Event was Not a Collision with a Motor Vehicle in Transport,Dark - Lighted,Clear
Oklahoma,400076,1,OKLAHOMA (109),OKLAHOMA CITY,January,Thursday,Local Street - Municipality,Urban,35.47899167,-97.63666667,Pedestrian,The First Harmful Event was Not a Collision with a Motor Vehicle in Transport,Dark - Not Lighted,Cloudy
Oklahoma,400079,2,CANADIAN (17),OKLAHOMA CITY,March,Wednesday,Local Street - Municipality,Urban,35.48398889,-97.67776944,Tree (Standing Only),The First Harmful Event was Not a Collision with a Motor Vehicle in Transport,Reported as Unknown,Reported as Unknown
Oklahoma,400086,1,CANADIAN (17),OKLAHOMA CITY,March,Thursday,Interstate,Urban,35.4643,-97.7177,Guardrail Face,The First Harmful Event was Not a Collision with a Motor Vehicle in Transport,Dark - Lighted,Clear
Oklahoma,400087,2,OKLAHOMA (109),OKLAHOMA CITY,March,Saturday,Interstate,Urban,35.46,-97.581,Motor Vehicle In-Transport,Front-to-Rear,Dark - Lighted,Clear
Oklahoma,400090,2,MARSHALL (95),KINGSTON,January,Friday,U.S. Highway,Rural,33.99826944,-96.69347222,Motor Vehicle In-Transport,Angle,Daylight,Clear
Oklahoma,400092,3,TULSA (143),TULSA,February,Thursday,Local Street - Municipality,Urban,36.0754,-95.882,Motor Vehicle In-Transport,Front-to-Rear,Daylight,Clear
Oklahoma,400093,4,OKLAHOMA (109),OKLAHOMA CITY,March,Friday,Interstate,Urban,35.4608,-97.5553,Motor Vehicle In-Transport,Front-to-Front,Dark - Lighted,Clear
Oklahoma,400097,3,TULSA (143),BIXBY,February,Monday,U.S. Highway,Urban,35.91557778,-95.84135556,Motor Vehicle In-Transport,Front-to-Front,Dark - Not Lighted,Rain
Oklahoma,400098,1,TULSA (143),BIXBY,March,Wednesday,Local Street - Municipality,Urban,35.98384167,-95.8687,Tree (Standing Only),The First Harmful Event was Not a Collision with a Motor Vehicle in Transport,Dark - Not Lighted,Cloudy
Oklahoma,400101,3,TULSA (143),TULSA,March,Saturday,U.S. Highway,Urban,36.1606,-95.8603,Motor Vehicle In-Transport,Angle,Daylight,Clear
Oklahoma,400111,2,OKLAHOMA (109),EDMOND,February,Friday,U.S. Highway,Urban,35.65275278,-97.46593333,Pedestrian,The First Harmful Event was Not a Collision with a Motor Vehicle in Transport,Dark - Not Lighted,Clear
Oklahoma,400112,3,CLEVELAND (27),OKLAHOMA CITY,April,Saturday,U.S. Highway,Urban,35.2907,-97.4059,Motor Vehicle In-Transport,Angle,Dusk,Cloudy
Oklahoma,400116,5,TULSA (143),TULSA,April,Friday,Local Street - Municipality,Urban,36.119,-95.8654,Pedestrian,The First Harmful Event was Not a Collision with a Motor Vehicle in Transport,Dark - Not Lighted,Clear
Oklahoma,400117,9,OKLAHOMA (109),OKLAHOMA CITY,April,Saturday,Local Street - Municipality,Urban,35.39176111,-97.33550556,Motor Vehicle In-Transport,Angle,Daylight,Clear
Oklahoma,400118,2,CLEVELAND (27),NOBLE,February,Sunday,County Road,Urban,35.13139722,-97.37077778,Motor Vehicle In-Transport,Angle,Daylight,Clear
Oklahoma,400120,5,OKLAHOMA (109),OKLAHOMA CITY,April,Friday,Local Street - Municipality,Urban,35.4207,-97.5568,Motor Vehicle In-Transport,Angle,Daylight,Cloudy
Oklahoma,400123,2,TULSA (143),TULSA,April,Tuesday,Local Street - Municipality,Urban,36.1303,-96.0069,Motor Vehicle In-Transport,Angle,Dark - Lighted,Clear
Oklahoma,400125,1,OKLAHOMA (109),OKLAHOMA CITY,April,Wednesday,Local Street - Municipality,Urban,35.5787,-97.5313,Pedestrian,The First Harmful Event was Not a Collision with a Motor Vehicle in Transport,Dark - Not Lighted,Cloudy
Oklahoma,400126,2,TULSA (143),TULSA,April,Thursday,Local Street - Municipality,Urban,36.0796,-95.984,Curb,The First Harmful Event was Not a Collision with a Motor Vehicle in Transport,Dark - Not Lighted,Clear
Oklahoma,400133,1,OKLAHOMA (109),OKLAHOMA CITY,April,Saturday,Interstate,Urban,35.4347,-97.5704,Pedestrian,The First Harmful Event was Not a Collision with a Motor Vehicle in Transport,Dark - Lighted,Clear
Oklahoma,400134,1,TULSA (143),TULSA,April,Tuesday,Local Street - Municipality,Urban,36.1191,-95.9849,Non-Motorist on Personal Conveyance,The First Harmful Event was Not a Collision with a Motor Vehicle in Transport,Dark - Not Lighted,Cloudy
Oklahoma,400139,2,GRADY (51),NINNEKAH,February,Friday,County Road,Rural,34.94223056,-97.93054722,Railway Vehicle,The First Harmful Event was Not a Collision with a Motor Vehicle in Transport,Daylight,Cloudy
Oklahoma,400141,1,OKLAHOMA (109),OKLAHOMA CITY,April,Monday,Local Street - Municipality,Urban,35.5365,-97.5642,Pedestrian,The First Harmful Event was Not a Collision with a Motor Vehicle in Transport,Daylight,Clear
Oklahoma,400142,2,POTTAWATOMIE (125),EARLSBORO,May,Monday,State Highway,Rural,35.3828,-96.8071,Motor Vehicle In-Transport,Angle,Dark - Not Lighted,Rain
Oklahoma,400143,2,OKLAHOMA (109),OKLAHOMA CITY,May,Monday,U.S. Highway,Urban,35.49320278,-97.44399722,Motor Vehicle In-Transport,Angle,Daylight,Cloudy
Oklahoma,400147,3,OKLAHOMA (109),OKLAHOMA CITY,May,Tuesday,Local Street - Municipality,Urban,35.44245278,-97.60106389,Motor Vehicle In-Transport,Angle,Dark - Lighted,Cloudy
Oklahoma,400148,7,CLEVELAND (27),NORMAN,February,Tuesday,U.S. Highway,Urban,35.26221111,-97.47459444,Motor Vehicle In-Transport,Front-to-Rear,Daylight,"Fog, Smog, Smoke"
Oklahoma,400151,6,OKLAHOMA (109),OKLAHOMA CITY,May,Sunday,Local Street - Municipality,Urban,35.4351,-97.5606,Motor Vehicle In-Transport,Angle,Dusk,Cloudy
Oklahoma,400152,2,OKLAHOMA (109),OKLAHOMA CITY,May,Monday,Interstate,Urban,35.4349,-97.4861,Pedestrian,The First Harmful Event was Not a Collision with a Motor Vehicle in Transport,Dark - Lighted,Clear
Oklahoma,400155,1,TULSA (143),TULSA,May,Thursday,Local Street - Municipality,Urban,36.1045,-96.0208,Curb,The First Harmful Event was Not a Collision with a Motor Vehicle in Transport,Dark - Lighted,Clear
Oklahoma,400158,1,OKLAHOMA (109),OKLAHOMA CITY,May,Saturday,Interstate,Urban,35.4601,-97.6181,Pedestrian,The First Harmful Event was Not a Collision with a Motor Vehicle in Transport,Dark - Lighted,Clear
Oklahoma,400164,2,OKLAHOMA (109),OKLAHOMA CITY,May,Thursday,Local Street - Municipality,Urban,35.47155556,-97.624525,Motor Vehicle In-Transport,Front-to-Front,Daylight,Clear
Oklahoma,400166,1,TULSA (143),OWASSO,May,Wednesday,U.S. Highway,Urban,36.27236111,-95.84796389,Pedestrian,The First Harmful Event was Not a Collision with a Motor Vehicle in Transport,Dark - Not Lighted,Cloudy
Oklahoma,400169,3,OKLAHOMA (109),OKLAHOMA CITY,May,Tuesday,U.S. Highway,Urban,35.4931,-97.4725,Pedestrian,The First Harmful Event was Not a Collision with a Motor Vehicle in Transport,Daylight,Cloudy
Oklahoma,400170,2,OKLAHOMA (109),OKLAHOMA CITY,May,Friday,Local Street - Municipality,Urban,35.4891,-97.5299,Motor Vehicle In-Transport,Angle,Daylight,Clear
Oklahoma,400171,6,MCCURTAIN (89),IDABEL,March,Friday,U.S. Highway,Urban,33.89545278,-94.78944444,Motor Vehicle In-Transport,Angle,Daylight,Clear
Oklahoma,400176,4,CREEK (37),SAPULPA,March,Friday,Local Street - Municipality,Urban,35.98612222,-96.11891111,Motor Vehicle In-Transport,Angle,Dusk,Clear
Oklahoma,400180,5,CANADIAN (17),YUKON,June,Tuesday,Interstate,Urban,35.4867,-97.7602,Motor Vehicle In-Transport,Front-to-Rear,Daylight,Rain
Oklahoma,400181,1,CANADIAN (17),OKLAHOMA CITY,June,Saturday,State Highway,Urban,35.4267,-97.7247,Curb,The First Harmful Event was Not a Collision with a Motor Vehicle in Transport,Daylight,Cloudy
Oklahoma,400185,4,LE FLORE (79),POTEAU,May,Wednesday,Local Street - Municipality,Rural,35.07710278,-94.64218889,Curb,The First Harmful Event was Not a Collision with a Motor Vehicle in Transport,Daylight,Rain
Oklahoma,400188,3,OKLAHOMA (109),OKLAHOMA CITY,June,Monday,Interstate,Urban,35.5932,-97.4329,Motor Vehicle In-Transport,Angle,Daylight,Clear
Oklahoma,400192,1,MCCURTAIN (89),IDABEL,March,Thursday,Local Street - Municipality,Urban,33.88831667,-94.84369167,Fire Hydrant,The First Harmful Event was Not a Collision with a Motor Vehicle in Transport,Dark - Lighted,Clear
Oklahoma,400194,3,OKLAHOMA (109),EDMOND,April,Wednesday,Local Street - Municipality,Urban,35.65292778,-97.48756667,Motor Vehicle In-Transport,Angle,Daylight,Clear
Oklahoma,400196,1,TULSA (143),TULSA,April,Wednesday,U.S. Highway,Urban,36.22045,-95.85154167,Ditch,The First Harmful Event was Not a Collision with a Motor Vehicle in Transport,Dusk,Cloudy
Oklahoma,400197,3,ROGERS (131),CLAREMORE,May,Saturday,County Road,Urban,36.29725833,-95.61486389,Fire Hydrant,The First Harmful Event was Not a Collision with a Motor Vehicle in Transport,Dark - Lighted,Rain
Oklahoma,400201,1,OKLAHOMA (109),OKLAHOMA CITY,June,Monday,Local Street - Municipality,Urban,35.609,-97.2807,Other Fixed Object,The First Harmful Event was Not a Collision with a Motor Vehicle in Transport,Dark - Not Lighted,Cloudy
Oklahoma,400204,1,TULSA (143),TULSA,June,Monday,Local Street - Municipality,Urban,36.08319167,-95.922325,Pedestrian,The First Harmful Event was Not a Collision with a Motor Vehicle in Transport,Dark - Unknown Lighting,Clear
Oklahoma,400207,1,OKLAHOMA (109),OKLAHOMA CITY,June,Wednesday,State Highway,Urban,35.53677222,-97.57851944,Other Object (not fixed),The First Harmful Event was Not a Collision with a Motor Vehicle in Transport,Daylight,Clear
Oklahoma,400217,1,CANADIAN (17),OKLAHOMA CITY,June,Thursday,Local Street - Municipality,Urban,35.4641,-97.6891,Curb,The First Harmful Event was Not a Collision with a Motor Vehicle in Transport,Dark - Lighted,Clear
Oklahoma,400219,1,TULSA (143),TULSA,April,Wednesday,Interstate,Urban,36.1666,-95.8467,Pedestrian,The First Harmful Event was Not a Collision with a Motor Vehicle in Transport,Dark - Lighted,Cloudy
Oklahoma,400227,1,OKLAHOMA (109),OKLAHOMA CITY,June,Sunday,Local Street - Municipality,Urban,35.4335,-97.3001,Rollover/Overturn,The First Harmful Event was Not a Collision with a Motor Vehicle in Transport,Dawn,Clear
Oklahoma,400230,9,CLEVELAND (27),OKLAHOMA CITY,July,Thursday,Local Street - Municipality,Urban,35.3196,-97.3621,Motor Vehicle In-Transport,Sideswipe - Opposite Direction,Daylight,Clear
Oklahoma,400232,2,OKLAHOMA (109),OKLAHOMA CITY,July,Monday,Local Street - Municipality,Urban,35.4704,-97.4767,Motor Vehicle In-Transport,Front-to-Front,Daylight,Rain
Oklahoma,400233,1,TULSA (143),TULSA,April,Monday,Local Street - Municipality,Urban,36.1046,-95.8351,Culvert,The First Harmful Event was Not a Collision with a Motor Vehicle in Transport,Daylight,Cloudy
Oklahoma,400234,3,OKLAHOMA (109),OKLAHOMA CITY,April,Friday,Local Street - Municipality,Urban,35.497375,-97.65427778,Motor Vehicle In-Transport,Front-to-Rear,Daylight,Clear
Oklahoma,400235,1,COTTON (33),RANDLETT,June,Tuesday,U.S. Highway,Rural,34.1738,-98.4647,Culvert,The First Harmful Event was Not a Collision with a Motor Vehicle in Transport,Daylight,Clear
Oklahoma,400237,2,OKLAHOMA (109),OKLAHOMA CITY,July,Tuesday,U.S. Highway,Urban,35.4932,-97.4403,Motor Vehicle In-Transport,Angle,Daylight,Cloudy
Oklahoma,400238,4,OKLAHOMA (109),SPENCER,July,Thursday,Local Street - Municipality,Urban,35.4995,-97.3709,Motor Vehicle In-Transport,Angle,Daylight,Clear
Oklahoma,400240,1,OKLAHOMA (109),OKLAHOMA CITY,July,Tuesday,State Highway,Urban,35.511175,-97.60973056,Pedestrian,The First Harmful Event was Not a Collision with a Motor Vehicle in Transport,Dark - Not Lighted,Clear
Oklahoma,400248,1,MCCLAIN (87),PURCELL,June,Friday,Interstate,Urban,34.9721,-97.3705,Fence,The First Harmful Event was Not a Collision with a Motor Vehicle in Transport,Dark - Not Lighted,Clear
Oklahoma,400250,2,CARTER (19),LONE GROVE,July,Monday,U.S. Highway,Rural,34.17290278,-97.28533056,Motor Vehicle In-Transport,Sideswipe - Same Direction,Daylight,Clear
Oklahoma,400252,1,OKLAHOMA (109),EDMOND,May,Thursday,Local Street - Municipality,Urban,35.62698889,-97.48325556,Curb,The First Harmful Event was Not a Collision with a Motor Vehicle in Transport,Dusk,Cloudy
Oklahoma,400256,7,TULSA (143),TULSA,July,Wednesday,Local Street - Municipality,Urban,36.1987,-95.9935,Motor Vehicle In-Transport,Angle,Daylight,Cloudy
Oklahoma,400271,1,CLEVELAND (27),OKLAHOMA CITY,July,Tuesday,Local Street - Municipality,Urban,35.3446,-97.3709,Rollover/Overturn,The First Harmful Event was Not a Collision with a Motor Vehicle in Transport,Daylight,Clear
Oklahoma,400272,1,OKLAHOMA (109),OKLAHOMA CITY,August,Thursday,Interstate,Urban,35.5237,-97.5404,Concrete Traffic Barrier,The First Harmful Event was Not a Collision with a Motor Vehicle in Transport,Daylight,Clear
Oklahoma,400274,3,OKLAHOMA (109),MIDWEST CITY,May,Friday,Local Street - Municipality,Urban,35.49301111,-97.38860278,Motor Vehicle In-Transport,Front-to-Rear,Dawn,Clear
Oklahoma,400276,2,CREEK (37),SAPULPA,July,Thursday,State Highway,Rural,36.07371111,-96.05556667,Motor Vehicle In-Transport,Angle,Daylight,Clear
Oklahoma,400278,2,LE FLORE (79),POTEAU,July,Friday,U.S. Highway,Urban,35.09171944,-94.63655556,Motor Vehicle In-Transport,Angle,Daylight,Clear
Oklahoma,400280,1,CUSTER (39),CLINTON,July,Sunday,Interstate,Urban,35.50028611,-98.95706111,Pedalcyclist,The First Harmful Event was Not a Collision with a Motor Vehicle in Transport,Dark - Not Lighted,Cloudy
Oklahoma,400281,1,CANADIAN (17),OKLAHOMA CITY,June,Monday,Interstate,Urban,35.4606,-97.706,Concrete Traffic Barrier,The First Harmful Event was Not a Collision with a Motor Vehicle in Transport,Daylight,Clear
Oklahoma,400282,1,TULSA (143),TULSA,June,Wednesday,Local Street - Municipality,Urban,36.048,-95.9578,Non-Motorist on Personal Conveyance,The First Harmful Event was Not a Collision with a Motor Vehicle in Transport,Dusk,Clear
Oklahoma,400286,3,POTTAWATOMIE (125),SHAWNEE,June,Thursday,U.S. Highway,Urban,35.3687,-96.9821,Motor Vehicle In-Transport,Angle,Daylight,Clear
Oklahoma,400292,1,TULSA (143),TULSA,August,Thursday,Local Street - Municipality,Urban,36.0957,-95.8511,Bridge Pier or Support,The First Harmful Event was Not a Collision with a Motor Vehicle in Transport,Dark - Lighted,Clear
Oklahoma,400299,1,TULSA (143),SAND SPRINGS,August,Saturday,U.S. Highway,Urban,36.1439,-96.0816,Utility Pole/Light Support,The First Harmful Event was Not a Collision with a Motor Vehicle in Transport,Daylight,Clear
Oklahoma,400304,2,BRYAN (13),COLBERT,August,Tuesday,U.S. Highway,Rural,33.84225278,-96.51553611,Motor Vehicle In-Transport,Angle,Dark - Not Lighted,Clear
Oklahoma,400306,6,OKLAHOMA (109),MIDWEST CITY,July,Monday,U.S. Highway,Urban,35.49311389,-97.38860556,Motor Vehicle In-Transport,Angle,Daylight,Rain
Oklahoma,400310,2,OKLAHOMA (109),MIDWEST CITY,August,Friday,U.S. Highway,Urban,35.49317222,-97.41295278,Motor Vehicle In-Transport,Front-to-Front,Daylight,Cloudy
Oklahoma,400311,2,TULSA (143),TULSA,August,Saturday,Local Street - Municipality,Urban,36.1189,-95.8688,Motor Vehicle In-Transport,Angle,Dark - Lighted,Clear
Oklahoma,400315,2,TULSA (143),TULSA,May,Thursday,Local Street - Municipality,Urban,36.03186111,-95.91699444,Motor Vehicle In-Transport,Angle,Daylight,Clear
Oklahoma,400318,1,TULSA (143),TULSA,August,Monday,Local Street - Municipality,Urban,36.1827,-95.976,Pedestrian,The First Harmful Event was Not a Collision with a Motor Vehicle in Transport,Dark - Lighted,Clear
Oklahoma,400320,1,TULSA (143),TULSA,August,Tuesday,Local Street - Municipality,Urban,36.1345,-95.9224,Pedestrian,The First Harmful Event was Not a Collision with a Motor Vehicle in Transport,Dark - Not Lighted,Cloudy
Oklahoma,400324,2,ROGERS (131),CLAREMORE,May,Thursday,State Highway,Urban,36.30737778,-95.599275,Motor Vehicle In-Transport,Front-to-Rear,Daylight,Clear
Oklahoma,400325,1,CLEVELAND (27),SLAUGHTERVILLE,June,Tuesday,U.S. Highway,Rural,35.0923,-97.3432,Other Object (not fixed),The First Harmful Event was Not a Collision with a Motor Vehicle in Transport,Daylight,Cloudy
Oklahoma,400326,3,POTTAWATOMIE (125),TECUMSEH,August,Thursday,U.S. Highway,Urban,35.25024444,-96.92230278,Pedestrian,The First Harmful Event was Not a Collision with a Motor Vehicle in Transport,Dark - Not Lighted,Clear
Oklahoma,400330,1,OKLAHOMA (109),OKLAHOMA CITY,August,Wednesday,Local Street - Municipality,Urban,35.5802,-97.629,Pedalcyclist,The First Harmful Event was Not a Collision with a Motor Vehicle in Transport,Dark - Lighted,Clear
Oklahoma,400333,1,CLEVELAND (27),NORMAN,May,Tuesday,County Road,Rural,35.16020833,-97.335375,Pedalcyclist,The First Harmful Event was Not a Collision with a Motor Vehicle in Transport,Daylight,Clear
Oklahoma,400334,2,KAY (71),BLACKWELL,June,Monday,State Highway,Rural,36.81143056,-97.29861667,Motor Vehicle In-Transport,Angle,Daylight,Clear