State,Case Number,Persons,County,City,Month,Day,Route,Rural/Urban,Latitude,Longitude,First Harmful Event,Manner of Collision,Light Conditions,Weather
Oklahoma,400335,3,TULSA (143),TULSA,September,Monday,Local Street - Municipality,Urban,36.107,-95.9402,Motor Vehicle In-Transport,Angle,Daylight,Clear
Oklahoma,400341,1,WAGONER (145),WAGONER,June,Sunday,U.S. Highway,Rural,35.98190278,-95.37918611,Ditch,The First Harmful Event was Not a Collision with a Motor Vehicle in Transport,Dark - Not Lighted,Clear
Oklahoma,400348,1,OKLAHOMA (109),OKLAHOMA CITY,September,Monday,Local Street - Municipality,Urban,35.524225,-97.60116389,Pedestrian,The First Harmful Event was Not a Collision with a Motor Vehicle in Transport,Daylight,Clear
Oklahoma,400349,2,OTTAWA (115),MIAMI,June,Wednesday,U.S. Highway,Urban,36.91241944,-94.87750556,Motor Vehicle In-Transport,Angle,Daylight,Clear
Oklahoma,400354,4,MUSKOGEE (101),MUSKOGEE,June,Friday,Local Street - Municipality,Urban,35.75753611,-95.34041111,Motor Vehicle In-Transport,Angle,Dark - Lighted,Clear
Oklahoma,400357,8,OKLAHOMA (109),OKLAHOMA CITY,September,Saturday,Interstate,Urban,35.5007,-97.5778,Motor Vehicle In-Transport,Front-to-Rear,Daylight,Clear
Oklahoma,400359,3,OKLAHOMA (109),OKLAHOMA CITY,September,Tuesday,Interstate,Urban,35.495,-97.465,Cable Barrier,The First Harmful Event was Not a Collision with a Motor Vehicle in Transport,Dark - Lighted,Clear
Oklahoma,400360,2,OKLAHOMA (109),OKLAHOMA CITY,September,Sunday,Local Street - Municipality,Urban,35.55111944,-97.63034167,Pedestrian,The First Harmful Event was Not a Collision with a Motor Vehicle in Transport,Dark - Not Lighted,Rain
Oklahoma,400361,2,LOGAN (83),GUTHRIE,July,Sunday,County Road,Urban,35.7682,-97.4598,Tree (Standing Only),The First Harmful Event was Not a Collision with a Motor Vehicle in Transport,Dark - Not Lighted,Clear
Oklahoma,400366,1,OKLAHOMA (109),OKLAHOMA CITY,September,Thursday,Local Street - Municipality,Urban,35.4588,-97.4767,Pedestrian,The First Harmful Event was Not a Collision with a Motor Vehicle in Transport,Dark - Not Lighted,Clear
Oklahoma,400367,2,MAYES (97),PRYOR,January,Wednesday,U.S. Highway,Urban,36.25163333,-95.33531944,Pedestrian,The First Harmful Event was Not a Collision with a Motor Vehicle in Transport,Dark - Not Lighted,Clear
Oklahoma,400368,2,COMANCHE (31),LAWTON,January,Sunday,Local Street - Municipality,Urban,34.62241389,-98.47124167,Motor Vehicle In-Transport,Angle,Daylight,Cloudy
Oklahoma,400369,2,OSAGE (113),SKIATOOK,February,Friday,State Highway,Urban,36.36863889,-96.01565278,Motor Vehicle In-Transport,Angle,Daylight,Cloudy
Oklahoma,400370,3,CANADIAN (17),MUSTANG,February,Friday,State Highway,Urban,35.39861389,-97.72461389,Motor Vehicle In-Transport,Angle,Daylight,Rain
Oklahoma,400371,3,TULSA (143),JENKS,March,Friday,Local Street - Municipality,Urban,35.94015556,-95.883475,Motor Vehicle In-Transport,Angle,Daylight,Cloudy
Oklahoma,400372,2,POTTAWATOMIE (125),SHAWNEE,April,Thursday,Local Street - Municipality,Urban,35.35448333,-96.93297222,Motor Vehicle In-Transport,Rear-to-Side,Dark - Lighted,Clear
Oklahoma,400373,2,ATOKA (5),ATOKA,June,Saturday,Local Street - Municipality,Rural,34.37429444,-96.10991667,Motor Vehicle In-Transport,Angle,Daylight,Clear
Oklahoma,400374,4,WASHINGTON (147),BARTLESVILLE,July,Monday,Local Street - Municipality,Urban,36.75904167,-95.98953611,Motor Vehicle In-Transport,Angle,Dark - Not Lighted,Clear
Oklahoma,400375,2,PAWNEE (117),CLEVELAND,January,Thursday,U.S. Highway,Rural,36.27626667,-96.4388,Motor Vehicle In-Transport,Front-to-Front,Daylight,Clear
Oklahoma,400376,1,TULSA (143),TULSA,June,Sunday,Local Street - Municipality,Urban,36.0827,-95.94,Curb,The First Harmful Event was Not a Collision with a Motor Vehicle in Transport,Daylight,Cloudy
Oklahoma,400377,3,GARFIELD (47),ENID,July,Friday,Local Street - Municipality,Urban,36.41981944,-97.90815278,Motor Vehicle In-Transport,Angle,Daylight,Clear
Oklahoma,400378,4,PITTSBURG (121),KIOWA,July,Monday,U.S. Highway,Rural,34.72388611,-95.89850833,Non-Motorist on Personal Conveyance,The First Harmful Event was Not a Collision with a Motor Vehicle in Transport,Dark - Unknown Lighting,Clear
Oklahoma,400380,1,TULSA (143),BROKEN ARROW,September,Wednesday,Local Street - Municipality,Urban,36.01735278,-95.84295833,Pedalcyclist,The First Harmful Event was Not a Collision with a Motor Vehicle in Transport,Daylight,Clear
Oklahoma,400381,1,OKLAHOMA (109),OKLAHOMA CITY,October,Tuesday,State Highway,Urban,35.5942,-97.5846,Bridge Pier or Support,The First Harmful Event was Not a Collision with a Motor Vehicle in Transport,Daylight,Clear
Oklahoma,400384,1,CLEVELAND (27),NORMAN,March,Tuesday,Interstate,Urban,35.22091111,-97.48589722,Pedalcyclist,The First Harmful Event was Not a Collision with a Motor Vehicle in Transport,Dark - Lighted,Cloudy
Oklahoma,400385,5,COMANCHE (31),LAWTON,March,Friday,Local Street - Municipality,Urban,34.60894444,-98.457675,Motor Vehicle In-Transport,Front-to-Front,Daylight,Clear
Oklahoma,400388,1,TULSA (143),TULSA,September,Thursday,Interstate,Urban,36.166,-95.8588,Pedestrian,The First Harmful Event was Not a Collision with a Motor Vehicle in Transport,Dark - Not Lighted,Cloudy
Oklahoma,400395,3,OKLAHOMA (109),OKLAHOMA CITY,September,Monday,Local Street - Municipality,Urban,35.5656,-97.6634,Motor Vehicle In-Transport,Front-to-Front,Daylight,Cloudy
Oklahoma,400400,1,TULSA (143),TULSA,October,Saturday,Local Street - Municipality,Urban,36.1691,-95.9224,Pedestrian,The First Harmful Event was Not a Collision with a Motor Vehicle in Transport,Dark - Lighted,Cloudy
Oklahoma,400401,2,CLEVELAND (27),OKLAHOMA CITY,October,Sunday,Local Street - Municipality,Urban,35.3598,-97.5477,Motor Vehicle In-Transport,Angle,Daylight,Cloudy
Oklahoma,400404,1,CHEROKEE (21),TAHLEQUAH,June,Tuesday,State Highway,Urban,35.91534722,-94.95535278,Pedestrian,The First Harmful Event was Not a Collision with a Motor Vehicle in Transport,Daylight,Clear
Oklahoma,400405,3,CHEROKEE (21),TAHLEQUAH,June,Saturday,State Highway,Urban,35.90083611,-94.96092222,Motor Vehicle In-Transport,Angle,Daylight,Clear
Oklahoma,400407,3,MCCLAIN (87),BLANCHARD,July,Wednesday,State Highway,Rural,35.20537222,-97.65316111,Motor Vehicle In-Transport,Front-to-Front,Daylight,Clear
Oklahoma,400408,4,GRADY (51),CHICKASHA,September,Sunday,U.S. Highway,Rural,35.02014167,-97.93494444,Motor Vehicle In-Transport,Angle,Daylight,Clear
Oklahoma,400409,1,MCCLAIN (87),GOLDSBY,October,Friday,Interstate,Rural,35.152,-97.4756,Rollover/Overturn,The First Harmful Event was Not a Collision with a Motor Vehicle in Transport,Daylight,Clear
Oklahoma,400411,4,TULSA (143),TULSA,October,Friday,Local Street - Municipality,Urban,36.1479,-95.8333,Motor Vehicle In-Transport,Angle,Dark - Lighted,Clear
Oklahoma,400412,1,TULSA (143),TULSA,October,Tuesday,U.S. Highway,Urban,36.15857222,-96.03826389,Other Object (not fixed),The First Harmful Event was Not a Collision with a Motor Vehicle in Transport,Dark - Lighted,Clear
Oklahoma,400413,4,OKLAHOMA (109),OKLAHOMA CITY,August,Sunday,Interstate,Urban,35.4624,-97.493,Motor Vehicle In-Transport,Front-to-Rear,Daylight,Clear
Oklahoma,400420,1,STEPHENS (137),DUNCAN,June,Saturday,Local Street - Municipality,Rural,34.60899722,-97.90280833,Guardrail End,The First Harmful Event was Not a Collision with a Motor Vehicle in Transport,Daylight,Cloudy
Oklahoma,400421,4,WASHINGTON (147),BARTLESVILLE,July,Tuesday,Local Street - Municipality,Urban,36.73891389,-95.98424167,Motor Vehicle In-Transport,Angle,Daylight,Clear
Oklahoma,400422,3,LE FLORE (79),POTEAU,August,Friday,U.S. Highway,Rural,35.07281111,-94.64060556,Motor Vehicle In-Transport,Angle,Daylight,Cloudy
Oklahoma,400424,1,TULSA (143),TULSA,September,Monday,Interstate,Urban,36.1034,-95.9105,Impact Attenuator/Crash Cushion,The First Harmful Event was Not a Collision with a Motor Vehicle in Transport,Dark - Lighted,Clear
Oklahoma,400430,1,TULSA (143),TULSA,October,Friday,Local Street - Municipality,Urban,36.1605,-95.7662,Pedestrian,The First Harmful Event was Not a Collision with a Motor Vehicle in Transport,Dark - Not Lighted,Clear
Oklahoma,400431,1,OKLAHOMA (109),DEL CITY,October,Sunday,Interstate,Urban,35.4475,-97.4278,Pedestrian,The First Harmful Event was Not a Collision with a Motor Vehicle in Transport,Dark - Lighted,Clear
Oklahoma,400433,2,OKLAHOMA (109),OKLAHOMA CITY,October,Wednesday,U.S. Highway,Urban,35.4932,-97.4334,Motor Vehicle In-Transport,Angle,Dark - Not Lighted,Clear
Oklahoma,400441,5,OKLAHOMA (109),OKLAHOMA CITY,November,Friday,Local Street - Municipality,Urban,35.5365,-97.5656,Motor Vehicle In-Transport,Angle,Daylight,Clear
Oklahoma,400442,2,WAGONER (145),WAGONER,July,Thursday,Local Street - Municipality,Urban,35.94429167,-95.38655,Pedestrian,The First Harmful Event was Not a Collision with a Motor Vehicle in Transport,Dark - Not Lighted,Clear
Oklahoma,400444,1,CREEK (37),SAPULPA,October,Tuesday,State Highway,Urban,36.01717778,-96.09693889,Pedestrian,The First Harmful Event was Not a Collision with a Motor Vehicle in Transport,Dark - Not Lighted,Clear
Oklahoma,400450,2,TULSA (143),TULSA,November,Friday,Local Street - Municipality,Urban,36.0462,-95.9043,Pedestrian,The First Harmful Event was Not a Collision with a Motor Vehicle in Transport,Dark - Lighted,Clear
Oklahoma,400451,1,CANADIAN (17),OKLAHOMA CITY,November,Saturday,Local Street - Municipality,Urban,35.4777,-97.7426,Wall,The First Harmful Event was Not a Collision with a Motor Vehicle in Transport,Dark - Not Lighted,Clear
Oklahoma,400452,1,BRYAN (13),DURANT,November,Monday,Local Street - Municipality,Urban,33.98454722,-96.41663889,Tree (Standing Only),The First Harmful Event was Not a Collision with a Motor Vehicle in Transport,Dark - Lighted,Clear
Oklahoma,400453,3,CANADIAN (17),OKLAHOMA CITY,November,Tuesday,Interstate,Urban,35.4604,-97.672,Motor Vehicle In-Transport,Front-to-Rear,Dark - Lighted,Clear
Oklahoma,400456,1,TULSA (143),TULSA,October,Saturday,Interstate,Urban,36.089,-96.036,Pedestrian,The First Harmful Event was Not a Collision with a Motor Vehicle in Transport,Daylight,Cloudy
Oklahoma,400457,2,TULSA (143),BIXBY,October,Thursday,State Highway,Urban,35.94451667,-95.93840556,Motor Vehicle In-Transport,Front-to-Front,Dark - Not Lighted,Clear
Oklahoma,400460,2,CANADIAN (17),OKLAHOMA CITY,October,Saturday,State Highway,Urban,35.5151,-97.6984,Motor Vehicle In-Transport,Angle,Dark - Lighted,Cloudy
Oklahoma,400466,1,OKLAHOMA (109),OKLAHOMA CITY,October,Monday,Interstate,Urban,35.4608,-97.5776,Culvert,The First Harmful Event was Not a Collision with a Motor Vehicle in Transport,Daylight,Clear
Oklahoma,400472,2,CANADIAN (17),CALUMET,November,Saturday,U.S. Highway,Rural,35.5987,-98.1187,Pedestrian,The First Harmful Event was Not a Collision with a Motor Vehicle in Transport,Dark - Not Lighted,Clear
Oklahoma,400473,1,MCCLAIN (87),WAYNE,November,Sunday,State Highway,Rural,34.9065,-97.4064,Rollover/Overturn,The First Harmful Event was Not a Collision with a Motor Vehicle in Transport,Dark - Not Lighted,Clear
Oklahoma,400474,1,CANADIAN (17),OKLAHOMA CITY,November,Saturday,Local Street - Municipality,Urban,35.5114,-97.6927,Pedestrian,The First Harmful Event was Not a Collision with a Motor Vehicle in Transport,Daylight,Clear
Oklahoma,400476,1,GARVIN (49),PAULS VALLEY,August,Wednesday,U.S. Highway,Urban,34.72748333,-97.21306667,Tree (Standing Only),The First Harmful Event was Not a Collision with a Motor Vehicle in Transport,Daylight,Clear
Oklahoma,400477,1,CLEVELAND (27),NOBLE,August,Thursday,County Road,Rural,35.13144167,-97.32019167,Utility Pole/Light Support,The First Harmful Event was Not a Collision with a Motor Vehicle in Transport,Daylight,Clear
Oklahoma,400480,2,CANADIAN (17),OKLAHOMA CITY,November,Saturday,Interstate,Urban,35.4981,-97.7842,Motor Vehicle In-Transport,Angle,Dark - Not Lighted,Clear
Oklahoma,400481,2,OKLAHOMA (109),OKLAHOMA CITY,November,Monday,U.S. Highway,Urban,35.4933,-97.6049,Pedestrian,The First Harmful Event was Not a Collision with a Motor Vehicle in Transport,Dark - Unknown Lighting,Cloudy
Oklahoma,400482,2,TULSA (143),BROKEN ARROW,November,Monday,Local Street - Municipality,Urban,36.07951111,-95.7617,Motor Vehicle In-Transport,Front-to-Rear,Dark - Not Lighted,Clear
Oklahoma,400485,1,OKLAHOMA (109),OKLAHOMA CITY,November,Friday,Local Street - Municipality,Urban,35.4925,-97.5834,Pedestrian,The First Harmful Event was Not a Collision with a Motor Vehicle in Transport,Dark - Lighted,Cloudy
Oklahoma,400488,1,MUSKOGEE (101),MUSKOGEE,October,Thursday,Local Street - Municipality,Urban,35.75586944,-95.41508889,Pedestrian,The First Harmful Event was Not a Collision with a Motor Vehicle in Transport,Dark - Not Lighted,Clear
Oklahoma,400493,1,PITTSBURG (121),SAVANNA,November,Monday,U.S. Highway,Rural,34.81793611,-95.85405833,Parked Motor Vehicle,The First Harmful Event was Not a Collision with a Motor Vehicle in Transport,Daylight,Clear
Oklahoma,400496,8,OKLAHOMA (109),OKLAHOMA CITY,November,Saturday,Local Street - Municipality,Urban,35.385,-97.159,Motor Vehicle In-Transport,Front-to-Rear,Daylight,Clear
Oklahoma,400502,2,TULSA (143),BROKEN ARROW,November,Tuesday,Local Street - Municipality,Urban,36.04570278,-95.85100833,Motor Vehicle In-Transport,Front-to-Front,Dark - Not Lighted,Clear
Oklahoma,400504,1,CLEVELAND (27),OKLAHOMA CITY,November,Saturday,State Highway,Urban,35.333,-97.586,Pedestrian,The First Harmful Event was Not a Collision with a Motor Vehicle in Transport,Dark - Not Lighted,Rain
Oklahoma,400508,1,CREEK (37),SAPULPA,November,Sunday,State Highway,Urban,36.0109,-96.0993,"Post, Pole or Other Supports",The First Harmful Event was Not a Collision with a Motor Vehicle in Transport,Reported as Unknown,Reported as Unknown
Oklahoma,400516,1,KIOWA (75),MOUNTAIN PARK,December,Saturday,U.S. Highway,Rural,34.702,-98.9489,Pedestrian,The First Harmful Event was Not a Collision with a Motor Vehicle in Transport,Dark - Not Lighted,Clear
Oklahoma,400517,5,CLEVELAND (27),OKLAHOMA CITY,December,Tuesday,Local Street - Municipality,Urban,35.3327,-97.3329,Rollover/Overturn,The First Harmful Event was Not a Collision with a Motor Vehicle in Transport,Daylight,Cloudy
Oklahoma,400518,2,CLEVELAND (27),OKLAHOMA CITY,December,Saturday,U.S. Highway,Urban,35.334,-97.424,Motor Vehicle In-Transport,Angle,Daylight,Cloudy
Oklahoma,400520,1,OKLAHOMA (109),OKLAHOMA CITY,December,Tuesday,Local Street - Municipality,Urban,35.606,-97.3893,Fence,The First Harmful Event was Not a Collision with a Motor Vehicle in Transport,Daylight,Clear
Oklahoma,400521,1,OKLAHOMA (109),OKLAHOMA CITY,December,Wednesday,Local Street - Municipality,Urban,35.492,-97.4767,Pedestrian,The First Harmful Event was Not a Collision with a Motor Vehicle in Transport,Dark - Not Lighted,Cloudy
Oklahoma,400523,6,PITTSBURG (121),SAVANNA,July,Thursday,U.S. Highway,Rural,34.83392778,-95.83858056,Motor Vehicle In-Transport,Angle,Dark - Lighted,Cloudy
Oklahoma,400524,2,OKLAHOMA (109),NICHOLS HILLS,August,Wednesday,Local Street - Municipality,Urban,35.53683611,-97.54598056,Curb,The First Harmful Event was Not a Collision with a Motor Vehicle in Transport,Daylight,Clear
Oklahoma,400525,2,CLEVELAND (27),NORMAN,September,Tuesday,Local Street - Municipality,Urban,35.20890556,-97.43501667,Motor Vehicle In-Transport,Angle,Daylight,Clear
Oklahoma,400526,1,POTTAWATOMIE (125),SHAWNEE,October,Saturday,State Highway,Urban,35.33273056,-96.919625,Pedalcyclist,The First Harmful Event was Not a Collision with a Motor Vehicle in Transport,Dark - Lighted,Clear
Oklahoma,400527,1,BRYAN (13),DURANT,November,Sunday,State Highway,Urban,33.97690833,-96.37294722,Culvert,The First Harmful Event was Not a Collision with a Motor Vehicle in Transport,Dark - Not Lighted,Clear
Oklahoma,400529,1,BRYAN (13),DURANT,December,Thursday,U.S. Highway,Urban,34.00469722,-96.39978333,Pedestrian,The First Harmful Event was Not a Collision with a Motor Vehicle in Transport,Dark - Not Lighted,Clear
Oklahoma,400531,1,OKLAHOMA (109),OKLAHOMA CITY,December,Wednesday,Local Street - Municipality,Urban,35.4351,-97.5629,Pedestrian,The First Harmful Event was Not a Collision with a Motor Vehicle in Transport,Dark - Lighted,Rain
Oklahoma,400538,1,TULSA (143),TULSA,July,Wednesday,U.S. Highway,Urban,36.0339,-95.8592,Rollover/Overturn,The First Harmful Event was Not a Collision with a Motor Vehicle in Transport,Dark - Lighted,Clear
Oklahoma,400539,3,POTTAWATOMIE (125),SHAWNEE,April,Saturday,State Highway,Urban,35.35587778,-96.91211944,Motor Vehicle In-Transport,Front-to-Front,Daylight,Rain
Oklahoma,400540,2,CREEK (37),MANNFORD,July,Sunday,State Highway,Rural,36.12716111,-96.35439722,Pedestrian,The First Harmful Event was Not a Collision with a Motor Vehicle in Transport,Dark - Not Lighted,Clear
Oklahoma,400541,2,LE FLORE (79),POTEAU,September,Monday,U.S. Highway,Urban,35.101925,-94.63490556,Pedestrian,The First Harmful Event was Not a Collision with a Motor Vehicle in Transport,Dark - Not Lighted,Clear
Oklahoma,400542,4,STEPHENS (137),DUNCAN,May,Thursday,U.S. Highway,Urban,34.44856667,-97.97411944,Motor Vehicle In-Transport,Front-to-Front,Daylight,Clear
Oklahoma,400543,3,STEPHENS (137),DUNCAN,July,Saturday,State Highway,Urban,34.49226667,-97.94743056,Motor Vehicle In-Transport,Angle,Daylight,Clear
Oklahoma,400545,1,OKLAHOMA (109),MIDWEST CITY,December,Wednesday,U.S. Highway,Urban,35.493025,-97.36248889,Pedalcyclist,The First Harmful Event was Not a Collision with a Motor Vehicle in Transport,Dark - Lighted,Clear
Oklahoma,400546,2,COMANCHE (31),LAWTON,December,Saturday,Local Street - Municipality,Urban,34.59452222,-98.44414444,Utility Pole/Light Support,The First Harmful Event was Not a Collision with a Motor Vehicle in Transport,Daylight,Cloudy
Oklahoma,400547,4,OKLAHOMA (109),OKLAHOMA CITY,December,Sunday,U.S. Highway,Urban,35.4933,-97.6049,Rollover/Overturn,The First Harmful Event was Not a Collision with a Motor Vehicle in Transport,Dark - Lighted,Clear
Oklahoma,400553,1,POTTAWATOMIE (125),MAUD,December,Friday,State Highway,Rural,35.1549,-96.8152,Tree (Standing Only),The First Harmful Event was Not a Collision with a Motor Vehicle in Transport,Dark - Not Lighted,Cloudy
Oklahoma,400554,5,TULSA (143),TULSA,December,Saturday,Local Street - Municipality,Urban,36.1479,-95.7982,Motor Vehicle In-Transport,Sideswipe - Same Direction,Daylight,Cloudy
Oklahoma,400565,1,OKLAHOMA (109),OKLAHOMA CITY,December,Sunday,Local Street - Municipality,Urban,35.4343,-97.5655,Pedestrian,The First Harmful Event was Not a Collision with a Motor Vehicle in Transport,Dark - Not Lighted,Cloudy
Oklahoma,400567,10,MCCURTAIN (89),BROKEN BOW,June,Sunday,U.S. Highway,Rural,34.11667222,-94.73933333,Motor Vehicle In-Transport,Angle,Daylight,Clear
Oklahoma,400568,2,TULSA (143),GLENPOOL,July,Thursday,U.S. Highway,Urban,35.87138333,-96.01548611,Motor Vehicle In-Transport,Angle,Daylight,Clear
Oklahoma,400569,1,OKMULGEE (111),OKMULGEE,August,Sunday,Local Street - Municipality,Urban,35.61345556,-95.95821944,Tree (Standing Only),The First Harmful Event was Not a Collision with a Motor Vehicle in Transport,Daylight,Clear
Oklahoma,400570,3,NOWATA (105),NOWATA,August,Monday,U.S. Highway,Rural,36.70265,-95.64682778,Culvert,The First Harmful Event was Not a Collision with a Motor Vehicle in Transport,Daylight,Clear
Oklahoma,400571,1,TILLMAN (141),FREDERICK,September,Friday,U.S. Highway,Rural,34.39415833,-99.01697778,Utility Pole/Light Support,The First Harmful Event was Not a Collision with a Motor Vehicle in Transport,Dark - Lighted,Rain
Oklahoma,400572,2,PITTSBURG (121),MCALESTER,November,Monday,U.S. Highway,Urban,34.89971667,-95.75413333,Motor Vehicle In-Transport,Angle,Daylight,Clear
Oklahoma,400573,1,CANADIAN (17),UNION CITY,November,Wednesday,U.S. Highway,Rural,35.38982778,-97.93710556,Traffic Sign Support,The First Harmful Event was Not a Collision with a Motor Vehicle in Transport,Dark - Not Lighted,Clear
Oklahoma,400574,2,PITTSBURG (121),KREBS,December,Tuesday,U.S. Highway,Rural,34.91780278,-95.7167,Pedestrian,The First Harmful Event was Not a Collision with a Motor Vehicle in Transport,Daylight,Clear
Oklahoma,400575,2,POTTAWATOMIE (125),TECUMSEH,November,Tuesday,Local Street - Municipality,Urban,35.24545556,-96.93046389,Fence,The First Harmful Event was Not a Collision with a Motor Vehicle in Transport,Daylight,Clear
Oklahoma,400576,2,OKLAHOMA (109),DEL CITY,October,Tuesday,Local Street - Municipality,Urban,35.42077778,-97.44860833,Motor Vehicle In-Transport,Angle,Daylight,Clear
Oklahoma,400577,1,CRAIG (35),VINITA,November,Friday,U.S. Highway,Urban,36.63123889,-95.15893333,Pedestrian,The First Harmful Event was Not a Collision with a Motor Vehicle in Transport,Dark - Not Lighted,Rain
Oklahoma,400578,3,WASHINGTON (147),BARTLESVILLE,December,Saturday,Local Street - Municipality,Urban,36.75064722,-95.95228889,Motor Vehicle In-Transport,Angle,Dark - Lighted,Rain
Oklahoma,400579,2,OKLAHOMA (109),CHOCTAW,September,Tuesday,U.S. Highway,Urban,35.49310278,-97.30049722,Motor Vehicle In-Transport,Angle,Daylight,Clear
Oklahoma,400581,1,CARTER (19),ARDMORE,October,Wednesday,U.S. Highway,Urban,34.19113611,-97.14300833,Pedestrian,The First Harmful Event was Not a Collision with a Motor Vehicle in Transport,Dark - Lighted,Clear
Oklahoma,400582,6,STEPHENS (137),MARLOW,November,Saturday,U.S. Highway,Rural,34.59432222,-97.96701944,Motor Vehicle In-Transport,Angle,Daylight,Clear
Oklahoma,400583,2,ROGERS (131),CHELSEA,December,Tuesday,State Highway,Rural,36.53919444,-95.42248611,Motor Vehicle In-Transport,Angle,Daylight,Clear
Oklahoma,400584,4,COMANCHE (31),LAWTON,December,Sunday,U.S. Highway,Urban,34.63815278,-98.43998056,Motor Vehicle In-Transport,Front-to-Front,Dark - Lighted,"Fog, Smog, Smoke"
Oklahoma,400585,2,MAYES (97),PRYOR,December,Sunday,U.S. Highway,Urban,36.26391389,-95.33318889,Motor Vehicle In-Transport,Front-to-Rear,Dawn,"Fog, Smog, Smoke"
Oklahoma,400587,1,TULSA (143),OWASSO,December,Wednesday,Local Street - Municipality,Urban,36.33655833,-95.815525,Culvert,The First Harmful Event was Not a Collision with a Motor Vehicle in Transport,Daylight,Clear
Oklahoma,400588,3,CREEK (37),MOUNDS,December,Thursday,U.S. Highway,Rural,35.90111111,-96.0603,Motor Vehicle In-Transport,Angle,Dark - Not Lighted,Cloudy
Oklahoma,400589,1,CANADIAN (17),YUKON,December,Saturday,State Highway,Urban,35.53741667,-97.7424,Tree (Standing Only),The First Harmful Event was Not a Collision with a Motor Vehicle in Transport,Daylight,Rain
Oklahoma,400590,1,KAY (71),TONKAWA,December,Saturday,Local Street - Municipality,Rural,36.69233889,-97.31085,Rollover/Overturn,The First Harmful Event was Not a Collision with a Motor Vehicle in Transport,Dark - Lighted,Clear
Oklahoma,400591,1,OTTAWA (115),MIAMI,November,Monday,Local Street - Municipality,Urban,36.89996667,-94.879475,Pedestrian,The First Harmful Event was Not a Collision with a Motor Vehicle in Transport,Dark - Lighted,Cloudy
Oklahoma,400592,2,MCCLAIN (87),NEWCASTLE,December,Wednesday,Interstate,Urban,35.30203889,-97.59903889,Pedestrian,The First Harmful Event was Not a Collision with a Motor Vehicle in Transport,Dark - Not Lighted,Clear
Oregon,410005,1,MULTNOMAH (51),PORTLAND,March,Friday,Local Street - Municipality,Urban,45.49003889,-122.5685528,Pedestrian,The First Harmful Event was Not a Collision with a Motor Vehicle in Transport,Daylight,Cloudy
Oregon,410011,3,WASHINGTON (67),HILLSBORO,February,Friday,Local Street - Municipality,Urban,45.53169167,-122.9517389,Motor Vehicle In-Transport,Angle,Daylight,Rain
Oregon,410018,3,WASHINGTON (67),HILLSBORO,January,Tuesday,State Highway,Rural,45.49875278,-122.9917056,Tree (Standing Only),The First Harmful Event was Not a Collision with a Motor Vehicle in Transport,Dark - Not Lighted,Cloudy
Oregon,410020,1,MULTNOMAH (51),PORTLAND,February,Saturday,Local Street - Municipality,Urban,45.50406944,-122.5299306,Pedestrian,The First Harmful Event was Not a Collision with a Motor Vehicle in Transport,Dark - Lighted,Cloudy
Oregon,410022,1,YAMHILL (71),MCMINNVILLE,February,Monday,State Highway,Urban,45.23037778,-123.1656861,Pedestrian,The First Harmful Event was Not a Collision with a Motor Vehicle in Transport,Dark - Lighted,Rain
Oregon,410025,4,LANE (39),EUGENE,January,Friday,Interstate,Urban,44.06155,-123.0884694,Motor Vehicle In-Transport,Front-to-Rear,Daylight,Cloudy
Oregon,410031,1,MULTNOMAH (51),PORTLAND,March,Friday,State Highway,Urban,45.56266944,-122.5770556,Pedalcyclist,The First Harmful Event was Not a Collision with a Motor Vehicle in Transport,Dark - Lighted,Cloudy
Oregon,410039,1,CLACKAMAS (5),OREGON CITY,March,Monday,Local Street - Municipality,Urban,45.37690833,-122.58745,Tree (Standing Only),The First Harmful Event was Not a Collision with a Motor Vehicle in Transport,Dark - Not Lighted,Clear
Oregon,410042,5,MARION (47),SALEM,March,Saturday,Local Street - Municipality,Urban,44.85998056,-123.0190639,Tree (Standing Only),The First Harmful Event was Not a Collision with a Motor Vehicle in Transport,Dark - Lighted,Cloudy
Oregon,410048,1,KLAMATH (35),KLAMATH FALLS,March,Sunday,State Highway,Urban,42.23085278,-121.7711861,Pedestrian,The First Harmful Event was Not a Collision with a Motor Vehicle in Transport,Dark - Not Lighted,Clear
Oregon,410051,1,CLACKAMAS (5),OREGON CITY,April,Wednesday,Local Street - Municipality,Urban,45.34898611,-122.596675,Pedestrian,The First Harmful Event was Not a Collision with a Motor Vehicle in Transport,Daylight,Clear
Oregon,410057,1,MULTNOMAH (51),PORTLAND,April,Tuesday,Local Street - Municipality,Urban,45.573475,-122.5467917,Bridge Pier or Support,The First Harmful Event was Not a Collision with a Motor Vehicle in Transport,Daylight,Clear
Oregon,410061,1,MULTNOMAH (51),PORTLAND,April,Thursday,Local Street - Municipality,Urban,45.56811111,-122.5963389,Pedestrian,The First Harmful Event was Not a Collision with a Motor Vehicle in Transport,Dark - Lighted,Cloudy
Oregon,410062,2,JACKSON (29),MEDFORD,May,Saturday,Local Street - Municipality,Urban,42.33375,-122.8993056,Utility Pole/Light Support,The First Harmful Event was Not a Collision with a Motor Vehicle in Transport,Daylight,Clear
Oregon,410066,1,COLUMBIA (9),RAINIER,April,Sunday,U.S. Highway,Urban,46.09329722,-122.948325,Pedestrian,The First Harmful Event was Not a Collision with a Motor Vehicle in Transport,Dark - Not Lighted,Cloudy
Oregon,410069,1,COOS (11),LAKESIDE,May,Wednesday,U.S. Highway,Rural,43.57838333,-124.1879972,Rollover/Overturn,The First Harmful Event was Not a Collision with a Motor Vehicle in Transport,Dark - Not Lighted,Cloudy
Oregon,410070,2,WASHINGTON (67),TIGARD,June,Tuesday,State Highway,Urban,45.41706944,-122.7887833,Pedalcyclist,The First Harmful Event was Not a Collision with a Motor Vehicle in Transport,Daylight,Clear
Oregon,410076,5,MARION (47),SALEM,June,Sunday,State Highway,Urban,44.97290556,-123.0209944,Motor Vehicle In-Transport,Angle,Dark - Lighted,Clear
Oregon,410078,1,LANE (39),EUGENE,May,Wednesday,Interstate,Urban,44.06122778,-123.0845583,Pedestrian,The First Harmful Event was Not a Collision with a Motor Vehicle in Transport,Dark - Not Lighted,Cloudy
Oregon,410081,2,MULTNOMAH (51),PORTLAND,June,Thursday,Interstate,Urban,45.51789444,-122.6872694,Rollover/Overturn,The First Harmful Event was Not a Collision with a Motor Vehicle in Transport,Dark - Lighted,Clear