State,Case Number,Persons,County,City,Month,Day,Route,Rural/Urban,Latitude,Longitude,First Harmful Event,Manner of Collision,Light Conditions,Weather
South Carolina,450385,3,GREENVILLE (45),MAULDIN,May,Wednesday,U.S. Highway,Urban,34.79193333,-82.31376944,Motor Vehicle In-Transport,Angle,Daylight,Clear
South Carolina,450386,2,HORRY (51),NORTH MYRTLE BEACH,May,Wednesday,State Highway,Urban,33.84336111,-78.66136944,Curb,The First Harmful Event was Not a Collision with a Motor Vehicle in Transport,Dark - Lighted,Clear
South Carolina,450387,3,HORRY (51),NORTH MYRTLE BEACH,May,Thursday,State Highway,Urban,33.8148,-78.69343056,Motor Vehicle In-Transport,Angle,Daylight,Clear
South Carolina,450392,2,LEXINGTON (63),CAYCE,June,Monday,State Highway,Urban,33.9583,-81.07361944,Motor Vehicle In-Transport,Angle,Daylight,Clear
South Carolina,450400,3,CHARLESTON (19),MOUNT PLEASANT,June,Friday,State Highway,Urban,32.79288056,-79.85973056,Pedestrian,The First Harmful Event was Not a Collision with a Motor Vehicle in Transport,Daylight,Clear
South Carolina,450401,2,SPARTANBURG (83),SPARTANBURG,June,Saturday,State Highway,Urban,34.93593889,-81.98011944,Tree (Standing Only),The First Harmful Event was Not a Collision with a Motor Vehicle in Transport,Dark - Lighted,Clear
South Carolina,450403,4,BEAUFORT (13),BEAUFORT,June,Saturday,U.S. Highway,Rural,32.46696111,-80.73586944,Motor Vehicle In-Transport,Angle,Daylight,Clear
South Carolina,450407,5,YORK (91),YORK,June,Monday,Interstate,Rural,34.97081111,-80.98543056,Motor Vehicle In-Transport,Front-to-Rear,Daylight,Clear
South Carolina,450425,3,LEXINGTON (63),CAYCE,June,Friday,U.S. Highway,Urban,33.93588056,-81.07701111,Motor Vehicle In-Transport,Angle,Daylight,Clear
South Carolina,450430,3,YORK (91),ROCK HILL,May,Wednesday,State Highway,Urban,34.95749167,-81.046725,Motor Vehicle In-Transport,Angle,Daylight,Clear
South Carolina,450431,1,RICHLAND (79),COLUMBIA,May,Monday,Interstate,Urban,34.01018056,-81.04673889,Curb,The First Harmful Event was Not a Collision with a Motor Vehicle in Transport,Dark - Lighted,Clear
South Carolina,450432,2,CHARLESTON (19),CHARLESTON,May,Sunday,U.S. Highway,Urban,32.79598889,-79.94373889,Pedalcyclist,The First Harmful Event was Not a Collision with a Motor Vehicle in Transport,Dark - Lighted,Cloudy
South Carolina,450433,1,CHARLESTON (19),CHARLESTON,June,Tuesday,State Highway,Urban,32.82971944,-80.04234167,Tree (Standing Only),The First Harmful Event was Not a Collision with a Motor Vehicle in Transport,Daylight,Clear
South Carolina,450447,3,BEAUFORT (13),PORT ROYAL,July,Sunday,State Highway,Urban,32.3955,-80.76718889,Motor Vehicle In-Transport,Angle,Dark - Lighted,Clear
South Carolina,450466,1,CHARLESTON (19),CHARLESTON,July,Thursday,State Highway,Urban,32.69128889,-79.96366111,Pedestrian,The First Harmful Event was Not a Collision with a Motor Vehicle in Transport,Dark - Not Lighted,Clear
South Carolina,450467,1,CHARLESTON (19),CHARLESTON,July,Saturday,County Road,Urban,32.75198056,-80.04475,Tree (Standing Only),The First Harmful Event was Not a Collision with a Motor Vehicle in Transport,Dark - Not Lighted,Clear
South Carolina,450474,1,CHARLESTON (19),NORTH CHARLESTON,July,Friday,State Highway,Urban,32.85378056,-80.00261944,Utility Pole/Light Support,The First Harmful Event was Not a Collision with a Motor Vehicle in Transport,Dark - Lighted,Cloudy
South Carolina,450475,6,DORCHESTER (35),SUMMERVILLE,June,Friday,State Highway,Urban,33.01866944,-80.18711111,Motor Vehicle In-Transport,Angle,Dark - Lighted,Clear
South Carolina,450492,1,YORK (91),ROCK HILL,July,Saturday,State Highway,Urban,34.89275,-81.05458889,Culvert,The First Harmful Event was Not a Collision with a Motor Vehicle in Transport,Daylight,Clear
South Carolina,450505,2,CHARLESTON (19),CHARLESTON,July,Monday,U.S. Highway,Urban,32.7935,-80.05546944,Pedestrian,The First Harmful Event was Not a Collision with a Motor Vehicle in Transport,Dark - Lighted,Clear
South Carolina,450510,1,CHARLESTON (19),NORTH CHARLESTON,May,Wednesday,County Road,Urban,32.97471111,-80.08396944,Tree (Standing Only),The First Harmful Event was Not a Collision with a Motor Vehicle in Transport,Dark - Lighted,Clear
South Carolina,450511,4,CHARLESTON (19),NORTH CHARLESTON,July,Tuesday,Interstate,Urban,32.875,-80.02648056,Pedalcyclist,The First Harmful Event was Not a Collision with a Motor Vehicle in Transport,Dark - Not Lighted,Clear
South Carolina,450513,2,RICHLAND (79),IRMO,July,Monday,Interstate,Urban,34.103,-81.17891944,Motor Vehicle In-Transport,Sideswipe - Same Direction,Daylight,Clear
South Carolina,450515,4,CHARLESTON (19),NORTH CHARLESTON,May,Wednesday,Interstate,Urban,32.95051111,-80.06026111,Motor Vehicle In-Transport,Rear-to-Side,Dark - Not Lighted,Clear
South Carolina,450525,2,CHARLESTON (19),MEGGETT,August,Sunday,State Highway,Urban,32.66996944,-80.34488889,Motor Vehicle In-Transport,Front-to-Front,Daylight,Clear
South Carolina,450527,1,CHARLESTON (19),NORTH CHARLESTON,August,Monday,State Highway,Urban,32.90501111,-80.08781111,Pedestrian,The First Harmful Event was Not a Collision with a Motor Vehicle in Transport,Dark - Unknown Lighting,Clear
South Carolina,450528,1,SPARTANBURG (83),SPARTANBURG,August,Monday,State Highway,Rural,34.97571111,-81.94216111,Other Traffic Barrier,The First Harmful Event was Not a Collision with a Motor Vehicle in Transport,Dark - Unknown Lighting,Rain
South Carolina,450535,2,SPARTANBURG (83),SPARTANBURG,August,Saturday,U.S. Highway,Urban,34.94961944,-81.9317,Motor Vehicle In-Transport,Angle,Dark - Lighted,Clear
South Carolina,450541,1,CHARLESTON (19),NORTH CHARLESTON,August,Tuesday,Interstate,Urban,32.98766111,-80.08263889,Traffic Sign Support,The First Harmful Event was Not a Collision with a Motor Vehicle in Transport,Dark - Lighted,Clear
South Carolina,450550,1,LEXINGTON (63),IRMO,August,Friday,State Highway,Urban,34.09278056,-81.18666944,Rollover/Overturn,The First Harmful Event was Not a Collision with a Motor Vehicle in Transport,Daylight,Clear
South Carolina,450551,1,ORANGEBURG (75),HOLLY HILL,July,Wednesday,State Highway,Urban,33.19046944,-80.24216944,Pedestrian,The First Harmful Event was Not a Collision with a Motor Vehicle in Transport,Daylight,Clear
South Carolina,450552,2,SUMTER (85),SUMTER,July,Thursday,U.S. Highway,Rural,33.93421944,-80.37028056,Motor Vehicle In-Transport,Angle,Daylight,Clear
South Carolina,450553,8,CHARLESTON (19),NORTH CHARLESTON,July,Friday,U.S. Highway,Urban,32.8567,-79.97913056,Motor Vehicle In-Transport,Sideswipe - Same Direction,Dark - Lighted,Clear
South Carolina,450554,2,CHEROKEE (21),GAFFNEY,July,Sunday,State Highway,Urban,35.09351389,-81.66523333,Motor Vehicle In-Transport,Front-to-Rear,Dark - Unknown Lighting,Clear
South Carolina,450556,1,BERKELEY (15),GOOSE CREEK,August,Tuesday,U.S. Highway,Urban,33.0363,-80.0636,Ditch,The First Harmful Event was Not a Collision with a Motor Vehicle in Transport,Daylight,Clear
South Carolina,450572,1,CHARLESTON (19),CHARLESTON,August,Friday,State Highway,Urban,32.75703889,-79.98285,Pedestrian,The First Harmful Event was Not a Collision with a Motor Vehicle in Transport,Dark - Not Lighted,Clear
South Carolina,450588,5,CHARLESTON (19),CHARLESTON,August,Wednesday,State Highway,Urban,32.88943889,-79.98551111,Motor Vehicle In-Transport,Angle,Daylight,Clear
South Carolina,450613,2,YORK (91),ROCK HILL,August,Friday,U.S. Highway,Urban,34.94580556,-80.99891667,Motor Vehicle In-Transport,Angle,Daylight,Clear
South Carolina,450614,1,FLORENCE (41),TIMMONSVILLE,August,Thursday,State Highway,Rural,34.15223889,-79.95033056,Pedalcyclist,The First Harmful Event was Not a Collision with a Motor Vehicle in Transport,Dark - Not Lighted,Clear
South Carolina,450629,3,LAURENS (59),LAURENS,September,Sunday,State Highway,Urban,34.5075,-82.02638889,Motor Vehicle In-Transport,Angle,Dark - Lighted,Clear
South Carolina,450630,3,CHARLESTON (19),CHARLESTON,September,Monday,State Highway,Urban,32.7513,-80.02996111,Motor Vehicle In-Transport,Front-to-Front,Dark - Not Lighted,Clear
South Carolina,450643,1,CHARLESTON (19),MOUNT PLEASANT,July,Thursday,State Highway,Urban,32.80773056,-79.85106944,Pedalcyclist,The First Harmful Event was Not a Collision with a Motor Vehicle in Transport,Dark - Unknown Lighting,Cloudy
South Carolina,450646,1,LEXINGTON (63),WEST COLUMBIA,July,Wednesday,U.S. Highway,Urban,33.97851944,-81.1179,Pedestrian,The First Harmful Event was Not a Collision with a Motor Vehicle in Transport,Daylight,Clear
South Carolina,450647,3,GREENVILLE (45),GREENVILLE,July,Thursday,State Highway,Urban,34.83275,-82.40443056,Motor Vehicle In-Transport,Angle,Daylight,Clear
South Carolina,450648,2,RICHLAND (79),COLUMBIA,August,Wednesday,State Highway,Urban,33.97270278,-81.02099722,Pedestrian,The First Harmful Event was Not a Collision with a Motor Vehicle in Transport,Dark - Lighted,Clear
South Carolina,450649,1,HORRY (51),NORTH MYRTLE BEACH,August,Thursday,County Road,Urban,33.829,-78.6805,Wall,The First Harmful Event was Not a Collision with a Motor Vehicle in Transport,Dark - Lighted,Clear
South Carolina,450650,1,HORRY (51),MYRTLE BEACH,September,Sunday,County Road,Urban,33.6724,-78.9137,Curb,The First Harmful Event was Not a Collision with a Motor Vehicle in Transport,Dark - Lighted,Clear
South Carolina,450652,2,COLLETON (29),WALTERBORO,September,Friday,State Highway,Urban,32.92063056,-80.66096111,Motor Vehicle In-Transport,Angle,Daylight,Clear
South Carolina,450677,1,BEAUFORT (13),HILTON HEAD ISLAND,September,Sunday,County Road,Urban,32.19505,-80.76798889,Tree (Standing Only),The First Harmful Event was Not a Collision with a Motor Vehicle in Transport,Dark - Lighted,Clear
South Carolina,450678,3,CHARLESTON (19),CHARLESTON,September,Monday,State Highway,Urban,32.82478056,-79.99101111,Motor Vehicle In-Transport,Angle,Daylight,Clear
South Carolina,450683,1,CHARLESTON (19),NORTH CHARLESTON,September,Wednesday,State Highway,Urban,32.93113056,-80.06538056,Fence,The First Harmful Event was Not a Collision with a Motor Vehicle in Transport,Daylight,Clear
South Carolina,450684,1,CHARLESTON (19),NORTH CHARLESTON,September,Monday,State Highway,Urban,32.90133056,-79.99666111,Pedestrian,The First Harmful Event was Not a Collision with a Motor Vehicle in Transport,Dark - Unknown Lighting,Clear
South Carolina,450697,1,CHARLESTON (19),RAVENEL,October,Friday,State Highway,Urban,32.82793056,-80.23516111,Embankment,The First Harmful Event was Not a Collision with a Motor Vehicle in Transport,Dawn,Clear
South Carolina,450703,1,CHARLESTON (19),CHARLESTON,October,Saturday,State Highway,Urban,32.76813889,-80.07248056,Ditch,The First Harmful Event was Not a Collision with a Motor Vehicle in Transport,Dark - Unknown Lighting,Clear
South Carolina,450723,2,SPARTANBURG (83),SPARTANBURG,October,Monday,U.S. Highway,Urban,34.93635,-81.89895,Parked Motor Vehicle,The First Harmful Event was Not a Collision with a Motor Vehicle in Transport,Dark - Lighted,Clear
South Carolina,450731,4,CHARLESTON (19),NORTH CHARLESTON,October,Friday,State Highway,Urban,32.98335278,-80.12073333,Motor Vehicle In-Transport,Front-to-Front,Dark - Lighted,Clear
South Carolina,450743,1,DARLINGTON (31),DARLINGTON,October,Tuesday,U.S. Highway,Urban,34.29228056,-79.88953889,Pedestrian,The First Harmful Event was Not a Collision with a Motor Vehicle in Transport,Dark - Not Lighted,Rain
South Carolina,450745,6,CHARLESTON (19),CHARLESTON,October,Friday,State Highway,Urban,32.6481,-80.13641111,Motor Vehicle In-Transport,Front-to-Front,Dark - Not Lighted,Clear
South Carolina,450754,2,CHARLESTON (19),CHARLESTON,October,Wednesday,State Highway,Urban,32.74231944,-80.06868889,Tree (Standing Only),The First Harmful Event was Not a Collision with a Motor Vehicle in Transport,Dark - Not Lighted,Cloudy
South Carolina,450762,1,CHARLESTON (19),CHARLESTON,October,Monday,Interstate,Urban,32.82885,-80.02938889,Tree (Standing Only),The First Harmful Event was Not a Collision with a Motor Vehicle in Transport,Dark - Not Lighted,Clear
South Carolina,450767,2,CHARLESTON (19),RAVENEL,November,Monday,U.S. Highway,Rural,32.77631389,-80.24802222,Motor Vehicle In-Transport,Front-to-Rear,Dawn,Clear
South Carolina,450769,2,JASPER (53),RIDGELAND,September,Thursday,State Highway,Urban,32.49943889,-80.97138889,Pedalcyclist,The First Harmful Event was Not a Collision with a Motor Vehicle in Transport,Dark - Not Lighted,Clear
South Carolina,450772,2,LEXINGTON (63),WEST COLUMBIA,November,Thursday,U.S. Highway,Urban,33.99716944,-81.0677,Pedestrian,The First Harmful Event was Not a Collision with a Motor Vehicle in Transport,Dark - Not Lighted,Rain
South Carolina,450773,1,LEXINGTON (63),WEST COLUMBIA,November,Thursday,U.S. Highway,Urban,33.99723056,-81.068375,Pedestrian,The First Harmful Event was Not a Collision with a Motor Vehicle in Transport,Dark - Not Lighted,Rain
South Carolina,450789,2,DORCHESTER (35),SUMMERVILLE,October,Thursday,State Highway,Urban,32.96281111,-80.15433889,Motor Vehicle In-Transport,Front-to-Front,Dark - Unknown Lighting,Clear
South Carolina,450793,1,LEXINGTON (63),LEXINGTON,November,Tuesday,State Highway,Urban,34.02351111,-81.17965,Embankment,The First Harmful Event was Not a Collision with a Motor Vehicle in Transport,Dark - Not Lighted,Clear
South Carolina,450805,1,CHEROKEE (21),BLACKSBURG,November,Saturday,State Highway,Urban,35.14053889,-81.50855278,Shrubbery,The First Harmful Event was Not a Collision with a Motor Vehicle in Transport,Daylight,Clear
South Carolina,450807,3,FLORENCE (41),FLORENCE,November,Monday,State Highway,Urban,34.17891111,-79.81443056,Motor Vehicle In-Transport,Angle,Dark - Not Lighted,Rain
South Carolina,450823,5,RICHLAND (79),IRMO,November,Sunday,State Highway,Rural,34.10180278,-81.22360833,Motor Vehicle In-Transport,Front-to-Rear,Daylight,Clear
South Carolina,450832,1,CHARLESTON (19),CHARLESTON,November,Thursday,State Highway,Urban,32.75213889,-79.96741111,Pedestrian,The First Harmful Event was Not a Collision with a Motor Vehicle in Transport,Dark - Lighted,Clear
South Carolina,450833,2,CHARLESTON (19),CHARLESTON,November,Thursday,State Highway,Urban,32.88756111,-80.11648056,Motor Vehicle In-Transport,Front-to-Front,Daylight,Clear
South Carolina,450835,1,DORCHESTER (35),RIDGEVILLE,November,Thursday,State Highway,Rural,33.09543056,-80.31458056,Utility Pole/Light Support,The First Harmful Event was Not a Collision with a Motor Vehicle in Transport,Daylight,Clear
South Carolina,450841,3,PICKENS (77),EASLEY,November,Friday,U.S. Highway,Urban,34.82033056,-82.59302222,Motor Vehicle In-Transport,Front-to-Rear,Dark - Lighted,Clear
South Carolina,450843,1,CHARLESTON (19),MOUNT PLEASANT,November,Saturday,State Highway,Urban,32.84739167,-79.83448611,Traffic Sign Support,The First Harmful Event was Not a Collision with a Motor Vehicle in Transport,Dark - Unknown Lighting,Clear
South Carolina,450845,2,LANCASTER (57),LANCASTER,July,Tuesday,State Highway,Urban,34.71208611,-80.76588333,"Post, Pole or Other Supports",The First Harmful Event was Not a Collision with a Motor Vehicle in Transport,Daylight,Clear
South Carolina,450846,1,RICHLAND (79),FOREST ACRES,November,Sunday,U.S. Highway,Urban,34.04975,-80.98492778,Pedestrian,The First Harmful Event was Not a Collision with a Motor Vehicle in Transport,Dark - Lighted,Clear
South Carolina,450847,2,HORRY (51),CONWAY,November,Thursday,State Highway,Rural,33.8354,-79.03261111,Embankment,The First Harmful Event was Not a Collision with a Motor Vehicle in Transport,Dark - Not Lighted,Clear
South Carolina,450852,2,ANDERSON (7),ANDERSON,December,Monday,Interstate,Rural,34.51475,-82.88758056,Guardrail End,The First Harmful Event was Not a Collision with a Motor Vehicle in Transport,Daylight,Clear
South Carolina,450862,1,SPARTANBURG (83),REIDVILLE,December,Thursday,State Highway,Rural,34.89783056,-82.14795,Tree (Standing Only),The First Harmful Event was Not a Collision with a Motor Vehicle in Transport,Dark - Not Lighted,Clear
South Carolina,450872,1,CHARLESTON (19),CHARLESTON,December,Thursday,State Highway,Urban,32.81086944,-80.03968889,Pedestrian,The First Harmful Event was Not a Collision with a Motor Vehicle in Transport,Dark - Not Lighted,Cloudy
South Carolina,450908,3,SPARTANBURG (83),GREER,May,Sunday,U.S. Highway,Urban,34.94758889,-82.21423056,Motor Vehicle In-Transport,Angle,Daylight,Clear
South Carolina,450910,1,LEXINGTON (63),PINERIDGE,August,Friday,State Highway,Urban,33.92381944,-81.08895,Tree (Standing Only),The First Harmful Event was Not a Collision with a Motor Vehicle in Transport,Dark - Unknown Lighting,Rain
South Carolina,450911,1,LEXINGTON (63),WEST COLUMBIA,August,Saturday,State Highway,Urban,33.9733,-81.08638889,Pedestrian,The First Harmful Event was Not a Collision with a Motor Vehicle in Transport,Dark - Not Lighted,Clear
South Carolina,450912,1,GREENVILLE (45),MAULDIN,September,Friday,U.S. Highway,Urban,34.76829167,-82.29853056,Pedestrian,The First Harmful Event was Not a Collision with a Motor Vehicle in Transport,Dark - Unknown Lighting,Clear
South Carolina,450915,4,CHARLESTON (19),RAVENEL,November,Saturday,U.S. Highway,Urban,32.77786944,-80.23956111,Pedestrian,The First Harmful Event was Not a Collision with a Motor Vehicle in Transport,Dark - Not Lighted,Clear
South Carolina,450916,1,GREENVILLE (45),GREER,November,Wednesday,State Highway,Urban,34.91065,-82.27236111,Tree (Standing Only),The First Harmful Event was Not a Collision with a Motor Vehicle in Transport,Dark - Not Lighted,Clear
South Carolina,450917,2,CHESTER (23),CHESTER,December,Tuesday,State Highway,Urban,34.71418056,-81.20705278,Rollover/Overturn,The First Harmful Event was Not a Collision with a Motor Vehicle in Transport,Dark - Lighted,Clear
South Carolina,450919,1,CHARLESTON (19),CHARLESTON,December,Wednesday,State Highway,Urban,32.75061944,-79.9834,Ditch,The First Harmful Event was Not a Collision with a Motor Vehicle in Transport,Dark - Not Lighted,Clear
South Carolina,450920,3,CHARLESTON (19),CHARLESTON,December,Friday,U.S. Highway,Urban,32.78931111,-80.02745,Motor Vehicle In-Transport,Front-to-Front,Daylight,Rain
South Carolina,450921,6,YORK (91),ROCK HILL,December,Wednesday,County Road,Urban,34.93063889,-81.03493056,Motor Vehicle In-Transport,Front-to-Rear,Daylight,Clear
South Carolina,450922,5,RICHLAND (79),COLUMBIA,December,Sunday,U.S. Highway,Urban,34.02736111,-81.06231944,Motor Vehicle In-Transport,Angle,Daylight,Rain
South Carolina,450924,2,FLORENCE (41),FLORENCE,December,Tuesday,State Highway,Urban,34.18645,-79.79919167,Motor Vehicle In-Transport,Front-to-Front,Daylight,Clear
South Carolina,450927,2,RICHLAND (79),COLUMBIA,September,Thursday,State Highway,Urban,34.03656111,-81.00506944,Motor Vehicle In-Transport,Angle,Daylight,Clear
South Carolina,450929,1,FLORENCE (41),FLORENCE,May,Friday,State Highway,Urban,34.2,-79.78321944,Pedestrian,The First Harmful Event was Not a Collision with a Motor Vehicle in Transport,Dark - Lighted,Clear
South Dakota,460003,2,MINNEHAHA (99),SIOUX FALLS,January,Tuesday,Interstate,Urban,43.57956111,-96.69323611,Motor Vehicle In-Transport,Angle,Daylight,Cloudy
South Dakota,460024,1,MINNEHAHA (99),SIOUX FALLS,March,Monday,Local Street - Municipality,Urban,43.58537222,-96.71960833,Tree (Standing Only),The First Harmful Event was Not a Collision with a Motor Vehicle in Transport,Daylight,Clear
South Dakota,460027,2,BROWN (13),ABERDEEN,May,Friday,U.S. Highway,Urban,45.45826667,-98.16659167,Pedestrian,The First Harmful Event was Not a Collision with a Motor Vehicle in Transport,Daylight,Clear
South Dakota,460031,4,LAKE (79),MADISON,July,Saturday,State Highway,Rural,43.99148889,-97.09862778,Motor Vehicle In-Transport,Sideswipe - Same Direction,Daylight,Clear
South Dakota,460032,1,PENNINGTON (103),RAPID CITY,July,Sunday,County Road,Urban,44.03995556,-103.1311944,Traffic Sign Support,The First Harmful Event was Not a Collision with a Motor Vehicle in Transport,Dark - Not Lighted,Rain
South Dakota,460036,5,MINNEHAHA (99),BRANDON,July,Tuesday,Interstate,Urban,43.60938333,-96.58731389,Motor Vehicle In-Transport,Front-to-Rear,Daylight,Clear
South Dakota,460045,1,LAWRENCE (81),SPEARFISH,July,Wednesday,Local Street - Municipality,Urban,44.49141389,-103.8593222,Non-Motorist on Personal Conveyance,The First Harmful Event was Not a Collision with a Motor Vehicle in Transport,Daylight,Clear
South Dakota,460051,2,PENNINGTON (103),RAPID CITY,August,Saturday,Local Street - Municipality,Urban,44.0552,-103.2270361,Motor Vehicle In-Transport,Angle,Daylight,Cloudy
South Dakota,460052,1,MINNEHAHA (99),SIOUX FALLS,August,Saturday,Local Street - Municipality,Urban,43.54845,-96.80073889,Tree (Standing Only),The First Harmful Event was Not a Collision with a Motor Vehicle in Transport,Daylight,Rain
South Dakota,460053,3,PENNINGTON (103),RAPID CITY,August,Saturday,Local Street - Municipality,Urban,44.06748889,-103.1951944,Motor Vehicle In-Transport,Angle,Daylight,Clear
South Dakota,460055,3,CODINGTON (29),WATERTOWN,September,Thursday,U.S. Highway,Urban,44.89016111,-97.05963056,Motor Vehicle In-Transport,Angle,Dusk,Clear
South Dakota,460057,2,MINNEHAHA (99),SIOUX FALLS,September,Friday,State Highway,Rural,43.51171111,-96.65183611,Rollover/Overturn,The First Harmful Event was Not a Collision with a Motor Vehicle in Transport,Daylight,Clear
South Dakota,460059,1,MINNEHAHA (99),SIOUX FALLS,June,Tuesday,Local Street - Municipality,Rural,43.60185,-96.76923611,Pedalcyclist,The First Harmful Event was Not a Collision with a Motor Vehicle in Transport,Daylight,Cloudy
South Dakota,460063,2,BEADLE (5),HURON,October,Sunday,Local Street - Municipality,Urban,44.362575,-98.17422778,Ditch,The First Harmful Event was Not a Collision with a Motor Vehicle in Transport,Dark - Not Lighted,Clear
South Dakota,460065,1,JACKSON (71),KADOKA,October,Tuesday,State Highway,Rural,43.84032778,-101.5067611,Pedestrian,The First Harmful Event was Not a Collision with a Motor Vehicle in Transport,Dark - Lighted,Clear
South Dakota,460068,1,PENNINGTON (103),KEYSTONE,October,Saturday,County Road,Rural,43.89476389,-103.4407833,Culvert,The First Harmful Event was Not a Collision with a Motor Vehicle in Transport,Dark - Not Lighted,Clear
South Dakota,460072,1,MEADE (93),STURGIS,October,Monday,Local Street - Municipality,Urban,44.41341389,-103.5128056,Pedestrian,The First Harmful Event was Not a Collision with a Motor Vehicle in Transport,Dawn,Clear
South Dakota,460076,2,MINNEHAHA (99),SIOUX FALLS,November,Tuesday,Interstate,Urban,43.53161667,-96.69778611,Rollover/Overturn,The First Harmful Event was Not a Collision with a Motor Vehicle in Transport,Dark - Not Lighted,Freezing Rain or Drizzle
South Dakota,460078,1,CODINGTON (29),WATERTOWN,October,Saturday,Local Street - Municipality,Urban,44.90286111,-97.09197222,Curb,The First Harmful Event was Not a Collision with a Motor Vehicle in Transport,Dark - Lighted,Clear
South Dakota,460085,1,PENNINGTON (103),RAPID CITY,December,Friday,Local Street - Municipality,Urban,44.08733889,-103.2130972,Pedestrian,The First Harmful Event was Not a Collision with a Motor Vehicle in Transport,Dark - Not Lighted,Clear
South Dakota,460089,1,CLAY (27),VERMILLION,December,Thursday,Local Street - Municipality,Urban,42.77930556,-96.92924167,Traffic Signal Support,The First Harmful Event was Not a Collision with a Motor Vehicle in Transport,Daylight,Clear
Tennessee,470003,5,DAVIDSON (37),NASHVILLE,January,Tuesday,Local Street - Municipality,Urban,36.04316944,-86.64683889,Tree (Standing Only),The First Harmful Event was Not a Collision with a Motor Vehicle in Transport,Daylight,Cloudy
Tennessee,470004,2,CARTER (19),ELIZABETHTON,January,Friday,State Highway,Urban,36.36688056,-82.1792,Motor Vehicle In-Transport,Angle,Dawn,Rain
Tennessee,470006,2,HAMILTON (65),CHATTANOOGA,January,Thursday,U.S. Highway,Urban,35.02581667,-85.30221111,Motor Vehicle In-Transport,Sideswipe - Same Direction,Dark - Lighted,Rain
Tennessee,470007,2,CUMBERLAND (35),CRAB ORCHARD,January,Thursday,U.S. Highway,Rural,35.9034,-84.8659,Pedestrian,The First Harmful Event was Not a Collision with a Motor Vehicle in Transport,Dark - Not Lighted,Rain
Tennessee,470009,2,DAVIDSON (37),NASHVILLE,January,Tuesday,Local Street - Municipality,Urban,36.16025,-86.7767,Fell/Jumped from Vehicle,The First Harmful Event was Not a Collision with a Motor Vehicle in Transport,Dark - Lighted,Clear
Tennessee,470010,6,KNOX (93),KNOXVILLE,January,Friday,Interstate,Urban,36.00861389,-83.86866389,Motor Vehicle In-Transport,Front-to-Rear,Dark - Not Lighted,Rain
Tennessee,470011,7,ROBERTSON (147),CROSS PLAINS,January,Monday,Interstate,Urban,36.51108889,-86.6556,Bridge Rail (Includes parapet),The First Harmful Event was Not a Collision with a Motor Vehicle in Transport,Dark - Not Lighted,Clear
Tennessee,470014,7,HAMILTON (65),CHATTANOOGA,January,Thursday,Local Street - Municipality,Urban,35.08134167,-85.26362222,Motor Vehicle In-Transport,Angle,Dark - Lighted,Clear
Tennessee,470015,3,HAMILTON (65),CHATTANOOGA,January,Wednesday,Local Street - Municipality,Urban,35.04379444,-85.27989722,Motor Vehicle In-Transport,Angle,Dark - Lighted,Clear
Tennessee,470017,2,DAVIDSON (37),NASHVILLE,January,Wednesday,State Highway,Urban,36.1961,-86.61966944,Pedestrian,The First Harmful Event was Not a Collision with a Motor Vehicle in Transport,Dark - Not Lighted,Clear
Tennessee,470021,4,MAURY (119),SPRING HILL,January,Thursday,State Highway,Urban,35.73596111,-86.88678056,Pedestrian,The First Harmful Event was Not a Collision with a Motor Vehicle in Transport,Dark - Not Lighted,Clear
Tennessee,470022,1,RUTHERFORD (149),SMYRNA,January,Friday,State Highway,Urban,35.93583056,-86.53151111,Guardrail Face,The First Harmful Event was Not a Collision with a Motor Vehicle in Transport,Dark - Lighted,Rain
Tennessee,470025,1,HAMILTON (65),CHATTANOOGA,January,Wednesday,U.S. Highway,Urban,35.01718889,-85.33336389,Embankment,The First Harmful Event was Not a Collision with a Motor Vehicle in Transport,Dark - Not Lighted,Clear
Tennessee,470026,3,HAMILTON (65),CHATTANOOGA,January,Friday,Local Street - Municipality,Urban,35.05235278,-85.25856944,Motor Vehicle In-Transport,Front-to-Front,Daylight,Rain
Tennessee,470027,1,BLOUNT (9),MARYVILLE,January,Tuesday,County Road,Urban,35.73286111,-83.93946111,Tree (Standing Only),The First Harmful Event was Not a Collision with a Motor Vehicle in Transport,Daylight,Cloudy
Tennessee,470028,1,KNOX (93),KNOXVILLE,January,Friday,Local Street - Municipality,Urban,36.03066667,-83.95563611,Tree (Standing Only),The First Harmful Event was Not a Collision with a Motor Vehicle in Transport,Dark - Lighted,Clear
Tennessee,470031,1,SHELBY (157),MEMPHIS,January,Monday,U.S. Highway,Urban,35.03822222,-90.07051111,Pedestrian,The First Harmful Event was Not a Collision with a Motor Vehicle in Transport,Dark - Lighted,Clear
Tennessee,470033,3,KNOX (93),KNOXVILLE,January,Thursday,U.S. Highway,Urban,35.9315,-84.02459444,Pedestrian,The First Harmful Event was Not a Collision with a Motor Vehicle in Transport,Dark - Lighted,Rain
Tennessee,470036,2,SHELBY (157),MEMPHIS,January,Thursday,Local Street - Municipality,Urban,35.07768889,-89.85078056,Curb,The First Harmful Event was Not a Collision with a Motor Vehicle in Transport,Dark - Lighted,Rain