State,Case Number,Persons,County,City,Month,Day,Route,Rural/Urban,Latitude,Longitude,First Harmful Event,Manner of Collision,Light Conditions,Weather
Tennessee,470312,1,SHELBY (157),MEMPHIS,May,Tuesday,Local Street - Municipality,Urban,35.204175,-89.73256944,Pedestrian,The First Harmful Event was Not a Collision with a Motor Vehicle in Transport,Dark - Lighted,Clear
Tennessee,470313,1,WILSON (189),MOUNT JULIET,May,Wednesday,Local Street - Municipality,Urban,36.19811944,-86.5723,Mail Box,The First Harmful Event was Not a Collision with a Motor Vehicle in Transport,Dark - Not Lighted,Clear
Tennessee,470314,1,SHELBY (157),MEMPHIS,May,Tuesday,State Highway,Urban,35.12739167,-90.018725,Pedestrian,The First Harmful Event was Not a Collision with a Motor Vehicle in Transport,Dark - Lighted,Clear
Tennessee,470315,1,HAMILTON (65),CHATTANOOGA,May,Friday,State Highway,Urban,35.01364722,-85.31501667,Bridge Pier or Support,The First Harmful Event was Not a Collision with a Motor Vehicle in Transport,Dark - Lighted,Rain
Tennessee,470317,3,SHELBY (157),LAKELAND,May,Sunday,Interstate,Urban,35.21456944,-89.75185,Motor Vehicle In-Transport,Front-to-Front,Dark - Not Lighted,Clear
Tennessee,470318,1,WILLIAMSON (187),FRANKLIN,May,Friday,Local Street - Municipality,Rural,35.87518889,-86.79123889,Tree (Standing Only),The First Harmful Event was Not a Collision with a Motor Vehicle in Transport,Dark - Not Lighted,Clear
Tennessee,470322,2,PUTNAM (141),COOKEVILLE,May,Tuesday,State Highway,Urban,36.13625,-85.47901944,Motor Vehicle In-Transport,Angle,Daylight,Clear
Tennessee,470323,1,KNOX (93),KNOXVILLE,May,Thursday,U.S. Highway,Urban,35.97246944,-83.92399167,Pedestrian,The First Harmful Event was Not a Collision with a Motor Vehicle in Transport,Dark - Lighted,Clear
Tennessee,470324,4,CHEATHAM (21),PEGRAM,May,Sunday,Interstate,Rural,36.08741111,-87.05435,Motor Vehicle In-Transport,Front-to-Rear,Dark - Not Lighted,Rain
Tennessee,470325,1,KNOX (93),KNOXVILLE,May,Thursday,State Highway,Urban,35.97758889,-84.14888056,Pedestrian,The First Harmful Event was Not a Collision with a Motor Vehicle in Transport,Dark - Not Lighted,Clear
Tennessee,470328,2,SHELBY (157),MEMPHIS,May,Saturday,Local Street - Municipality,Urban,35.10661111,-89.89592222,Pedestrian,The First Harmful Event was Not a Collision with a Motor Vehicle in Transport,Dark - Unknown Lighting,Rain
Tennessee,470329,1,DICKSON (43),BURNS,March,Saturday,State Highway,Urban,36.0543,-87.3198,Ditch,The First Harmful Event was Not a Collision with a Motor Vehicle in Transport,Daylight,Clear
Tennessee,470330,1,RUTHERFORD (149),MURFREESBORO,May,Friday,U.S. Highway,Urban,35.863,-86.40875,Pedestrian,The First Harmful Event was Not a Collision with a Motor Vehicle in Transport,Dark - Lighted,Clear
Tennessee,470331,1,WILLIAMSON (187),BRENTWOOD,May,Saturday,Local Street - Municipality,Urban,35.97363056,-86.70315,Fell/Jumped from Vehicle,The First Harmful Event was Not a Collision with a Motor Vehicle in Transport,Dark - Not Lighted,Clear
Tennessee,470332,1,DAVIDSON (37),NASHVILLE,May,Thursday,Local Street - Municipality,Urban,36.15361111,-86.78835,Non-Motorist on Personal Conveyance,The First Harmful Event was Not a Collision with a Motor Vehicle in Transport,Dark - Lighted,Clear
Tennessee,470333,6,SHELBY (157),MEMPHIS,May,Monday,Interstate,Urban,35.13861944,-90.02389444,Pedestrian,The First Harmful Event was Not a Collision with a Motor Vehicle in Transport,Daylight,Clear
Tennessee,470334,2,SHELBY (157),MEMPHIS,May,Wednesday,Interstate,Urban,35.07711944,-89.97155,Utility Pole/Light Support,The First Harmful Event was Not a Collision with a Motor Vehicle in Transport,Dark - Lighted,Clear
Tennessee,470337,4,SHELBY (157),MEMPHIS,March,Tuesday,Local Street - Municipality,Urban,35.00948611,-90.00746111,Pedestrian,The First Harmful Event was Not a Collision with a Motor Vehicle in Transport,Daylight,Clear
Tennessee,470340,3,SHELBY (157),MEMPHIS,May,Thursday,Local Street - Municipality,Urban,35.17441111,-89.96915556,Motor Vehicle In-Transport,Angle,Daylight,Clear
Tennessee,470341,1,SHELBY (157),LAKELAND,May,Saturday,Local Street - Municipality,Urban,35.25255556,-89.74888056,Tree (Standing Only),The First Harmful Event was Not a Collision with a Motor Vehicle in Transport,Dark - Not Lighted,Clear
Tennessee,470345,4,KNOX (93),KNOXVILLE,May,Thursday,Interstate,Urban,35.98365278,-83.93945833,Concrete Traffic Barrier,The First Harmful Event was Not a Collision with a Motor Vehicle in Transport,Daylight,Clear
Tennessee,470347,1,LOUDON (105),LENOIR CITY,May,Tuesday,State Highway,Urban,35.78145,-84.24276111,Rollover/Overturn,The First Harmful Event was Not a Collision with a Motor Vehicle in Transport,Dark - Not Lighted,Clear
Tennessee,470353,1,MCNAIRY (109),RAMER,May,Monday,Local Street - Municipality,Rural,35.07318056,-88.62501111,Tree (Standing Only),The First Harmful Event was Not a Collision with a Motor Vehicle in Transport,Reported as Unknown,Clear
Tennessee,470354,2,DAVIDSON (37),NASHVILLE,April,Thursday,State Highway,Urban,36.06028889,-86.91763889,Motor Vehicle In-Transport,Angle,Daylight,Clear
Tennessee,470356,2,KNOX (93),FARRAGUT,May,Thursday,U.S. Highway,Urban,35.89436944,-84.1405,Motor Vehicle In-Transport,Angle,Daylight,Clear
Tennessee,470357,2,DAVIDSON (37),ANTIOCH,May,Sunday,U.S. Highway,Urban,36.04285,-86.60655,Motor Vehicle In-Transport,Angle,Dark - Not Lighted,Clear
Tennessee,470358,3,WASHINGTON (179),JOHNSON CITY,May,Saturday,U.S. Highway,Urban,36.31013056,-82.40446389,Pedestrian,The First Harmful Event was Not a Collision with a Motor Vehicle in Transport,Daylight,Clear
Tennessee,470363,4,SHELBY (157),MEMPHIS,May,Sunday,U.S. Highway,Urban,35.18391111,-89.8563,Motor Vehicle In-Transport,Sideswipe - Opposite Direction,Dark - Lighted,Clear
Tennessee,470364,1,SHELBY (157),MEMPHIS,May,Tuesday,U.S. Highway,Urban,35.05951389,-90.05968056,Pedestrian,The First Harmful Event was Not a Collision with a Motor Vehicle in Transport,Dark - Lighted,Clear
Tennessee,470367,1,KNOX (93),FARRAGUT,May,Thursday,U.S. Highway,Urban,35.86601944,-84.1992,Guardrail Face,The First Harmful Event was Not a Collision with a Motor Vehicle in Transport,Daylight,Clear
Tennessee,470373,1,DAVIDSON (37),NASHVILLE,January,Tuesday,Local Street - Municipality,Urban,36.16791111,-86.755,Other Non-Collision,The First Harmful Event was Not a Collision with a Motor Vehicle in Transport,Daylight,Clear
Tennessee,470374,2,OBION (131),UNION CITY,June,Saturday,U.S. Highway,Urban,36.42321944,-89.0402,Pedestrian,The First Harmful Event was Not a Collision with a Motor Vehicle in Transport,Dark - Lighted,Clear
Tennessee,470377,2,BEDFORD (3),SHELBYVILLE,May,Monday,U.S. Highway,Urban,35.5107,-86.4562,Motor Vehicle In-Transport,Angle,Daylight,Clear
Tennessee,470378,2,RUTHERFORD (149),SMYRNA,May,Wednesday,U.S. Highway,Urban,36.00285,-86.53641944,Utility Pole/Light Support,The First Harmful Event was Not a Collision with a Motor Vehicle in Transport,Daylight,Cloudy
Tennessee,470379,1,DAVIDSON (37),NASHVILLE,May,Wednesday,Local Street - Municipality,Urban,36.12233056,-86.71761944,Ditch,The First Harmful Event was Not a Collision with a Motor Vehicle in Transport,Dark - Lighted,Clear
Tennessee,470382,3,HOUSTON (83),TENNESSEE RIDGE,June,Sunday,County Road,Rural,36.33263889,-87.76806944,Motor Vehicle In-Transport,Front-to-Front,Daylight,Clear
Tennessee,470383,2,MONTGOMERY (125),CLARKSVILLE,May,Thursday,State Highway,Urban,36.62817222,-87.31733333,Rollover/Overturn,The First Harmful Event was Not a Collision with a Motor Vehicle in Transport,Daylight,Clear
Tennessee,470385,1,KNOX (93),KNOXVILLE,May,Tuesday,U.S. Highway,Urban,36.001075,-83.925675,Pedalcyclist,The First Harmful Event was Not a Collision with a Motor Vehicle in Transport,Daylight,Clear
Tennessee,470386,2,WILSON (189),LEBANON,May,Wednesday,State Highway,Urban,36.23075,-86.42808889,Motor Vehicle In-Transport,Angle,Daylight,Clear
Tennessee,470388,2,MONTGOMERY (125),CLARKSVILLE,May,Friday,U.S. Highway,Urban,36.49976389,-87.33216111,Other Fixed Object,The First Harmful Event was Not a Collision with a Motor Vehicle in Transport,Daylight,Clear
Tennessee,470389,2,SULLIVAN (163),KINGSPORT,June,Thursday,Interstate,Urban,36.54443611,-82.33563056,Guardrail Face,The First Harmful Event was Not a Collision with a Motor Vehicle in Transport,Reported as Unknown,Clear
Tennessee,470391,3,SEQUATCHIE (153),DUNLAP,June,Monday,U.S. Highway,Rural,35.39231944,-85.37591111,Motor Vehicle In-Transport,Angle,Daylight,Clear
Tennessee,470393,4,MARSHALL (117),LEWISBURG,June,Tuesday,Local Street - Municipality,Urban,35.45096944,-86.75805,Guardrail Face,The First Harmful Event was Not a Collision with a Motor Vehicle in Transport,Dusk,Clear
Tennessee,470394,1,SCOTT (151),WINFIELD,June,Thursday,Local Street - Municipality,Rural,36.56115,-84.44498889,Utility Pole/Light Support,The First Harmful Event was Not a Collision with a Motor Vehicle in Transport,Reported as Unknown,Reported as Unknown
Tennessee,470397,2,HAWKINS (73),ROGERSVILLE,June,Tuesday,County Road,Urban,36.38948056,-82.99046111,Motor Vehicle In-Transport,Front-to-Front,Dark - Not Lighted,Clear
Tennessee,470398,4,HAMILTON (65),CHATTANOOGA,June,Friday,U.S. Highway,Urban,35.02464167,-85.27608889,Motor Vehicle In-Transport,Angle,Dusk,Clear
Tennessee,470399,3,SHELBY (157),MEMPHIS,June,Saturday,Local Street - Municipality,Urban,35.13771667,-89.99966389,Motor Vehicle In-Transport,Angle,Daylight,Clear
Tennessee,470402,2,ROANE (145),ROCKWOOD,May,Sunday,U.S. Highway,Urban,35.88825,-84.64336111,Motor Vehicle In-Transport,Angle,Daylight,Cloudy
Tennessee,470403,1,SHELBY (157),MEMPHIS,June,Monday,Local Street - Municipality,Urban,35.15651944,-89.97600556,Pedestrian,The First Harmful Event was Not a Collision with a Motor Vehicle in Transport,Dark - Lighted,Clear
Tennessee,470404,2,SHELBY (157),LAKELAND,June,Sunday,Local Street - Municipality,Urban,35.23524167,-89.74352222,Motor Vehicle In-Transport,Front-to-Front,Daylight,Clear
Tennessee,470405,2,WILLIAMSON (187),FRANKLIN,April,Monday,State Highway,Urban,35.90741944,-86.80476944,Motor Vehicle In-Transport,Front-to-Front,Daylight,Clear
Tennessee,470407,1,DAVIDSON (37),NASHVILLE,June,Monday,Interstate,Urban,36.15366111,-86.788,Pedestrian,The First Harmful Event was Not a Collision with a Motor Vehicle in Transport,Daylight,Clear
Tennessee,470408,2,DAVIDSON (37),NASHVILLE,June,Wednesday,Interstate,Urban,36.09953056,-86.711,Motor Vehicle In-Transport,Angle,Dark - Lighted,Clear
Tennessee,470410,7,BLOUNT (9),MARYVILLE,June,Saturday,U.S. Highway,Urban,35.71388056,-84.02085,Motor Vehicle In-Transport,Angle,Daylight,Clear
Tennessee,470411,2,KNOX (93),KNOXVILLE,June,Thursday,Interstate,Urban,35.99151111,-83.968975,Motor Vehicle In-Transport,Front-to-Rear,Dark - Lighted,Clear
Tennessee,470412,1,SULLIVAN (163),KINGSPORT,June,Friday,State Highway,Urban,36.48256111,-82.50036111,Pedestrian,The First Harmful Event was Not a Collision with a Motor Vehicle in Transport,Dark - Lighted,Clear
Tennessee,470416,3,CHEATHAM (21),ASHLAND CITY,June,Thursday,State Highway,Rural,36.27031111,-87.05988056,Motor Vehicle In-Transport,Front-to-Front,Daylight,Clear
Tennessee,470417,1,SHELBY (157),MEMPHIS,June,Saturday,Local Street - Municipality,Urban,35.14901111,-89.88833611,Guardrail Face,The First Harmful Event was Not a Collision with a Motor Vehicle in Transport,Dark - Lighted,Clear
Tennessee,470421,3,DAVIDSON (37),MADISON,June,Wednesday,Local Street - Municipality,Urban,36.26268889,-86.7058,Motor Vehicle In-Transport,Angle,Daylight,Clear
Tennessee,470422,1,DAVIDSON (37),GOODLETTSVILLE,June,Sunday,Local Street - Municipality,Urban,36.35491111,-86.73203056,Rollover/Overturn,The First Harmful Event was Not a Collision with a Motor Vehicle in Transport,Dark - Not Lighted,Cloudy
Tennessee,470423,2,DAVIDSON (37),NASHVILLE,June,Thursday,U.S. Highway,Urban,36.1361,-86.72541111,Pedestrian,The First Harmful Event was Not a Collision with a Motor Vehicle in Transport,Dark - Not Lighted,Clear
Tennessee,470424,5,SHELBY (157),MEMPHIS,June,Thursday,Local Street - Municipality,Urban,35.027675,-89.83146111,Motor Vehicle In-Transport,Angle,Dark - Lighted,Clear
Tennessee,470429,2,SHELBY (157),MEMPHIS,June,Wednesday,Interstate,Urban,35.20240278,-89.77599444,Motor Vehicle In-Transport,Front-to-Rear,Dark - Lighted,Clear
Tennessee,470430,1,SHELBY (157),MEMPHIS,June,Tuesday,State Highway,Urban,35.13179444,-90.02978889,Non-Motorist on Personal Conveyance,The First Harmful Event was Not a Collision with a Motor Vehicle in Transport,Dark - Lighted,Clear
Tennessee,470431,3,DAVIDSON (37),NASHVILLE,June,Friday,Interstate,Urban,36.14031944,-86.73096944,Motor Vehicle In-Transport,Front-to-Rear,Dark - Lighted,Clear
Tennessee,470432,4,DAVIDSON (37),NASHVILLE,April,Friday,Local Street - Municipality,Urban,36.1802,-86.7653,Curb,The First Harmful Event was Not a Collision with a Motor Vehicle in Transport,Daylight,Clear
Tennessee,470434,1,SUMNER (165),PORTLAND,June,Saturday,State Highway,Rural,36.61171111,-86.4163,Fell/Jumped from Vehicle,The First Harmful Event was Not a Collision with a Motor Vehicle in Transport,Daylight,Clear
Tennessee,470437,2,SHELBY (157),MEMPHIS,June,Thursday,Local Street - Municipality,Urban,35.03198889,-90.11066111,Motor Vehicle In-Transport,Angle,Daylight,Clear
Tennessee,470438,1,HAWKINS (73),SURGOINSVILLE,June,Wednesday,State Highway,Rural,36.47303889,-82.84836944,Culvert,The First Harmful Event was Not a Collision with a Motor Vehicle in Transport,Dark - Lighted,Clear
Tennessee,470439,1,CUMBERLAND (35),CROSSVILLE,June,Friday,State Highway,Urban,35.99315,-85.00835,Tree (Standing Only),The First Harmful Event was Not a Collision with a Motor Vehicle in Transport,Daylight,Clear
Tennessee,470440,2,MONTGOMERY (125),CLARKSVILLE,June,Sunday,Interstate,Urban,36.60791111,-87.28916111,Motor Vehicle In-Transport,Front-to-Rear,Dark - Not Lighted,Clear
Tennessee,470442,1,MAURY (119),MOUNT PLEASANT,June,Friday,Local Street - Municipality,Urban,35.53923056,-87.20191944,Parked Motor Vehicle,The First Harmful Event was Not a Collision with a Motor Vehicle in Transport,Daylight,Clear
Tennessee,470443,1,SHELBY (157),MEMPHIS,June,Wednesday,U.S. Highway,Urban,35.06261944,-90.05910556,Pedestrian,The First Harmful Event was Not a Collision with a Motor Vehicle in Transport,Dark - Lighted,Clear
Tennessee,470445,1,DAVIDSON (37),NASHVILLE,June,Sunday,U.S. Highway,Urban,36.13246944,-86.71931111,Pedestrian,The First Harmful Event was Not a Collision with a Motor Vehicle in Transport,Dark - Lighted,Cloudy
Tennessee,470446,1,DAVIDSON (37),NASHVILLE,June,Tuesday,Interstate,Urban,36.15416944,-86.63056944,Shrubbery,The First Harmful Event was Not a Collision with a Motor Vehicle in Transport,Daylight,Clear
Tennessee,470447,3,RUTHERFORD (149),MURFREESBORO,May,Sunday,U.S. Highway,Urban,35.8633,-86.40876111,Motor Vehicle In-Transport,Front-to-Rear,Dark - Lighted,Clear
Tennessee,470449,1,MONROE (123),SWEETWATER,June,Tuesday,U.S. Highway,Urban,35.61291944,-84.46181111,Ground,The First Harmful Event was Not a Collision with a Motor Vehicle in Transport,Daylight,Clear
Tennessee,470451,2,DAVIDSON (37),NASHVILLE,May,Friday,Local Street - Municipality,Urban,36.23323056,-86.78138889,Motor Vehicle In-Transport,Front-to-Rear,Dusk,Clear
Tennessee,470452,5,DAVIDSON (37),NASHVILLE,May,Sunday,Interstate,Urban,36.21028889,-86.77583056,Motor Vehicle In-Transport,Angle,Daylight,Clear
Tennessee,470454,4,SHELBY (157),MEMPHIS,June,Friday,U.S. Highway,Urban,35.14869167,-89.907425,Motor Vehicle In-Transport,Front-to-Rear,Daylight,Clear
Tennessee,470455,1,HAMILTON (65),CHATTANOOGA,June,Saturday,State Highway,Urban,35.14031111,-85.38615,Guardrail Face,The First Harmful Event was Not a Collision with a Motor Vehicle in Transport,Daylight,Rain
Tennessee,470456,3,WARREN (177),MORRISON,June,Wednesday,State Highway,Rural,35.60926111,-85.90643889,Motor Vehicle In-Transport,Front-to-Front,Daylight,Clear
Tennessee,470458,1,MONTGOMERY (125),CLARKSVILLE,June,Wednesday,Local Street - Municipality,Urban,36.54911667,-87.29808333,Tree (Standing Only),The First Harmful Event was Not a Collision with a Motor Vehicle in Transport,Daylight,Cloudy
Tennessee,470465,3,BEDFORD (3),SHELBYVILLE,June,Sunday,State Highway,Urban,35.46631944,-86.4831,Motor Vehicle In-Transport,Front-to-Front,Dark - Not Lighted,Clear
Tennessee,470466,1,DAVIDSON (37),NASHVILLE,June,Wednesday,Local Street - Municipality,Rural,36.24636111,-86.901,Ditch,The First Harmful Event was Not a Collision with a Motor Vehicle in Transport,Daylight,Rain
Tennessee,470467,1,DAVIDSON (37),NASHVILLE,June,Friday,State Highway,Urban,36.0452,-86.71621111,Pedestrian,The First Harmful Event was Not a Collision with a Motor Vehicle in Transport,Dark - Not Lighted,Clear
Tennessee,470469,2,SHELBY (157),MEMPHIS,June,Saturday,State Highway,Urban,35.02103056,-89.992475,Motor Vehicle In-Transport,Angle,Dark - Lighted,Clear
Tennessee,470470,3,SULLIVAN (163),KINGSPORT,June,Saturday,Interstate,Urban,36.47487222,-82.49156944,Motor Vehicle In-Transport,Front-to-Front,Daylight,Clear
Tennessee,470471,3,SHELBY (157),MEMPHIS,June,Sunday,Local Street - Municipality,Urban,35.08265278,-89.98576111,Motor Vehicle In-Transport,Angle,Daylight,Clear
Tennessee,470475,2,HAMILTON (65),CHATTANOOGA,July,Monday,Local Street - Municipality,Urban,35.03648333,-85.28424167,Motor Vehicle In-Transport,Angle,Daylight,Clear
Tennessee,470476,1,KNOX (93),KNOXVILLE,June,Sunday,Local Street - Municipality,Urban,35.95248889,-83.96568889,Pedestrian,The First Harmful Event was Not a Collision with a Motor Vehicle in Transport,Dark - Lighted,Clear
Tennessee,470477,3,SHELBY (157),MEMPHIS,June,Wednesday,U.S. Highway,Urban,35.10708333,-90.05553889,Tree (Standing Only),The First Harmful Event was Not a Collision with a Motor Vehicle in Transport,Dusk,Clear
Tennessee,470478,1,SHELBY (157),MEMPHIS,July,Tuesday,State Highway,Urban,35.00191944,-90.09630556,Rollover/Overturn,The First Harmful Event was Not a Collision with a Motor Vehicle in Transport,Dark - Lighted,Clear
Tennessee,470479,3,KNOX (93),KNOXVILLE,July,Monday,U.S. Highway,Urban,36.02235556,-83.850475,Motor Vehicle In-Transport,Front-to-Rear,Daylight,Clear
Tennessee,470480,1,DAVIDSON (37),NASHVILLE,July,Tuesday,U.S. Highway,Urban,36.1484,-86.76118889,Pedestrian,The First Harmful Event was Not a Collision with a Motor Vehicle in Transport,Dark - Not Lighted,Clear
Tennessee,470482,3,DAVIDSON (37),NASHVILLE,July,Thursday,Local Street - Municipality,Urban,36.1704,-86.76845,Motor Vehicle In-Transport,Angle,Dark - Lighted,Clear
Tennessee,470490,2,CUMBERLAND (35),CROSSVILLE,July,Wednesday,U.S. Highway,Urban,35.98925,-85.0392,Rollover/Overturn,The First Harmful Event was Not a Collision with a Motor Vehicle in Transport,Dark - Lighted,Clear
Tennessee,470491,3,WILSON (189),LEBANON,June,Sunday,Local Street - Municipality,Urban,36.19426111,-86.34155,Motor Vehicle In-Transport,Angle,Daylight,Clear
Tennessee,470492,1,LOUDON (105),LENOIR CITY,July,Friday,Local Street - Municipality,Urban,35.79721667,-84.26788056,Pedestrian,The First Harmful Event was Not a Collision with a Motor Vehicle in Transport,Daylight,Clear
Tennessee,470493,1,SHELBY (157),MEMPHIS,July,Monday,Local Street - Municipality,Urban,35.06063889,-89.99545,Pedestrian,The First Harmful Event was Not a Collision with a Motor Vehicle in Transport,Dark - Lighted,Clear
Tennessee,470494,6,MONTGOMERY (125),CLARKSVILLE,June,Tuesday,U.S. Highway,Urban,36.50864167,-87.27325278,Motor Vehicle In-Transport,Sideswipe - Same Direction,Daylight,Cloudy
Tennessee,470495,2,DECATUR (39),PARSONS,June,Friday,U.S. Highway,Rural,35.64118889,-88.12308889,Motor Vehicle In-Transport,Front-to-Rear,Daylight,Clear
Tennessee,470500,1,MONTGOMERY (125),CLARKSVILLE,June,Sunday,Interstate,Urban,36.52073889,-87.21461944,Tree (Standing Only),The First Harmful Event was Not a Collision with a Motor Vehicle in Transport,Daylight,Clear
Tennessee,470503,2,SHELBY (157),MEMPHIS,July,Thursday,U.S. Highway,Urban,35.14045556,-89.982875,Motor Vehicle In-Transport,Angle,Daylight,Clear
Tennessee,470507,3,SHELBY (157),GERMANTOWN,May,Tuesday,U.S. Highway,Urban,35.08076111,-89.78456111,Motor Vehicle In-Transport,Front-to-Front,Daylight,Clear
Tennessee,470508,3,DAVIDSON (37),NASHVILLE,July,Tuesday,State Highway,Rural,36.27681944,-86.79841111,Motor Vehicle In-Transport,Front-to-Rear,Dark - Not Lighted,Clear
Tennessee,470509,1,DAVIDSON (37),NASHVILLE,July,Wednesday,Local Street - Municipality,Urban,36.21448889,-86.73051944,Pedestrian,The First Harmful Event was Not a Collision with a Motor Vehicle in Transport,Dark - Lighted,Clear
Tennessee,470511,1,DAVIDSON (37),NASHVILLE,July,Sunday,Local Street - Municipality,Urban,36.09413056,-86.71523056,Other Traffic Barrier,The First Harmful Event was Not a Collision with a Motor Vehicle in Transport,Dark - Not Lighted,Clear
Tennessee,470512,1,SHELBY (157),MEMPHIS,July,Monday,State Highway,Urban,35.18764167,-89.92907222,Pedestrian,The First Harmful Event was Not a Collision with a Motor Vehicle in Transport,Dark - Lighted,Rain
Tennessee,470513,1,MONTGOMERY (125),CLARKSVILLE,July,Tuesday,Interstate,Urban,36.62913889,-87.31525,Rollover/Overturn,The First Harmful Event was Not a Collision with a Motor Vehicle in Transport,Dark - Not Lighted,Cloudy
Tennessee,470514,4,CLAIBORNE (25),HARROGATE,July,Saturday,State Highway,Urban,36.56565,-83.64696111,Rollover/Overturn,The First Harmful Event was Not a Collision with a Motor Vehicle in Transport,Dark - Not Lighted,Clear
Tennessee,470516,1,SULLIVAN (163),BRISTOL,May,Friday,U.S. Highway,Urban,36.59255,-82.18618889,Curb,The First Harmful Event was Not a Collision with a Motor Vehicle in Transport,Daylight,Clear
Tennessee,470518,1,HAMILTON (65),CHATTANOOGA,July,Wednesday,State Highway,Urban,35.09421944,-85.17814722,Embankment,The First Harmful Event was Not a Collision with a Motor Vehicle in Transport,Dark - Not Lighted,Clear
Tennessee,470519,3,BRADLEY (11),CLEVELAND,May,Thursday,State Highway,Urban,35.17532222,-84.85905556,Motor Vehicle In-Transport,Angle,Daylight,Clear
Tennessee,470520,1,DAVIDSON (37),NASHVILLE,June,Monday,Local Street - Municipality,Urban,36.15411111,-86.76175,Curb,The First Harmful Event was Not a Collision with a Motor Vehicle in Transport,Daylight,Clear
Tennessee,470521,1,CUMBERLAND (35),CROSSVILLE,July,Sunday,State Highway,Urban,35.90913056,-85.05968056,Utility Pole/Light Support,The First Harmful Event was Not a Collision with a Motor Vehicle in Transport,Dark - Not Lighted,Clear
Tennessee,470522,1,KNOX (93),KNOXVILLE,July,Sunday,Interstate,Urban,35.91180278,-84.11858889,Guardrail Face,The First Harmful Event was Not a Collision with a Motor Vehicle in Transport,Daylight,Cloudy
Tennessee,470523,2,HAMILTON (65),CHATTANOOGA,July,Thursday,State Highway,Urban,35.07158889,-85.15805833,Motor Vehicle In-Transport,Front-to-Front,Daylight,Clear
Tennessee,470526,1,DAVIDSON (37),NASHVILLE,July,Tuesday,Local Street - Municipality,Urban,36.15596944,-86.78883056,Pedestrian,The First Harmful Event was Not a Collision with a Motor Vehicle in Transport,Daylight,Clear
Tennessee,470527,3,DAVIDSON (37),NASHVILLE,July,Tuesday,U.S. Highway,Urban,36.18883056,-86.77316111,Motor Vehicle In-Transport,Angle,Daylight,Clear
Tennessee,470528,3,SEVIER (155),SEVIERVILLE,July,Thursday,State Highway,Urban,35.85205,-83.54315,Motor Vehicle In-Transport,Angle,Daylight,Clear
Tennessee,470530,1,GILES (55),PULASKI,July,Thursday,U.S. Highway,Urban,35.20643056,-87.02531944,Pedestrian,The First Harmful Event was Not a Collision with a Motor Vehicle in Transport,Dark - Lighted,Clear
Tennessee,470533,2,WILLIAMSON (187),SPRING HILL,July,Tuesday,U.S. Highway,Rural,35.7299,-86.8383,Motor Vehicle In-Transport,Angle,Daylight,Clear
Tennessee,470534,13,HENDERSON (77),PARKER CROSSROADS,July,Sunday,Interstate,Rural,35.78638056,-88.40156944,Motor Vehicle In-Transport,Front-to-Rear,Dark - Not Lighted,Clear
Tennessee,470535,1,SHELBY (157),MEMPHIS,July,Sunday,Interstate,Urban,35.07788056,-89.9156,Concrete Traffic Barrier,The First Harmful Event was Not a Collision with a Motor Vehicle in Transport,Dusk,Clear
Tennessee,470536,3,RUTHERFORD (149),MURFREESBORO,July,Saturday,Local Street - Municipality,Urban,35.82886944,-86.34993056,Motor Vehicle In-Transport,Sideswipe - Opposite Direction,Dark - Lighted,Rain
Tennessee,470539,1,MONROE (123),TELLICO PLAINS,July,Thursday,State Highway,Rural,35.36183056,-84.28065,Rollover/Overturn,The First Harmful Event was Not a Collision with a Motor Vehicle in Transport,Daylight,Clear
Tennessee,470540,1,SHELBY (157),MEMPHIS,July,Saturday,Interstate,Urban,35.15301389,-90.05238889,Impact Attenuator/Crash Cushion,The First Harmful Event was Not a Collision with a Motor Vehicle in Transport,Dark - Lighted,Clear
Tennessee,470541,3,SHELBY (157),MEMPHIS,July,Sunday,U.S. Highway,Urban,35.23937222,-90.01116944,Motor Vehicle In-Transport,Angle,Dark - Lighted,Clear
Tennessee,470543,3,HAMILTON (65),RED BANK,July,Tuesday,Local Street - Municipality,Urban,35.07795,-85.31943889,Embankment,The First Harmful Event was Not a Collision with a Motor Vehicle in Transport,Dark - Lighted,Clear
Tennessee,470545,4,KNOX (93),KNOXVILLE,July,Saturday,U.S. Highway,Urban,36.00705,-84.0279,Motor Vehicle In-Transport,Angle,Dark - Lighted,Clear
Tennessee,470546,3,SHELBY (157),MEMPHIS,July,Tuesday,Interstate,Urban,35.00429444,-90.00245,Fence,The First Harmful Event was Not a Collision with a Motor Vehicle in Transport,Daylight,Clear
Tennessee,470551,1,LAUDERDALE (97),RIPLEY,July,Tuesday,U.S. Highway,Urban,35.77298889,-89.53048889,Guardrail Face,The First Harmful Event was Not a Collision with a Motor Vehicle in Transport,Daylight,Clear
Tennessee,470553,2,HAMILTON (65),CHATTANOOGA,July,Thursday,Interstate,Urban,35.06296667,-85.12791944,Fell/Jumped from Vehicle,The First Harmful Event was Not a Collision with a Motor Vehicle in Transport,Daylight,Clear
Tennessee,470554,1,SHELBY (157),MEMPHIS,July,Thursday,Local Street - Municipality,Urban,35.05213889,-89.98020833,Pedestrian,The First Harmful Event was Not a Collision with a Motor Vehicle in Transport,Daylight,Clear
Tennessee,470557,1,MONROE (123),SWEETWATER,July,Tuesday,Local Street - Municipality,Urban,35.58958889,-84.47626111,Traffic Sign Support,The First Harmful Event was Not a Collision with a Motor Vehicle in Transport,Daylight,Clear
Tennessee,470558,2,DAVIDSON (37),NASHVILLE,July,Saturday,Local Street - Municipality,Urban,36.19626111,-86.59751111,Tree (Standing Only),The First Harmful Event was Not a Collision with a Motor Vehicle in Transport,Daylight,Rain
Tennessee,470560,3,DAVIDSON (37),NASHVILLE,July,Wednesday,State Highway,Rural,36.27678056,-86.80101111,Motor Vehicle In-Transport,Angle,Daylight,Clear
Tennessee,470563,3,SHELBY (157),MEMPHIS,July,Saturday,State Highway,Urban,35.15864722,-89.96763056,Motor Vehicle In-Transport,Front-to-Front,Daylight,Clear
Tennessee,470564,2,DAVIDSON (37),NASHVILLE,May,Friday,Local Street - Municipality,Urban,36.12761111,-86.76223889,Motor Vehicle In-Transport,Angle,Daylight,Clear
Tennessee,470565,1,SUMNER (165),HENDERSONVILLE,July,Saturday,State Highway,Urban,36.31273056,-86.66375,Pedestrian,The First Harmful Event was Not a Collision with a Motor Vehicle in Transport,Daylight,Clear