State,Case Number,Persons,County,City,Month,Day,Route,Rural/Urban,Latitude,Longitude,First Harmful Event,Manner of Collision,Light Conditions,Weather
Tennessee,470566,3,MAURY (119),COLUMBIA,July,Sunday,U.S. Highway,Urban,35.69705,-86.98521944,Motor Vehicle In-Transport,Front-to-Rear,Dark - Not Lighted,Clear
Tennessee,470567,4,SHELBY (157),MEMPHIS,July,Sunday,Local Street - Municipality,Urban,35.05593611,-90.08588333,Motor Vehicle In-Transport,Front-to-Front,Dark - Lighted,Clear
Tennessee,470570,3,HENDERSON (77),PARKER CROSSROADS,July,Sunday,Interstate,Rural,35.78913056,-88.39155,Motor Vehicle In-Transport,Front-to-Rear,Dawn,Clear
Tennessee,470571,2,DAVIDSON (37),NASHVILLE,July,Sunday,Local Street - Municipality,Urban,36.06981944,-86.70288056,Guardrail Face,The First Harmful Event was Not a Collision with a Motor Vehicle in Transport,Dark - Lighted,Clear
Tennessee,470572,2,CAMPBELL (13),CARYVILLE,July,Monday,U.S. Highway,Urban,36.30976111,-84.21053056,Motor Vehicle In-Transport,Angle,Daylight,Clear
Tennessee,470573,5,BLOUNT (9),MARYVILLE,July,Tuesday,U.S. Highway,Urban,35.72668056,-83.99935,Motor Vehicle In-Transport,Angle,Daylight,Cloudy
Tennessee,470575,2,ROBERTSON (147),WHITE HOUSE,July,Sunday,Interstate,Rural,36.49673056,-86.66906111,Tree (Standing Only),The First Harmful Event was Not a Collision with a Motor Vehicle in Transport,Daylight,Clear
Tennessee,470576,2,WILSON (189),LEBANON,July,Sunday,County Road,Urban,36.22395,-86.26381111,"Pavement Surface Irregularity (Ruts, Potholes, Grates, etc.)",The First Harmful Event was Not a Collision with a Motor Vehicle in Transport,Daylight,Clear
Tennessee,470579,3,DAVIDSON (37),NASHVILLE,July,Monday,Interstate,Urban,36.24826111,-86.74278056,Motor Vehicle In-Transport,Front-to-Rear,Daylight,Clear
Tennessee,470580,2,SEVIER (155),KODAK,August,Sunday,State Highway,Urban,35.94585,-83.58416111,Motor Vehicle In-Transport,Front-to-Rear,Daylight,Clear
Tennessee,470581,3,DAVIDSON (37),NASHVILLE,August,Sunday,Interstate,Urban,36.18946111,-86.79176111,Motor Vehicle In-Transport,Front-to-Rear,Dark - Lighted,Clear
Tennessee,470582,3,MONTGOMERY (125),CLARKSVILLE,July,Saturday,U.S. Highway,Urban,36.59491944,-87.28776111,Pedestrian,The First Harmful Event was Not a Collision with a Motor Vehicle in Transport,Dark - Not Lighted,Clear
Tennessee,470584,4,SUMNER (165),GALLATIN,August,Friday,State Highway,Urban,36.42478056,-86.46448889,Motor Vehicle In-Transport,Angle,Daylight,Clear
Tennessee,470585,2,SUMNER (165),WHITE HOUSE,August,Tuesday,U.S. Highway,Urban,36.48491944,-86.6454,Tree (Standing Only),The First Harmful Event was Not a Collision with a Motor Vehicle in Transport,Daylight,Clear
Tennessee,470586,1,MONTGOMERY (125),CLARKSVILLE,July,Wednesday,State Highway,Urban,36.62495278,-87.37198889,Pedestrian,The First Harmful Event was Not a Collision with a Motor Vehicle in Transport,Dark - Not Lighted,Clear
Tennessee,470588,10,SEVIER (155),PIGEON FORGE,August,Saturday,State Highway,Urban,35.7923,-83.5458,Rollover/Overturn,The First Harmful Event was Not a Collision with a Motor Vehicle in Transport,Dusk,Clear
Tennessee,470591,1,WILLIAMSON (187),FRANKLIN,July,Sunday,County Road,Urban,35.92166944,-86.7688,Mail Box,The First Harmful Event was Not a Collision with a Motor Vehicle in Transport,Daylight,Rain
Tennessee,470592,6,SULLIVAN (163),KINGSPORT,August,Tuesday,State Highway,Urban,36.47202778,-82.48573333,Motor Vehicle In-Transport,Angle,Daylight,Clear
Tennessee,470593,4,HAMILTON (65),CHATTANOOGA,August,Saturday,State Highway,Urban,35.01688889,-85.18191111,Motor Vehicle In-Transport,Angle,Daylight,Clear
Tennessee,470595,3,SHELBY (157),MEMPHIS,August,Thursday,State Highway,Urban,35.17391667,-89.94144444,Motor Vehicle In-Transport,Front-to-Front,Daylight,Cloudy
Tennessee,470596,2,CARTER (19),ELIZABETHTON,August,Tuesday,State Highway,Urban,36.35885,-82.20306944,Motor Vehicle In-Transport,Angle,Daylight,Cloudy
Tennessee,470597,1,SHELBY (157),MEMPHIS,August,Friday,Local Street - Municipality,Urban,35.21716389,-89.99233056,Pedestrian,The First Harmful Event was Not a Collision with a Motor Vehicle in Transport,Dark - Lighted,Clear
Tennessee,470598,1,SHELBY (157),MEMPHIS,August,Saturday,U.S. Highway,Urban,35.1003,-89.97730278,Pedestrian,The First Harmful Event was Not a Collision with a Motor Vehicle in Transport,Dark - Lighted,Clear
Tennessee,470600,2,DAVIDSON (37),NASHVILLE,August,Tuesday,U.S. Highway,Urban,36.13905,-86.73301111,Motor Vehicle In-Transport,Front-to-Rear,Daylight,Cloudy
Tennessee,470601,1,DAVIDSON (37),NASHVILLE,August,Thursday,Local Street - Municipality,Urban,36.21851111,-86.6955,Pedestrian,The First Harmful Event was Not a Collision with a Motor Vehicle in Transport,Dark - Lighted,Clear
Tennessee,470603,1,GIBSON (53),DYER,August,Monday,Local Street - Municipality,Rural,36.06759444,-89.00562222,Mail Box,The First Harmful Event was Not a Collision with a Motor Vehicle in Transport,Daylight,Clear
Tennessee,470604,2,WASHINGTON (179),JOHNSON CITY,August,Sunday,State Highway,Urban,36.38129444,-82.40855,Motor Vehicle In-Transport,Angle,Daylight,Clear
Tennessee,470605,1,SEVIER (155),SEVIERVILLE,July,Sunday,Local Street - Municipality,Urban,35.88666944,-83.58191111,Fell/Jumped from Vehicle,The First Harmful Event was Not a Collision with a Motor Vehicle in Transport,Daylight,Clear
Tennessee,470607,1,SHELBY (157),MEMPHIS,August,Sunday,U.S. Highway,Urban,35.08684444,-89.96308889,Pedestrian,The First Harmful Event was Not a Collision with a Motor Vehicle in Transport,Dark - Lighted,Clear
Tennessee,470611,2,HAMILTON (65),CHATTANOOGA,August,Monday,Local Street - Municipality,Urban,35.00676389,-85.22591389,Tree (Standing Only),The First Harmful Event was Not a Collision with a Motor Vehicle in Transport,Daylight,Clear
Tennessee,470612,4,HENDERSON (77),PARKER CROSSROADS,August,Thursday,State Highway,Rural,35.8112,-88.38908056,Motor Vehicle In-Transport,Front-to-Rear,Daylight,Clear
Tennessee,470615,2,SHELBY (157),MEMPHIS,August,Wednesday,Local Street - Municipality,Urban,35.04342778,-89.84381111,Motor Vehicle In-Transport,Angle,Dark - Lighted,Clear
Tennessee,470616,2,SHELBY (157),MILLINGTON,August,Monday,Local Street - Municipality,Urban,35.36166111,-89.89046111,Curb,The First Harmful Event was Not a Collision with a Motor Vehicle in Transport,Daylight,Clear
Tennessee,470617,1,SHELBY (157),MEMPHIS,August,Saturday,State Highway,Urban,35.02117222,-89.99159167,Pedestrian,The First Harmful Event was Not a Collision with a Motor Vehicle in Transport,Dark - Lighted,Clear
Tennessee,470618,1,WILSON (189),LEBANON,August,Friday,Interstate,Urban,36.18423056,-86.40751944,Rollover/Overturn,The First Harmful Event was Not a Collision with a Motor Vehicle in Transport,Dark - Not Lighted,Clear
Tennessee,470620,5,KNOX (93),KNOXVILLE,August,Sunday,State Highway,Urban,36.05508889,-83.98758056,Motor Vehicle In-Transport,Front-to-Front,Daylight,Clear
Tennessee,470622,1,DAVIDSON (37),NASHVILLE,August,Thursday,U.S. Highway,Urban,36.07708889,-86.72556111,Pedestrian,The First Harmful Event was Not a Collision with a Motor Vehicle in Transport,Dark - Lighted,Clear
Tennessee,470627,1,ROANE (145),OAK RIDGE,August,Wednesday,State Highway,Urban,35.91138889,-84.33008056,Tree (Standing Only),The First Harmful Event was Not a Collision with a Motor Vehicle in Transport,Dark - Not Lighted,Clear
Tennessee,470628,3,DAVIDSON (37),NASHVILLE,July,Thursday,State Highway,Urban,36.22821944,-86.85673056,Rollover/Overturn,The First Harmful Event was Not a Collision with a Motor Vehicle in Transport,Daylight,Rain
Tennessee,470630,2,MCNAIRY (109),EASTVIEW,August,Monday,U.S. Highway,Rural,35.1327,-88.56871111,Motor Vehicle In-Transport,Front-to-Front,Dark - Not Lighted,Clear
Tennessee,470631,3,MCMINN (107),ATHENS,August,Wednesday,U.S. Highway,Urban,35.48751944,-84.58428889,Motor Vehicle In-Transport,Angle,Daylight,Clear
Tennessee,470632,4,DAVIDSON (37),NASHVILLE,August,Sunday,State Highway,Urban,36.15345,-86.66568889,Tree (Standing Only),The First Harmful Event was Not a Collision with a Motor Vehicle in Transport,Dark - Lighted,Clear
Tennessee,470633,2,HAMILTON (65),CHATTANOOGA,August,Tuesday,U.S. Highway,Urban,35.05678056,-85.14077778,Motor Vehicle In-Transport,Angle,Daylight,Clear
Tennessee,470634,1,HAMILTON (65),CHATTANOOGA,August,Tuesday,Interstate,Urban,35.02305278,-85.17541389,Concrete Traffic Barrier,The First Harmful Event was Not a Collision with a Motor Vehicle in Transport,Daylight,Clear
Tennessee,470636,1,DAVIDSON (37),NASHVILLE,August,Wednesday,Local Street - Municipality,Rural,36.3374,-86.77681944,Tree (Standing Only),The First Harmful Event was Not a Collision with a Motor Vehicle in Transport,Dark - Not Lighted,Clear
Tennessee,470637,2,SHELBY (157),MEMPHIS,August,Friday,Local Street - Municipality,Urban,35.05256667,-89.96438611,Motor Vehicle In-Transport,Reported as Unknown,Dark - Lighted,Clear
Tennessee,470645,1,DAVIDSON (37),NASHVILLE,August,Sunday,Interstate,Urban,36.13601944,-86.7271,Rollover/Overturn,The First Harmful Event was Not a Collision with a Motor Vehicle in Transport,Dark - Lighted,Clear
Tennessee,470648,1,COFFEE (31),TULLAHOMA,August,Tuesday,Local Street - Municipality,Urban,35.34373889,-86.25403056,Mail Box,The First Harmful Event was Not a Collision with a Motor Vehicle in Transport,Dark - Not Lighted,Clear
Tennessee,470649,2,GRAINGER (57),BEAN STATION,August,Thursday,State Highway,Rural,36.31071944,-83.29778056,Tree (Standing Only),The First Harmful Event was Not a Collision with a Motor Vehicle in Transport,Dark - Lighted,Rain
Tennessee,470651,1,SHELBY (157),MEMPHIS,August,Wednesday,State Highway,Urban,35.01138889,-89.93721111,Pedestrian,The First Harmful Event was Not a Collision with a Motor Vehicle in Transport,Dark - Not Lighted,Cloudy
Tennessee,470652,3,SHELBY (157),MEMPHIS,August,Monday,State Highway,Urban,35.020925,-89.90938056,Motor Vehicle In-Transport,Angle,Daylight,Clear
Tennessee,470656,2,DAVIDSON (37),NASHVILLE,August,Friday,State Highway,Urban,36.19083889,-86.61535,Motor Vehicle In-Transport,Angle,Dark - Not Lighted,Clear
Tennessee,470657,3,SHELBY (157),MEMPHIS,August,Thursday,Local Street - Municipality,Urban,35.17439722,-89.98363611,Motor Vehicle In-Transport,Angle,Dark - Lighted,Clear
Tennessee,470659,2,WILSON (189),LEBANON,August,Sunday,State Highway,Urban,36.22421944,-86.42566944,Motor Vehicle In-Transport,Front-to-Front,Dark - Not Lighted,Clear
Tennessee,470661,1,SHELBY (157),MEMPHIS,August,Thursday,U.S. Highway,Urban,35.00271111,-90.0268,Pedestrian,The First Harmful Event was Not a Collision with a Motor Vehicle in Transport,Dark - Lighted,Clear
Tennessee,470664,3,WILLIAMSON (187),NOLENSVILLE,August,Monday,County Road,Urban,35.95126944,-86.64998056,Traffic Sign Support,The First Harmful Event was Not a Collision with a Motor Vehicle in Transport,Daylight,Clear
Tennessee,470667,3,HAWKINS (73),CHURCH HILL,August,Tuesday,U.S. Highway,Urban,36.52188056,-82.69678889,Motor Vehicle In-Transport,Angle,Daylight,Clear
Tennessee,470668,3,DYER (45),DYERSBURG,August,Friday,Local Street - Municipality,Urban,36.03233056,-89.39086111,Motor Vehicle In-Transport,Angle,Daylight,Clear
Tennessee,470669,2,SULLIVAN (163),KINGSPORT,September,Sunday,Interstate,Urban,36.47708333,-82.54362222,Motor Vehicle In-Transport,Front-to-Front,Dark - Not Lighted,Clear
Tennessee,470670,3,KNOX (93),KNOXVILLE,September,Sunday,State Highway,Urban,35.96125833,-83.9904,Motor Vehicle In-Transport,Front-to-Front,Dark - Lighted,Clear
Tennessee,470671,2,SHELBY (157),MEMPHIS,September,Monday,State Highway,Urban,35.02091111,-89.96361944,Motor Vehicle In-Transport,Angle,Dusk,Clear
Tennessee,470673,5,MAURY (119),COLUMBIA,August,Sunday,State Highway,Urban,35.59266111,-87.0514,Motor Vehicle In-Transport,Sideswipe - Same Direction,Daylight,Clear
Tennessee,470674,3,MAURY (119),COLUMBIA,August,Thursday,State Highway,Urban,35.58856111,-87.02978889,Rollover/Overturn,The First Harmful Event was Not a Collision with a Motor Vehicle in Transport,Daylight,Clear
Tennessee,470676,2,SHELBY (157),LAKELAND,August,Monday,U.S. Highway,Urban,35.26295833,-89.728625,Motor Vehicle In-Transport,Front-to-Front,Daylight,Clear
Tennessee,470680,1,CLAIBORNE (25),TAZEWELL,September,Friday,State Highway,Rural,36.44778889,-83.57466111,Pedestrian,The First Harmful Event was Not a Collision with a Motor Vehicle in Transport,Dark - Not Lighted,"Fog, Smog, Smoke"
Tennessee,470682,1,MONTGOMERY (125),CLARKSVILLE,September,Tuesday,U.S. Highway,Urban,36.52915278,-87.36375,Pedestrian,The First Harmful Event was Not a Collision with a Motor Vehicle in Transport,Daylight,Clear
Tennessee,470683,2,SULLIVAN (163),KINGSPORT,September,Thursday,Local Street - Municipality,Urban,36.55692778,-82.56016111,Motor Vehicle In-Transport,Angle,Daylight,Clear
Tennessee,470684,1,DAVIDSON (37),NASHVILLE,August,Saturday,Interstate,Urban,36.12755,-86.90148056,Guardrail Face,The First Harmful Event was Not a Collision with a Motor Vehicle in Transport,Dark - Not Lighted,Clear
Tennessee,470689,1,DAVIDSON (37),GOODLETTSVILLE,September,Sunday,Interstate,Urban,36.29511111,-86.71701944,Pedestrian,The First Harmful Event was Not a Collision with a Motor Vehicle in Transport,Dark - Lighted,Clear
Tennessee,470694,3,DICKSON (43),DICKSON,September,Sunday,State Highway,Urban,36.06246944,-87.37688889,Motor Vehicle In-Transport,Angle,Daylight,Clear
Tennessee,470695,3,SHELBY (157),MEMPHIS,September,Friday,State Highway,Urban,35.02083889,-89.96366111,Motor Vehicle In-Transport,Sideswipe - Same Direction,Daylight,Clear
Tennessee,470696,4,SHELBY (157),MEMPHIS,September,Tuesday,U.S. Highway,Urban,35.068725,-89.94441111,Motor Vehicle In-Transport,Angle,Daylight,Clear
Tennessee,470697,1,COFFEE (31),MANCHESTER,September,Sunday,Interstate,Urban,35.46868889,-86.05713889,Fence,The First Harmful Event was Not a Collision with a Motor Vehicle in Transport,Daylight,Clear
Tennessee,470702,1,DAVIDSON (37),NASHVILLE,September,Sunday,U.S. Highway,Urban,36.20931111,-86.83935,Pedestrian,The First Harmful Event was Not a Collision with a Motor Vehicle in Transport,Dark - Lighted,Clear
Tennessee,470706,2,WILSON (189),MOUNT JULIET,September,Wednesday,Interstate,Urban,36.28644444,-87.37777778,Embankment,The First Harmful Event was Not a Collision with a Motor Vehicle in Transport,Dark - Not Lighted,Clear
Tennessee,470707,2,SHELBY (157),MEMPHIS,September,Wednesday,Local Street - Municipality,Urban,35.04957222,-89.83866944,Motor Vehicle In-Transport,Angle,Daylight,Clear
Tennessee,470710,2,MONTGOMERY (125),CLARKSVILLE,September,Thursday,State Highway,Urban,36.62654167,-87.32933333,Motor Vehicle In-Transport,Angle,Dark - Lighted,Clear
Tennessee,470712,1,WILSON (189),LEBANON,September,Friday,Interstate,Urban,36.1844,-86.38313889,Ditch,The First Harmful Event was Not a Collision with a Motor Vehicle in Transport,Dark - Not Lighted,Clear
Tennessee,470714,1,SHELBY (157),MEMPHIS,September,Sunday,Local Street - Municipality,Urban,35.05227778,-89.98379722,Curb,The First Harmful Event was Not a Collision with a Motor Vehicle in Transport,Dark - Lighted,Clear
Tennessee,470715,5,SHELBY (157),MEMPHIS,September,Wednesday,Interstate,Urban,35.11987778,-90.02576389,Motor Vehicle In-Transport,Front-to-Rear,Daylight,Clear
Tennessee,470717,1,DAVIDSON (37),NASHVILLE,September,Friday,U.S. Highway,Urban,36.06335,-86.62688889,Utility Pole/Light Support,The First Harmful Event was Not a Collision with a Motor Vehicle in Transport,Dark - Not Lighted,Clear
Tennessee,470718,2,MONTGOMERY (125),CLARKSVILLE,September,Thursday,State Highway,Urban,36.51259444,-87.26923611,Motor Vehicle In-Transport,Angle,Daylight,Clear
Tennessee,470720,2,HAMILTON (65),CHATTANOOGA,September,Thursday,Local Street - Municipality,Urban,35.05158056,-85.21308611,Motor Vehicle In-Transport,Front-to-Rear,Dawn,Clear
Tennessee,470721,2,KNOX (93),KNOXVILLE,July,Saturday,Interstate,Urban,35.95906389,-83.96564167,Rollover/Overturn,The First Harmful Event was Not a Collision with a Motor Vehicle in Transport,Daylight,Clear
Tennessee,470724,2,SULLIVAN (163),KINGSPORT,September,Thursday,State Highway,Urban,36.56351944,-82.49991944,Boulder,The First Harmful Event was Not a Collision with a Motor Vehicle in Transport,Dark - Lighted,Clear
Tennessee,470727,2,BLOUNT (9),MARYVILLE,September,Saturday,U.S. Highway,Urban,35.75818889,-83.88266111,Curb,The First Harmful Event was Not a Collision with a Motor Vehicle in Transport,Dark - Not Lighted,Clear
Tennessee,470728,3,MCMINN (107),ATHENS,September,Saturday,State Highway,Urban,35.4688,-84.65386111,Motor Vehicle In-Transport,Front-to-Rear,Daylight,Clear
Tennessee,470732,5,SHELBY (157),MEMPHIS,September,Saturday,Interstate,Urban,35.08296389,-89.894175,Pedestrian,The First Harmful Event was Not a Collision with a Motor Vehicle in Transport,Dark - Lighted,Clear
Tennessee,470734,3,MADISON (113),JACKSON,September,Saturday,U.S. Highway,Urban,35.62,-88.79096944,Curb,The First Harmful Event was Not a Collision with a Motor Vehicle in Transport,Daylight,Clear
Tennessee,470735,2,SHELBY (157),MEMPHIS,September,Saturday,U.S. Highway,Urban,35.07963056,-90.0571,Motor Vehicle In-Transport,Front-to-Rear,Dark - Lighted,Clear
Tennessee,470736,1,GRUNDY (61),ALTAMONT,September,Thursday,State Highway,Rural,35.41966944,-85.71671944,Tree (Standing Only),The First Harmful Event was Not a Collision with a Motor Vehicle in Transport,Daylight,Clear
Tennessee,470738,1,OBION (131),TROY,September,Tuesday,County Road,Rural,36.33506944,-89.13563056,Shrubbery,The First Harmful Event was Not a Collision with a Motor Vehicle in Transport,Reported as Unknown,Reported as Unknown
Tennessee,470740,1,SUMNER (165),GALLATIN,September,Monday,Local Street - Municipality,Urban,36.36983056,-86.45185,Pedestrian,The First Harmful Event was Not a Collision with a Motor Vehicle in Transport,Daylight,Clear
Tennessee,470741,2,LINCOLN (103),FAYETTEVILLE,September,Friday,Local Street - Municipality,Urban,35.12893889,-86.58861944,Motor Vehicle In-Transport,Front-to-Rear,Daylight,Clear
Tennessee,470744,2,OBION (131),UNION CITY,September,Tuesday,U.S. Highway,Urban,36.415,-89.0626,Motor Vehicle In-Transport,Angle,Daylight,Clear
Tennessee,470745,2,SHELBY (157),MEMPHIS,September,Tuesday,Local Street - Municipality,Urban,35.03509444,-90.037675,Curb,The First Harmful Event was Not a Collision with a Motor Vehicle in Transport,Dark - Lighted,Clear
Tennessee,470747,3,KNOX (93),KNOXVILLE,September,Monday,U.S. Highway,Urban,35.97879167,-83.91433056,Motor Vehicle In-Transport,Angle,Daylight,Clear
Tennessee,470751,2,SHELBY (157),MEMPHIS,September,Thursday,Local Street - Municipality,Urban,35.01061667,-89.86431944,Rollover/Overturn,The First Harmful Event was Not a Collision with a Motor Vehicle in Transport,Daylight,Clear
Tennessee,470752,2,SHELBY (157),MEMPHIS,September,Sunday,Local Street - Municipality,Urban,35.13526389,-89.94507222,Motor Vehicle In-Transport,Angle,Daylight,Clear
Tennessee,470753,5,SHELBY (157),MEMPHIS,September,Sunday,Local Street - Municipality,Urban,35.01366111,-90.0076,Motor Vehicle In-Transport,Angle,Daylight,Clear
Tennessee,470757,2,WEAKLEY (183),SHARON,September,Sunday,U.S. Highway,Rural,36.24776944,-88.83011944,Motor Vehicle In-Transport,Angle,Daylight,Clear
Tennessee,470759,1,ROBERTSON (147),GREENBRIER,September,Sunday,U.S. Highway,Urban,36.43871111,-86.80933056,Pedestrian,The First Harmful Event was Not a Collision with a Motor Vehicle in Transport,Dark - Not Lighted,Clear
Tennessee,470761,2,SHELBY (157),MEMPHIS,September,Saturday,U.S. Highway,Urban,35.09804444,-89.97298056,Other Fixed Object,The First Harmful Event was Not a Collision with a Motor Vehicle in Transport,Daylight,Clear
Tennessee,470762,1,SHELBY (157),MEMPHIS,September,Sunday,Local Street - Municipality,Urban,35.21966944,-89.95505,Tree (Standing Only),The First Harmful Event was Not a Collision with a Motor Vehicle in Transport,Dark - Lighted,Clear
Tennessee,470763,2,DAVIDSON (37),NASHVILLE,September,Friday,Local Street - Municipality,Urban,36.17523889,-86.75911111,Pedestrian,The First Harmful Event was Not a Collision with a Motor Vehicle in Transport,Dark - Lighted,Cloudy
Tennessee,470764,2,SEVIER (155),PIGEON FORGE,September,Friday,U.S. Highway,Urban,35.7947,-83.5622,Pedestrian,The First Harmful Event was Not a Collision with a Motor Vehicle in Transport,Dark - Lighted,Clear
Tennessee,470766,4,SHELBY (157),MEMPHIS,September,Monday,Local Street - Municipality,Urban,35.09418611,-89.94968889,Motor Vehicle In-Transport,Angle,Dark - Lighted,Clear
Tennessee,470767,9,DAVIDSON (37),NASHVILLE,August,Saturday,Interstate,Urban,36.13053889,-86.72713056,Motor Vehicle In-Transport,Angle,Dark - Not Lighted,Clear
Tennessee,470768,2,SHELBY (157),MEMPHIS,September,Sunday,Local Street - Municipality,Urban,35.05027778,-89.875,Motor Vehicle In-Transport,Angle,Daylight,Clear
Tennessee,470770,1,PUTNAM (141),COOKEVILLE,September,Saturday,State Highway,Urban,36.18671944,-85.51133889,Pedestrian,The First Harmful Event was Not a Collision with a Motor Vehicle in Transport,Dark - Lighted,Clear
Tennessee,470771,2,DAVIDSON (37),NASHVILLE,August,Monday,State Highway,Urban,36.0737,-86.9265,Tree (Standing Only),The First Harmful Event was Not a Collision with a Motor Vehicle in Transport,Dark - Lighted,Clear
Tennessee,470772,1,GILES (55),ARDMORE,September,Sunday,Interstate,Rural,34.999,-86.87766111,Embankment,The First Harmful Event was Not a Collision with a Motor Vehicle in Transport,Daylight,Clear
Tennessee,470773,2,DAVIDSON (37),NASHVILLE,October,Thursday,Interstate,Urban,36.07223889,-86.69171944,Motor Vehicle In-Transport,Front-to-Rear,Dark - Lighted,Clear
Tennessee,470775,2,SHELBY (157),MEMPHIS,October,Thursday,State Highway,Urban,35.054375,-89.82899444,Motor Vehicle In-Transport,Front-to-Rear,Dark - Lighted,Clear
Tennessee,470776,3,HAMBLEN (63),MORRISTOWN,October,Saturday,U.S. Highway,Urban,36.20331111,-83.26726111,Motor Vehicle In-Transport,Angle,Daylight,Clear
Tennessee,470778,1,KNOX (93),KNOXVILLE,October,Friday,Local Street - Municipality,Urban,36.00911667,-83.89171111,Utility Pole/Light Support,The First Harmful Event was Not a Collision with a Motor Vehicle in Transport,Daylight,Clear
Tennessee,470780,1,LAWRENCE (99),LAWRENCEBURG,October,Saturday,U.S. Highway,Urban,35.18473889,-87.34103611,Tree (Standing Only),The First Harmful Event was Not a Collision with a Motor Vehicle in Transport,Dark - Lighted,Clear
Tennessee,470781,2,SHELBY (157),MEMPHIS,October,Saturday,Interstate,Urban,35.08010833,-89.93153889,Motor Vehicle In-Transport,Front-to-Rear,Dark - Lighted,Clear
Tennessee,470782,1,SHELBY (157),MEMPHIS,October,Sunday,Local Street - Municipality,Urban,35.12591667,-90.00230278,Utility Pole/Light Support,The First Harmful Event was Not a Collision with a Motor Vehicle in Transport,Dark - Lighted,Clear
Tennessee,470783,2,SULLIVAN (163),KINGSPORT,October,Wednesday,Interstate,Urban,36.4954,-82.55783889,Pedestrian,The First Harmful Event was Not a Collision with a Motor Vehicle in Transport,Dark - Not Lighted,Cloudy
Tennessee,470785,3,WILLIAMSON (187),FRANKLIN,October,Thursday,Interstate,Urban,35.91443056,-86.82433889,Guardrail Face,The First Harmful Event was Not a Collision with a Motor Vehicle in Transport,Daylight,Clear
Tennessee,470787,1,DYER (45),NEWBERN,October,Friday,U.S. Highway,Urban,36.10938056,-89.29368056,Rollover/Overturn,The First Harmful Event was Not a Collision with a Motor Vehicle in Transport,Daylight,Clear
Tennessee,470789,2,SHELBY (157),MEMPHIS,July,Thursday,Local Street - Municipality,Urban,35.14407778,-90.0362,Motor Vehicle In-Transport,Angle,Daylight,Clear
Tennessee,470790,1,COFFEE (31),MANCHESTER,October,Monday,Local Street - Municipality,Urban,35.49756944,-86.07711944,Pedestrian,The First Harmful Event was Not a Collision with a Motor Vehicle in Transport,Dark - Not Lighted,Cloudy
Tennessee,470791,1,WARREN (177),MCMINNVILLE,September,Friday,State Highway,Urban,35.70258889,-85.78106944,Pedestrian,The First Harmful Event was Not a Collision with a Motor Vehicle in Transport,Dark - Lighted,Clear
Tennessee,470793,1,RHEA (143),DAYTON,September,Friday,Local Street - Municipality,Urban,35.51726944,-84.99963056,Utility Pole/Light Support,The First Harmful Event was Not a Collision with a Motor Vehicle in Transport,Dark - Not Lighted,Clear
Tennessee,470795,2,HAMILTON (65),CHATTANOOGA,August,Monday,State Highway,Urban,35.00393333,-85.33208333,Motor Vehicle In-Transport,Angle,Daylight,Rain
Tennessee,470796,6,DAVIDSON (37),NASHVILLE,October,Saturday,U.S. Highway,Urban,36.06741111,-86.63125,Motor Vehicle In-Transport,Angle,Daylight,Clear
Tennessee,470804,5,WILSON (189),LEBANON,October,Tuesday,Interstate,Urban,36.18378056,-86.35991944,Motor Vehicle In-Transport,Front-to-Rear,Daylight,Clear
Tennessee,470809,6,SHELBY (157),MEMPHIS,October,Thursday,Local Street - Municipality,Urban,35.04269444,-90.0783,Motor Vehicle In-Transport,Angle,Daylight,Clear
Tennessee,470810,1,SHELBY (157),MEMPHIS,October,Friday,Local Street - Municipality,Urban,35.195775,-89.9448,Other Object (not fixed),The First Harmful Event was Not a Collision with a Motor Vehicle in Transport,Dark - Lighted,Clear
Tennessee,470811,3,HAMILTON (65),CHATTANOOGA,October,Monday,Local Street - Municipality,Urban,34.9984,-85.28366389,Utility Pole/Light Support,The First Harmful Event was Not a Collision with a Motor Vehicle in Transport,Dark - Lighted,Clear
Tennessee,470812,2,DAVIDSON (37),NASHVILLE,September,Friday,U.S. Highway,Urban,36.16403889,-86.69893889,Motor Vehicle In-Transport,Front-to-Front,Daylight,Clear
Tennessee,470815,1,DAVIDSON (37),NASHVILLE,October,Thursday,U.S. Highway,Urban,36.15208056,-86.77926944,Pedestrian,The First Harmful Event was Not a Collision with a Motor Vehicle in Transport,Daylight,Clear
Tennessee,470816,6,SHELBY (157),MEMPHIS,October,Sunday,Local Street - Municipality,Urban,35.05191111,-89.93954722,Motor Vehicle In-Transport,Front-to-Rear,Dark - Lighted,Clear
Tennessee,470820,2,DAVIDSON (37),NASHVILLE,September,Sunday,U.S. Highway,Urban,36.04605,-86.71333889,Pedestrian,The First Harmful Event was Not a Collision with a Motor Vehicle in Transport,Dark - Lighted,Clear
Tennessee,470821,3,KNOX (93),FARRAGUT,October,Wednesday,Interstate,Urban,35.89973889,-84.17483056,Embankment,The First Harmful Event was Not a Collision with a Motor Vehicle in Transport,Daylight,Clear
Tennessee,470822,1,RUTHERFORD (149),SMYRNA,October,Thursday,U.S. Highway,Urban,35.93788056,-86.47976944,Pedestrian,The First Harmful Event was Not a Collision with a Motor Vehicle in Transport,Dark - Lighted,Clear
Tennessee,470823,1,WILLIAMSON (187),BRENTWOOD,October,Sunday,Interstate,Urban,35.98263889,-86.80188056,Tree (Standing Only),The First Harmful Event was Not a Collision with a Motor Vehicle in Transport,Daylight,Clear
Tennessee,470828,1,SHELBY (157),MEMPHIS,October,Sunday,Local Street - Municipality,Urban,35.21376111,-89.92256111,Pedestrian,The First Harmful Event was Not a Collision with a Motor Vehicle in Transport,Dark - Lighted,"Fog, Smog, Smoke"
Tennessee,470833,1,DAVIDSON (37),NASHVILLE,October,Thursday,Interstate,Rural,36.26723056,-86.79188056,Pedestrian,The First Harmful Event was Not a Collision with a Motor Vehicle in Transport,Dark - Not Lighted,Clear