State,Case Number,Persons,County,City,Month,Day,Route,Rural/Urban,Latitude,Longitude,First Harmful Event,Manner of Collision,Light Conditions,Weather
Tennessee,470836,6,DAVIDSON (37),NASHVILLE,October,Tuesday,U.S. Highway,Urban,36.23803889,-86.8308,Motor Vehicle In-Transport,Angle,Daylight,Clear
Tennessee,470837,1,SHELBY (157),MEMPHIS,October,Monday,Local Street - Municipality,Urban,35.13014722,-89.78253889,Curb,The First Harmful Event was Not a Collision with a Motor Vehicle in Transport,Dawn,Rain
Tennessee,470838,4,KNOX (93),KNOXVILLE,July,Tuesday,Interstate,Urban,35.97187222,-83.96517222,Motor Vehicle In-Transport,Front-to-Front,Dark - Lighted,Clear
Tennessee,470839,2,SHELBY (157),MEMPHIS,October,Wednesday,State Highway,Urban,35.020825,-90.0525,Motor Vehicle In-Transport,Angle,Daylight,Clear
Tennessee,470843,2,GIBSON (53),MEDINA,October,Friday,U.S. Highway,Rural,35.81721111,-88.767,Motor Vehicle In-Transport,Front-to-Rear,Dark - Not Lighted,Clear
Tennessee,470845,3,SUMNER (165),BETHPAGE,October,Thursday,U.S. Highway,Rural,36.47643056,-86.32501944,Motor Vehicle In-Transport,Front-to-Rear,Daylight,Clear
Tennessee,470846,1,MCNAIRY (109),GUYS,October,Sunday,U.S. Highway,Rural,35.02358889,-88.52425,Rollover/Overturn,The First Harmful Event was Not a Collision with a Motor Vehicle in Transport,Daylight,Clear
Tennessee,470851,1,SHELBY (157),MEMPHIS,October,Saturday,Interstate,Urban,35.10523889,-90.07611944,Pedestrian,The First Harmful Event was Not a Collision with a Motor Vehicle in Transport,Reported as Unknown,Rain
Tennessee,470852,1,GREENE (59),GREENEVILLE,October,Monday,State Highway,Urban,36.15308889,-82.82573889,Tree (Standing Only),The First Harmful Event was Not a Collision with a Motor Vehicle in Transport,Dark - Not Lighted,Reported as Unknown
Tennessee,470855,3,SEQUATCHIE (153),DUNLAP,September,Tuesday,County Road,Rural,35.39051944,-85.39005,Motor Vehicle In-Transport,Angle,Daylight,Clear
Tennessee,470858,5,MONROE (123),TELLICO PLAINS,October,Friday,State Highway,Rural,35.37363889,-84.30468056,Motor Vehicle In-Transport,Angle,Daylight,Rain
Tennessee,470859,1,KNOX (93),KNOXVILLE,October,Monday,Local Street - Municipality,Urban,35.90143611,-84.138,Curb,The First Harmful Event was Not a Collision with a Motor Vehicle in Transport,Daylight,Clear
Tennessee,470862,1,DAVIDSON (37),NASHVILLE,October,Friday,U.S. Highway,Urban,36.15248056,-86.77323889,Pedestrian,The First Harmful Event was Not a Collision with a Motor Vehicle in Transport,Dark - Lighted,Clear
Tennessee,470863,2,DAVIDSON (37),NASHVILLE,October,Tuesday,Local Street - Municipality,Urban,36.19801111,-86.74153056,Mail Box,The First Harmful Event was Not a Collision with a Motor Vehicle in Transport,Daylight,Clear
Tennessee,470865,3,DAVIDSON (37),NASHVILLE,October,Thursday,U.S. Highway,Urban,36.23376111,-86.83188056,Motor Vehicle In-Transport,Front-to-Front,Daylight,Cloudy
Tennessee,470866,3,KNOX (93),KNOXVILLE,October,Saturday,U.S. Highway,Urban,36.02511111,-84.06018056,Motor Vehicle In-Transport,Angle,Daylight,Clear
Tennessee,470869,1,HAMILTON (65),CHATTANOOGA,October,Sunday,Local Street - Municipality,Urban,35.04308333,-85.27795278,Pedalcyclist,The First Harmful Event was Not a Collision with a Motor Vehicle in Transport,Dark - Lighted,Clear
Tennessee,470870,2,KNOX (93),KNOXVILLE,October,Thursday,U.S. Highway,Urban,36.04261667,-83.92916667,Thrown or Falling Object,The First Harmful Event was Not a Collision with a Motor Vehicle in Transport,Daylight,Severe Crosswinds
Tennessee,470873,1,DAVIDSON (37),NASHVILLE,October,Thursday,U.S. Highway,Urban,36.107,-86.74321944,Pedestrian,The First Harmful Event was Not a Collision with a Motor Vehicle in Transport,Dark - Lighted,Cloudy
Tennessee,470874,2,DAVIDSON (37),NASHVILLE,November,Monday,U.S. Highway,Urban,36.19296944,-86.80183056,Motor Vehicle In-Transport,Angle,Daylight,Clear
Tennessee,470875,1,DAVIDSON (37),NASHVILLE,November,Monday,Local Street - Municipality,Urban,36.12435,-86.70376111,Tree (Standing Only),The First Harmful Event was Not a Collision with a Motor Vehicle in Transport,Dark - Lighted,Clear
Tennessee,470876,2,SHELBY (157),MEMPHIS,November,Monday,U.S. Highway,Urban,35.20345833,-90.03376667,Motor Vehicle In-Transport,Angle,Dark - Lighted,Clear
Tennessee,470878,3,RUTHERFORD (149),MURFREESBORO,November,Wednesday,U.S. Highway,Urban,35.89226111,-86.43991111,Motor Vehicle In-Transport,Sideswipe - Same Direction,Daylight,Clear
Tennessee,470879,2,SHELBY (157),MEMPHIS,November,Friday,State Highway,Urban,35.10854167,-89.9849,Motor Vehicle In-Transport,Angle,Daylight,Clear
Tennessee,470880,8,KNOX (93),KNOXVILLE,October,Thursday,U.S. Highway,Urban,36.01468611,-83.92304444,Motor Vehicle In-Transport,Angle,Dark - Lighted,Clear
Tennessee,470881,2,SULLIVAN (163),KINGSPORT,November,Monday,Local Street - Municipality,Urban,36.30809722,-82.44593056,Motor Vehicle In-Transport,Angle,Daylight,Clear
Tennessee,470882,4,CUMBERLAND (35),CROSSVILLE,November,Wednesday,State Highway,Urban,35.90913056,-85.05968056,Motor Vehicle In-Transport,Angle,Daylight,Clear
Tennessee,470891,1,DAVIDSON (37),NASHVILLE,August,Sunday,U.S. Highway,Urban,36.08706111,-86.73041111,Pedestrian,The First Harmful Event was Not a Collision with a Motor Vehicle in Transport,Dark - Lighted,Rain
Tennessee,470892,2,DAVIDSON (37),NASHVILLE,October,Tuesday,State Highway,Urban,36.08208056,-86.56703056,Motor Vehicle In-Transport,Front-to-Front,Dark - Not Lighted,Clear
Tennessee,470893,9,PUTNAM (141),MONTEREY,November,Monday,U.S. Highway,Rural,36.131,-85.26071111,Motor Vehicle In-Transport,Angle,Dark - Not Lighted,Clear
Tennessee,470894,1,KNOX (93),KNOXVILLE,November,Monday,Local Street - Municipality,Urban,35.92468889,-83.98226111,Tree (Standing Only),The First Harmful Event was Not a Collision with a Motor Vehicle in Transport,Daylight,Clear
Tennessee,470897,2,SULLIVAN (163),KINGSPORT,November,Saturday,Interstate,Urban,36.54923056,-82.58195,Motor Vehicle In-Transport,Front-to-Rear,Dark - Not Lighted,Clear
Tennessee,470898,1,SHELBY (157),MEMPHIS,November,Monday,Interstate,Urban,35.05333611,-90.01291111,Concrete Traffic Barrier,The First Harmful Event was Not a Collision with a Motor Vehicle in Transport,Dark - Lighted,Clear
Tennessee,470899,1,KNOX (93),KNOXVILLE,November,Monday,U.S. Highway,Urban,36.02823333,-83.92819722,Pedestrian,The First Harmful Event was Not a Collision with a Motor Vehicle in Transport,Dark - Lighted,Clear
Tennessee,470900,1,DAVIDSON (37),NASHVILLE,November,Sunday,Interstate,Urban,36.16145,-86.79321111,Pedestrian,The First Harmful Event was Not a Collision with a Motor Vehicle in Transport,Daylight,Clear
Tennessee,470901,1,HAMILTON (65),CHATTANOOGA,November,Wednesday,Local Street - Municipality,Urban,35.043325,-85.15811111,Curb,The First Harmful Event was Not a Collision with a Motor Vehicle in Transport,Dark - Lighted,Clear
Tennessee,470904,1,DAVIDSON (37),NASHVILLE,November,Sunday,U.S. Highway,Urban,36.06908889,-86.6331,Pedestrian,The First Harmful Event was Not a Collision with a Motor Vehicle in Transport,Dark - Not Lighted,Clear
Tennessee,470905,3,HAMILTON (65),CHATTANOOGA,November,Thursday,State Highway,Urban,35.12493611,-85.24009167,Motor Vehicle In-Transport,Angle,Daylight,Cloudy
Tennessee,470906,2,SCOTT (151),WINFIELD,November,Wednesday,U.S. Highway,Rural,36.58581111,-84.43901111,Motor Vehicle In-Transport,Angle,Daylight,Clear
Tennessee,470907,3,MADISON (113),JACKSON,September,Friday,U.S. Highway,Urban,35.66296944,-88.8286,Motor Vehicle In-Transport,Angle,Dark - Not Lighted,Clear
Tennessee,470913,1,DEKALB (41),SMITHVILLE,November,Friday,Local Street - Municipality,Rural,35.96568889,-85.84711111,Curb,The First Harmful Event was Not a Collision with a Motor Vehicle in Transport,Dark - Not Lighted,Clear
Tennessee,470916,1,WASHINGTON (179),GRAY,November,Wednesday,State Highway,Urban,36.43160556,-82.44648889,Curb,The First Harmful Event was Not a Collision with a Motor Vehicle in Transport,Reported as Unknown,Reported as Unknown
Tennessee,470918,2,DAVIDSON (37),NASHVILLE,October,Thursday,State Highway,Urban,36.22803056,-86.84626111,Parked Motor Vehicle,The First Harmful Event was Not a Collision with a Motor Vehicle in Transport,Dark - Not Lighted,Clear
Tennessee,470920,4,HAMILTON (65),CHATTANOOGA,November,Saturday,Interstate,Urban,35.00866111,-85.23770833,Motor Vehicle In-Transport,Front-to-Rear,Daylight,Clear
Tennessee,470923,1,SHELBY (157),MEMPHIS,November,Tuesday,U.S. Highway,Urban,35.11630278,-90.055175,Pedestrian,The First Harmful Event was Not a Collision with a Motor Vehicle in Transport,Dark - Lighted,Clear
Tennessee,470926,5,MADISON (113),JACKSON,November,Friday,U.S. Highway,Urban,35.64171944,-88.8283,"Post, Pole or Other Supports",The First Harmful Event was Not a Collision with a Motor Vehicle in Transport,Dark - Lighted,Rain
Tennessee,470928,4,HAMILTON (65),CHATTANOOGA,November,Friday,Local Street - Municipality,Urban,35.04286667,-85.15695,Motor Vehicle In-Transport,Angle,Dark - Lighted,Rain
Tennessee,470931,2,MONTGOMERY (125),CLARKSVILLE,November,Saturday,Interstate,Urban,36.55516111,-87.2493,Tree (Standing Only),The First Harmful Event was Not a Collision with a Motor Vehicle in Transport,Dark - Not Lighted,Clear
Tennessee,470932,1,SHELBY (157),MEMPHIS,November,Sunday,Local Street - Municipality,Urban,35.19981111,-90.00159444,Curb,The First Harmful Event was Not a Collision with a Motor Vehicle in Transport,Dark - Lighted,Clear
Tennessee,470933,1,HAMILTON (65),CHATTANOOGA,November,Thursday,Local Street - Municipality,Urban,35.03485278,-85.27185,Pedestrian,The First Harmful Event was Not a Collision with a Motor Vehicle in Transport,Dark - Lighted,Clear
Tennessee,470934,1,SULLIVAN (163),KINGSPORT,November,Saturday,U.S. Highway,Urban,36.55081944,-82.52538889,Pedestrian,The First Harmful Event was Not a Collision with a Motor Vehicle in Transport,Dark - Lighted,Rain
Tennessee,470936,7,SHELBY (157),MEMPHIS,November,Thursday,U.S. Highway,Urban,35.08757778,-90.05664444,Motor Vehicle In-Transport,Front-to-Front,Dark - Lighted,Clear
Tennessee,470937,7,SHELBY (157),MEMPHIS,November,Thursday,Interstate,Urban,35.19008611,-89.95149722,Other Fixed Object,The First Harmful Event was Not a Collision with a Motor Vehicle in Transport,Dark - Lighted,Clear
Tennessee,470939,2,SHELBY (157),LAKELAND,November,Thursday,Interstate,Urban,35.2215,-89.73978889,Pedestrian,The First Harmful Event was Not a Collision with a Motor Vehicle in Transport,Daylight,Clear
Tennessee,470942,1,SHELBY (157),MEMPHIS,November,Saturday,Interstate,Urban,35.19226389,-90.00086111,Pedestrian,The First Harmful Event was Not a Collision with a Motor Vehicle in Transport,Dark - Lighted,Clear
Tennessee,470943,2,HENDERSON (77),LEXINGTON,November,Wednesday,State Highway,Urban,35.6239,-88.41686111,Motor Vehicle In-Transport,Angle,Daylight,Clear
Tennessee,470944,2,WILSON (189),LEBANON,November,Wednesday,Interstate,Urban,36.18493889,-86.40318056,Motor Vehicle In-Transport,Front-to-Rear,Daylight,Clear
Tennessee,470945,3,SULLIVAN (163),BRISTOL,November,Wednesday,State Highway,Rural,36.53771111,-82.13278056,Ditch,The First Harmful Event was Not a Collision with a Motor Vehicle in Transport,Dark - Not Lighted,Clear
Tennessee,470946,1,HAMILTON (65),CHATTANOOGA,December,Sunday,State Highway,Urban,35.09649167,-85.17600556,Culvert,The First Harmful Event was Not a Collision with a Motor Vehicle in Transport,Dark - Not Lighted,Clear
Tennessee,470947,1,DAVIDSON (37),NASHVILLE,November,Friday,Interstate,Urban,36.09831944,-86.71003889,Traffic Sign Support,The First Harmful Event was Not a Collision with a Motor Vehicle in Transport,Dark - Lighted,Rain
Tennessee,470948,1,DAVIDSON (37),NASHVILLE,November,Wednesday,Interstate,Urban,36.15475,-86.76028056,Utility Pole/Light Support,The First Harmful Event was Not a Collision with a Motor Vehicle in Transport,Dark - Lighted,Clear
Tennessee,470949,3,DAVIDSON (37),NASHVILLE,November,Thursday,U.S. Highway,Urban,36.08158056,-86.72695,Motor Vehicle In-Transport,Angle,Dark - Lighted,Cloudy
Tennessee,470950,1,DAVIDSON (37),NASHVILLE,December,Sunday,U.S. Highway,Urban,36.1254,-86.84706111,Curb,The First Harmful Event was Not a Collision with a Motor Vehicle in Transport,Dark - Lighted,Cloudy
Tennessee,470952,2,HUMPHREYS (85),WAVERLY,November,Friday,Local Street - Municipality,Rural,36.08046944,-87.82583056,Ditch,The First Harmful Event was Not a Collision with a Motor Vehicle in Transport,Daylight,Cloudy
Tennessee,470953,4,SHELBY (157),ARLINGTON,November,Wednesday,Interstate,Urban,35.27083889,-89.64883056,Motor Vehicle In-Transport,Front-to-Rear,Dark - Not Lighted,Cloudy
Tennessee,470955,2,HAMILTON (65),COLLEGEDALE,December,Monday,U.S. Highway,Urban,35.07821944,-85.03666944,Motor Vehicle In-Transport,Front-to-Front,Daylight,Cloudy
Tennessee,470958,2,ROANE (145),ROCKWOOD,December,Thursday,County Road,Urban,35.84006111,-84.67263056,Tree (Standing Only),The First Harmful Event was Not a Collision with a Motor Vehicle in Transport,Daylight,Clear
Tennessee,470959,1,WILSON (189),LEBANON,November,Tuesday,State Highway,Urban,36.20463889,-86.29018889,Pedestrian,The First Harmful Event was Not a Collision with a Motor Vehicle in Transport,Dark - Lighted,Rain
Tennessee,470960,3,SHELBY (157),MEMPHIS,December,Wednesday,U.S. Highway,Urban,35.14950833,-89.957,Pedestrian,The First Harmful Event was Not a Collision with a Motor Vehicle in Transport,Dark - Lighted,Clear
Tennessee,470961,1,HAMILTON (65),CHATTANOOGA,December,Wednesday,Interstate,Urban,35.02731944,-85.17255,Pedestrian,The First Harmful Event was Not a Collision with a Motor Vehicle in Transport,Dark - Not Lighted,Clear
Tennessee,470962,2,RUTHERFORD (149),MURFREESBORO,December,Saturday,Local Street - Municipality,Urban,35.81538889,-86.41301111,Culvert,The First Harmful Event was Not a Collision with a Motor Vehicle in Transport,Dark - Lighted,Clear
Tennessee,470964,4,BLOUNT (9),CALDERWOOD,November,Saturday,U.S. Highway,Urban,35.8252,-83.9764,Rollover/Overturn,The First Harmful Event was Not a Collision with a Motor Vehicle in Transport,Dark - Lighted,Clear
Tennessee,470965,2,WASHINGTON (179),GRAY,December,Friday,Interstate,Urban,36.39552778,-82.45761111,Guardrail Face,The First Harmful Event was Not a Collision with a Motor Vehicle in Transport,Dark - Not Lighted,Clear
Tennessee,470967,2,COFFEE (31),MANCHESTER,December,Thursday,Interstate,Urban,35.48761944,-86.07228056,Parked Motor Vehicle,The First Harmful Event was Not a Collision with a Motor Vehicle in Transport,Daylight,Clear
Tennessee,470968,3,KNOX (93),KNOXVILLE,November,Saturday,Interstate,Urban,35.95130556,-83.98226944,Motor Vehicle In-Transport,Angle,Dawn,Rain
Tennessee,470969,3,SCOTT (151),HUNTSVILLE,December,Sunday,State Highway,Rural,36.41273056,-84.51486944,Motor Vehicle In-Transport,Front-to-Front,Dusk,Clear
Tennessee,470971,1,DAVIDSON (37),NASHVILLE,December,Monday,Local Street - Municipality,Urban,36.06701944,-86.68851111,Pedestrian,The First Harmful Event was Not a Collision with a Motor Vehicle in Transport,Dark - Lighted,Clear
Tennessee,470972,3,SHELBY (157),MEMPHIS,December,Sunday,Local Street - Municipality,Urban,35.15005,-90.01423889,Utility Pole/Light Support,The First Harmful Event was Not a Collision with a Motor Vehicle in Transport,Dark - Lighted,Clear
Tennessee,470977,2,RUTHERFORD (149),LA VERGNE,December,Tuesday,Local Street - Municipality,Urban,35.9931,-86.59935,Tree (Standing Only),The First Harmful Event was Not a Collision with a Motor Vehicle in Transport,Dark - Lighted,Cloudy
Tennessee,470982,1,HAMILTON (65),CHATTANOOGA,October,Wednesday,U.S. Highway,Urban,35.02770556,-85.25551389,Other Fixed Object,The First Harmful Event was Not a Collision with a Motor Vehicle in Transport,Daylight,Clear
Tennessee,470984,2,HAMILTON (65),SODDY-DAISY,October,Sunday,Local Street - Municipality,Urban,35.20436111,-85.23586111,Bridge Rail (Includes parapet),The First Harmful Event was Not a Collision with a Motor Vehicle in Transport,Dark - Not Lighted,Rain
Tennessee,470985,3,DAVIDSON (37),NASHVILLE,October,Tuesday,Interstate,Urban,36.09408056,-86.70633056,Motor Vehicle In-Transport,Front-to-Rear,Dawn,Cloudy
Tennessee,470987,2,BLOUNT (9),MARYVILLE,December,Thursday,U.S. Highway,Urban,35.7565,-84.08846944,Motor Vehicle In-Transport,Angle,Daylight,Clear
Tennessee,470990,1,BRADLEY (11),CLEVELAND,December,Friday,Local Street - Municipality,Urban,35.18338889,-84.84116944,Rollover/Overturn,The First Harmful Event was Not a Collision with a Motor Vehicle in Transport,Dark - Not Lighted,Rain
Tennessee,470991,2,PUTNAM (141),ALGOOD,December,Tuesday,State Highway,Urban,36.20361111,-85.45873889,Motor Vehicle In-Transport,Sideswipe - Same Direction,Dark - Lighted,Clear
Tennessee,470995,2,SHELBY (157),MEMPHIS,December,Sunday,Local Street - Municipality,Urban,35.20404444,-89.91333056,Pedestrian,The First Harmful Event was Not a Collision with a Motor Vehicle in Transport,Dark - Not Lighted,Rain
Tennessee,470997,3,SHELBY (157),MEMPHIS,December,Monday,Interstate,Urban,35.192575,-89.92730833,Motor Vehicle In-Transport,Angle,Dark - Lighted,Rain
Tennessee,470998,1,SHELBY (157),MEMPHIS,November,Friday,Interstate,Urban,35.07277778,-90.00958889,Wall,The First Harmful Event was Not a Collision with a Motor Vehicle in Transport,Dark - Lighted,Clear
Tennessee,471000,2,SUMNER (165),COTTONTOWN,December,Saturday,State Highway,Rural,36.48018056,-86.63356111,Motor Vehicle In-Transport,Front-to-Front,Daylight,Cloudy
Tennessee,471001,3,MARSHALL (117),LEWISBURG,November,Friday,State Highway,Urban,35.45133889,-86.80823056,Motor Vehicle In-Transport,Angle,Daylight,Clear
Tennessee,471002,1,SHELBY (157),MEMPHIS,December,Monday,Local Street - Municipality,Urban,35.15802778,-89.79423611,Pedestrian,The First Harmful Event was Not a Collision with a Motor Vehicle in Transport,Dark - Lighted,Rain
Tennessee,471005,3,RUTHERFORD (149),SMYRNA,November,Saturday,State Highway,Urban,35.98213056,-86.49308056,Motor Vehicle In-Transport,Front-to-Front,Dark - Lighted,Cloudy
Tennessee,471006,3,SHELBY (157),MEMPHIS,December,Wednesday,State Highway,Urban,35.18981111,-89.92732222,Motor Vehicle In-Transport,Front-to-Front,Dark - Lighted,Clear
Tennessee,471008,3,BLOUNT (9),CALDERWOOD,December,Monday,U.S. Highway,Urban,35.8273,-83.9752,Motor Vehicle In-Transport,Rear-to-Side,Dark - Lighted,Rain
Tennessee,471009,1,SHELBY (157),MEMPHIS,December,Friday,Local Street - Municipality,Urban,35.13683611,-89.76923889,Tree (Standing Only),The First Harmful Event was Not a Collision with a Motor Vehicle in Transport,Daylight,Clear
Tennessee,471012,10,WILSON (189),LEBANON,November,Wednesday,Interstate,Urban,36.18581111,-86.27923056,Motor Vehicle In-Transport,Front-to-Rear,Daylight,Clear
Tennessee,471017,1,SHELBY (157),MEMPHIS,December,Saturday,Local Street - Municipality,Urban,35.16956111,-89.86635,Pedestrian,The First Harmful Event was Not a Collision with a Motor Vehicle in Transport,Dark - Lighted,Clear
Tennessee,471018,1,SHELBY (157),MEMPHIS,December,Sunday,Local Street - Municipality,Urban,35.08458056,-89.97448333,Pedestrian,The First Harmful Event was Not a Collision with a Motor Vehicle in Transport,Reported as Unknown,Clear
Tennessee,471019,2,HAMILTON (65),CHATTANOOGA,December,Monday,State Highway,Urban,35.13877778,-85.24719444,Pedestrian,The First Harmful Event was Not a Collision with a Motor Vehicle in Transport,Dark - Not Lighted,Rain
Tennessee,471021,6,HAMILTON (65),CHATTANOOGA,December,Sunday,State Highway,Urban,35.11261389,-85.13442222,Motor Vehicle In-Transport,Sideswipe - Opposite Direction,Dark - Not Lighted,Rain
Tennessee,471022,2,SULLIVAN (163),KINGSPORT,December,Tuesday,Interstate,Urban,36.54923056,-82.58195,Motor Vehicle In-Transport,Front-to-Front,Dark - Not Lighted,Clear
Tennessee,471023,6,SULLIVAN (163),BRISTOL,December,Friday,U.S. Highway,Urban,36.52090556,-82.259675,Motor Vehicle In-Transport,Angle,Dark - Lighted,Clear
Tennessee,471026,1,SHELBY (157),MEMPHIS,December,Wednesday,Local Street - Municipality,Urban,35.05183056,-89.94176389,Pedestrian,The First Harmful Event was Not a Collision with a Motor Vehicle in Transport,Dark - Lighted,Clear
Tennessee,471031,1,CAMPBELL (13),CARYVILLE,December,Wednesday,Local Street - Municipality,Urban,36.31686944,-84.2014,Pedestrian,The First Harmful Event was Not a Collision with a Motor Vehicle in Transport,Dark - Not Lighted,Clear
Tennessee,471032,3,ROBERTSON (147),WHITE HOUSE,December,Sunday,County Road,Urban,36.43378889,-86.69321944,Embankment,The First Harmful Event was Not a Collision with a Motor Vehicle in Transport,Dark - Not Lighted,Clear
Tennessee,471036,4,KNOX (93),KNOXVILLE,December,Wednesday,U.S. Highway,Urban,36.00731111,-84.03048889,Motor Vehicle In-Transport,Front-to-Rear,Dark - Not Lighted,Cloudy
Tennessee,471037,1,SULLIVAN (163),BLUFF CITY,December,Friday,County Road,Rural,36.43801111,-82.21078056,Tree (Standing Only),The First Harmful Event was Not a Collision with a Motor Vehicle in Transport,Dark - Not Lighted,Clear
Tennessee,471038,1,SHELBY (157),MEMPHIS,December,Sunday,Local Street - Municipality,Urban,35.08961389,-89.93113889,Pedestrian,The First Harmful Event was Not a Collision with a Motor Vehicle in Transport,Dark - Lighted,Rain
Tennessee,471040,2,LOUDON (105),PHILADELPHIA,December,Tuesday,Local Street - Municipality,Rural,35.67521944,-84.40653889,Railway Vehicle,The First Harmful Event was Not a Collision with a Motor Vehicle in Transport,Daylight,Clear
Tennessee,471042,2,DAVIDSON (37),NASHVILLE,December,Saturday,Interstate,Urban,36.13991111,-86.72781111,Guardrail Face,The First Harmful Event was Not a Collision with a Motor Vehicle in Transport,Daylight,"Fog, Smog, Smoke"
Tennessee,471043,4,DAVIDSON (37),GOODLETTSVILLE,December,Monday,Interstate,Urban,36.30073056,-86.7112,Pedestrian,The First Harmful Event was Not a Collision with a Motor Vehicle in Transport,Dark - Lighted,Clear
Tennessee,471044,8,DAVIDSON (37),NASHVILLE,December,Sunday,U.S. Highway,Urban,36.1518,-86.77125,Motor Vehicle In-Transport,Angle,Daylight,Rain
Tennessee,471045,1,WASHINGTON (179),JOHNSON CITY,December,Friday,State Highway,Urban,36.33258889,-82.34616944,Motor Vehicle In-Transport,Angle,Dark - Lighted,Clear
Tennessee,471047,2,SHELBY (157),MEMPHIS,December,Thursday,Local Street - Municipality,Urban,35.08920833,-89.86829167,Fence,The First Harmful Event was Not a Collision with a Motor Vehicle in Transport,Dark - Lighted,Clear
Tennessee,471050,1,WILSON (189),LEBANON,December,Thursday,Interstate,Urban,36.18451944,-86.37911111,Tree (Standing Only),The First Harmful Event was Not a Collision with a Motor Vehicle in Transport,Dusk,Clear
Tennessee,471051,3,UNICOI (171),ERWIN,December,Thursday,Interstate,Urban,36.14346944,-82.42775,Motor Vehicle In-Transport,Front-to-Front,Dark - Not Lighted,Clear
Tennessee,471054,4,KNOX (93),KNOXVILLE,December,Saturday,Interstate,Urban,35.93028333,-84.03588889,Motor Vehicle In-Transport,Front-to-Rear,Dark - Lighted,Clear
Tennessee,471055,4,SHELBY (157),MEMPHIS,December,Monday,Interstate,Urban,35.11775278,-90.02615,Utility Pole/Light Support,The First Harmful Event was Not a Collision with a Motor Vehicle in Transport,Dark - Lighted,Clear
Tennessee,471059,1,DAVIDSON (37),NASHVILLE,December,Saturday,State Highway,Urban,36.04903889,-86.65255,Pedestrian,The First Harmful Event was Not a Collision with a Motor Vehicle in Transport,Daylight,Cloudy
Tennessee,471062,2,KNOX (93),KNOXVILLE,October,Wednesday,Local Street - Municipality,Urban,35.97881944,-83.973975,Utility Pole/Light Support,The First Harmful Event was Not a Collision with a Motor Vehicle in Transport,Daylight,Clear
Tennessee,471065,2,SHELBY (157),MEMPHIS,December,Saturday,Local Street - Municipality,Urban,35.15955,-89.91585,Tree (Standing Only),The First Harmful Event was Not a Collision with a Motor Vehicle in Transport,Dark - Not Lighted,Rain
Tennessee,471066,4,SHELBY (157),BARTLETT,December,Friday,State Highway,Urban,35.22364444,-89.79211944,Motor Vehicle In-Transport,Front-to-Front,Daylight,Clear
Tennessee,471067,3,MONTGOMERY (125),CLARKSVILLE,December,Wednesday,State Highway,Urban,36.53711667,-87.33794167,Motor Vehicle In-Transport,Front-to-Front,Dark - Not Lighted,Clear
Tennessee,471069,5,DAVIDSON (37),NASHVILLE,December,Friday,U.S. Highway,Urban,36.18488889,-86.77368056,Motor Vehicle In-Transport,Angle,Dusk,Clear
Tennessee,471070,2,DAVIDSON (37),NASHVILLE,December,Thursday,Local Street - Municipality,Urban,36.20406111,-86.81841111,Pedestrian,The First Harmful Event was Not a Collision with a Motor Vehicle in Transport,Daylight,Cloudy
Tennessee,471071,2,HAMILTON (65),CHATTANOOGA,December,Tuesday,Local Street - Municipality,Urban,35.11363056,-85.25548889,Motor Vehicle In-Transport,Angle,Daylight,Clear
Tennessee,471075,2,MADISON (113),JACKSON,December,Wednesday,Local Street - Municipality,Urban,35.62406111,-88.81296111,Motor Vehicle In-Transport,Angle,Dark - Lighted,Clear
Tennessee,471076,1,FAYETTE (47),OAKLAND,November,Thursday,U.S. Highway,Urban,35.229075,-89.50438889,Pedalcyclist,The First Harmful Event was Not a Collision with a Motor Vehicle in Transport,Dark - Lighted,Clear
Texas,480001,2,TARRANT (439),ARLINGTON,January,Tuesday,Interstate,Urban,32.66902222,-97.21553889,Motor Vehicle In-Transport,Sideswipe - Same Direction,Dark - Not Lighted,Cloudy
Texas,480003,1,DALLAS (113),DALLAS,January,Tuesday,Local Street - Frontage Road,Urban,32.79141389,-96.74644722,Traffic Signal Support,The First Harmful Event was Not a Collision with a Motor Vehicle in Transport,Dark - Lighted,Clear
Texas,480004,6,NUECES (355),CORPUS CHRISTI,January,Tuesday,State Highway,Urban,27.70360278,-97.36193611,Motor Vehicle In-Transport,Front-to-Front,Dark - Lighted,Clear
Texas,480005,1,BEXAR (29),LEON VALLEY,January,Wednesday,State Highway,Urban,29.48073056,-98.59506389,Pedestrian,The First Harmful Event was Not a Collision with a Motor Vehicle in Transport,Dark - Lighted,Rain
Texas,480006,1,BEXAR (29),SAN ANTONIO,January,Tuesday,Interstate,Urban,29.32015833,-98.51837778,Motor Vehicle In-Transport,Front-to-Rear,Dark - Lighted,"Fog, Smog, Smoke"
Texas,480008,2,DALLAS (113),DALLAS,January,Saturday,Interstate,Urban,32.89488889,-96.89765556,Guardrail Face,The First Harmful Event was Not a Collision with a Motor Vehicle in Transport,Dark - Lighted,Clear
Texas,480009,2,COLLIN (85),DALLAS,January,Saturday,Local Street - Municipality,Urban,32.99906389,-96.82475278,Motor Vehicle In-Transport,Angle,Dark - Lighted,Clear
Texas,480010,1,NACOGDOCHES (347),GARRISON,January,Thursday,U.S. Highway,Rural,31.82524167,-94.49004444,Building,The First Harmful Event was Not a Collision with a Motor Vehicle in Transport,Dark - Lighted,Cloudy
Texas,480014,3,CHEROKEE (73),RUSK,January,Sunday,U.S. Highway,Rural,31.81350278,-95.16116389,Tree (Standing Only),The First Harmful Event was Not a Collision with a Motor Vehicle in Transport,Dark - Lighted,Clear
Texas,480015,2,HARRIS (201),HOUSTON,January,Tuesday,Local Street - Frontage Road,Urban,29.84151389,-95.39012778,Motor Vehicle In-Transport,Angle,Dark - Lighted,"Fog, Smog, Smoke"
Texas,480016,4,BEXAR (29),SAN ANTONIO,January,Saturday,Local Street - Municipality,Urban,29.48022778,-98.36104722,Motor Vehicle In-Transport,Angle,Dark - Lighted,Clear