State,Case Number,Persons,County,City,Month,Day,Route,Rural/Urban,Latitude,Longitude,First Harmful Event,Manner of Collision,Light Conditions,Weather
Texas,480876,2,JOHNSON (251),BURLESON,April,Wednesday,Local Street - Frontage Road,Urban,32.48259167,-97.27875556,Motor Vehicle In-Transport,Angle,Daylight,Cloudy
Texas,480878,3,HAYS (209),SAN MARCOS,April,Sunday,Interstate,Urban,29.82537222,-97.98821389,Motor Vehicle In-Transport,Front-to-Rear,Dark - Lighted,Clear
Texas,480880,2,DENTON (121),DENTON,April,Tuesday,U.S. Highway,Urban,33.230925,-97.13409167,Pedestrian,The First Harmful Event was Not a Collision with a Motor Vehicle in Transport,Dark - Not Lighted,Clear
Texas,480881,2,HARRIS (201),HUMBLE,April,Saturday,Local Street - Municipality,Urban,29.97902778,-95.25399722,Culvert,The First Harmful Event was Not a Collision with a Motor Vehicle in Transport,Daylight,Clear
Texas,480882,4,HARRIS (201),HOUSTON,April,Saturday,State Highway,Urban,29.62564167,-95.17636111,Motor Vehicle In-Transport,Front-to-Rear,Dark - Lighted,Clear
Texas,480883,2,DALLAS (113),DALLAS,April,Tuesday,Interstate,Urban,32.74366944,-96.81552778,Pedestrian,The First Harmful Event was Not a Collision with a Motor Vehicle in Transport,Dark - Not Lighted,Clear
Texas,480884,1,HARRIS (201),BAYTOWN,April,Wednesday,Local Street - Municipality,Urban,29.77478333,-94.94770278,Tree (Standing Only),The First Harmful Event was Not a Collision with a Motor Vehicle in Transport,Dark - Lighted,Rain
Texas,480885,3,HARRIS (201),HOUSTON,April,Thursday,Local Street - Municipality,Urban,29.85938056,-95.33148056,Culvert,The First Harmful Event was Not a Collision with a Motor Vehicle in Transport,Dark - Lighted,Cloudy
Texas,480888,1,MCLENNAN (309),WACO,April,Monday,Local Street - Frontage Road,Urban,31.50948889,-97.18425278,Guardrail Face,The First Harmful Event was Not a Collision with a Motor Vehicle in Transport,Daylight,Clear
Texas,480889,3,MCLENNAN (309),BELLMEAD,April,Saturday,U.S. Highway,Urban,31.58640833,-97.1038,Pedestrian,The First Harmful Event was Not a Collision with a Motor Vehicle in Transport,Dark - Not Lighted,Clear
Texas,480894,1,GREGG (183),LONGVIEW,April,Tuesday,Local Street - Municipality,Urban,32.48728611,-94.73639444,Pedestrian,The First Harmful Event was Not a Collision with a Motor Vehicle in Transport,Dark - Not Lighted,Cloudy
Texas,480897,5,DALLAS (113),MESQUITE,April,Saturday,Interstate,Urban,32.83549444,-96.63238611,Pedestrian,The First Harmful Event was Not a Collision with a Motor Vehicle in Transport,Daylight,Rain
Texas,480900,4,TARRANT (439),FORT WORTH,April,Sunday,Local Street - Municipality,Urban,32.70271389,-97.26292222,Motor Vehicle In-Transport,Angle,Daylight,Clear
Texas,480902,3,HARRIS (201),HOUSTON,March,Monday,Interstate,Urban,29.77692222,-95.36867778,Motor Vehicle In-Transport,Front-to-Front,Dark - Lighted,Clear
Texas,480904,1,WILLIAMSON (491),ROUND ROCK,April,Wednesday,Local Street - Municipality,Urban,30.49456667,-97.67220278,Pedestrian,The First Harmful Event was Not a Collision with a Motor Vehicle in Transport,Dark - Lighted,Cloudy
Texas,480912,7,DALLAS (113),DALLAS,April,Saturday,Local Street - Municipality,Urban,32.8078,-96.81793611,Motor Vehicle In-Transport,Sideswipe - Opposite Direction,Dark - Lighted,Cloudy
Texas,480913,6,BEXAR (29),SAN ANTONIO,April,Sunday,Interstate,Rural,29.43822222,-98.48945556,Motor Vehicle In-Transport,Front-to-Rear,Daylight,Clear
Texas,480919,1,DALLAS (113),GARLAND,April,Sunday,Local Street - Municipality,Urban,32.85783056,-96.60253611,Pedestrian,The First Harmful Event was Not a Collision with a Motor Vehicle in Transport,Dark - Lighted,Clear
Texas,480921,4,HUNT (231),GREENVILLE,April,Monday,Interstate,Urban,33.14996389,-96.077525,Parked Motor Vehicle,The First Harmful Event was Not a Collision with a Motor Vehicle in Transport,Daylight,Clear
Texas,480924,1,HARRIS (201),BAYTOWN,April,Saturday,Local Street - Municipality,Urban,29.72839444,-94.97505556,Utility Pole/Light Support,The First Harmful Event was Not a Collision with a Motor Vehicle in Transport,Daylight,Clear
Texas,480925,3,ECTOR (135),ODESSA,April,Saturday,U.S. Highway,Urban,31.95270833,-102.4074472,Motor Vehicle In-Transport,Angle,Daylight,Clear
Texas,480926,2,HIDALGO (215),MCALLEN,April,Friday,Local Street - Municipality,Urban,26.19270278,-98.23299444,Curb,The First Harmful Event was Not a Collision with a Motor Vehicle in Transport,Dark - Lighted,Clear
Texas,480927,2,ORANGE (361),ROSE CITY,April,Wednesday,Interstate,Urban,30.10742222,-94.05262222,Parked Motor Vehicle,The First Harmful Event was Not a Collision with a Motor Vehicle in Transport,Daylight,Cloudy
Texas,480930,1,HARRIS (201),HOUSTON,April,Tuesday,Local Street - Municipality,Urban,29.75098611,-95.39701389,Pedalcyclist,The First Harmful Event was Not a Collision with a Motor Vehicle in Transport,Daylight,Clear
Texas,480934,4,WALLER (473),KATY,April,Friday,Interstate,Rural,29.77731389,-95.88404722,Motor Vehicle In-Transport,Front-to-Rear,Dark - Not Lighted,Clear
Texas,480937,3,DENTON (121),ROANOKE,April,Thursday,U.S. Highway,Urban,32.99310556,-97.233725,Motor Vehicle In-Transport,Angle,Daylight,Clear
Texas,480946,3,BEXAR (29),SAN ANTONIO,May,Saturday,Local Street - Municipality,Urban,29.429975,-98.45222222,Motor Vehicle In-Transport,Angle,Daylight,Clear
Texas,480947,6,HARRIS (201),HOUSTON,April,Friday,Local Street - Municipality,Urban,29.682025,-95.59585556,Motor Vehicle In-Transport,Front-to-Rear,Daylight,Clear
Texas,480948,3,HOPKINS (223),SULPHUR SPRINGS,April,Friday,State Highway,Rural,33.17441111,-95.591675,Motor Vehicle In-Transport,Angle,Daylight,Clear
Texas,480949,1,DALLAS (113),DALLAS,May,Saturday,Local Street - Municipality,Urban,32.90948611,-96.7167,Utility Pole/Light Support,The First Harmful Event was Not a Collision with a Motor Vehicle in Transport,Daylight,Clear
Texas,480950,2,TARRANT (439),HALTOM CITY,April,Friday,State Highway,Urban,32.79503611,-97.28529167,Motor Vehicle In-Transport,Angle,Daylight,Clear
Texas,480952,3,HAYS (209),SAN MARCOS,May,Friday,Interstate,Urban,29.87066944,-97.937575,Concrete Traffic Barrier,The First Harmful Event was Not a Collision with a Motor Vehicle in Transport,Dark - Lighted,Rain
Texas,480954,2,POTTER (375),AMARILLO,May,Sunday,State Highway,Urban,35.20602778,-101.8881444,Motor Vehicle In-Transport,Front-to-Front,Daylight,Cloudy
Texas,480957,2,FALLS (145),GOLINDA,April,Wednesday,U.S. Highway,Rural,31.37216389,-97.08162778,Motor Vehicle In-Transport,Angle,Daylight,Rain
Texas,480962,1,ANDERSON (1),PALESTINE,May,Tuesday,State Highway,Urban,31.75057778,-95.60601111,Pedestrian,The First Harmful Event was Not a Collision with a Motor Vehicle in Transport,Dark - Not Lighted,Clear
Texas,480963,1,MCLENNAN (309),WACO,May,Wednesday,Local Street - Municipality,Urban,31.57812222,-97.12169167,Pedestrian,The First Harmful Event was Not a Collision with a Motor Vehicle in Transport,Daylight,Cloudy
Texas,480965,1,LUBBOCK (303),LUBBOCK,May,Friday,Local Street - Municipality,Urban,33.54874444,-101.87905,Traffic Signal Support,The First Harmful Event was Not a Collision with a Motor Vehicle in Transport,Dark - Lighted,Cloudy
Texas,480968,1,HARRIS (201),HOUSTON,May,Thursday,Local Street - Municipality,Urban,29.72988611,-95.50661389,Curb,The First Harmful Event was Not a Collision with a Motor Vehicle in Transport,Dawn,Cloudy
Texas,480970,1,ELLIS (139),ITALY,April,Tuesday,Local Street - Frontage Road,Rural,32.20040278,-96.89717778,Other Object (not fixed),The First Harmful Event was Not a Collision with a Motor Vehicle in Transport,Daylight,Cloudy
Texas,480972,1,HUDSPETH (229),FORT HANCOCK,April,Thursday,Interstate,Rural,31.28183056,-105.8050972,"Post, Pole or Other Supports",The First Harmful Event was Not a Collision with a Motor Vehicle in Transport,Dark - Not Lighted,Clear
Texas,480973,3,JOHNSON (251),CLEBURNE,May,Monday,State Highway,Urban,32.35388611,-97.38858333,Motor Vehicle In-Transport,Angle,Daylight,Cloudy
Texas,480977,3,LUBBOCK (303),LUBBOCK,May,Monday,Local Street - Municipality,Urban,33.54887222,-101.9571111,Motor Vehicle In-Transport,Front-to-Front,Daylight,Clear
Texas,480979,8,NOLAN (353),SWEETWATER,May,Thursday,Interstate,Urban,32.4476,-100.4129139,Jackknife (harmful to this vehicle),The First Harmful Event was Not a Collision with a Motor Vehicle in Transport,Daylight,Rain
Texas,480980,1,TRAVIS (453),AUSTIN,May,Tuesday,Interstate,Urban,30.26224167,-97.73606389,Pedestrian,The First Harmful Event was Not a Collision with a Motor Vehicle in Transport,Dark - Not Lighted,Clear
Texas,480981,5,BAILEY (17),MULESHOE,April,Sunday,Local Street - Municipality,Urban,34.22865,-102.7342528,Motor Vehicle In-Transport,Front-to-Front,Dark - Lighted,Clear
Texas,480983,1,EL PASO (141),EL PASO,April,Friday,Interstate,Urban,31.7775,-106.4471361,Pedestrian,The First Harmful Event was Not a Collision with a Motor Vehicle in Transport,Dark - Lighted,Clear
Texas,480985,1,DALLAS (113),DALLAS,May,Monday,Local Street - Municipality,Urban,32.87069167,-96.75731389,Pedestrian,The First Harmful Event was Not a Collision with a Motor Vehicle in Transport,Dark - Lighted,Cloudy
Texas,480986,1,DALLAS (113),DALLAS,May,Thursday,Local Street - Municipality,Urban,32.77054167,-96.75558333,Pedestrian,The First Harmful Event was Not a Collision with a Motor Vehicle in Transport,Dark - Lighted,Rain
Texas,480988,1,TAYLOR (441),ABILENE,April,Saturday,Interstate,Rural,32.47625556,-99.79089722,Cable Barrier,The First Harmful Event was Not a Collision with a Motor Vehicle in Transport,Dark - Lighted,Clear
Texas,480992,3,JEFFERSON (245),BEAUMONT,May,Monday,Local Street - Frontage Road,Urban,30.09598333,-94.11946389,Bridge Pier or Support,The First Harmful Event was Not a Collision with a Motor Vehicle in Transport,Dark - Not Lighted,Clear
Texas,480993,8,TARRANT (439),WESTLAKE,May,Thursday,U.S. Highway,Urban,32.98506667,-97.23668889,Motor Vehicle In-Transport,Angle,Dark - Lighted,Clear
Texas,480996,6,HAYS (209),KYLE,April,Saturday,Local Street - Frontage Road,Rural,30.03564167,-97.84487222,Motor Vehicle In-Transport,Angle,Dark - Lighted,Clear
Texas,481001,1,DALLAS (113),IRVING,April,Monday,Local Street - Municipality,Urban,32.93579444,-96.94529167,Tree (Standing Only),The First Harmful Event was Not a Collision with a Motor Vehicle in Transport,Dark - Not Lighted,Clear
Texas,481004,1,BEXAR (29),SAN ANTONIO,April,Friday,U.S. Highway,Urban,29.39555833,-98.36951111,Rollover/Overturn,The First Harmful Event was Not a Collision with a Motor Vehicle in Transport,Dark - Not Lighted,Clear
Texas,481005,1,DALLAS (113),WILMER,May,Saturday,Interstate,Rural,32.56595,-96.66685,Pedestrian,The First Harmful Event was Not a Collision with a Motor Vehicle in Transport,Dark - Not Lighted,Clear
Texas,481006,6,TARRANT (439),FORT WORTH,May,Friday,Interstate,Urban,32.75432222,-97.31941111,Motor Vehicle In-Transport,Front-to-Rear,Dark - Lighted,Cloudy
Texas,481007,1,HARRIS (201),HOUSTON,May,Friday,Local Street - Municipality,Urban,30.05115278,-95.17788611,Other Object (not fixed),The First Harmful Event was Not a Collision with a Motor Vehicle in Transport,Dark - Lighted,Clear
Texas,481009,2,MIDLAND (329),MIDLAND,May,Wednesday,State Highway,Urban,31.97888889,-102.0761111,Motor Vehicle In-Transport,Angle,Daylight,Clear
Texas,481011,3,ANGELINA (5),DIBOLL,May,Tuesday,State Highway,Rural,31.18550833,-94.78519722,Tree (Standing Only),The First Harmful Event was Not a Collision with a Motor Vehicle in Transport,Dark - Lighted,Clear
Texas,481015,2,ORANGE (361),ORANGE,May,Thursday,Interstate,Rural,30.129925,-93.88196389,Concrete Traffic Barrier,The First Harmful Event was Not a Collision with a Motor Vehicle in Transport,Daylight,Rain
Texas,481017,1,DALLAS (113),MESQUITE,May,Saturday,Interstate,Urban,32.81627778,-96.64151111,Traffic Sign Support,The First Harmful Event was Not a Collision with a Motor Vehicle in Transport,Daylight,Cloudy
Texas,481018,2,DALLAS (113),DALLAS,February,Friday,Local Street - Municipality,Urban,32.65448333,-96.96343056,Motor Vehicle In-Transport,Front-to-Rear,Daylight,Cloudy
Texas,481019,3,DALLAS (113),GARLAND,February,Sunday,Local Street - Municipality,Urban,32.86296389,-96.64463333,Motor Vehicle In-Transport,Angle,Daylight,Rain
Texas,481021,4,GALVESTON (167),TEXAS CITY,April,Monday,Interstate,Urban,29.430775,-95.06076111,Motor Vehicle In-Transport,Front-to-Rear,Daylight,Clear
Texas,481022,1,BEXAR (29),SAN ANTONIO,May,Thursday,Local Street - Frontage Road,Urban,29.57221389,-98.59311111,Bridge Pier or Support,The First Harmful Event was Not a Collision with a Motor Vehicle in Transport,Dark - Not Lighted,Clear
Texas,481024,3,HARRIS (201),HOUSTON,May,Saturday,Local Street - Municipality,Urban,29.85053889,-95.49761111,Motor Vehicle In-Transport,Sideswipe - Same Direction,Dark - Not Lighted,Cloudy
Texas,481025,2,JOHNSON (251),BURLESON,May,Sunday,Interstate,Urban,32.53118611,-97.310425,Motor Vehicle In-Transport,Front-to-Rear,Dark - Lighted,Clear
Texas,481026,1,HARRIS (201),SOUTH HOUSTON,May,Sunday,Local Street - Municipality,Urban,29.664375,-95.23366389,Building,The First Harmful Event was Not a Collision with a Motor Vehicle in Transport,Dark - Lighted,Rain
Texas,481028,1,HARRIS (201),HOUSTON,May,Sunday,Local Street - Municipality,Urban,29.79693611,-95.36767222,Utility Pole/Light Support,The First Harmful Event was Not a Collision with a Motor Vehicle in Transport,Dark - Lighted,Clear
Texas,481029,3,TRAVIS (453),AUSTIN,May,Sunday,Interstate,Urban,30.37556111,-97.67706667,Motor Vehicle In-Transport,Front-to-Front,Dark - Not Lighted,Cloudy
Texas,481031,2,EL PASO (141),EL PASO,February,Thursday,Interstate,Urban,31.75906389,-106.4970944,Fell/Jumped from Vehicle,The First Harmful Event was Not a Collision with a Motor Vehicle in Transport,Dark - Lighted,Clear
Texas,481032,5,ELLIS (139),WAXAHACHIE,April,Sunday,Local Street - Frontage Road,Urban,32.42366944,-96.85232222,Rollover/Overturn,The First Harmful Event was Not a Collision with a Motor Vehicle in Transport,Daylight,Clear
Texas,481033,4,GALVESTON (167),TEXAS CITY,May,Thursday,State Highway,Urban,29.38458889,-94.97539722,Motor Vehicle In-Transport,Angle,Dusk,Clear
Texas,481035,3,MIDLAND (329),MIDLAND,May,Saturday,Local Street - Municipality,Urban,31.97778056,-102.1114167,Ground,The First Harmful Event was Not a Collision with a Motor Vehicle in Transport,Dark - Lighted,Clear
Texas,481042,1,COLLIN (85),MCKINNEY,April,Friday,Local Street - Frontage Road,Urban,33.18660278,-96.63911389,Concrete Traffic Barrier,The First Harmful Event was Not a Collision with a Motor Vehicle in Transport,Dark - Not Lighted,Cloudy
Texas,481043,3,BEXAR (29),SAN ANTONIO,May,Friday,State Highway,Urban,29.36906389,-98.60015,Pedestrian,The First Harmful Event was Not a Collision with a Motor Vehicle in Transport,Dark - Lighted,Rain
Texas,481044,2,HARRIS (201),LA PORTE,May,Saturday,Local Street - Municipality,Urban,29.66411944,-95.09789444,Pedestrian,The First Harmful Event was Not a Collision with a Motor Vehicle in Transport,Dark - Lighted,Clear
Texas,481046,2,EL PASO (141),EL PASO,May,Wednesday,Local Street - Frontage Road,Urban,31.76051944,-106.3591306,Tree (Standing Only),The First Harmful Event was Not a Collision with a Motor Vehicle in Transport,Dark - Not Lighted,Clear
Texas,481047,2,HAYS (209),KYLE,April,Sunday,Interstate,Urban,30.04004444,-97.84325833,Motor Vehicle In-Transport,Front-to-Rear,Dark - Not Lighted,Clear
Texas,481048,2,EL PASO (141),EL PASO,May,Saturday,Interstate,Urban,31.77621111,-106.51585,Pedestrian,The First Harmful Event was Not a Collision with a Motor Vehicle in Transport,Dark - Lighted,Clear
Texas,481049,3,NUECES (355),CORPUS CHRISTI,May,Monday,Local Street - Frontage Road,Urban,27.88165556,-97.62420556,Guardrail Face,The First Harmful Event was Not a Collision with a Motor Vehicle in Transport,Dark - Not Lighted,Cloudy
Texas,481052,4,DE WITT (123),CUERO,March,Friday,U.S. Highway,Rural,29.13166944,-97.27598056,Motor Vehicle In-Transport,Front-to-Rear,Daylight,Clear
Texas,481054,2,WALKER (471),HUNTSVILLE,May,Saturday,Interstate,Rural,30.75301944,-95.61436389,Motor Vehicle In-Transport,Sideswipe - Same Direction,Dark - Not Lighted,Rain
Texas,481057,1,DALLAS (113),IRVING,May,Thursday,Local Street - Municipality,Urban,32.81063056,-96.93449167,Pedestrian,The First Harmful Event was Not a Collision with a Motor Vehicle in Transport,Daylight,Cloudy
Texas,481059,2,HARRIS (201),HOUSTON,March,Saturday,Local Street - Frontage Road,Urban,29.92413333,-95.41219444,Other Fixed Object,The First Harmful Event was Not a Collision with a Motor Vehicle in Transport,Dark - Lighted,Cloudy
Texas,481061,2,WILLIAMSON (491),TAYLOR,May,Thursday,U.S. Highway,Urban,30.570175,-97.43728333,Concrete Traffic Barrier,The First Harmful Event was Not a Collision with a Motor Vehicle in Transport,Daylight,Rain
Texas,481063,3,HOPKINS (223),SULPHUR SPRINGS,May,Wednesday,State Highway,Urban,33.10866111,-95.59691944,Motor Vehicle In-Transport,Angle,Daylight,Rain
Texas,481065,3,HARRISON (203),MARSHALL,May,Wednesday,U.S. Highway,Urban,32.57528056,-94.34601667,Motor Vehicle In-Transport,Angle,Daylight,Rain
Texas,481066,1,DALLAS (113),DALLAS,May,Sunday,Local Street - Municipality,Urban,32.66177778,-96.89128333,Pedestrian,The First Harmful Event was Not a Collision with a Motor Vehicle in Transport,Daylight,Cloudy
Texas,481068,2,HARRIS (201),HOUSTON,April,Saturday,Local Street - Municipality,Urban,29.82846389,-95.44467222,Motor Vehicle In-Transport,Angle,Daylight,Cloudy
Texas,481069,1,HARRIS (201),HOUSTON,May,Friday,Local Street - Frontage Road,Urban,29.64180278,-95.24410278,Pedestrian,The First Harmful Event was Not a Collision with a Motor Vehicle in Transport,Daylight,Cloudy
Texas,481072,1,TARRANT (439),FORT WORTH,February,Sunday,State Highway,Urban,32.83689444,-97.04349722,Concrete Traffic Barrier,The First Harmful Event was Not a Collision with a Motor Vehicle in Transport,Daylight,Rain
Texas,481075,3,NACOGDOCHES (347),NACOGDOCHES,March,Friday,State Highway,Urban,31.62211667,-94.61391111,Motor Vehicle In-Transport,Sideswipe - Opposite Direction,Daylight,Cloudy
Texas,481076,2,BEXAR (29),ALAMO HEIGHTS,April,Monday,Local Street - Municipality,Urban,29.48299444,-98.45930278,Motor Vehicle In-Transport,Angle,Daylight,Clear
Texas,481078,1,LUBBOCK (303),LUBBOCK,April,Monday,Local Street - Municipality,Urban,33.51992222,-101.8462444,Utility Pole/Light Support,The First Harmful Event was Not a Collision with a Motor Vehicle in Transport,Dark - Lighted,Rain
Texas,481079,1,GALVESTON (167),LA MARQUE,April,Monday,Local Street - Frontage Road,Urban,29.34325,-94.95019722,Rollover/Overturn,The First Harmful Event was Not a Collision with a Motor Vehicle in Transport,Dark - Lighted,Clear
Texas,481080,3,GUADALUPE (187),SEGUIN,May,Saturday,Interstate,Urban,29.5644,-98.02721111,Motor Vehicle In-Transport,Front-to-Rear,Daylight,Cloudy
Texas,481081,2,GAINES (165),SEMINOLE,May,Friday,U.S. Highway,Urban,32.70386389,-102.6448833,Pedestrian,The First Harmful Event was Not a Collision with a Motor Vehicle in Transport,Dark - Lighted,Clear
Texas,481083,1,HARRIS (201),HOUSTON,May,Saturday,Local Street - Municipality,Urban,29.84551389,-95.39561944,Pedestrian,The First Harmful Event was Not a Collision with a Motor Vehicle in Transport,Dark - Lighted,Clear
Texas,481084,1,EL PASO (141),EL PASO,May,Friday,State Highway,Rural,31.90704722,-106.5241361,Wall,The First Harmful Event was Not a Collision with a Motor Vehicle in Transport,Daylight,Clear
Texas,481086,1,POTTER (375),AMARILLO,May,Sunday,Local Street - Municipality,Urban,35.229325,-101.8248444,Pedestrian,The First Harmful Event was Not a Collision with a Motor Vehicle in Transport,Dark - Lighted,Clear
Texas,481088,2,DALLAS (113),DALLAS,May,Monday,Interstate,Urban,32.82658056,-96.87236667,Motor Vehicle In-Transport,Front-to-Rear,Dark - Lighted,Clear
Texas,481089,5,JEFFERSON (245),BEAUMONT,May,Monday,Interstate,Urban,30.09620833,-94.10478056,Concrete Traffic Barrier,The First Harmful Event was Not a Collision with a Motor Vehicle in Transport,Daylight,Clear
Texas,481093,1,DALLAS (113),DALLAS,May,Thursday,Local Street - Municipality,Urban,32.76254722,-96.82304722,Tree (Standing Only),The First Harmful Event was Not a Collision with a Motor Vehicle in Transport,Daylight,Cloudy
Texas,481095,1,DALLAS (113),DALLAS,May,Saturday,Interstate,Urban,32.77909722,-96.78333333,Pedestrian,The First Harmful Event was Not a Collision with a Motor Vehicle in Transport,Daylight,Rain
Texas,481096,1,BELL (27),NOLANVILLE,May,Saturday,Interstate,Urban,31.08324444,-97.633,Embankment,The First Harmful Event was Not a Collision with a Motor Vehicle in Transport,Daylight,Rain
Texas,481098,1,DALLAS (113),DALLAS,May,Wednesday,Interstate,Urban,32.79824722,-96.68206667,Bridge Pier or Support,The First Harmful Event was Not a Collision with a Motor Vehicle in Transport,Dark - Lighted,Clear
Texas,481099,1,LUBBOCK (303),LUBBOCK,May,Tuesday,U.S. Highway,Urban,33.57024444,-101.8553417,Pedestrian,The First Harmful Event was Not a Collision with a Motor Vehicle in Transport,Dark - Lighted,Clear
Texas,481100,1,BASTROP (21),BASTROP,May,Thursday,State Highway,Urban,30.10511389,-97.29604444,Rollover/Overturn,The First Harmful Event was Not a Collision with a Motor Vehicle in Transport,Dark - Not Lighted,Cloudy
Texas,481101,1,DALLAS (113),DALLAS,May,Saturday,Local Street - Municipality,Urban,32.75027778,-96.76028056,Curb,The First Harmful Event was Not a Collision with a Motor Vehicle in Transport,Dark - Lighted,Cloudy
Texas,481102,1,HARRIS (201),HOUSTON,May,Monday,Interstate,Urban,29.70108333,-95.29438889,Other Object (not fixed),The First Harmful Event was Not a Collision with a Motor Vehicle in Transport,Dark - Not Lighted,Clear
Texas,481103,2,HARRIS (201),HOUSTON,May,Monday,Local Street - Frontage Road,Urban,29.77057222,-95.18313889,Traffic Sign Support,The First Harmful Event was Not a Collision with a Motor Vehicle in Transport,Dark - Not Lighted,Clear
Texas,481108,1,BELL (27),HARKER HEIGHTS,May,Saturday,Local Street - Municipality,Urban,31.07790556,-97.64430556,Parked Motor Vehicle,The First Harmful Event was Not a Collision with a Motor Vehicle in Transport,Dark - Not Lighted,Cloudy
Texas,481110,1,DENTON (121),DENTON,May,Friday,Local Street - Frontage Road,Urban,33.17571667,-97.09307778,Utility Pole/Light Support,The First Harmful Event was Not a Collision with a Motor Vehicle in Transport,Daylight,Clear
Texas,481111,2,GRAYSON (181),SHERMAN,May,Thursday,State Highway,Urban,33.65546111,-96.60521944,Pedestrian,The First Harmful Event was Not a Collision with a Motor Vehicle in Transport,Dark - Lighted,Clear
Texas,481112,1,DALLAS (113),LANCASTER,May,Sunday,Local Street - Frontage Road,Urban,32.61176111,-96.82262778,Pedestrian,The First Harmful Event was Not a Collision with a Motor Vehicle in Transport,Dark - Not Lighted,Clear
Texas,481114,3,EL PASO (141),EL PASO,May,Wednesday,Local Street - Municipality,Urban,31.82566667,-106.4556333,Motor Vehicle In-Transport,Angle,Daylight,Clear
Texas,481115,4,DALLAS (113),DALLAS,May,Friday,Local Street - Municipality,Urban,32.75206389,-96.83513056,Parked Motor Vehicle,The First Harmful Event was Not a Collision with a Motor Vehicle in Transport,Daylight,Clear
Texas,481117,1,TRAVIS (453),AUSTIN,May,Saturday,Interstate,Urban,30.43659722,-97.66920833,Pedestrian,The First Harmful Event was Not a Collision with a Motor Vehicle in Transport,Dark - Not Lighted,Clear
Texas,481119,3,TRAVIS (453),AUSTIN,May,Saturday,Local Street - Municipality,Urban,30.273275,-97.69781944,Motor Vehicle In-Transport,Angle,Dark - Lighted,Clear
Texas,481123,2,BEXAR (29),SAN ANTONIO,March,Friday,Local Street - Frontage Road,Urban,29.46965833,-98.40602222,Motor Vehicle In-Transport,Front-to-Rear,Dark - Lighted,Clear
Texas,481128,1,DALLAS (113),SACHSE,May,Tuesday,Local Street - Municipality,Urban,32.95160278,-96.58356944,Utility Pole/Light Support,The First Harmful Event was Not a Collision with a Motor Vehicle in Transport,Dark - Lighted,Cloudy
Texas,481132,3,STARR (427),RIO GRANDE CITY,May,Saturday,U.S. Highway,Urban,26.38382222,-98.90015278,Pedestrian,The First Harmful Event was Not a Collision with a Motor Vehicle in Transport,Dark - Lighted,Clear
Texas,481142,4,COLLIN (85),FARMERSVILLE,May,Wednesday,U.S. Highway,Rural,33.15955,-96.409125,Motor Vehicle In-Transport,Front-to-Front,Dark - Not Lighted,Cloudy
Texas,481143,1,DALLAS (113),DALLAS,May,Monday,Local Street - Municipality,Urban,32.76816667,-96.75284167,Curb,The First Harmful Event was Not a Collision with a Motor Vehicle in Transport,Daylight,Clear
Texas,481144,1,FANNIN (147),BONHAM,May,Thursday,State Highway,Rural,33.61743056,-96.17414722,Pedalcyclist,The First Harmful Event was Not a Collision with a Motor Vehicle in Transport,Daylight,Clear
Texas,481149,2,BRAZOS (41),COLLEGE STATION,May,Friday,State Highway,Urban,30.64211667,-96.31151389,"Cargo/Equipment Loss, Shift, or Damage [harmful]",The First Harmful Event was Not a Collision with a Motor Vehicle in Transport,Daylight,Cloudy
Texas,481155,3,COLLIN (85),PLANO,May,Sunday,Local Street - Municipality,Urban,33.08405833,-96.8202,Motor Vehicle In-Transport,Angle,Dark - Lighted,Clear
Texas,481156,1,COLORADO (89),COLUMBUS,May,Sunday,U.S. Highway,Urban,29.70550556,-96.56439444,Shrubbery,The First Harmful Event was Not a Collision with a Motor Vehicle in Transport,Daylight,Clear
Texas,481158,4,BEXAR (29),SAN ANTONIO,May,Friday,Local Street - Municipality,Urban,29.42485556,-98.57700278,Pedestrian,The First Harmful Event was Not a Collision with a Motor Vehicle in Transport,Dark - Lighted,Clear
Texas,481159,1,EL PASO (141),EL PASO,May,Saturday,State Highway,Urban,31.8356,-106.5501167,Pedestrian,The First Harmful Event was Not a Collision with a Motor Vehicle in Transport,Dark - Lighted,Clear
Texas,481160,4,HARRIS (201),HOUSTON,May,Saturday,Local Street - Municipality,Urban,29.691125,-95.53509167,Motor Vehicle In-Transport,Angle,Dark - Lighted,Clear
Texas,481165,1,BEXAR (29),SAN ANTONIO,May,Wednesday,Local Street - Municipality,Urban,29.51577778,-98.49927222,Pedestrian,The First Harmful Event was Not a Collision with a Motor Vehicle in Transport,Dark - Not Lighted,Cloudy
Texas,481166,1,TAYLOR (441),ABILENE,May,Sunday,Interstate,Urban,32.45018611,-99.662275,Cable Barrier,The First Harmful Event was Not a Collision with a Motor Vehicle in Transport,Dark - Lighted,Clear
Texas,481168,2,HARRIS (201),HOUSTON,May,Thursday,U.S. Highway,Urban,29.66324167,-95.43890556,Motor Vehicle In-Transport,Front-to-Front,Dark - Lighted,Cloudy
Texas,481169,1,HARRIS (201),HOUSTON,April,Thursday,State Highway,Urban,29.73438889,-95.385525,Pedalcyclist,The First Harmful Event was Not a Collision with a Motor Vehicle in Transport,Dark - Not Lighted,Clear
Texas,481170,1,HARRIS (201),HOUSTON,April,Tuesday,Local Street - Municipality,Urban,29.57203333,-95.100825,Culvert,The First Harmful Event was Not a Collision with a Motor Vehicle in Transport,Dark - Not Lighted,Clear
Texas,481171,2,DALLAS (113),DALLAS,May,Tuesday,State Highway,Urban,32.68563333,-96.73632778,Motor Vehicle In-Transport,Angle,Daylight,Cloudy