State,Case Number,Persons,County,City,Month,Day,Route,Rural/Urban,Latitude,Longitude,First Harmful Event,Manner of Collision,Light Conditions,Weather
Texas,481172,2,HARRIS (201),HOUSTON,May,Saturday,Interstate,Urban,29.77124444,-95.20720278,Motor Vehicle In-Transport,Front-to-Rear,Dark - Lighted,Cloudy
Texas,481173,3,VAL VERDE (465),DEL RIO,May,Tuesday,U.S. Highway,Urban,29.37013056,-100.8619417,Motor Vehicle In-Transport,Angle,Daylight,Clear
Texas,481176,3,WALKER (471),HUNTSVILLE,May,Thursday,State Highway,Rural,30.65760556,-95.50678056,Motor Vehicle In-Transport,Front-to-Rear,Daylight,Clear
Texas,481177,2,LUBBOCK (303),LUBBOCK,May,Thursday,U.S. Highway,Urban,33.59023611,-101.8795889,Rollover/Overturn,The First Harmful Event was Not a Collision with a Motor Vehicle in Transport,Dark - Lighted,Cloudy
Texas,481178,3,HARRIS (201),HOUSTON,April,Friday,Interstate,Rural,29.74772222,-95.36845,Fell/Jumped from Vehicle,The First Harmful Event was Not a Collision with a Motor Vehicle in Transport,Dark - Lighted,Clear
Texas,481179,3,HARRIS (201),SEABROOK,April,Friday,State Highway,Urban,29.56050833,-95.02521111,Motor Vehicle In-Transport,Front-to-Front,Daylight,Clear
Texas,481182,3,BRAZORIA (39),CLUTE,May,Sunday,State Highway,Urban,29.03334167,-95.39830833,Motor Vehicle In-Transport,Front-to-Rear,Dark - Lighted,Clear
Texas,481184,5,HARRIS (201),HOUSTON,May,Monday,State Highway,Urban,29.71671389,-95.556675,Motor Vehicle In-Transport,Angle,Dark - Lighted,Clear
Texas,481186,2,TARRANT (439),HURST,May,Sunday,State Highway,Urban,32.80907222,-97.18357222,Motor Vehicle In-Transport,Sideswipe - Same Direction,Dark - Not Lighted,Cloudy
Texas,481189,2,HARRIS (201),HOUSTON,May,Friday,State Highway,Urban,29.78423611,-95.64457222,Motor Vehicle In-Transport,Angle,Dark - Lighted,Clear
Texas,481190,4,HARRIS (201),HOUSTON,May,Monday,Local Street - Frontage Road,Urban,29.86731111,-95.54075,Motor Vehicle In-Transport,Angle,Daylight,Clear
Texas,481192,6,HARRIS (201),HOUSTON,May,Sunday,Interstate,Urban,29.94103333,-95.414125,Parked Motor Vehicle,The First Harmful Event was Not a Collision with a Motor Vehicle in Transport,Daylight,Clear
Texas,481194,10,DALLAS (113),DALLAS,May,Sunday,Interstate,Urban,32.80677222,-96.84069444,Motor Vehicle In-Transport,Front-to-Rear,Dark - Not Lighted,Clear
Texas,481199,2,DALLAS (113),MESQUITE,June,Saturday,U.S. Highway,Urban,32.7926,-96.60777222,Utility Pole/Light Support,The First Harmful Event was Not a Collision with a Motor Vehicle in Transport,Dark - Lighted,Rain
Texas,481200,1,HARRIS (201),PASADENA,May,Thursday,Local Street - Municipality,Urban,29.60629444,-95.07410556,Parked Motor Vehicle,The First Harmful Event was Not a Collision with a Motor Vehicle in Transport,Daylight,Cloudy
Texas,481201,1,MIDLAND (329),MIDLAND,May,Friday,Interstate,Urban,31.98104167,-102.1033167,Utility Pole/Light Support,The First Harmful Event was Not a Collision with a Motor Vehicle in Transport,Dark - Lighted,Clear
Texas,481202,4,TARRANT (439),FORT WORTH,May,Sunday,Local Street - Municipality,Urban,32.77287778,-97.32215833,Motor Vehicle In-Transport,Angle,Daylight,Cloudy
Texas,481204,6,CHEROKEE (73),JACKSONVILLE,May,Saturday,U.S. Highway,Urban,31.99000833,-95.273675,Pedestrian,The First Harmful Event was Not a Collision with a Motor Vehicle in Transport,Dark - Not Lighted,Clear
Texas,481205,4,DENTON (121),LEWISVILLE,May,Saturday,State Highway,Urban,33.02457222,-96.99294167,Motor Vehicle In-Transport,Angle,Dark - Lighted,Clear
Texas,481207,1,WALLER (473),HEMPSTEAD,May,Saturday,U.S. Highway,Urban,30.09436944,-96.06133889,Pedestrian,The First Harmful Event was Not a Collision with a Motor Vehicle in Transport,Dark - Lighted,Clear
Texas,481210,6,TRAVIS (453),AUSTIN,April,Saturday,State Highway,Urban,30.47622778,-97.76493056,Concrete Traffic Barrier,The First Harmful Event was Not a Collision with a Motor Vehicle in Transport,Daylight,Rain
Texas,481211,2,TRAVIS (453),AUSTIN,April,Sunday,Interstate,Urban,30.3162,-97.70764444,Pedestrian,The First Harmful Event was Not a Collision with a Motor Vehicle in Transport,Daylight,Clear
Texas,481212,1,TRAVIS (453),AUSTIN,May,Thursday,State Highway,Urban,30.35545,-97.70273056,Pedestrian,The First Harmful Event was Not a Collision with a Motor Vehicle in Transport,Dark - Lighted,Cloudy
Texas,481214,4,ELLIS (139),MIDLOTHIAN,May,Saturday,Local Street - Frontage Road,Urban,32.51805556,-96.98181389,Motor Vehicle In-Transport,Angle,Daylight,Clear
Texas,481220,1,BEXAR (29),SAN ANTONIO,June,Monday,Local Street - Municipality,Urban,29.43616389,-98.48934167,Pedestrian,The First Harmful Event was Not a Collision with a Motor Vehicle in Transport,Daylight,Cloudy
Texas,481221,1,TARRANT (439),FORT WORTH,May,Friday,Local Street - Municipality,Urban,32.73411944,-97.19881111,Utility Pole/Light Support,The First Harmful Event was Not a Collision with a Motor Vehicle in Transport,Dark - Not Lighted,Cloudy
Texas,481225,2,HARRIS (201),HOUSTON,April,Thursday,Local Street - Municipality,Urban,29.85783056,-95.25144722,Ditch,The First Harmful Event was Not a Collision with a Motor Vehicle in Transport,Daylight,Clear
Texas,481230,1,TAYLOR (441),ABILENE,June,Saturday,Interstate,Urban,32.45069167,-99.75378333,Pedestrian,The First Harmful Event was Not a Collision with a Motor Vehicle in Transport,Dark - Lighted,Cloudy
Texas,481232,1,TRAVIS (453),AUSTIN,May,Sunday,Local Street - Municipality,Urban,30.23546111,-97.75626667,Wall,The First Harmful Event was Not a Collision with a Motor Vehicle in Transport,Daylight,Clear
Texas,481234,1,ECTOR (135),ODESSA,May,Friday,Local Street - Municipality,Urban,31.86664444,-102.3880056,Pedestrian,The First Harmful Event was Not a Collision with a Motor Vehicle in Transport,Dark - Lighted,Clear
Texas,481236,5,DALLAS (113),DALLAS,May,Friday,Local Street - Municipality,Urban,32.73405556,-96.64189167,Motor Vehicle In-Transport,Angle,Daylight,Clear
Texas,481237,3,DALLAS (113),DALLAS,May,Tuesday,State Highway,Urban,32.70588333,-96.95055278,Traffic Sign Support,The First Harmful Event was Not a Collision with a Motor Vehicle in Transport,Daylight,Cloudy
Texas,481238,3,MIDLAND (329),MIDLAND,June,Sunday,Local Street - Frontage Road,Urban,31.973775,-102.0694222,Guardrail Face,The First Harmful Event was Not a Collision with a Motor Vehicle in Transport,Dark - Not Lighted,Cloudy
Texas,481240,1,GALVESTON (167),GALVESTON,May,Wednesday,State Highway,Urban,29.29113333,-94.82642778,Pedestrian,The First Harmful Event was Not a Collision with a Motor Vehicle in Transport,Dark - Lighted,Clear
Texas,481242,2,HARRIS (201),HOUSTON,June,Saturday,Local Street - Municipality,Urban,29.83052222,-95.26207778,Motor Vehicle In-Transport,Rear-to-Side,Daylight,Clear
Texas,481244,1,HARRIS (201),LA PORTE,May,Monday,State Highway,Urban,29.68743611,-95.03039444,Concrete Traffic Barrier,The First Harmful Event was Not a Collision with a Motor Vehicle in Transport,Daylight,Clear
Texas,481251,1,SMITH (423),TYLER,June,Friday,State Highway,Urban,32.34891389,-95.26746667,Fell/Jumped from Vehicle,The First Harmful Event was Not a Collision with a Motor Vehicle in Transport,Dark - Not Lighted,Clear
Texas,481256,1,TARRANT (439),FORT WORTH,June,Tuesday,State Highway,Urban,32.74618056,-97.30443889,Pedestrian,The First Harmful Event was Not a Collision with a Motor Vehicle in Transport,Dark - Lighted,Cloudy
Texas,481257,3,RED RIVER (387),CLARKSVILLE,May,Sunday,U.S. Highway,Rural,33.61234722,-95.07391944,Motor Vehicle In-Transport,Angle,Daylight,Clear
Texas,481258,1,KAUFMAN (257),FORNEY,June,Sunday,U.S. Highway,Urban,32.74056389,-96.41543889,Cable Barrier,The First Harmful Event was Not a Collision with a Motor Vehicle in Transport,Dark - Not Lighted,Clear
Texas,481260,2,RANDALL (381),AMARILLO,June,Sunday,Local Street - Municipality,Urban,35.16165556,-101.9264972,Motor Vehicle In-Transport,Front-to-Front,Daylight,Cloudy
Texas,481261,4,LLANO (299),BUCHANAN DAM,June,Sunday,Local Street - Municipality,Rural,30.746925,-98.46074167,Motor Vehicle In-Transport,Angle,Daylight,Clear
Texas,481262,1,HARRIS (201),HOUSTON,May,Sunday,Local Street - Municipality,Urban,29.98141389,-95.33371111,Curb,The First Harmful Event was Not a Collision with a Motor Vehicle in Transport,Dark - Lighted,Clear
Texas,481263,1,ANGELINA (5),LUFKIN,June,Tuesday,U.S. Highway,Urban,31.33466111,-94.71906389,Pedestrian,The First Harmful Event was Not a Collision with a Motor Vehicle in Transport,Dark - Lighted,Clear
Texas,481267,1,ORANGE (361),VIDOR,May,Thursday,Interstate,Rural,30.13000556,-93.94468333,Pedestrian,The First Harmful Event was Not a Collision with a Motor Vehicle in Transport,Dark - Not Lighted,Clear
Texas,481275,2,DENTON (121),CARROLLTON,April,Thursday,Local Street - Municipality,Urban,33.01293333,-96.88691389,Motor Vehicle In-Transport,Angle,Daylight,Clear
Texas,481279,9,EL PASO (141),EL PASO,May,Wednesday,Interstate,Urban,31.79554722,-106.519875,Pedestrian,The First Harmful Event was Not a Collision with a Motor Vehicle in Transport,Dark - Not Lighted,Clear
Texas,481281,2,NUECES (355),ROBSTOWN,June,Wednesday,Interstate,Rural,27.79806667,-97.6483,Motor Vehicle In-Transport,Angle,Dark - Unknown Lighting,Rain
Texas,481285,1,DALLAS (113),GARLAND,June,Saturday,Local Street - Municipality,Urban,32.931025,-96.62131944,Tree (Standing Only),The First Harmful Event was Not a Collision with a Motor Vehicle in Transport,Dark - Lighted,Rain
Texas,481286,2,TARRANT (439),FORT WORTH,June,Saturday,State Highway,Urban,32.82040278,-97.46193056,Motor Vehicle In-Transport,Front-to-Front,Dark - Not Lighted,Clear
Texas,481289,1,DALLAS (113),GARLAND,June,Saturday,Local Street - Municipality,Urban,32.85112778,-96.57824722,Pedestrian,The First Harmful Event was Not a Collision with a Motor Vehicle in Transport,Dark - Not Lighted,Rain
Texas,481291,1,LUBBOCK (303),LUBBOCK,June,Monday,Local Street - Frontage Road,Urban,33.53633056,-101.844425,Rollover/Overturn,The First Harmful Event was Not a Collision with a Motor Vehicle in Transport,Daylight,Clear
Texas,481292,6,DALLAS (113),DALLAS,May,Monday,Local Street - Municipality,Urban,32.86709444,-96.85621944,Motor Vehicle In-Transport,Front-to-Rear,Dark - Lighted,Clear
Texas,481293,3,HARRIS (201),SEABROOK,June,Tuesday,State Highway,Urban,29.56389167,-95.02581111,Motor Vehicle In-Transport,Angle,Dark - Lighted,Clear
Texas,481295,2,LAMPASAS (281),KEMPNER,June,Monday,U.S. Highway,Rural,31.07930556,-97.99195833,Motor Vehicle In-Transport,Angle,Daylight,Clear
Texas,481296,2,HARRIS (201),HOUSTON,March,Wednesday,Local Street - Frontage Road,Urban,29.78156667,-95.45676389,Curb,The First Harmful Event was Not a Collision with a Motor Vehicle in Transport,Dark - Lighted,Cloudy
Texas,481297,1,BELL (27),TEMPLE,June,Wednesday,Local Street - Municipality,Urban,31.09089444,-97.35213889,Non-Motorist on Personal Conveyance,The First Harmful Event was Not a Collision with a Motor Vehicle in Transport,Dark - Lighted,Clear
Texas,481299,3,NUECES (355),CORPUS CHRISTI,June,Sunday,Local Street - Municipality,Urban,27.70731389,-97.37031944,Motor Vehicle In-Transport,Angle,Dark - Not Lighted,Clear
Texas,481300,8,TARRANT (439),FORT WORTH,June,Monday,U.S. Highway,Urban,32.70060833,-97.26351667,Pedestrian,The First Harmful Event was Not a Collision with a Motor Vehicle in Transport,Dark - Not Lighted,Clear
Texas,481301,2,TARRANT (439),ARLINGTON,June,Thursday,Interstate,Urban,32.67785833,-97.104175,Parked Motor Vehicle,The First Harmful Event was Not a Collision with a Motor Vehicle in Transport,Dark - Not Lighted,Clear
Texas,481305,1,DALLAS (113),DALLAS,June,Saturday,State Highway,Urban,32.86555833,-96.81153333,Guardrail Face,The First Harmful Event was Not a Collision with a Motor Vehicle in Transport,Dark - Lighted,Clear
Texas,481308,1,DALLAS (113),DALLAS,June,Monday,Interstate,Urban,32.69535,-96.82321111,Rollover/Overturn,The First Harmful Event was Not a Collision with a Motor Vehicle in Transport,Daylight,Clear
Texas,481313,2,HARRIS (201),HOUSTON,May,Thursday,Local Street - Municipality,Urban,29.69732778,-95.53791944,Pedestrian,The First Harmful Event was Not a Collision with a Motor Vehicle in Transport,Daylight,Cloudy
Texas,481314,2,CONCHO (95),EDEN,June,Monday,U.S. Highway,Rural,31.21561667,-99.84562222,Tree (Standing Only),The First Harmful Event was Not a Collision with a Motor Vehicle in Transport,Dark - Lighted,Cloudy
Texas,481319,2,HARRIS (201),HOUSTON,May,Thursday,Interstate,Urban,29.85394444,-95.39878056,Motor Vehicle In-Transport,Angle,Dark - Lighted,Clear
Texas,481320,1,HARRIS (201),HOUSTON,June,Saturday,Local Street - Municipality,Urban,29.80280556,-95.48498611,Pedestrian,The First Harmful Event was Not a Collision with a Motor Vehicle in Transport,Dark - Lighted,Clear
Texas,481324,5,TRAVIS (453),AUSTIN,June,Monday,Local Street - Municipality,Urban,30.23743611,-97.75134722,Motor Vehicle In-Transport,Front-to-Front,Daylight,Clear
Texas,481328,4,DALLAS (113),DALLAS,June,Thursday,State Highway,Urban,32.81266389,-96.68618056,Pedestrian,The First Harmful Event was Not a Collision with a Motor Vehicle in Transport,Daylight,Cloudy
Texas,481329,1,DALLAS (113),DALLAS,May,Friday,Local Street - Municipality,Urban,32.90066944,-96.88136389,Pedestrian,The First Harmful Event was Not a Collision with a Motor Vehicle in Transport,Dark - Not Lighted,Clear
Texas,481330,2,JEFFERSON (245),PORT ARTHUR,June,Friday,State Highway,Rural,29.77731944,-93.93847222,Motor Vehicle In-Transport,Front-to-Front,Dark - Not Lighted,Clear
Texas,481331,4,BEXAR (29),SAN ANTONIO,June,Tuesday,State Highway,Urban,29.50654722,-98.563475,Fell/Jumped from Vehicle,The First Harmful Event was Not a Collision with a Motor Vehicle in Transport,Daylight,Rain
Texas,481336,5,DALLAS (113),DALLAS,June,Thursday,State Highway,Urban,32.70454722,-96.74376667,Motor Vehicle In-Transport,Sideswipe - Same Direction,Daylight,Clear
Texas,481337,1,DENTON (121),LEWISVILLE,June,Wednesday,Local Street - Municipality,Urban,33.04056667,-97.03602222,Fell/Jumped from Vehicle,The First Harmful Event was Not a Collision with a Motor Vehicle in Transport,Daylight,Cloudy
Texas,481339,2,POTTER (375),AMARILLO,June,Monday,Interstate,Urban,35.19148889,-101.8773611,Concrete Traffic Barrier,The First Harmful Event was Not a Collision with a Motor Vehicle in Transport,Dark - Lighted,Clear
Texas,481340,1,GREGG (183),LONGVIEW,June,Thursday,State Highway,Urban,32.50349722,-94.79663333,Impact Attenuator/Crash Cushion,The First Harmful Event was Not a Collision with a Motor Vehicle in Transport,Dusk,Cloudy
Texas,481341,1,TARRANT (439),GRAPEVINE,June,Friday,State Highway,Urban,32.88289444,-97.09975278,Pedestrian,The First Harmful Event was Not a Collision with a Motor Vehicle in Transport,Dawn,Clear
Texas,481345,5,BEXAR (29),SAN ANTONIO,June,Friday,Interstate,Urban,29.46508889,-98.51594722,Motor Vehicle In-Transport,Sideswipe - Same Direction,Daylight,Clear
Texas,481346,1,DALLAS (113),SACHSE,June,Friday,Local Street - Frontage Road,Urban,32.9508,-96.57318611,Curb,The First Harmful Event was Not a Collision with a Motor Vehicle in Transport,Daylight,Clear
Texas,481348,5,GALVESTON (167),GALVESTON,April,Friday,Interstate,Urban,29.28897778,-94.83381944,Motor Vehicle In-Transport,Front-to-Rear,Daylight,Clear
Texas,481349,5,HARRIS (201),HOUSTON,May,Thursday,Interstate,Urban,29.69046389,-95.52870278,Motor Vehicle In-Transport,Front-to-Rear,Daylight,Cloudy
Texas,481350,2,ELLIS (139),WAXAHACHIE,May,Tuesday,U.S. Highway,Urban,32.41847222,-96.83534444,Motor Vehicle In-Transport,Front-to-Front,Dark - Not Lighted,Clear
Texas,481352,1,HARRIS (201),HOUSTON,April,Monday,Local Street - Municipality,Urban,29.83574167,-95.24618889,Rollover/Overturn,The First Harmful Event was Not a Collision with a Motor Vehicle in Transport,Dark - Not Lighted,Clear
Texas,481354,3,TRAVIS (453),AUSTIN,June,Saturday,Local Street - Municipality,Urban,30.34395556,-97.71493889,Motor Vehicle In-Transport,Angle,Dark - Lighted,Clear
Texas,481356,4,TARRANT (439),FORT WORTH,June,Wednesday,Interstate,Urban,32.83953056,-97.30033889,Motor Vehicle In-Transport,Sideswipe - Same Direction,Daylight,Clear
Texas,481357,4,TARRANT (439),FORT WORTH,June,Monday,Local Street - Municipality,Urban,32.61412778,-97.34854167,Motor Vehicle In-Transport,Sideswipe - Same Direction,Daylight,Clear
Texas,481359,1,BEXAR (29),SAN ANTONIO,May,Sunday,U.S. Highway,Urban,29.40754722,-98.58622222,Rollover/Overturn,The First Harmful Event was Not a Collision with a Motor Vehicle in Transport,Dark - Lighted,Clear
Texas,481360,7,BEXAR (29),SAN ANTONIO,June,Saturday,State Highway,Urban,29.35665278,-98.51616944,Motor Vehicle In-Transport,Front-to-Rear,Dark - Lighted,Clear
Texas,481361,8,GRAYSON (181),DENISON,June,Friday,U.S. Highway,Urban,33.78848056,-96.57493611,Motor Vehicle In-Transport,Rear-to-Side,Daylight,Clear
Texas,481362,4,BRAZORIA (39),FREEPORT,June,Saturday,Local Street - Municipality,Urban,28.952625,-95.35436667,Bridge Overhead Structure,The First Harmful Event was Not a Collision with a Motor Vehicle in Transport,Dark - Not Lighted,Clear
Texas,481364,2,DALLAS (113),GRAND PRAIRIE,June,Wednesday,Local Street - Municipality,Urban,32.64455278,-97.00968611,Motor Vehicle In-Transport,Angle,Daylight,Cloudy
Texas,481368,3,JEFFERSON (245),BEAUMONT,May,Friday,U.S. Highway,Urban,30.04021111,-94.12090278,Pedestrian,The First Harmful Event was Not a Collision with a Motor Vehicle in Transport,Dark - Not Lighted,Clear
Texas,481369,1,TARRANT (439),FORT WORTH,June,Tuesday,Local Street - Municipality,Urban,32.79416389,-97.49381111,Tree (Standing Only),The First Harmful Event was Not a Collision with a Motor Vehicle in Transport,Daylight,Clear
Texas,481371,1,MCLENNAN (309),MCGREGOR,June,Thursday,State Highway,Rural,31.42266111,-97.3967,Pedestrian,The First Harmful Event was Not a Collision with a Motor Vehicle in Transport,Dark - Not Lighted,Clear
Texas,481372,3,NUECES (355),CORPUS CHRISTI,June,Saturday,Local Street - Municipality,Urban,27.70296944,-97.37292778,Motor Vehicle In-Transport,Angle,Dark - Lighted,Clear
Texas,481374,2,WEBB (479),LAREDO,June,Sunday,U.S. Highway,Urban,27.41168611,-99.48051667,Rollover/Overturn,The First Harmful Event was Not a Collision with a Motor Vehicle in Transport,Dark - Not Lighted,Clear
Texas,481378,1,DALLAS (113),GRAND PRAIRIE,June,Friday,State Highway,Urban,32.72686667,-97.01997778,Concrete Traffic Barrier,The First Harmful Event was Not a Collision with a Motor Vehicle in Transport,Daylight,Clear
Texas,481381,1,TARRANT (439),GRAND PRAIRIE,June,Saturday,State Highway,Urban,32.78311389,-97.06000556,Pedestrian,The First Harmful Event was Not a Collision with a Motor Vehicle in Transport,Dark - Not Lighted,Clear
Texas,481382,2,HARRIS (201),HOUSTON,May,Sunday,Local Street - Frontage Road,Urban,29.89820833,-95.41186111,Pedestrian,The First Harmful Event was Not a Collision with a Motor Vehicle in Transport,Dark - Lighted,Clear
Texas,481383,5,WILLIAMSON (491),GEORGETOWN,June,Wednesday,State Highway,Urban,30.63156944,-97.62775,Traffic Sign Support,The First Harmful Event was Not a Collision with a Motor Vehicle in Transport,Daylight,Clear
Texas,481384,2,WEBB (479),LAREDO,May,Wednesday,State Highway,Urban,27.52547222,-99.44594722,Motor Vehicle In-Transport,Front-to-Rear,Dark - Lighted,Clear
Texas,481386,2,HARRIS (201),HOUSTON,June,Saturday,Local Street - Municipality,Urban,29.74023611,-95.25744444,Motor Vehicle In-Transport,Angle,Daylight,Clear
Texas,481388,2,CAMERON (61),SAN BENITO,June,Tuesday,Interstate,Urban,26.16676667,-97.81523889,Motor Vehicle In-Transport,Sideswipe - Same Direction,Daylight,Clear
Texas,481389,5,DALLAS (113),DALLAS,June,Wednesday,Local Street - Municipality,Urban,32.719575,-96.64835278,Motor Vehicle In-Transport,Angle,Dark - Lighted,Cloudy
Texas,481390,1,DALLAS (113),DALLAS,June,Friday,Local Street - Municipality,Urban,32.89702222,-96.70063333,Curb,The First Harmful Event was Not a Collision with a Motor Vehicle in Transport,Dark - Not Lighted,Clear
Texas,481391,1,DALLAS (113),DALLAS,June,Saturday,Local Street - Frontage Road,Urban,32.75811667,-96.77300556,Pedestrian,The First Harmful Event was Not a Collision with a Motor Vehicle in Transport,Dark - Lighted,Clear
Texas,481393,2,EL PASO (141),EL PASO,June,Thursday,U.S. Highway,Urban,31.87195556,-106.4267722,Pedestrian,The First Harmful Event was Not a Collision with a Motor Vehicle in Transport,Dark - Lighted,Clear
Texas,481394,2,MONTGOMERY (339),CONROE,June,Wednesday,State Highway,Urban,30.36216667,-95.60675556,Motor Vehicle In-Transport,Front-to-Rear,Dark - Not Lighted,Clear
Texas,481396,1,HARRIS (201),HOUSTON,June,Wednesday,Local Street - Municipality,Urban,29.69506944,-95.33795556,Curb,The First Harmful Event was Not a Collision with a Motor Vehicle in Transport,Daylight,Clear
Texas,481398,2,TARRANT (439),AZLE,June,Saturday,Local Street - Municipality,Urban,32.86800278,-97.51813611,Motor Vehicle In-Transport,Front-to-Front,Daylight,Clear
Texas,481399,1,ELLIS (139),WAXAHACHIE,June,Saturday,Local Street - Frontage Road,Urban,32.37505556,-96.86453333,Guardrail End,The First Harmful Event was Not a Collision with a Motor Vehicle in Transport,Dark - Not Lighted,Clear
Texas,481402,2,DALLAS (113),GRAND PRAIRIE,May,Saturday,Local Street - Municipality,Urban,32.75540556,-96.99487778,Rollover/Overturn,The First Harmful Event was Not a Collision with a Motor Vehicle in Transport,Daylight,Clear
Texas,481403,2,SAN PATRICIO (409),INGLESIDE,June,Sunday,State Highway,Urban,27.87498333,-97.17741111,Rollover/Overturn,The First Harmful Event was Not a Collision with a Motor Vehicle in Transport,Daylight,Clear
Texas,481404,3,BELL (27),BELTON,June,Sunday,Interstate,Rural,31.01531389,-97.48305833,Pedestrian,The First Harmful Event was Not a Collision with a Motor Vehicle in Transport,Dark - Not Lighted,Cloudy
Texas,481410,3,DIMMIT (127),CARRIZO SPRINGS,June,Wednesday,U.S. Highway,Urban,28.50991944,-99.84765833,Motor Vehicle In-Transport,Front-to-Front,Daylight,Clear
Texas,481411,4,LIBERTY (291),LIBERTY,June,Sunday,State Highway,Urban,30.08425278,-94.76709167,Motor Vehicle In-Transport,Front-to-Front,Dark - Not Lighted,Clear
Texas,481415,3,HARRIS (201),HOUSTON,May,Sunday,Local Street - Frontage Road,Urban,29.78431944,-95.617675,Motor Vehicle In-Transport,Angle,Daylight,Clear
Texas,481416,3,DALLAS (113),DALLAS,June,Thursday,State Highway,Urban,32.70038056,-96.74566667,Motor Vehicle In-Transport,Angle,Daylight,Clear
Texas,481418,4,DALLAS (113),DALLAS,June,Sunday,State Highway,Urban,32.88909722,-96.88875278,Motor Vehicle In-Transport,Front-to-Rear,Dark - Not Lighted,Clear
Texas,481419,1,DALLAS (113),DALLAS,June,Saturday,Local Street - Municipality,Urban,32.94218889,-96.79277778,Pedestrian,The First Harmful Event was Not a Collision with a Motor Vehicle in Transport,Dark - Lighted,Clear
Texas,481420,1,DALLAS (113),DALLAS,June,Monday,Local Street - Municipality,Urban,32.91653611,-96.70104444,Pedestrian,The First Harmful Event was Not a Collision with a Motor Vehicle in Transport,Dark - Not Lighted,Clear
Texas,481421,9,DALLAS (113),DALLAS,June,Friday,Interstate,Urban,32.80675833,-96.84066667,Motor Vehicle In-Transport,Sideswipe - Same Direction,Dark - Lighted,Clear
Texas,481422,4,LUBBOCK (303),LUBBOCK,June,Sunday,Local Street - Municipality,Urban,33.60588333,-101.8791111,Pedalcyclist,The First Harmful Event was Not a Collision with a Motor Vehicle in Transport,Dark - Not Lighted,Clear
Texas,481428,2,EL PASO (141),EL PASO,April,Tuesday,Local Street - Municipality,Urban,31.772125,-106.3396528,Motor Vehicle In-Transport,Front-to-Front,Daylight,Clear
Texas,481430,3,DALLAS (113),DALLAS,June,Tuesday,Local Street - Municipality,Urban,32.76198333,-96.77674167,Motor Vehicle In-Transport,Front-to-Rear,Dark - Not Lighted,Cloudy
Texas,481441,1,BEXAR (29),SAN ANTONIO,June,Saturday,Local Street - Municipality,Urban,29.30234444,-98.38006944,Pedestrian,The First Harmful Event was Not a Collision with a Motor Vehicle in Transport,Daylight,Clear
Texas,481442,1,FORT BEND (157),SUGAR LAND,June,Saturday,Local Street - Municipality,Urban,29.56001667,-95.69106667,Traffic Sign Support,The First Harmful Event was Not a Collision with a Motor Vehicle in Transport,Daylight,Clear
Texas,481443,1,FORT BEND (157),SUGAR LAND,June,Sunday,Local Street - Frontage Road,Urban,29.61353056,-95.64923056,Traffic Signal Support,The First Harmful Event was Not a Collision with a Motor Vehicle in Transport,Dark - Lighted,Cloudy
Texas,481444,3,WILLIAMSON (491),LEANDER,June,Sunday,Local Street - Frontage Road,Urban,30.58728889,-97.83949722,Motor Vehicle In-Transport,Angle,Daylight,Clear
Texas,481446,3,TARRANT (439),ARLINGTON,June,Saturday,Local Street - Municipality,Urban,32.73544444,-97.08945278,Rollover/Overturn,The First Harmful Event was Not a Collision with a Motor Vehicle in Transport,Daylight,Clear
Texas,481449,1,BEXAR (29),SAN ANTONIO,June,Sunday,Interstate,Urban,29.38378333,-98.64339444,Pedestrian,The First Harmful Event was Not a Collision with a Motor Vehicle in Transport,Dark - Lighted,Clear
Texas,481452,3,BELL (27),BELTON,June,Wednesday,Interstate,Urban,31.07809722,-97.61163333,Motor Vehicle In-Transport,Front-to-Front,Dark - Not Lighted,Clear
Texas,481453,1,BEXAR (29),SAN ANTONIO,June,Saturday,County Road,Urban,29.46208333,-98.75730556,Curb,The First Harmful Event was Not a Collision with a Motor Vehicle in Transport,Dark - Not Lighted,Clear
Texas,481454,4,BEXAR (29),SAN ANTONIO,June,Monday,Interstate,Urban,29.46525278,-98.29271111,Motor Vehicle In-Transport,Front-to-Rear,Daylight,Clear
Texas,481455,3,HARRIS (201),HOUSTON,June,Monday,Interstate,Urban,29.91230833,-95.41251389,Motor Vehicle In-Transport,Front-to-Rear,Dark - Lighted,Clear
Texas,481456,4,WALKER (471),HUNTSVILLE,June,Sunday,Local Street - Municipality,Urban,30.70025556,-95.55186389,Other Fixed Object,The First Harmful Event was Not a Collision with a Motor Vehicle in Transport,Dark - Lighted,Rain
Texas,481463,1,JEFFERSON (245),PORT ARTHUR,June,Sunday,State Highway,Urban,29.87775556,-93.97952778,Unknown Fixed Object,The First Harmful Event was Not a Collision with a Motor Vehicle in Transport,Dark - Not Lighted,Clear
Texas,481464,1,HAYS (209),SAN MARCOS,June,Tuesday,State Highway,Urban,29.89274722,-97.91817222,Pedestrian,The First Harmful Event was Not a Collision with a Motor Vehicle in Transport,Dark - Lighted,Clear
Texas,481468,1,TRAVIS (453),AUSTIN,June,Saturday,Local Street - Municipality,Urban,30.2764,-97.68847222,Curb,The First Harmful Event was Not a Collision with a Motor Vehicle in Transport,Daylight,Clear
Texas,481469,4,DALLAS (113),DALLAS,June,Friday,Interstate,Urban,32.89600278,-96.89803333,Motor Vehicle In-Transport,Front-to-Rear,Dark - Lighted,Clear
Texas,481471,1,TARRANT (439),FORT WORTH,June,Saturday,State Highway,Urban,32.79522778,-97.35268056,Pedestrian,The First Harmful Event was Not a Collision with a Motor Vehicle in Transport,Dark - Lighted,Clear
Texas,481473,2,DALLAS (113),DALLAS,June,Sunday,State Highway,Urban,32.76935833,-96.91522222,Rollover/Overturn,The First Harmful Event was Not a Collision with a Motor Vehicle in Transport,Dark - Not Lighted,Clear
Texas,481475,1,HARRIS (201),HOUSTON,June,Sunday,Interstate,Urban,29.85298889,-95.39810556,Pedestrian,The First Harmful Event was Not a Collision with a Motor Vehicle in Transport,Daylight,Clear