State,Case Number,Persons,County,City,Month,Day,Route,Rural/Urban,Latitude,Longitude,First Harmful Event,Manner of Collision,Light Conditions,Weather
Texas,481764,1,KAUFMAN (257),KAUFMAN,July,Saturday,U.S. Highway,Urban,32.590025,-96.33074722,Pedestrian,The First Harmful Event was Not a Collision with a Motor Vehicle in Transport,Dark - Not Lighted,Clear
Texas,481767,1,DALLAS (113),DALLAS,July,Monday,State Highway,Urban,32.71652778,-96.75586111,Rollover/Overturn,The First Harmful Event was Not a Collision with a Motor Vehicle in Transport,Daylight,Clear
Texas,481769,6,BELL (27),TEMPLE,July,Saturday,Interstate,Urban,31.13846111,-97.33006944,Motor Vehicle In-Transport,Front-to-Rear,Dark - Not Lighted,Clear
Texas,481772,4,GALVESTON (167),GALVESTON,July,Saturday,Interstate,Urban,29.28878333,-94.84770833,Motor Vehicle In-Transport,Front-to-Rear,Dark - Lighted,Clear
Texas,481774,1,HARRIS (201),BAYTOWN,July,Sunday,Local Street - Frontage Road,Urban,29.78184167,-95.02914722,Curb,The First Harmful Event was Not a Collision with a Motor Vehicle in Transport,Daylight,Clear
Texas,481776,1,TRAVIS (453),AUSTIN,July,Thursday,State Highway,Urban,30.20389444,-97.77515833,Pedestrian,The First Harmful Event was Not a Collision with a Motor Vehicle in Transport,Dark - Lighted,Clear
Texas,481777,3,COLLIN (85),PLANO,July,Sunday,State Highway,Urban,33.01246389,-96.81366111,Motor Vehicle In-Transport,Front-to-Rear,Dark - Not Lighted,Clear
Texas,481779,1,DENTON (121),DENTON,July,Sunday,Interstate,Urban,33.23583889,-97.17599167,Concrete Traffic Barrier,The First Harmful Event was Not a Collision with a Motor Vehicle in Transport,Dark - Not Lighted,Clear
Texas,481780,1,HARRIS (201),HOUSTON,July,Tuesday,Local Street - Municipality,Urban,29.80287778,-95.40388056,Pedestrian,The First Harmful Event was Not a Collision with a Motor Vehicle in Transport,Daylight,Clear
Texas,481781,2,HIDALGO (215),SAN JUAN,July,Saturday,State Highway,Urban,26.20575556,-98.13800833,Motor Vehicle In-Transport,Sideswipe - Same Direction,Daylight,Clear
Texas,481783,1,BEXAR (29),SAN ANTONIO,August,Saturday,Local Street - Municipality,Urban,29.35353056,-98.55235833,Utility Pole/Light Support,The First Harmful Event was Not a Collision with a Motor Vehicle in Transport,Dark - Lighted,Clear
Texas,481784,1,HARRIS (201),HOUSTON,July,Saturday,Local Street - Municipality,Urban,29.705625,-95.48457222,Pedestrian,The First Harmful Event was Not a Collision with a Motor Vehicle in Transport,Dark - Lighted,Clear
Texas,481786,1,HARRIS (201),BELLAIRE,July,Friday,Local Street - Municipality,Urban,29.70465278,-95.47378333,Non-Motorist on Personal Conveyance,The First Harmful Event was Not a Collision with a Motor Vehicle in Transport,Daylight,Clear
Texas,481787,2,ECTOR (135),ODESSA,July,Sunday,Interstate,Urban,31.81141111,-102.4316722,Pedestrian,The First Harmful Event was Not a Collision with a Motor Vehicle in Transport,Dark - Lighted,Clear
Texas,481789,1,ERATH (143),STEPHENVILLE,July,Tuesday,Local Street - Municipality,Urban,32.20427222,-98.22169444,Railway Vehicle,The First Harmful Event was Not a Collision with a Motor Vehicle in Transport,Dark - Not Lighted,Clear
Texas,481790,1,BEXAR (29),SAN ANTONIO,July,Monday,Local Street - Municipality,Urban,29.51445,-98.46568056,Pedestrian,The First Harmful Event was Not a Collision with a Motor Vehicle in Transport,Dark - Not Lighted,Clear
Texas,481791,3,MIDLAND (329),MIDLAND,July,Friday,State Highway,Urban,31.99988056,-102.0780556,Motor Vehicle In-Transport,Front-to-Front,Dark - Lighted,Clear
Texas,481792,1,DALLAS (113),DALLAS,July,Saturday,State Highway,Urban,32.76479722,-96.91475556,Bridge Pier or Support,The First Harmful Event was Not a Collision with a Motor Vehicle in Transport,Daylight,Clear
Texas,481793,3,HARDIN (199),SOUR LAKE,August,Thursday,State Highway,Urban,30.13961944,-94.39446944,Motor Vehicle In-Transport,Angle,Daylight,Clear
Texas,481794,1,DALLAS (113),MESQUITE,August,Friday,U.S. Highway,Urban,32.79488333,-96.625475,Culvert,The First Harmful Event was Not a Collision with a Motor Vehicle in Transport,Dark - Unknown Lighting,Clear
Texas,481797,1,GREGG (183),KILGORE,August,Friday,Local Street - Municipality,Urban,32.39221389,-94.83688333,Other Fixed Object,The First Harmful Event was Not a Collision with a Motor Vehicle in Transport,Dark - Lighted,Clear
Texas,481798,1,DALLAS (113),GARLAND,August,Thursday,Interstate,Urban,32.87004167,-96.67158611,Pedestrian,The First Harmful Event was Not a Collision with a Motor Vehicle in Transport,Dark - Lighted,Clear
Texas,481801,3,HAYS (209),SAN MARCOS,August,Friday,Interstate,Urban,29.85452222,-97.95581667,Motor Vehicle In-Transport,Front-to-Rear,Daylight,Clear
Texas,481804,1,TRAVIS (453),AUSTIN,August,Sunday,U.S. Highway,Urban,30.234075,-97.86486667,Pedestrian,The First Harmful Event was Not a Collision with a Motor Vehicle in Transport,Dark - Lighted,Clear
Texas,481805,7,HOWARD (227),BIG SPRING,June,Thursday,U.S. Highway,Urban,32.27007222,-101.4930444,Motor Vehicle In-Transport,Angle,Dark - Lighted,Clear
Texas,481806,6,HIDALGO (215),LA JOYA,May,Monday,U.S. Highway,Urban,26.24851389,-98.48278333,Motor Vehicle In-Transport,Angle,Daylight,Cloudy
Texas,481807,2,HARRIS (201),HOUSTON,July,Wednesday,Local Street - Municipality,Urban,29.67690278,-95.39221389,Pedestrian,The First Harmful Event was Not a Collision with a Motor Vehicle in Transport,Daylight,Clear
Texas,481811,3,JEFFERSON (245),PORT ARTHUR,August,Friday,State Highway,Urban,29.94323611,-93.99667778,Motor Vehicle In-Transport,Angle,Daylight,Cloudy
Texas,481812,1,TARRANT (439),ARLINGTON,August,Monday,Local Street - Municipality,Urban,32.64783611,-97.12646111,Curb,The First Harmful Event was Not a Collision with a Motor Vehicle in Transport,Dark - Not Lighted,Clear
Texas,481813,6,TARRANT (439),FORT WORTH,August,Monday,Local Street - Municipality,Urban,32.78475556,-97.32667222,Tree (Standing Only),The First Harmful Event was Not a Collision with a Motor Vehicle in Transport,Dark - Lighted,Clear
Texas,481816,1,BRAZORIA (39),MANVEL,July,Monday,State Highway,Urban,29.50224167,-95.38876667,Pedestrian,The First Harmful Event was Not a Collision with a Motor Vehicle in Transport,Daylight,Cloudy
Texas,481819,1,TARRANT (439),FORT WORTH,July,Monday,Local Street - Frontage Road,Urban,32.96021944,-97.31113889,Pedestrian,The First Harmful Event was Not a Collision with a Motor Vehicle in Transport,Dark - Not Lighted,Clear
Texas,481824,2,DALLAS (113),DALLAS,July,Monday,State Highway,Urban,32.684575,-96.9434,Utility Pole/Light Support,The First Harmful Event was Not a Collision with a Motor Vehicle in Transport,Daylight,Clear
Texas,481825,2,TARRANT (439),HURST,August,Saturday,Interstate,Urban,32.82629722,-97.205425,Pedestrian,The First Harmful Event was Not a Collision with a Motor Vehicle in Transport,Dark - Not Lighted,Cloudy
Texas,481831,3,HIDALGO (215),MISSION,July,Saturday,Interstate,Urban,26.20555278,-98.33913056,Pedestrian,The First Harmful Event was Not a Collision with a Motor Vehicle in Transport,Dark - Lighted,Clear
Texas,481832,2,HARRIS (201),HOUSTON,July,Thursday,Local Street - Frontage Road,Urban,29.68789167,-95.53026111,Pedalcyclist,The First Harmful Event was Not a Collision with a Motor Vehicle in Transport,Daylight,Clear
Texas,481835,2,TARRANT (439),FORT WORTH,July,Wednesday,Local Street - Frontage Road,Urban,32.61658056,-97.32121111,Traffic Sign Support,The First Harmful Event was Not a Collision with a Motor Vehicle in Transport,Dark - Lighted,Clear
Texas,481836,3,LUBBOCK (303),LUBBOCK,August,Saturday,Local Street - Municipality,Urban,33.52774444,-101.9570722,Motor Vehicle In-Transport,Angle,Daylight,Cloudy
Texas,481837,1,COLLIN (85),DALLAS,August,Thursday,Local Street - Municipality,Urban,33.00097222,-96.77396111,Concrete Traffic Barrier,The First Harmful Event was Not a Collision with a Motor Vehicle in Transport,Daylight,Clear
Texas,481838,2,BRAZORIA (39),PEARLAND,July,Wednesday,Local Street - Municipality,Urban,29.57916389,-95.39985278,Traffic Signal Support,The First Harmful Event was Not a Collision with a Motor Vehicle in Transport,Daylight,Clear
Texas,481839,1,DALLAS (113),DALLAS,July,Monday,U.S. Highway,Urban,32.70018611,-96.83710833,Pedestrian,The First Harmful Event was Not a Collision with a Motor Vehicle in Transport,Daylight,Clear
Texas,481840,5,TARRANT (439),FORT WORTH,July,Tuesday,Interstate,Urban,32.69823056,-97.32057778,Concrete Traffic Barrier,The First Harmful Event was Not a Collision with a Motor Vehicle in Transport,Dark - Lighted,Clear
Texas,481844,2,DALLAS (113),DALLAS,May,Monday,Local Street - Municipality,Urban,32.84554444,-96.73773056,Motor Vehicle In-Transport,Angle,Daylight,Cloudy
Texas,481845,5,HARRIS (201),HOUSTON,June,Friday,Local Street - Frontage Road,Urban,29.66358333,-95.25911389,Pedestrian,The First Harmful Event was Not a Collision with a Motor Vehicle in Transport,Daylight,Clear
Texas,481846,1,LIBERTY (291),CLEVELAND,June,Saturday,Local Street - Municipality,Urban,30.34587222,-95.07437778,Pedestrian,The First Harmful Event was Not a Collision with a Motor Vehicle in Transport,Dark - Not Lighted,Clear
Texas,481848,5,HARRIS (201),HOUSTON,June,Monday,Local Street - Municipality,Urban,29.57310556,-95.19926389,Motor Vehicle In-Transport,Front-to-Front,Daylight,Clear
Texas,481849,8,MONTGOMERY (339),WILLIS,July,Saturday,Interstate,Urban,30.44359722,-95.49548889,Motor Vehicle In-Transport,Sideswipe - Same Direction,Daylight,Clear
Texas,481853,1,TRAVIS (453),AUSTIN,August,Wednesday,Local Street - Municipality,Urban,30.44949167,-97.72371944,Curb,The First Harmful Event was Not a Collision with a Motor Vehicle in Transport,Dark - Unknown Lighting,Clear
Texas,481855,2,BEXAR (29),SAN ANTONIO,August,Saturday,Interstate,Urban,29.32186111,-98.44972222,Motor Vehicle In-Transport,Front-to-Front,Dark - Lighted,Clear
Texas,481856,3,BEXAR (29),SAN ANTONIO,August,Thursday,Local Street - Municipality,Urban,29.48743056,-98.43015556,Motor Vehicle In-Transport,Front-to-Front,Daylight,Clear
Texas,481857,2,LUBBOCK (303),LUBBOCK,August,Thursday,Local Street - Frontage Road,Urban,33.57535278,-101.9055472,Pedestrian,The First Harmful Event was Not a Collision with a Motor Vehicle in Transport,Daylight,Clear
Texas,481862,1,MIDLAND (329),MIDLAND,July,Monday,State Highway,Urban,31.97198056,-102.0738528,Pedestrian,The First Harmful Event was Not a Collision with a Motor Vehicle in Transport,Daylight,Clear
Texas,481865,1,POTTER (375),AMARILLO,August,Sunday,Local Street - Municipality,Urban,35.22338611,-101.7681778,Pedestrian,The First Harmful Event was Not a Collision with a Motor Vehicle in Transport,Dark - Lighted,Clear
Texas,481868,1,BEXAR (29),SAN ANTONIO,August,Sunday,Local Street - Municipality,Urban,29.52475833,-98.58611944,Fell/Jumped from Vehicle,The First Harmful Event was Not a Collision with a Motor Vehicle in Transport,Daylight,Clear
Texas,481870,1,WALKER (471),HUNTSVILLE,July,Sunday,Interstate,Urban,30.74561111,-95.60306667,Rollover/Overturn,The First Harmful Event was Not a Collision with a Motor Vehicle in Transport,Daylight,Clear
Texas,481873,4,BRAZORIA (39),PEARLAND,June,Thursday,County Road,Urban,29.53060278,-95.31405556,Motor Vehicle In-Transport,Angle,Dusk,Cloudy
Texas,481876,4,KAUFMAN (257),KAUFMAN,August,Sunday,State Highway,Trafficway Not in State Inventory,32.58703056,-96.30909722,Motor Vehicle In-Transport,Angle,Daylight,Clear
Texas,481878,1,HARRIS (201),HOUSTON,August,Monday,Local Street - Municipality,Urban,29.85021667,-95.56323056,Pedestrian,The First Harmful Event was Not a Collision with a Motor Vehicle in Transport,Daylight,Clear
Texas,481879,4,DALLAS (113),GARLAND,August,Saturday,Local Street - Municipality,Urban,32.86636944,-96.64835833,Pedestrian,The First Harmful Event was Not a Collision with a Motor Vehicle in Transport,Dark - Not Lighted,Clear
Texas,481880,1,CAMERON (61),BROWNSVILLE,August,Monday,State Highway,Urban,25.91012222,-97.4756,Pedestrian,The First Harmful Event was Not a Collision with a Motor Vehicle in Transport,Dark - Lighted,Clear
Texas,481883,1,HARRIS (201),HOUSTON,August,Tuesday,Local Street - Municipality,Urban,29.70575833,-95.39116667,Rollover/Overturn,The First Harmful Event was Not a Collision with a Motor Vehicle in Transport,Daylight,Cloudy
Texas,481886,2,HARRIS (201),HOUSTON,July,Monday,Local Street - Municipality,Urban,29.61344167,-95.44577778,Pedestrian,The First Harmful Event was Not a Collision with a Motor Vehicle in Transport,Dark - Not Lighted,Clear
Texas,481887,1,DALLAS (113),DALLAS,August,Friday,State Highway,Urban,32.71259444,-96.71304722,Pedestrian,The First Harmful Event was Not a Collision with a Motor Vehicle in Transport,Daylight,Clear
Texas,481892,3,TARRANT (439),FORT WORTH,August,Wednesday,Local Street - Municipality,Urban,32.80366111,-97.36436111,Motor Vehicle In-Transport,Angle,Dark - Lighted,Rain
Texas,481895,9,DALLAS (113),DALLAS,August,Friday,Local Street - Municipality,Urban,32.837275,-96.86544167,Motor Vehicle In-Transport,Angle,Daylight,Clear
Texas,481897,1,DALLAS (113),MESQUITE,August,Tuesday,Interstate,Urban,32.80905,-96.65334722,Wall,The First Harmful Event was Not a Collision with a Motor Vehicle in Transport,Daylight,Clear
Texas,481899,2,BEXAR (29),SAN ANTONIO,August,Friday,State Highway,Urban,29.36904444,-98.60011389,Motor Vehicle In-Transport,Angle,Dark - Lighted,Clear
Texas,481901,2,LUBBOCK (303),LUBBOCK,August,Monday,Local Street - Municipality,Urban,33.55971389,-101.91805,Motor Vehicle In-Transport,Angle,Daylight,Clear
Texas,481903,8,GREGG (183),LONGVIEW,August,Tuesday,State Highway,Urban,32.46174444,-94.74980833,Motor Vehicle In-Transport,Front-to-Front,Daylight,Clear
Texas,481908,1,BEXAR (29),SAN ANTONIO,August,Wednesday,U.S. Highway,Urban,29.40674167,-98.57819444,Pedalcyclist,The First Harmful Event was Not a Collision with a Motor Vehicle in Transport,Dark - Lighted,Clear
Texas,481909,2,BEXAR (29),SAN ANTONIO,August,Thursday,Interstate,Urban,29.41128889,-98.47986944,Pedestrian,The First Harmful Event was Not a Collision with a Motor Vehicle in Transport,Dark - Lighted,Clear
Texas,481913,1,LIBERTY (291),DAYTON,August,Monday,County Road,Urban,30.04566111,-94.97611389,Fence,The First Harmful Event was Not a Collision with a Motor Vehicle in Transport,Dark - Not Lighted,Clear
Texas,481916,2,TRAVIS (453),AUSTIN,July,Saturday,Interstate,Urban,30.34554167,-97.69609167,Pedestrian,The First Harmful Event was Not a Collision with a Motor Vehicle in Transport,Dark - Lighted,Clear
Texas,481917,1,LUBBOCK (303),LUBBOCK,August,Friday,Interstate,Urban,33.55605,-101.8450083,Pedestrian,The First Harmful Event was Not a Collision with a Motor Vehicle in Transport,Dark - Lighted,Clear
Texas,481919,1,DALLAS (113),IRVING,August,Friday,State Highway,Urban,32.88690278,-96.956375,Concrete Traffic Barrier,The First Harmful Event was Not a Collision with a Motor Vehicle in Transport,Daylight,Cloudy
Texas,481920,1,DALLAS (113),IRVING,August,Wednesday,U.S. Highway,Urban,32.88465278,-96.98489722,Bridge Pier or Support,The First Harmful Event was Not a Collision with a Motor Vehicle in Transport,Daylight,Cloudy
Texas,481921,1,DALLAS (113),IRVING,August,Tuesday,Interstate,Urban,32.92369444,-96.99348333,Bridge Pier or Support,The First Harmful Event was Not a Collision with a Motor Vehicle in Transport,Dark - Not Lighted,Clear
Texas,481924,2,MCLENNAN (309),WACO,August,Thursday,Local Street - Municipality,Urban,31.53216389,-97.101725,Tree (Standing Only),The First Harmful Event was Not a Collision with a Motor Vehicle in Transport,Dark - Lighted,Clear
Texas,481925,1,HARRIS (201),HOUSTON,August,Monday,Interstate,Urban,29.78398333,-95.56266944,Pedalcyclist,The First Harmful Event was Not a Collision with a Motor Vehicle in Transport,Dark - Not Lighted,Clear
Texas,481926,1,TRAVIS (453),AUSTIN,April,Wednesday,Local Street - Municipality,Urban,30.43391667,-97.65351389,Rollover/Overturn,The First Harmful Event was Not a Collision with a Motor Vehicle in Transport,Dark - Lighted,Cloudy
Texas,481927,1,MIDLAND (329),MIDLAND,July,Tuesday,State Highway,Urban,31.9897,-102.0778278,Pedestrian,The First Harmful Event was Not a Collision with a Motor Vehicle in Transport,Daylight,Clear
Texas,481929,2,HIDALGO (215),WESLACO,July,Friday,Local Street - Municipality,Urban,26.16023611,-97.99875,Motor Vehicle In-Transport,Front-to-Front,Daylight,Clear
Texas,481932,1,ORANGE (361),ORANGE,July,Wednesday,State Highway,Urban,30.09471667,-93.76010833,Pedestrian,The First Harmful Event was Not a Collision with a Motor Vehicle in Transport,Dark - Not Lighted,Clear
Texas,481933,4,TRAVIS (453),AUSTIN,July,Sunday,Local Street - Municipality,Urban,30.34416389,-97.67809444,Fell/Jumped from Vehicle,The First Harmful Event was Not a Collision with a Motor Vehicle in Transport,Dark - Lighted,Clear
Texas,481936,1,HARRIS (201),HOUSTON,August,Saturday,Interstate,Urban,29.78499444,-95.71678333,Impact Attenuator/Crash Cushion,The First Harmful Event was Not a Collision with a Motor Vehicle in Transport,Daylight,Clear
Texas,481937,1,COLLIN (85),FRISCO,August,Wednesday,Local Street - Municipality,Urban,33.14109722,-96.76120556,"Cargo/Equipment Loss, Shift, or Damage [harmful]",The First Harmful Event was Not a Collision with a Motor Vehicle in Transport,Daylight,Clear
Texas,481940,2,EL PASO (141),EL PASO,July,Sunday,Interstate,Urban,31.77815556,-106.4594028,Motor Vehicle In-Transport,Front-to-Rear,Dark - Lighted,Clear
Texas,481942,5,HARRIS (201),LA PORTE,August,Tuesday,Local Street - Municipality,Urban,29.66411389,-95.09805278,Motor Vehicle In-Transport,Angle,Dark - Lighted,Clear
Texas,481943,5,HARRIS (201),HOUSTON,May,Wednesday,Interstate,Urban,29.81286944,-95.40255833,Motor Vehicle In-Transport,Front-to-Rear,Daylight,Clear
Texas,481945,4,HARRIS (201),PASADENA,June,Monday,Local Street - Municipality,Urban,29.65056111,-95.12133333,Motor Vehicle In-Transport,Angle,Daylight,Clear
Texas,481946,1,GREGG (183),KILGORE,July,Friday,State Highway,Urban,32.39626944,-94.88091667,Rollover/Overturn,The First Harmful Event was Not a Collision with a Motor Vehicle in Transport,Daylight,Clear
Texas,481947,1,HARRIS (201),TOMBALL,July,Saturday,Local Street - Frontage Road,Urban,30.06641667,-95.62245,Utility Pole/Light Support,The First Harmful Event was Not a Collision with a Motor Vehicle in Transport,Dark - Not Lighted,Cloudy
Texas,481952,7,TARRANT (439),FORT WORTH,August,Sunday,U.S. Highway,Urban,32.69074722,-97.29631389,Motor Vehicle In-Transport,Angle,Dark - Not Lighted,Clear
Texas,481953,3,TRAVIS (453),AUSTIN,August,Monday,Local Street - Municipality,Urban,30.16380278,-97.77859444,Motor Vehicle In-Transport,Angle,Dusk,Clear
Texas,481954,1,DALLAS (113),BALCH SPRINGS,July,Thursday,Local Street - Municipality,Urban,32.72355556,-96.631225,Fence,The First Harmful Event was Not a Collision with a Motor Vehicle in Transport,Daylight,Clear
Texas,481955,5,HARRIS (201),HOUSTON,July,Sunday,Local Street - Municipality,Urban,29.73160278,-95.49800833,Motor Vehicle In-Transport,Angle,Dark - Lighted,Clear
Texas,481956,2,HARRIS (201),HOUSTON,August,Sunday,Local Street - Municipality,Urban,30.04401389,-95.20294444,Motor Vehicle In-Transport,Angle,Dark - Lighted,Clear
Texas,481958,4,WEBB (479),LAREDO,August,Friday,State Highway,Urban,27.488225,-99.37787778,Motor Vehicle In-Transport,Angle,Daylight,Clear
Texas,481960,4,HARRIS (201),HOUSTON,August,Tuesday,U.S. Highway,Urban,29.70786389,-95.33894444,Pedalcyclist,The First Harmful Event was Not a Collision with a Motor Vehicle in Transport,Daylight,Clear
Texas,481962,1,WISE (497),RHOME,July,Saturday,U.S. Highway,Rural,33.06966944,-97.47359167,Pedestrian,The First Harmful Event was Not a Collision with a Motor Vehicle in Transport,Dark - Not Lighted,Clear
Texas,481963,7,TARRANT (439),GRAND PRAIRIE,August,Sunday,Local Street - Municipality,Urban,32.73508611,-97.04590278,Motor Vehicle In-Transport,Angle,Dark - Lighted,Clear
Texas,481964,1,HARRIS (201),HOUSTON,August,Friday,Local Street - Municipality,Urban,29.80731389,-95.38924444,Pedalcyclist,The First Harmful Event was Not a Collision with a Motor Vehicle in Transport,Daylight,Cloudy
Texas,481965,1,POTTER (375),AMARILLO,August,Wednesday,Local Street - Municipality,Urban,35.22204722,-101.8250611,Pedestrian,The First Harmful Event was Not a Collision with a Motor Vehicle in Transport,Dark - Lighted,Rain
Texas,481967,5,MONTGOMERY (339),SPLENDORA,April,Thursday,Interstate,Urban,30.25853889,-95.145775,Motor Vehicle In-Transport,Front-to-Rear,Daylight,Cloudy
Texas,481969,3,JOHNSON (251),BURLESON,August,Wednesday,Local Street - Municipality,Urban,32.52554444,-97.31689722,Motor Vehicle In-Transport,Angle,Daylight,Clear
Texas,481974,1,DALLAS (113),DALLAS,August,Wednesday,State Highway,Urban,32.85833333,-96.87644167,Pedalcyclist,The First Harmful Event was Not a Collision with a Motor Vehicle in Transport,Daylight,Cloudy
Texas,481975,4,DALLAS (113),DALLAS,August,Friday,Local Street - Municipality,Urban,32.71316389,-96.83619444,Tree (Standing Only),The First Harmful Event was Not a Collision with a Motor Vehicle in Transport,Daylight,Clear
Texas,481976,3,BEXAR (29),SAN ANTONIO,August,Saturday,Local Street - Frontage Road,Urban,29.41180278,-98.64964167,Motor Vehicle In-Transport,Angle,Dark - Lighted,Clear
Texas,481978,1,ELLIS (139),ITALY,July,Wednesday,Interstate,Rural,32.19295556,-96.90095833,Pedestrian,The First Harmful Event was Not a Collision with a Motor Vehicle in Transport,Daylight,Clear
Texas,481981,6,TARRANT (439),ARLINGTON,August,Friday,Local Street - Municipality,Urban,32.71514444,-97.13194167,Motor Vehicle In-Transport,Angle,Daylight,Clear
Texas,481982,1,HARRIS (201),HUMBLE,August,Saturday,Local Street - Municipality,Urban,30.01637222,-95.25162222,Curb,The First Harmful Event was Not a Collision with a Motor Vehicle in Transport,Daylight,Cloudy
Texas,481983,1,DALLAS (113),RICHARDSON,August,Tuesday,Local Street - Municipality,Urban,32.98531944,-96.69960833,Pedestrian,The First Harmful Event was Not a Collision with a Motor Vehicle in Transport,Dawn,Clear
Texas,481985,4,MIDLAND (329),MIDLAND,August,Friday,Interstate,Urban,31.95248611,-102.1361111,Motor Vehicle In-Transport,Front-to-Front,Dark - Lighted,Cloudy
Texas,481986,1,HARRIS (201),BAYTOWN,August,Thursday,Local Street - Municipality,Urban,29.72415,-94.9615,Rollover/Overturn,The First Harmful Event was Not a Collision with a Motor Vehicle in Transport,Dark - Lighted,Rain
Texas,481987,2,GRIMES (185),NAVASOTA,August,Friday,State Highway,Urban,30.3621,-96.06353056,Motor Vehicle In-Transport,Front-to-Rear,Dark - Not Lighted,Clear
Texas,481988,1,TARRANT (439),BENBROOK,August,Sunday,Local Street - Frontage Road,Urban,32.68310833,-97.46056389,Curb,The First Harmful Event was Not a Collision with a Motor Vehicle in Transport,Daylight,Clear
Texas,481990,3,HARRIS (201),HOUSTON,July,Saturday,Local Street - Municipality,Urban,29.94232778,-95.30355278,Motor Vehicle In-Transport,Angle,Daylight,Clear
Texas,481991,1,HARRIS (201),HOUSTON,August,Monday,Local Street - Municipality,Urban,29.79391389,-95.68847778,Pedalcyclist,The First Harmful Event was Not a Collision with a Motor Vehicle in Transport,Dawn,Clear
Texas,481992,1,DALLAS (113),DALLAS,April,Tuesday,Local Street - Municipality,Urban,32.70510278,-96.82921944,Pedestrian,The First Harmful Event was Not a Collision with a Motor Vehicle in Transport,Dark - Lighted,Clear
Texas,481994,3,TARRANT (439),ARLINGTON,August,Tuesday,State Highway,Urban,32.74229722,-97.07940833,Motor Vehicle In-Transport,Angle,Daylight,Clear
Texas,481997,3,ORANGE (361),ORANGE,August,Friday,State Highway,Urban,30.06784444,-93.79747222,Motor Vehicle In-Transport,Angle,Daylight,Clear
Texas,482009,1,WEBB (479),LAREDO,August,Friday,Local Street - Municipality,Urban,27.54941111,-99.48177778,Pedalcyclist,The First Harmful Event was Not a Collision with a Motor Vehicle in Transport,Dark - Lighted,Clear
Texas,482010,1,KERR (265),KERRVILLE,August,Saturday,Local Street - Municipality,Urban,30.03808889,-99.12971389,Tree (Standing Only),The First Harmful Event was Not a Collision with a Motor Vehicle in Transport,Daylight,Clear
Texas,482013,2,BEXAR (29),SAN ANTONIO,August,Monday,Local Street - Municipality,Urban,29.63656389,-98.61551667,Motor Vehicle In-Transport,Angle,Daylight,Clear
Texas,482014,1,TARRANT (439),FORT WORTH,August,Sunday,Local Street - Municipality,Urban,32.69943056,-97.43468611,Curb,The First Harmful Event was Not a Collision with a Motor Vehicle in Transport,Daylight,Clear
Texas,482017,2,TARRANT (439),GRAPEVINE,August,Friday,State Highway,Urban,32.91912222,-97.11904444,Motor Vehicle In-Transport,Angle,Dark - Lighted,Clear
Texas,482018,1,NUECES (355),CORPUS CHRISTI,August,Friday,State Highway,Urban,27.75365,-97.42157222,Rollover/Overturn,The First Harmful Event was Not a Collision with a Motor Vehicle in Transport,Dark - Not Lighted,Clear
Texas,482019,1,FORT BEND (157),ROSENBERG,August,Monday,Interstate,Urban,29.53333056,-95.78279444,Impact Attenuator/Crash Cushion,The First Harmful Event was Not a Collision with a Motor Vehicle in Transport,Dark - Not Lighted,Clear
Texas,482021,3,TARRANT (439),ARLINGTON,August,Saturday,Local Street - Municipality,Urban,32.64579722,-97.08352778,Traffic Sign Support,The First Harmful Event was Not a Collision with a Motor Vehicle in Transport,Daylight,Clear
Texas,482025,1,BEXAR (29),SAN ANTONIO,August,Sunday,U.S. Highway,Urban,29.40082778,-98.53558333,Pedestrian,The First Harmful Event was Not a Collision with a Motor Vehicle in Transport,Dark - Lighted,Clear
Texas,482026,1,GALVESTON (167),LEAGUE CITY,August,Wednesday,Local Street - Frontage Road,Urban,29.47198889,-95.09546389,Pedestrian,The First Harmful Event was Not a Collision with a Motor Vehicle in Transport,Dark - Not Lighted,Clear
Texas,482028,1,COLLIN (85),PLANO,August,Friday,Local Street - Municipality,Urban,33.05648889,-96.76530556,Pedestrian,The First Harmful Event was Not a Collision with a Motor Vehicle in Transport,Dark - Lighted,Clear
Texas,482029,2,TRAVIS (453),AUSTIN,August,Friday,Local Street - Municipality,Urban,30.20669167,-97.715725,Tree (Standing Only),The First Harmful Event was Not a Collision with a Motor Vehicle in Transport,Dark - Lighted,Clear
Texas,482034,2,JOHNSON (251),CLEBURNE,August,Wednesday,State Highway,Urban,32.379575,-97.40642222,Motor Vehicle In-Transport,Angle,Daylight,Cloudy
Texas,482035,2,MOORE (341),DUMAS,August,Friday,U.S. Highway,Urban,35.87982778,-101.9744667,Motor Vehicle In-Transport,Angle,Dark - Lighted,Cloudy
Texas,482037,9,WEBB (479),LAREDO,August,Sunday,Interstate,Urban,27.54900278,-99.50386944,Motor Vehicle In-Transport,Front-to-Rear,Daylight,Clear
Texas,482039,5,DALLAS (113),DUNCANVILLE,August,Monday,Interstate,Urban,32.66018056,-96.906625,Working Motor Vehicle,The First Harmful Event was Not a Collision with a Motor Vehicle in Transport,Daylight,Clear
Texas,482044,1,BEXAR (29),SAN ANTONIO,August,Friday,Local Street - Municipality,Urban,29.32246111,-98.53265,Pedestrian,The First Harmful Event was Not a Collision with a Motor Vehicle in Transport,Dark - Not Lighted,Clear