State,Case Number,Persons,County,City,Month,Day,Route,Rural/Urban,Latitude,Longitude,First Harmful Event,Manner of Collision,Light Conditions,Weather
Texas,482337,5,DENTON (121),DENTON,September,Tuesday,Interstate,Urban,33.17428056,-97.09100278,Motor Vehicle In-Transport,Front-to-Rear,Daylight,Clear
Texas,482343,1,DALLAS (113),SUNNYVALE,September,Monday,Local Street - Municipality,Urban,32.75450556,-96.51961667,Railway Vehicle,The First Harmful Event was Not a Collision with a Motor Vehicle in Transport,Daylight,Clear
Texas,482346,2,TARRANT (439),FOREST HILL,September,Sunday,Interstate,Urban,32.66291944,-97.24457222,Motor Vehicle In-Transport,Angle,Dark - Lighted,Clear
Texas,482348,1,TARRANT (439),FORT WORTH,October,Tuesday,Local Street - Municipality,Urban,32.70865278,-97.35336111,Utility Pole/Light Support,The First Harmful Event was Not a Collision with a Motor Vehicle in Transport,Daylight,Clear
Texas,482349,4,DALLAS (113),CARROLLTON,September,Friday,Local Street - Municipality,Urban,32.96837778,-96.93216667,Motor Vehicle In-Transport,Angle,Dark - Lighted,Clear
Texas,482353,4,EL PASO (141),EL PASO,September,Saturday,State Highway,Urban,31.81696111,-106.5146306,Motor Vehicle In-Transport,Angle,Dark - Lighted,Clear
Texas,482354,2,EL PASO (141),EL PASO,October,Thursday,State Highway,Rural,31.90574167,-106.5223111,Rollover/Overturn,The First Harmful Event was Not a Collision with a Motor Vehicle in Transport,Dark - Not Lighted,Cloudy
Texas,482355,1,DALLAS (113),DALLAS,October,Wednesday,Local Street - Frontage Road,Urban,32.79566667,-96.692,Rollover/Overturn,The First Harmful Event was Not a Collision with a Motor Vehicle in Transport,Dark - Lighted,Clear
Texas,482358,2,TRAVIS (453),AUSTIN,September,Monday,Interstate,Urban,30.17286389,-97.78226111,Motor Vehicle In-Transport,Front-to-Rear,Dark - Not Lighted,Clear
Texas,482359,1,DALLAS (113),DALLAS,September,Tuesday,Local Street - Municipality,Urban,32.76979167,-96.75472222,Pedestrian,The First Harmful Event was Not a Collision with a Motor Vehicle in Transport,Dark - Lighted,Clear
Texas,482360,1,BEXAR (29),SAN ANTONIO,October,Friday,Interstate,Urban,29.39562222,-98.51306944,Guardrail Face,The First Harmful Event was Not a Collision with a Motor Vehicle in Transport,Dark - Not Lighted,Clear
Texas,482362,2,MCLENNAN (309),ROBINSON,September,Tuesday,U.S. Highway,Urban,31.40593056,-97.095625,Motor Vehicle In-Transport,Front-to-Front,Dark - Not Lighted,Clear
Texas,482365,1,BEXAR (29),CASTLE HILLS,June,Sunday,Interstate,Urban,29.52021389,-98.51786111,Motor Vehicle In-Transport,Sideswipe - Same Direction,Dark - Lighted,Clear
Texas,482366,8,LIBERTY (291),LIBERTY,October,Thursday,U.S. Highway,Urban,30.05776667,-94.826575,Motor Vehicle In-Transport,Sideswipe - Opposite Direction,Daylight,Clear
Texas,482370,2,DALLAS (113),DALLAS,September,Wednesday,Local Street - Municipality,Urban,32.75830556,-96.64804722,Rollover/Overturn,The First Harmful Event was Not a Collision with a Motor Vehicle in Transport,Dark - Lighted,Clear
Texas,482373,5,EL PASO (141),EL PASO,September,Sunday,State Highway,Urban,31.83652222,-106.554875,Motor Vehicle In-Transport,Angle,Daylight,Clear
Texas,482374,1,DALLAS (113),IRVING,September,Sunday,State Highway,Urban,32.83732778,-96.99194167,Rollover/Overturn,The First Harmful Event was Not a Collision with a Motor Vehicle in Transport,Dark - Lighted,Cloudy
Texas,482375,1,WEBB (479),LAREDO,July,Monday,U.S. Highway,Rural,27.81976389,-99.46655833,Guardrail Face,The First Harmful Event was Not a Collision with a Motor Vehicle in Transport,Daylight,Clear
Texas,482377,2,TARRANT (439),FORT WORTH,February,Monday,Interstate,Urban,32.749725,-97.28898333,Parked Motor Vehicle,The First Harmful Event was Not a Collision with a Motor Vehicle in Transport,Daylight,Clear
Texas,482378,3,DALLAS (113),DALLAS,September,Tuesday,State Highway,Urban,32.69056389,-96.78023333,Motor Vehicle In-Transport,Angle,Dark - Lighted,Clear
Texas,482380,3,TRAVIS (453),AUSTIN,September,Saturday,Local Street - Municipality,Urban,30.39578611,-97.66629167,Pedestrian,The First Harmful Event was Not a Collision with a Motor Vehicle in Transport,Dark - Not Lighted,Clear
Texas,482381,2,DALLAS (113),GARLAND,September,Sunday,Local Street - Municipality,Urban,32.93115278,-96.68615556,Pedestrian,The First Harmful Event was Not a Collision with a Motor Vehicle in Transport,Dark - Lighted,Clear
Texas,482383,1,WALLER (473),HEMPSTEAD,September,Monday,U.S. Highway,Urban,30.12066111,-96.10175278,Pedestrian,The First Harmful Event was Not a Collision with a Motor Vehicle in Transport,Dark - Not Lighted,Cloudy
Texas,482393,1,MCLENNAN (309),WACO,October,Tuesday,Local Street - Municipality,Urban,31.54461944,-97.15703889,Pedestrian,The First Harmful Event was Not a Collision with a Motor Vehicle in Transport,Dark - Not Lighted,Clear
Texas,482400,1,COLLIN (85),ALLEN,October,Friday,Local Street - Municipality,Urban,33.08566389,-96.64981389,Rollover/Overturn,The First Harmful Event was Not a Collision with a Motor Vehicle in Transport,Daylight,Clear
Texas,482401,1,FORT BEND (157),HOUSTON,August,Wednesday,Local Street - Municipality,Urban,29.58666111,-95.47109167,Pedestrian,The First Harmful Event was Not a Collision with a Motor Vehicle in Transport,Dark - Not Lighted,Clear
Texas,482403,2,GREGG (183),LONGVIEW,October,Friday,State Highway,Urban,32.54211389,-94.73954167,Motor Vehicle In-Transport,Front-to-Front,Daylight,Cloudy
Texas,482407,1,JEFFERSON (245),BEAUMONT,September,Friday,U.S. Highway,Urban,30.130775,-94.16456111,Pedestrian,The First Harmful Event was Not a Collision with a Motor Vehicle in Transport,Dark - Lighted,Clear
Texas,482409,2,BEXAR (29),SAN ANTONIO,October,Sunday,Local Street - Municipality,Urban,29.46955,-98.65025833,Rollover/Overturn,The First Harmful Event was Not a Collision with a Motor Vehicle in Transport,Daylight,Clear
Texas,482411,3,BEXAR (29),SAN ANTONIO,August,Friday,Interstate,Urban,29.47734722,-98.60823889,Guardrail Face,The First Harmful Event was Not a Collision with a Motor Vehicle in Transport,Dark - Lighted,Clear
Texas,482412,2,HARRIS (201),HOUSTON,September,Saturday,State Highway,Urban,29.76152778,-95.64460278,Motor Vehicle In-Transport,Front-to-Rear,Daylight,Clear
Texas,482413,1,EL PASO (141),EL PASO,October,Wednesday,Interstate,Urban,31.75912778,-106.4968194,Guardrail End,The First Harmful Event was Not a Collision with a Motor Vehicle in Transport,Dark - Lighted,Rain
Texas,482414,1,JEFFERSON (245),PORT ARTHUR,October,Wednesday,State Highway,Urban,29.89303333,-93.95220556,Pedalcyclist,The First Harmful Event was Not a Collision with a Motor Vehicle in Transport,Dark - Not Lighted,Clear
Texas,482416,1,KENDALL (259),BOERNE,September,Thursday,Interstate,Urban,29.82007778,-98.75567778,Guardrail Face,The First Harmful Event was Not a Collision with a Motor Vehicle in Transport,Daylight,Clear
Texas,482427,1,TARRANT (439),FORT WORTH,October,Friday,U.S. Highway,Urban,32.74099444,-97.30231111,Pedestrian,The First Harmful Event was Not a Collision with a Motor Vehicle in Transport,Dark - Not Lighted,Cloudy
Texas,482429,3,HARRIS (201),BAYTOWN,October,Thursday,State Highway,Urban,29.75537778,-94.94188889,Concrete Traffic Barrier,The First Harmful Event was Not a Collision with a Motor Vehicle in Transport,Daylight,Clear
Texas,482430,1,WILLIAMSON (491),GEORGETOWN,September,Monday,Local Street - Municipality,Urban,30.69613056,-97.73516389,Utility Pole/Light Support,The First Harmful Event was Not a Collision with a Motor Vehicle in Transport,Dark - Not Lighted,Clear
Texas,482431,1,HARRIS (201),HOUSTON,October,Saturday,Local Street - Frontage Road,Urban,29.64067778,-95.24365,Pedestrian,The First Harmful Event was Not a Collision with a Motor Vehicle in Transport,Dark - Lighted,Clear
Texas,482435,1,DALLAS (113),IRVING,October,Tuesday,State Highway,Urban,32.81271389,-96.921675,Rollover/Overturn,The First Harmful Event was Not a Collision with a Motor Vehicle in Transport,Daylight,Clear
Texas,482436,5,BEXAR (29),SAN ANTONIO,October,Saturday,Local Street - Frontage Road,Urban,29.59053056,-98.59654444,Motor Vehicle In-Transport,Angle,Dark - Lighted,Clear
Texas,482437,1,EL PASO (141),EL PASO,October,Wednesday,Local Street - Municipality,Urban,31.85153333,-106.5780472,Pedestrian,The First Harmful Event was Not a Collision with a Motor Vehicle in Transport,Daylight,Clear
Texas,482438,2,PARKER (367),RENO,September,Saturday,State Highway,Rural,32.95731667,-97.61350278,Motor Vehicle In-Transport,Front-to-Front,Dark - Not Lighted,Clear
Texas,482440,1,NUECES (355),CORPUS CHRISTI,October,Friday,State Highway,Urban,27.78145,-97.41081944,Pedestrian,The First Harmful Event was Not a Collision with a Motor Vehicle in Transport,Dark - Not Lighted,Cloudy
Texas,482441,5,NUECES (355),CORPUS CHRISTI,October,Sunday,Interstate,Urban,27.79734444,-97.40983611,Motor Vehicle In-Transport,Sideswipe - Same Direction,Daylight,Cloudy
Texas,482446,3,TAYLOR (441),ABILENE,October,Wednesday,Local Street - Municipality,Urban,32.44532222,-99.70619167,Parked Motor Vehicle,The First Harmful Event was Not a Collision with a Motor Vehicle in Transport,Daylight,Clear
Texas,482447,1,DALLAS (113),DALLAS,October,Sunday,Interstate,Urban,32.66260556,-96.72734167,Guardrail Face,The First Harmful Event was Not a Collision with a Motor Vehicle in Transport,Dark - Lighted,Clear
Texas,482448,3,DALLAS (113),DALLAS,September,Tuesday,Local Street - Municipality,Urban,32.68270556,-96.60445278,Motor Vehicle In-Transport,Angle,Dark - Lighted,Clear
Texas,482451,1,MCLENNAN (309),WOODWAY,October,Sunday,U.S. Highway,Urban,31.49050556,-97.23618056,Fence,The First Harmful Event was Not a Collision with a Motor Vehicle in Transport,Dark - Not Lighted,Clear
Texas,482454,1,BEXAR (29),SAN ANTONIO,October,Sunday,State Highway,Urban,29.45068611,-98.71111667,Rollover/Overturn,The First Harmful Event was Not a Collision with a Motor Vehicle in Transport,Dark - Lighted,Clear
Texas,482455,1,HARRIS (201),HOUSTON,October,Wednesday,Local Street - Municipality,Urban,29.70510278,-95.53621389,Pedestrian,The First Harmful Event was Not a Collision with a Motor Vehicle in Transport,Dark - Lighted,Cloudy
Texas,482459,2,WICHITA (485),WICHITA FALLS,September,Friday,U.S. Highway,Urban,33.88889722,-98.51791389,Concrete Traffic Barrier,The First Harmful Event was Not a Collision with a Motor Vehicle in Transport,Dark - Lighted,Clear
Texas,482461,1,TRAVIS (453),PFLUGERVILLE,October,Thursday,Local Street - Frontage Road,Urban,30.42308056,-97.586975,Bridge Rail (Includes parapet),The First Harmful Event was Not a Collision with a Motor Vehicle in Transport,Daylight,Clear
Texas,482463,3,LUBBOCK (303),LUBBOCK,August,Friday,Local Street - Frontage Road,Urban,33.56336389,-101.8456278,Motor Vehicle In-Transport,Front-to-Rear,Dark - Lighted,Clear
Texas,482467,2,EL PASO (141),EL PASO,October,Monday,Local Street - Municipality,Urban,31.67835278,-106.3166083,Pedestrian,The First Harmful Event was Not a Collision with a Motor Vehicle in Transport,Daylight,Clear
Texas,482468,2,WILLIAMSON (491),LEANDER,October,Monday,County Road,Urban,30.57336111,-97.84305278,Pedestrian,The First Harmful Event was Not a Collision with a Motor Vehicle in Transport,Dark - Not Lighted,Clear
Texas,482470,2,TARRANT (439),FORT WORTH,October,Sunday,Local Street - Frontage Road,Urban,32.74499722,-97.32495833,Impact Attenuator/Crash Cushion,The First Harmful Event was Not a Collision with a Motor Vehicle in Transport,Dark - Lighted,Clear
Texas,482471,1,HARRIS (201),HOUSTON,October,Friday,Local Street - Municipality,Urban,29.78030833,-95.32666667,Tree (Standing Only),The First Harmful Event was Not a Collision with a Motor Vehicle in Transport,Daylight,Clear
Texas,482472,1,POTTER (375),AMARILLO,October,Tuesday,Local Street - Municipality,Urban,35.20307222,-101.7954278,Curb,The First Harmful Event was Not a Collision with a Motor Vehicle in Transport,Dark - Lighted,Clear
Texas,482476,4,LUBBOCK (303),LUBBOCK,August,Wednesday,Local Street - Municipality,Urban,33.52855833,-101.817825,Motor Vehicle In-Transport,Angle,Daylight,Clear
Texas,482478,1,MCLENNAN (309),LACY-LAKEVIEW,August,Monday,Interstate,Urban,31.65436389,-97.10101389,Other Object (not fixed),The First Harmful Event was Not a Collision with a Motor Vehicle in Transport,Dark - Lighted,Clear
Texas,482479,2,YOUNG (503),GRAHAM,August,Saturday,State Highway,Urban,33.09560833,-98.58969722,Motor Vehicle In-Transport,Angle,Daylight,Clear
Texas,482480,2,HARRIS (201),HOUSTON,August,Monday,Local Street - Municipality,Urban,29.86578611,-95.48073333,Curb,The First Harmful Event was Not a Collision with a Motor Vehicle in Transport,Dark - Lighted,Clear
Texas,482481,1,TARRANT (439),FORT WORTH,September,Friday,State Highway,Urban,32.83698611,-97.02659722,Concrete Traffic Barrier,The First Harmful Event was Not a Collision with a Motor Vehicle in Transport,Dark - Lighted,Clear
Texas,482482,1,HARRIS (201),HOUSTON,September,Tuesday,Local Street - Municipality,Urban,29.83174167,-95.58446944,Pedestrian,The First Harmful Event was Not a Collision with a Motor Vehicle in Transport,Dark - Not Lighted,Cloudy
Texas,482484,3,HARRIS (201),HOUSTON,July,Thursday,Local Street - Municipality,Urban,29.84848056,-95.30630556,Fire Hydrant,The First Harmful Event was Not a Collision with a Motor Vehicle in Transport,Dark - Lighted,Clear
Texas,482485,2,BEXAR (29),SAN ANTONIO,August,Tuesday,Local Street - Municipality,Urban,29.55274722,-98.41045,Pedestrian,The First Harmful Event was Not a Collision with a Motor Vehicle in Transport,Daylight,Clear
Texas,482486,2,BEXAR (29),SAN ANTONIO,September,Wednesday,Local Street - Municipality,Urban,29.47049167,-98.69111667,Utility Pole/Light Support,The First Harmful Event was Not a Collision with a Motor Vehicle in Transport,Dark - Lighted,Clear
Texas,482488,1,TRAVIS (453),AUSTIN,September,Saturday,Interstate,Urban,30.21642778,-97.75132778,Pedestrian,The First Harmful Event was Not a Collision with a Motor Vehicle in Transport,Dark - Not Lighted,Clear
Texas,482492,2,ECTOR (135),ODESSA,August,Monday,Local Street - Municipality,Urban,31.83750556,-102.3523889,Motor Vehicle In-Transport,Front-to-Front,Dark - Lighted,Clear
Texas,482493,2,MONTGOMERY (339),SPLENDORA,April,Monday,Local Street - Frontage Road,Urban,30.25037778,-95.151,Motor Vehicle In-Transport,Angle,Daylight,Clear
Texas,482496,2,COLLIN (85),PLANO,September,Monday,Local Street - Municipality,Urban,33.04090556,-96.71607222,Motor Vehicle In-Transport,Angle,Dark - Lighted,Clear
Texas,482497,1,BEXAR (29),SAN ANTONIO,September,Wednesday,Local Street - Municipality,Urban,29.46524722,-98.54029167,Pedestrian,The First Harmful Event was Not a Collision with a Motor Vehicle in Transport,Dark - Lighted,Clear
Texas,482499,2,DENTON (121),ROANOKE,September,Friday,Local Street - Municipality,Urban,32.99463889,-97.24491389,Motor Vehicle In-Transport,Angle,Dark - Lighted,Clear
Texas,482503,1,HARRIS (201),HOUSTON,September,Wednesday,U.S. Highway,Urban,29.75973889,-95.29458333,Pedestrian,The First Harmful Event was Not a Collision with a Motor Vehicle in Transport,Dark - Lighted,Rain
Texas,482504,3,MCLENNAN (309),MCGREGOR,September,Tuesday,U.S. Highway,Rural,31.44001667,-97.42689722,Motor Vehicle In-Transport,Angle,Daylight,Clear
Texas,482505,2,HARRIS (201),SEABROOK,October,Sunday,State Highway,Urban,29.56205833,-95.02549722,Motor Vehicle In-Transport,Angle,Daylight,Clear
Texas,482511,2,TARRANT (439),ARLINGTON,October,Wednesday,State Highway,Urban,32.67731667,-97.062325,Bridge Pier or Support,The First Harmful Event was Not a Collision with a Motor Vehicle in Transport,Dark - Lighted,Clear
Texas,482515,2,TARRANT (439),FORT WORTH,October,Wednesday,Interstate,Urban,32.70152778,-97.23507222,Motor Vehicle In-Transport,Front-to-Front,Dark - Lighted,Cloudy
Texas,482516,1,DALLAS (113),GARLAND,August,Saturday,Interstate,Urban,32.87503611,-96.68338056,Concrete Traffic Barrier,The First Harmful Event was Not a Collision with a Motor Vehicle in Transport,Daylight,Rain
Texas,482517,1,HARRIS (201),HOUSTON,August,Tuesday,Local Street - Municipality,Urban,29.76805833,-95.19529722,Rollover/Overturn,The First Harmful Event was Not a Collision with a Motor Vehicle in Transport,Dark - Lighted,Clear
Texas,482518,2,DALLAS (113),DALLAS,October,Wednesday,State Highway,Urban,32.71271944,-96.7135,Motor Vehicle In-Transport,Front-to-Front,Daylight,Clear
Texas,482519,2,DALLAS (113),DALLAS,October,Thursday,Local Street - Municipality,Urban,32.71681389,-96.82052222,Motor Vehicle In-Transport,Angle,Dark - Lighted,Clear
Texas,482520,1,HARRIS (201),HOUSTON,September,Wednesday,Local Street - Frontage Road,Urban,29.68944722,-95.55703056,Curb,The First Harmful Event was Not a Collision with a Motor Vehicle in Transport,Dark - Lighted,Clear
Texas,482521,3,HARRIS (201),HOUSTON,September,Friday,Interstate,Urban,29.64631111,-95.24727778,Pedestrian,The First Harmful Event was Not a Collision with a Motor Vehicle in Transport,Dark - Not Lighted,Clear
Texas,482523,1,GRAYSON (181),DENISON,October,Thursday,Local Street - Municipality,Urban,33.74915278,-96.52896389,Tree (Standing Only),The First Harmful Event was Not a Collision with a Motor Vehicle in Transport,Dark - Not Lighted,Clear
Texas,482525,2,CAMP (63),PITTSBURG,October,Thursday,State Highway,Rural,33.01120278,-94.97144167,Motor Vehicle In-Transport,Angle,Dusk,Clear
Texas,482528,1,TARRANT (439),FORT WORTH,October,Wednesday,Interstate,Urban,32.69083056,-97.24001944,Guardrail Face,The First Harmful Event was Not a Collision with a Motor Vehicle in Transport,Dark - Lighted,Clear
Texas,482529,1,EL PASO (141),EL PASO,October,Tuesday,Local Street - Municipality,Urban,31.893825,-106.4123194,Pedestrian,The First Harmful Event was Not a Collision with a Motor Vehicle in Transport,Dark - Lighted,Clear
Texas,482531,1,CORYELL (99),COPPERAS COVE,October,Friday,U.S. Highway,Urban,31.12079722,-97.86886111,Traffic Signal Support,The First Harmful Event was Not a Collision with a Motor Vehicle in Transport,Dark - Lighted,Rain
Texas,482532,1,HARRIS (201),HOUSTON,October,Friday,Local Street - Municipality,Urban,29.71187222,-95.68801389,Culvert,The First Harmful Event was Not a Collision with a Motor Vehicle in Transport,Daylight,Cloudy
Texas,482533,4,HARRIS (201),HOUSTON,August,Sunday,Local Street - Frontage Road,Urban,29.71046944,-95.50673889,Motor Vehicle In-Transport,Angle,Dark - Lighted,Clear
Texas,482534,1,HARRIS (201),HOUSTON,September,Tuesday,Local Street - Municipality,Urban,29.73753056,-95.50775556,Pedestrian,The First Harmful Event was Not a Collision with a Motor Vehicle in Transport,Dark - Lighted,Clear
Texas,482535,1,HARRIS (201),HOUSTON,October,Saturday,Local Street - Municipality,Urban,29.68890278,-95.56802222,Pedestrian,The First Harmful Event was Not a Collision with a Motor Vehicle in Transport,Dark - Lighted,Clear
Texas,482536,1,HARRIS (201),HOUSTON,September,Thursday,Local Street - Municipality,Urban,29.79445556,-95.56982222,Pedestrian,The First Harmful Event was Not a Collision with a Motor Vehicle in Transport,Dark - Not Lighted,Clear
Texas,482537,1,HARRIS (201),HOUSTON,October,Saturday,Local Street - Municipality,Urban,29.83745,-95.37672778,Utility Pole/Light Support,The First Harmful Event was Not a Collision with a Motor Vehicle in Transport,Dark - Lighted,Clear
Texas,482540,3,DALLAS (113),DALLAS,October,Thursday,Interstate,Urban,32.79768333,-96.68419444,Motor Vehicle In-Transport,Front-to-Rear,Daylight,Cloudy
Texas,482542,1,BEXAR (29),SAN ANTONIO,October,Tuesday,Local Street - Municipality,Urban,29.42630556,-98.48061111,Pedestrian,The First Harmful Event was Not a Collision with a Motor Vehicle in Transport,Dark - Unknown Lighting,Cloudy
Texas,482543,2,BEXAR (29),CHINA GROVE,October,Monday,U.S. Highway,Urban,29.39109167,-98.35670278,Motor Vehicle In-Transport,Angle,Dark - Not Lighted,Clear
Texas,482545,2,MONTGOMERY (339),CONROE,September,Wednesday,Interstate,Urban,30.27363611,-95.45694722,Other Traffic Barrier,The First Harmful Event was Not a Collision with a Motor Vehicle in Transport,Dark - Lighted,Clear
Texas,482546,2,HARRIS (201),HOUSTON,September,Saturday,Local Street - Municipality,Urban,29.821325,-95.34253333,Motor Vehicle In-Transport,Angle,Dark - Lighted,Clear
Texas,482549,1,DALLAS (113),DALLAS,October,Thursday,Interstate,Urban,32.76866389,-96.80531944,Pedestrian,The First Harmful Event was Not a Collision with a Motor Vehicle in Transport,Dark - Lighted,Clear
Texas,482551,1,NUECES (355),CORPUS CHRISTI,October,Wednesday,Interstate,Urban,27.8491,-97.57912778,Ditch,The First Harmful Event was Not a Collision with a Motor Vehicle in Transport,Daylight,Clear
Texas,482554,2,DALLAS (113),DALLAS,October,Friday,Local Street - Municipality,Urban,32.65377778,-96.88638889,Pedestrian,The First Harmful Event was Not a Collision with a Motor Vehicle in Transport,Dark - Not Lighted,Clear
Texas,482556,2,DALLAS (113),DALLAS,October,Friday,State Highway,Urban,32.71247778,-96.75323056,Motor Vehicle In-Transport,Angle,Daylight,Clear
Texas,482559,4,DALLAS (113),DALLAS,October,Thursday,Interstate,Urban,32.78478611,-96.81201111,Pedestrian,The First Harmful Event was Not a Collision with a Motor Vehicle in Transport,Dark - Not Lighted,Clear
Texas,482560,1,HARRIS (201),HOUSTON,October,Wednesday,Local Street - Frontage Road,Urban,29.69674722,-95.29229167,Pedestrian,The First Harmful Event was Not a Collision with a Motor Vehicle in Transport,Dark - Lighted,Clear
Texas,482566,2,DALLAS (113),DALLAS,October,Friday,Interstate,Urban,32.79525556,-96.69359722,Pedestrian,The First Harmful Event was Not a Collision with a Motor Vehicle in Transport,Dark - Lighted,Clear
Texas,482567,2,DALLAS (113),DALLAS,October,Sunday,Interstate,Urban,32.64272222,-96.83918056,Traffic Sign Support,The First Harmful Event was Not a Collision with a Motor Vehicle in Transport,Dark - Lighted,Clear
Texas,482569,1,LAMAR (277),PARIS,October,Sunday,State Highway,Urban,33.63391111,-95.50488056,Rollover/Overturn,The First Harmful Event was Not a Collision with a Motor Vehicle in Transport,Dark - Not Lighted,Reported as Unknown
Texas,482570,2,DENTON (121),DENTON,October,Friday,State Highway,Urban,33.22708056,-97.09001111,Pedalcyclist,The First Harmful Event was Not a Collision with a Motor Vehicle in Transport,Dark - Lighted,Clear
Texas,482572,1,EL PASO (141),EL PASO,October,Thursday,State Highway,Urban,31.69235833,-106.3291722,Pedestrian,The First Harmful Event was Not a Collision with a Motor Vehicle in Transport,Daylight,Clear
Texas,482574,1,HUNT (231),GREENVILLE,October,Saturday,Local Street - Frontage Road,Urban,33.09848333,-96.10656944,Traffic Sign Support,The First Harmful Event was Not a Collision with a Motor Vehicle in Transport,Dark - Lighted,Clear
Texas,482575,1,NUECES (355),CORPUS CHRISTI,October,Wednesday,Local Street - Municipality,Urban,27.79475,-97.39435,Parked Motor Vehicle,The First Harmful Event was Not a Collision with a Motor Vehicle in Transport,Dark - Lighted,Clear
Texas,482576,2,CHEROKEE (73),JACKSONVILLE,October,Friday,U.S. Highway,Urban,31.971425,-95.21466944,Motor Vehicle In-Transport,Angle,Daylight,Clear
Texas,482579,2,GALVESTON (167),GALVESTON,October,Sunday,State Highway,Urban,29.30488056,-94.77366667,Motor Vehicle In-Transport,Angle,Dark - Lighted,Clear
Texas,482581,1,DALLAS (113),DALLAS,October,Friday,Local Street - Municipality,Urban,32.79290833,-96.69998333,Pedestrian,The First Harmful Event was Not a Collision with a Motor Vehicle in Transport,Dark - Not Lighted,Clear
Texas,482582,5,VICTORIA (469),VICTORIA,October,Saturday,U.S. Highway,Urban,28.81051111,-96.97772222,Motor Vehicle In-Transport,Angle,Dark - Lighted,Clear
Texas,482583,2,HARRIS (201),HOUSTON,October,Monday,State Highway,Urban,29.66673611,-95.56013889,Motor Vehicle In-Transport,Front-to-Rear,Dark - Lighted,Clear
Texas,482585,2,BEXAR (29),SAN ANTONIO,October,Saturday,Interstate,Urban,29.42118889,-98.50218889,Concrete Traffic Barrier,The First Harmful Event was Not a Collision with a Motor Vehicle in Transport,Daylight,Clear
Texas,482591,2,TRAVIS (453),AUSTIN,October,Thursday,Local Street - Municipality,Urban,30.32638611,-97.69201389,Pedestrian,The First Harmful Event was Not a Collision with a Motor Vehicle in Transport,Dark - Not Lighted,Clear
Texas,482592,1,HARRIS (201),HOUSTON,October,Tuesday,Local Street - Municipality,Urban,29.65778889,-95.49193333,Curb,The First Harmful Event was Not a Collision with a Motor Vehicle in Transport,Daylight,Clear
Texas,482595,1,BELL (27),TEMPLE,October,Wednesday,Local Street - Frontage Road,Urban,31.12966389,-97.39943611,Bridge Pier or Support,The First Harmful Event was Not a Collision with a Motor Vehicle in Transport,Daylight,Clear
Texas,482598,2,COOKE (97),GAINESVILLE,October,Friday,Local Street - Municipality,Urban,33.62438611,-97.15743056,Motor Vehicle In-Transport,Front-to-Front,Daylight,Rain
Texas,482599,5,BEXAR (29),SAN ANTONIO,October,Monday,Local Street - Municipality,Urban,29.41781667,-98.65246389,Motor Vehicle In-Transport,Angle,Dark - Lighted,Clear
Texas,482600,4,HIDALGO (215),ALAMO,October,Thursday,U.S. Highway,Urban,26.18132778,-98.10982222,Motor Vehicle In-Transport,Front-to-Rear,Daylight,Clear
Texas,482607,2,HARRIS (201),PASADENA,September,Friday,Local Street - Municipality,Urban,29.69836111,-95.21148611,Motor Vehicle In-Transport,Front-to-Rear,Dark - Lighted,Clear
Texas,482608,3,GRAYSON (181),DENISON,October,Wednesday,U.S. Highway,Urban,33.72970556,-96.58543889,Motor Vehicle In-Transport,Front-to-Rear,Daylight,Clear
Texas,482610,2,TARRANT (439),FORT WORTH,October,Sunday,Interstate,Urban,32.87146944,-97.31651944,Motor Vehicle In-Transport,Front-to-Rear,Dark - Not Lighted,Clear
Texas,482612,1,RANDALL (381),AMARILLO,October,Monday,Local Street - Municipality,Urban,35.15152222,-101.8661306,Utility Pole/Light Support,The First Harmful Event was Not a Collision with a Motor Vehicle in Transport,Dark - Not Lighted,Clear
Texas,482613,2,HARRIS (201),HOUSTON,October,Monday,Local Street - Municipality,Urban,29.87561389,-95.36568611,Other Fixed Object,The First Harmful Event was Not a Collision with a Motor Vehicle in Transport,Daylight,Cloudy
Texas,482616,1,COLLIN (85),MCKINNEY,October,Saturday,Local Street - Municipality,Urban,33.152025,-96.72021389,Bridge Pier or Support,The First Harmful Event was Not a Collision with a Motor Vehicle in Transport,Daylight,Cloudy
Texas,482621,2,TARRANT (439),SOUTHLAKE,October,Friday,State Highway,Urban,32.94207222,-97.104775,Motor Vehicle In-Transport,Front-to-Rear,Dark - Lighted,Clear
Texas,482622,2,TARRANT (439),FORT WORTH,October,Tuesday,State Highway,Urban,32.76746389,-97.30893333,Guardrail Face,The First Harmful Event was Not a Collision with a Motor Vehicle in Transport,Dark - Lighted,Clear
Texas,482629,2,HARRIS (201),HOUSTON,October,Wednesday,Local Street - Municipality,Urban,29.73643056,-95.59090556,Curb,The First Harmful Event was Not a Collision with a Motor Vehicle in Transport,Dark - Lighted,Clear
Texas,482630,2,TARRANT (439),FORT WORTH,October,Monday,Interstate,Urban,32.66661111,-97.29548611,Motor Vehicle In-Transport,Front-to-Rear,Dark - Lighted,Clear
Texas,482633,1,TRAVIS (453),AUSTIN,October,Tuesday,Local Street - Frontage Road,Urban,30.30726944,-97.71140833,Utility Pole/Light Support,The First Harmful Event was Not a Collision with a Motor Vehicle in Transport,Daylight,Clear