State,Case Number,Persons,County,City,Month,Day,Route,Rural/Urban,Latitude,Longitude,First Harmful Event,Manner of Collision,Light Conditions,Weather
Texas,482920,2,JEFFERSON (245),BEAUMONT,December,Sunday,Interstate,Urban,30.09577222,-94.10310833,Motor Vehicle In-Transport,Front-to-Rear,Daylight,Clear
Texas,482922,3,NUECES (355),CORPUS CHRISTI,November,Wednesday,State Highway,Urban,27.731675,-97.41935,Rollover/Overturn,The First Harmful Event was Not a Collision with a Motor Vehicle in Transport,Dark - Lighted,Clear
Texas,482923,2,DALLAS (113),GARLAND,November,Saturday,Local Street - Municipality,Urban,32.92885278,-96.5858,Curb,The First Harmful Event was Not a Collision with a Motor Vehicle in Transport,Dark - Lighted,Clear
Texas,482924,1,BEXAR (29),SAN ANTONIO,November,Tuesday,Local Street - Municipality,Urban,29.65793333,-98.61844167,Curb,The First Harmful Event was Not a Collision with a Motor Vehicle in Transport,Daylight,Cloudy
Texas,482925,1,MILAM (331),CAMERON,September,Sunday,Local Street - Municipality,Rural,30.87711667,-96.97761111,Ditch,The First Harmful Event was Not a Collision with a Motor Vehicle in Transport,Dark - Not Lighted,Clear
Texas,482926,2,DALLAS (113),DALLAS,December,Sunday,State Highway,Urban,32.78298333,-96.68327222,Motor Vehicle In-Transport,Front-to-Rear,Dark - Lighted,Clear
Texas,482927,1,HARRIS (201),HOUSTON,December,Sunday,Interstate,Urban,29.73089167,-95.34130556,Pedestrian,The First Harmful Event was Not a Collision with a Motor Vehicle in Transport,Dark - Not Lighted,Clear
Texas,482928,5,TRAVIS (453),AUSTIN,November,Tuesday,Local Street - Municipality,Urban,30.30018611,-97.64825278,Motor Vehicle In-Transport,Angle,Daylight,Clear
Texas,482929,1,COLLIN (85),FRISCO,November,Friday,State Highway,Urban,33.18169444,-96.80325,Rollover/Overturn,The First Harmful Event was Not a Collision with a Motor Vehicle in Transport,Dark - Lighted,Clear
Texas,482938,1,TRAVIS (453),AUSTIN,November,Thursday,Local Street - Municipality,Urban,30.19095556,-97.77151111,Pedestrian,The First Harmful Event was Not a Collision with a Motor Vehicle in Transport,Dark - Lighted,Clear
Texas,482939,2,TRAVIS (453),AUSTIN,November,Sunday,State Highway,Urban,30.22290278,-97.76381389,Concrete Traffic Barrier,The First Harmful Event was Not a Collision with a Motor Vehicle in Transport,Dark - Lighted,Clear
Texas,482940,1,NUECES (355),CORPUS CHRISTI,November,Sunday,Local Street - Frontage Road,Urban,27.70725,-97.3685,Curb,The First Harmful Event was Not a Collision with a Motor Vehicle in Transport,Dark - Lighted,Clear
Texas,482941,3,WOOD (499),HAWKINS,October,Thursday,U.S. Highway,Rural,32.58720556,-95.20336389,Motor Vehicle In-Transport,Front-to-Front,Dark - Lighted,Rain
Texas,482942,1,DALLAS (113),CEDAR HILL,November,Friday,U.S. Highway,Urban,32.59274444,-96.94319722,Concrete Traffic Barrier,The First Harmful Event was Not a Collision with a Motor Vehicle in Transport,Dark - Lighted,Cloudy
Texas,482944,2,DALLAS (113),DALLAS,November,Tuesday,Local Street - Frontage Road,Urban,32.92265278,-96.76400556,Curb,The First Harmful Event was Not a Collision with a Motor Vehicle in Transport,Dark - Lighted,Clear
Texas,482945,1,WICHITA (485),WICHITA FALLS,November,Wednesday,Local Street - Municipality,Urban,33.89364444,-98.53898333,Tree (Standing Only),The First Harmful Event was Not a Collision with a Motor Vehicle in Transport,Daylight,Clear
Texas,482946,2,BOWIE (37),TEXARKANA,November,Saturday,Interstate,Urban,33.45165833,-94.10810556,Guardrail Face,The First Harmful Event was Not a Collision with a Motor Vehicle in Transport,Dark - Lighted,Clear
Texas,482947,2,DALLAS (113),GARLAND,November,Thursday,Local Street - Municipality,Urban,32.90931667,-96.68283611,Motor Vehicle In-Transport,Angle,Dark - Lighted,Clear
Texas,482948,1,TARRANT (439),ARLINGTON,November,Friday,State Highway,Urban,32.73991111,-97.04797222,Pedestrian,The First Harmful Event was Not a Collision with a Motor Vehicle in Transport,Dark - Lighted,Rain
Texas,482949,2,HARRIS (201),HOUSTON,February,Monday,Local Street - Municipality,Urban,29.69210833,-95.51008611,Motor Vehicle In-Transport,Angle,Daylight,Clear
Texas,482953,1,ORANGE (361),MAURICEVILLE,November,Tuesday,State Highway,Rural,30.202975,-93.88078889,Pedestrian,The First Harmful Event was Not a Collision with a Motor Vehicle in Transport,Dark - Not Lighted,Clear
Texas,482955,1,TARRANT (439),ARLINGTON,November,Wednesday,Interstate,Urban,32.67821944,-97.1184,Pedestrian,The First Harmful Event was Not a Collision with a Motor Vehicle in Transport,Dark - Not Lighted,Clear
Texas,482956,1,TARRANT (439),ARLINGTON,December,Tuesday,Local Street - Municipality,Urban,32.73198889,-97.14912222,Utility Pole/Light Support,The First Harmful Event was Not a Collision with a Motor Vehicle in Transport,Daylight,Clear
Texas,482957,1,DALLAS (113),IRVING,November,Tuesday,State Highway,Urban,32.89322222,-96.96790833,Bridge Pier or Support,The First Harmful Event was Not a Collision with a Motor Vehicle in Transport,Daylight,Clear
Texas,482960,1,DALLAS (113),DALLAS,November,Friday,Interstate,Urban,32.76875556,-96.805775,Pedestrian,The First Harmful Event was Not a Collision with a Motor Vehicle in Transport,Dark - Lighted,Rain
Texas,482962,2,ECTOR (135),ODESSA,December,Wednesday,State Highway,Urban,31.91995556,-102.3393444,Motor Vehicle In-Transport,Angle,Daylight,Clear
Texas,482965,2,BRAZORIA (39),ANGLETON,December,Thursday,State Highway,Urban,29.15054722,-95.43027778,Motor Vehicle In-Transport,Front-to-Front,Daylight,Clear
Texas,482967,1,TARRANT (439),FORT WORTH,November,Saturday,Interstate,Urban,32.73807222,-97.48369444,Pedestrian,The First Harmful Event was Not a Collision with a Motor Vehicle in Transport,Dark - Lighted,Clear
Texas,482968,1,PARKER (367),WEATHERFORD,December,Wednesday,Local Street - Municipality,Urban,32.74574722,-97.778,Mail Box,The First Harmful Event was Not a Collision with a Motor Vehicle in Transport,Daylight,Cloudy
Texas,482972,2,EL PASO (141),EL PASO,October,Sunday,U.S. Highway,Urban,31.79941389,-106.3227139,Motor Vehicle In-Transport,Front-to-Rear,Daylight,Clear
Texas,482973,2,DALLAS (113),DALLAS,November,Monday,State Highway,Urban,32.799225,-96.68218056,Motor Vehicle In-Transport,Front-to-Rear,Daylight,Clear
Texas,482974,6,BEXAR (29),SAN ANTONIO,December,Saturday,Local Street - Municipality,Urban,29.55114167,-98.37686667,Fell/Jumped from Vehicle,The First Harmful Event was Not a Collision with a Motor Vehicle in Transport,Dark - Lighted,Clear
Texas,482976,1,BRAZOS (41),COLLEGE STATION,September,Saturday,State Highway,Urban,30.6285,-96.33558333,Pedestrian,The First Harmful Event was Not a Collision with a Motor Vehicle in Transport,Dark - Lighted,Clear
Texas,482977,2,HARDIN (199),LUMBERTON,December,Friday,U.S. Highway,Urban,30.27163611,-94.22598056,Pedalcyclist,The First Harmful Event was Not a Collision with a Motor Vehicle in Transport,Dark - Lighted,Clear
Texas,482978,4,DALLAS (113),IRVING,November,Sunday,State Highway,Urban,32.83726389,-96.928525,Motor Vehicle In-Transport,Angle,Daylight,Clear
Texas,482979,1,BEXAR (29),SAN ANTONIO,December,Wednesday,Local Street - Municipality,Urban,29.41783611,-98.65742222,Pedestrian,The First Harmful Event was Not a Collision with a Motor Vehicle in Transport,Dark - Not Lighted,Clear
Texas,482980,2,TARRANT (439),FORT WORTH,December,Saturday,Interstate,Urban,32.73116667,-97.32035833,Motor Vehicle In-Transport,Front-to-Rear,Dark - Not Lighted,Clear
Texas,482981,1,HUNT (231),GREENVILLE,December,Monday,Local Street - Frontage Road,Rural,33.13381389,-96.04747778,Curb,The First Harmful Event was Not a Collision with a Motor Vehicle in Transport,Daylight,Clear
Texas,482982,7,HARRISON (203),MARSHALL,November,Wednesday,U.S. Highway,Urban,32.54437778,-94.35013889,Pedestrian,The First Harmful Event was Not a Collision with a Motor Vehicle in Transport,Dark - Lighted,Clear
Texas,482983,3,HAYS (209),SAN MARCOS,December,Saturday,Interstate,Urban,29.88046667,-97.92426944,Motor Vehicle In-Transport,Front-to-Rear,Dark - Lighted,Clear
Texas,482984,6,POTTER (375),AMARILLO,December,Sunday,Local Street - Municipality,Urban,35.18494722,-101.8268306,Fence,The First Harmful Event was Not a Collision with a Motor Vehicle in Transport,Dark - Lighted,Clear
Texas,482987,1,DALLAS (113),DALLAS,December,Saturday,Interstate,Urban,32.77128056,-96.80925833,Impact Attenuator/Crash Cushion,The First Harmful Event was Not a Collision with a Motor Vehicle in Transport,Dark - Lighted,Clear
Texas,482991,1,FORT BEND (157),SUGAR LAND,November,Friday,U.S. Highway,Urban,29.62577778,-95.60587778,Traffic Signal Support,The First Harmful Event was Not a Collision with a Motor Vehicle in Transport,Dark - Lighted,Cloudy
Texas,482992,4,TRAVIS (453),AUSTIN,October,Thursday,Local Street - Frontage Road,Urban,30.19815833,-97.76365556,Motor Vehicle In-Transport,Angle,Daylight,Clear
Texas,482993,1,TARRANT (439),BEDFORD,November,Tuesday,Local Street - Municipality,Urban,32.84385556,-97.13231111,Pedestrian,The First Harmful Event was Not a Collision with a Motor Vehicle in Transport,Daylight,Clear
Texas,482994,1,NUECES (355),CORPUS CHRISTI,November,Monday,U.S. Highway,Urban,27.83443611,-97.38326944,Concrete Traffic Barrier,The First Harmful Event was Not a Collision with a Motor Vehicle in Transport,Daylight,Clear
Texas,482995,1,MONTGOMERY (339),THE WOODLANDS,December,Friday,County Road,Urban,30.16328611,-95.50170833,Pedestrian,The First Harmful Event was Not a Collision with a Motor Vehicle in Transport,Daylight,Clear
Texas,482996,7,COLLIN (85),DALLAS,November,Wednesday,State Highway,Urban,33.00748333,-96.79557778,Motor Vehicle In-Transport,Angle,Daylight,Cloudy
Texas,483001,2,WEBB (479),LAREDO,November,Wednesday,Local Street - Municipality,Urban,27.50656944,-99.47646111,Utility Pole/Light Support,The First Harmful Event was Not a Collision with a Motor Vehicle in Transport,Dark - Not Lighted,Clear
Texas,483010,3,WEBB (479),LAREDO,December,Sunday,U.S. Highway,Urban,27.48213333,-99.47263333,Motor Vehicle In-Transport,Front-to-Rear,Dark - Lighted,Clear
Texas,483011,4,TRAVIS (453),AUSTIN,December,Friday,Local Street - Municipality,Urban,30.2511,-97.89671111,Motor Vehicle In-Transport,Front-to-Front,Daylight,Clear
Texas,483012,1,EL PASO (141),EL PASO,December,Monday,Interstate,Urban,31.75673889,-106.352125,Pedestrian,The First Harmful Event was Not a Collision with a Motor Vehicle in Transport,Dark - Lighted,Clear
Texas,483013,1,WICHITA (485),WICHITA FALLS,December,Thursday,State Highway,Urban,33.99499722,-98.51929444,Fence,The First Harmful Event was Not a Collision with a Motor Vehicle in Transport,Daylight,Clear
Texas,483015,1,NUECES (355),CORPUS CHRISTI,November,Wednesday,Local Street - Municipality,Urban,27.71917778,-97.40013611,Pedestrian,The First Harmful Event was Not a Collision with a Motor Vehicle in Transport,Dark - Not Lighted,Cloudy
Texas,483016,1,BEXAR (29),SAN ANTONIO,December,Tuesday,Local Street - Frontage Road,Urban,29.48581667,-98.54121944,Curb,The First Harmful Event was Not a Collision with a Motor Vehicle in Transport,Dark - Lighted,Clear
Texas,483017,2,POTTER (375),AMARILLO,December,Tuesday,Interstate,Urban,35.19262778,-101.7464278,Rollover/Overturn,The First Harmful Event was Not a Collision with a Motor Vehicle in Transport,Dark - Lighted,Clear
Texas,483019,1,HARRIS (201),HOUSTON,November,Friday,Interstate,Urban,29.68246667,-95.35110278,Pedestrian,The First Harmful Event was Not a Collision with a Motor Vehicle in Transport,Daylight,Cloudy
Texas,483020,4,WEBB (479),LAREDO,December,Tuesday,Local Street - Municipality,Urban,27.464375,-99.46836667,Motor Vehicle In-Transport,Angle,Daylight,Clear
Texas,483021,1,KAUFMAN (257),TERRELL,December,Sunday,U.S. Highway,Urban,32.75782778,-96.26368889,"Post, Pole or Other Supports",The First Harmful Event was Not a Collision with a Motor Vehicle in Transport,Dark - Not Lighted,Clear
Texas,483023,4,TARRANT (439),FORT WORTH,December,Saturday,Local Street - Municipality,Urban,32.72602222,-97.29076944,Motor Vehicle In-Transport,Front-to-Front,Daylight,Clear
Texas,483024,1,POTTER (375),AMARILLO,December,Wednesday,Local Street - Municipality,Urban,35.18451389,-101.8753111,Traffic Signal Support,The First Harmful Event was Not a Collision with a Motor Vehicle in Transport,Dark - Lighted,Clear
Texas,483025,2,TARRANT (439),FORT WORTH,December,Saturday,Local Street - Municipality,Urban,32.78774167,-97.32489444,Parked Motor Vehicle,The First Harmful Event was Not a Collision with a Motor Vehicle in Transport,Dark - Lighted,Reported as Unknown
Texas,483026,4,BELL (27),TEMPLE,December,Tuesday,Interstate,Urban,31.11427222,-97.35525833,Motor Vehicle In-Transport,Angle,Dark - Lighted,Rain
Texas,483027,2,EL PASO (141),EL PASO,October,Tuesday,Local Street - Municipality,Urban,31.73058889,-106.3514194,Motor Vehicle In-Transport,Angle,Dark - Lighted,Clear
Texas,483028,1,HARRIS (201),HOUSTON,September,Friday,Local Street - Municipality,Urban,29.81031389,-95.31723333,Pedestrian,The First Harmful Event was Not a Collision with a Motor Vehicle in Transport,Dark - Not Lighted,Clear
Texas,483030,1,DALLAS (113),DALLAS,November,Saturday,Local Street - Municipality,Urban,32.76171667,-96.777025,Non-Motorist on Personal Conveyance,The First Harmful Event was Not a Collision with a Motor Vehicle in Transport,Dark - Lighted,Clear
Texas,483032,2,HARRIS (201),HOUSTON,November,Saturday,Interstate,Urban,29.91656389,-95.41258611,Concrete Traffic Barrier,The First Harmful Event was Not a Collision with a Motor Vehicle in Transport,Dark - Not Lighted,Cloudy
Texas,483034,5,HIDALGO (215),MCALLEN,December,Sunday,Interstate,Urban,26.19223889,-98.20941667,Concrete Traffic Barrier,The First Harmful Event was Not a Collision with a Motor Vehicle in Transport,Dark - Lighted,Clear
Texas,483036,6,LEON (289),BUFFALO,December,Friday,U.S. Highway,Rural,31.45881944,-96.06200556,Motor Vehicle In-Transport,Angle,Daylight,Clear
Texas,483037,1,DALLAS (113),GARLAND,December,Thursday,Local Street - Municipality,Urban,32.89444167,-96.68289722,"Pavement Surface Irregularity (Ruts, Potholes, Grates, etc.)",The First Harmful Event was Not a Collision with a Motor Vehicle in Transport,Dark - Lighted,Clear
Texas,483042,2,HARRIS (201),HOUSTON,November,Friday,Local Street - Municipality,Urban,29.72898333,-95.52056111,Motor Vehicle In-Transport,Front-to-Rear,Dark - Lighted,Clear
Texas,483044,3,TARRANT (439),FORT WORTH,December,Wednesday,Interstate,Urban,32.73272778,-97.3688,Motor Vehicle In-Transport,Front-to-Front,Dark - Not Lighted,Cloudy
Texas,483047,1,HARRIS (201),HOUSTON,December,Wednesday,Local Street - Municipality,Urban,29.83802778,-95.32883889,Mail Box,The First Harmful Event was Not a Collision with a Motor Vehicle in Transport,Dark - Lighted,Cloudy
Texas,483048,2,HARRIS (201),HOUSTON,December,Monday,Local Street - Municipality,Urban,30.04985556,-95.23142778,Motor Vehicle In-Transport,Angle,Daylight,Clear
Texas,483049,2,TRAVIS (453),AUSTIN,November,Wednesday,Local Street - Municipality,Urban,30.20020278,-97.79851667,Pedestrian,The First Harmful Event was Not a Collision with a Motor Vehicle in Transport,Dark - Lighted,Clear
Texas,483050,5,GREGG (183),LONGVIEW,November,Thursday,Local Street - Municipality,Urban,32.54685278,-94.74668889,Motor Vehicle In-Transport,Angle,Daylight,Cloudy
Texas,483051,3,HIDALGO (215),EDINBURG,November,Friday,Local Street - Municipality,Urban,26.34214444,-98.1645,Parked Motor Vehicle,The First Harmful Event was Not a Collision with a Motor Vehicle in Transport,Daylight,Clear
Texas,483052,1,HARRIS (201),HOUSTON,November,Monday,Local Street - Municipality,Urban,29.85409722,-95.34986667,Pedalcyclist,The First Harmful Event was Not a Collision with a Motor Vehicle in Transport,Dark - Lighted,Clear
Texas,483053,1,BEXAR (29),SAN ANTONIO,December,Saturday,Local Street - Municipality,Urban,29.42513889,-98.62577222,Curb,The First Harmful Event was Not a Collision with a Motor Vehicle in Transport,Dark - Lighted,Clear
Texas,483055,1,DALLAS (113),DALLAS,December,Tuesday,State Highway,Urban,32.84194722,-96.70831944,Tree (Standing Only),The First Harmful Event was Not a Collision with a Motor Vehicle in Transport,Dark - Lighted,Rain
Texas,483056,1,MCLENNAN (309),WACO,December,Saturday,U.S. Highway,Urban,31.58361667,-97.11172222,Pedestrian,The First Harmful Event was Not a Collision with a Motor Vehicle in Transport,Dark - Not Lighted,Clear
Texas,483057,1,EL PASO (141),EL PASO,December,Monday,Local Street - Municipality,Urban,31.87158611,-106.4061472,Traffic Signal Support,The First Harmful Event was Not a Collision with a Motor Vehicle in Transport,Daylight,Rain
Texas,483067,4,DENTON (121),ARGYLE,December,Saturday,U.S. Highway,Urban,33.10125278,-97.190375,Motor Vehicle In-Transport,Angle,Daylight,Clear
Texas,483068,1,BEXAR (29),SAN ANTONIO,November,Friday,Interstate,Urban,29.51602778,-98.42226389,Concrete Traffic Barrier,The First Harmful Event was Not a Collision with a Motor Vehicle in Transport,Dark - Lighted,Rain
Texas,483069,2,DALLAS (113),DALLAS,November,Saturday,Local Street - Municipality,Urban,32.86589444,-96.86351944,Pedestrian,The First Harmful Event was Not a Collision with a Motor Vehicle in Transport,Dark - Lighted,Clear
Texas,483070,2,HARRIS (201),HOUSTON,November,Saturday,Interstate,Urban,29.73256944,-95.34325278,Pedestrian,The First Harmful Event was Not a Collision with a Motor Vehicle in Transport,Dark - Lighted,Clear
Texas,483071,2,TOM GREEN (451),SAN ANGELO,December,Sunday,U.S. Highway,Urban,31.43950833,-100.5009778,Motor Vehicle In-Transport,Front-to-Front,Dark - Lighted,Clear
Texas,483073,1,LUBBOCK (303),LUBBOCK,December,Saturday,State Highway,Urban,33.59623056,-101.9237806,Concrete Traffic Barrier,The First Harmful Event was Not a Collision with a Motor Vehicle in Transport,Dark - Lighted,Clear
Texas,483076,1,CAMERON (61),BROWNSVILLE,December,Sunday,Local Street - Municipality,Urban,25.93547778,-97.48933889,Other Non-Collision,The First Harmful Event was Not a Collision with a Motor Vehicle in Transport,Dark - Lighted,Clear
Texas,483078,2,LUBBOCK (303),LUBBOCK,December,Wednesday,U.S. Highway,Urban,33.61783056,-101.8938639,Motor Vehicle In-Transport,Front-to-Front,Dark - Not Lighted,Clear
Texas,483079,4,EL PASO (141),EL PASO,December,Saturday,State Highway,Urban,31.76167222,-106.4641417,Motor Vehicle In-Transport,Front-to-Front,Dark - Lighted,Clear
Texas,483080,1,EL PASO (141),EL PASO,December,Monday,Interstate,Urban,31.70035,-106.28315,Motor Vehicle In-Transport,Front-to-Rear,Dark - Lighted,Cloudy
Texas,483084,4,HARRIS (201),HOUSTON,December,Monday,Local Street - Municipality,Urban,29.84985833,-95.23071389,Rollover/Overturn,The First Harmful Event was Not a Collision with a Motor Vehicle in Transport,Dark - Lighted,Cloudy
Texas,483085,1,HARRIS (201),HOUSTON,December,Monday,Local Street - Municipality,Urban,29.84830833,-95.33816944,Pedestrian,The First Harmful Event was Not a Collision with a Motor Vehicle in Transport,Dark - Lighted,Clear
Texas,483087,2,STARR (427),RIO GRANDE CITY,November,Monday,U.S. Highway,Urban,26.35551389,-98.77351111,Utility Pole/Light Support,The First Harmful Event was Not a Collision with a Motor Vehicle in Transport,Daylight,Clear
Texas,483089,2,TARRANT (439),HURST,November,Thursday,Local Street - Frontage Road,Urban,32.82218056,-97.20616389,Utility Pole/Light Support,The First Harmful Event was Not a Collision with a Motor Vehicle in Transport,Daylight,Rain
Texas,483091,1,COLLIN (85),ANNA,December,Thursday,State Highway,Rural,33.31539722,-96.50790833,Guardrail Face,The First Harmful Event was Not a Collision with a Motor Vehicle in Transport,Daylight,Clear
Texas,483093,3,DENTON (121),LEWISVILLE,December,Wednesday,Local Street - Frontage Road,Urban,33.00653611,-96.97250833,Motor Vehicle In-Transport,Angle,Dark - Lighted,Clear
Texas,483094,1,DALLAS (113),DALLAS,December,Saturday,Local Street - Municipality,Urban,32.80031944,-96.77520556,Pedestrian,The First Harmful Event was Not a Collision with a Motor Vehicle in Transport,Dark - Lighted,Clear
Texas,483096,3,LUBBOCK (303),LUBBOCK,December,Sunday,Local Street - Municipality,Urban,33.60683611,-101.9223389,Motor Vehicle In-Transport,Angle,Dark - Lighted,Cloudy
Texas,483097,1,BEXAR (29),SAN ANTONIO,December,Thursday,State Highway,Urban,29.48796944,-98.70797222,Pedestrian,The First Harmful Event was Not a Collision with a Motor Vehicle in Transport,Daylight,Clear
Texas,483098,1,MIDLAND (329),MIDLAND,December,Saturday,Local Street - Municipality,Urban,31.98552778,-102.1138861,Pedestrian,The First Harmful Event was Not a Collision with a Motor Vehicle in Transport,Dark - Lighted,Clear
Texas,483100,2,BRAZORIA (39),FREEPORT,September,Saturday,State Highway,Urban,28.969275,-95.37071944,Motor Vehicle In-Transport,Angle,Daylight,Clear
Texas,483101,6,COLLIN (85),PLANO,October,Saturday,U.S. Highway,Urban,33.04441667,-96.70078889,Motor Vehicle In-Transport,Sideswipe - Same Direction,Daylight,Clear
Texas,483102,1,TRAVIS (453),AUSTIN,October,Sunday,Local Street - Municipality,Urban,30.19930556,-97.79356944,Non-Motorist on Personal Conveyance,The First Harmful Event was Not a Collision with a Motor Vehicle in Transport,Daylight,Cloudy
Texas,483103,2,LAMAR (277),PARIS,October,Thursday,State Highway,Urban,33.63688889,-95.58160556,Motor Vehicle In-Transport,Front-to-Rear,Dark - Not Lighted,Cloudy
Texas,483104,3,HASKELL (207),STAMFORD,October,Friday,Local Street - Frontage Road,Rural,32.97076111,-99.80116944,Motor Vehicle In-Transport,Front-to-Front,Daylight,Cloudy
Texas,483107,3,TARRANT (439),FORT WORTH,November,Friday,Interstate,Urban,32.76736111,-97.31861389,Motor Vehicle In-Transport,Sideswipe - Same Direction,Dark - Lighted,Cloudy
Texas,483108,1,TARRANT (439),FORT WORTH,November,Friday,Local Street - Municipality,Urban,32.68278056,-97.35302778,Pedestrian,The First Harmful Event was Not a Collision with a Motor Vehicle in Transport,Dark - Lighted,Clear
Texas,483109,2,TRAVIS (453),PFLUGERVILLE,October,Saturday,State Highway,Urban,30.45260278,-97.59425,Motor Vehicle In-Transport,Front-to-Rear,Daylight,Clear
Texas,483110,1,TARRANT (439),FORT WORTH,November,Saturday,Local Street - Municipality,Urban,32.74604444,-97.34159167,Other Fixed Object,The First Harmful Event was Not a Collision with a Motor Vehicle in Transport,Daylight,Clear
Texas,483111,1,COLLIN (85),PLANO,November,Sunday,Local Street - Municipality,Urban,33.06543333,-96.75023333,Pedestrian,The First Harmful Event was Not a Collision with a Motor Vehicle in Transport,Dark - Lighted,Cloudy
Texas,483112,1,POTTER (375),AMARILLO,November,Thursday,U.S. Highway,Urban,35.26936111,-101.83355,Pedestrian,The First Harmful Event was Not a Collision with a Motor Vehicle in Transport,Dark - Lighted,Sleet or Hail
Texas,483114,3,TRAVIS (453),AUSTIN,December,Saturday,Interstate,Urban,30.37457778,-97.67759722,Motor Vehicle In-Transport,Front-to-Rear,Dark - Lighted,Clear
Texas,483116,1,LUBBOCK (303),WOLFFORTH,December,Sunday,U.S. Highway,Urban,33.50013889,-102.023025,Guardrail End,The First Harmful Event was Not a Collision with a Motor Vehicle in Transport,Daylight,Clear
Texas,483120,1,DENTON (121),SANGER,December,Wednesday,Interstate,Urban,33.35795556,-97.18228056,Other Traffic Barrier,The First Harmful Event was Not a Collision with a Motor Vehicle in Transport,Dark - Unknown Lighting,Clear
Texas,483125,3,DALLAS (113),DALLAS,December,Thursday,Local Street - Municipality,Urban,32.90971111,-96.83432222,Motor Vehicle In-Transport,Angle,Dark - Lighted,Clear
Texas,483127,1,TARRANT (439),FOREST HILL,December,Wednesday,Local Street - Frontage Road,Urban,32.66353611,-97.24443056,Pedestrian,The First Harmful Event was Not a Collision with a Motor Vehicle in Transport,Dusk,Clear
Texas,483128,2,WILLIAMSON (491),LEANDER,December,Thursday,Local Street - Municipality,Urban,30.59516389,-97.81326111,Motor Vehicle In-Transport,Angle,Daylight,Cloudy
Texas,483130,1,BEXAR (29),SAN ANTONIO,December,Wednesday,Local Street - Municipality,Urban,29.48803056,-98.48780833,Pedestrian,The First Harmful Event was Not a Collision with a Motor Vehicle in Transport,Dark - Lighted,Clear
Texas,483131,2,TARRANT (439),ARLINGTON,December,Wednesday,Local Street - Municipality,Urban,32.69185556,-97.09781389,Motor Vehicle In-Transport,Angle,Daylight,Clear
Texas,483135,1,JOHNSON (251),JOSHUA,December,Wednesday,State Highway,Urban,32.48039167,-97.37949444,"Post, Pole or Other Supports",The First Harmful Event was Not a Collision with a Motor Vehicle in Transport,Dark - Lighted,Clear
Texas,483142,1,DALLAS (113),DALLAS,December,Friday,Interstate,Urban,32.91159444,-96.73567222,Pedestrian,The First Harmful Event was Not a Collision with a Motor Vehicle in Transport,Dark - Not Lighted,Clear
Texas,483143,4,HARRIS (201),HUMBLE,December,Tuesday,Local Street - Municipality,Urban,30.02076389,-95.268225,Motor Vehicle In-Transport,Angle,Daylight,Clear
Texas,483145,6,HARRIS (201),HOUSTON,December,Sunday,Interstate,Urban,29.78421389,-95.46468889,Motor Vehicle In-Transport,Front-to-Rear,Dark - Lighted,Clear
Texas,483147,4,HARDIN (199),SILSBEE,December,Saturday,U.S. Highway,Urban,30.32543889,-94.16618611,Motor Vehicle In-Transport,Angle,Daylight,Cloudy
Texas,483148,2,DALLAS (113),DALLAS,December,Monday,Local Street - Municipality,Urban,32.77587222,-96.71406944,Motor Vehicle In-Transport,Sideswipe - Same Direction,Daylight,Cloudy
Texas,483151,1,BELL (27),KILLEEN,December,Saturday,Local Street - Municipality,Urban,31.10265833,-97.74785278,Pedestrian,The First Harmful Event was Not a Collision with a Motor Vehicle in Transport,Dark - Not Lighted,Cloudy
Texas,483153,10,TARRANT (439),WATAUGA,December,Sunday,U.S. Highway,Urban,32.87418611,-97.26204722,Motor Vehicle In-Transport,Front-to-Front,Dark - Lighted,Clear
Texas,483159,1,HARRIS (201),PASADENA,December,Thursday,Local Street - Municipality,Urban,29.66554167,-95.16195556,Pedestrian,The First Harmful Event was Not a Collision with a Motor Vehicle in Transport,Dark - Not Lighted,Clear
Texas,483160,1,HARRIS (201),HOUSTON,November,Saturday,Interstate,Urban,29.78486667,-95.636725,Pedestrian,The First Harmful Event was Not a Collision with a Motor Vehicle in Transport,Dark - Lighted,Clear
Texas,483165,4,COLLIN (85),PRINCETON,December,Wednesday,U.S. Highway,Urban,33.18506944,-96.53743611,Motor Vehicle In-Transport,Angle,Daylight,Clear
Texas,483166,1,HAYS (209),SAN MARCOS,December,Monday,Interstate,Rural,29.89513889,-97.91037222,Pedestrian,The First Harmful Event was Not a Collision with a Motor Vehicle in Transport,Dark - Lighted,Clear
Texas,483167,3,POTTER (375),AMARILLO,December,Sunday,Local Street - Municipality,Urban,35.22196111,-101.8023806,Motor Vehicle In-Transport,Sideswipe - Opposite Direction,Daylight,Cloudy
Texas,483168,3,TARRANT (439),GRAND PRAIRIE,December,Wednesday,Interstate,Urban,32.67661389,-97.04897778,Pedestrian,The First Harmful Event was Not a Collision with a Motor Vehicle in Transport,Dark - Not Lighted,Clear
Texas,483170,3,DALLAS (113),WILMER,December,Friday,Interstate,Urban,32.56313611,-96.66554167,Motor Vehicle In-Transport,Front-to-Rear,Dark - Lighted,Clear