State,Case Number,Persons,County,City,Month,Day,Route,Rural/Urban,Latitude,Longitude,First Harmful Event,Manner of Collision,Light Conditions,Weather
Utah,490209,2,SALT LAKE (35),SOUTH SALT LAKE,November,Thursday,Interstate,Urban,40.72615833,-111.9046556,Motor Vehicle In-Transport,Front-to-Rear,Dark - Lighted,Clear
Utah,490211,2,SALT LAKE (35),SALT LAKE CITY,December,Thursday,Interstate,Urban,40.76573056,-111.9342583,Motor Vehicle In-Transport,Front-to-Rear,Daylight,Cloudy
Utah,490212,2,WEBER (57),OGDEN,November,Friday,State Highway,Urban,41.24415278,-111.9544389,Motor Vehicle In-Transport,Front-to-Front,Dark - Not Lighted,Clear
Utah,490214,1,SALT LAKE (35),SOUTH SALT LAKE,November,Tuesday,State Highway,Urban,40.69941111,-111.9180278,Pedestrian,The First Harmful Event was Not a Collision with a Motor Vehicle in Transport,Dark - Not Lighted,Clear
Utah,490215,2,BOX ELDER (3),WILLARD,November,Wednesday,Interstate,Urban,41.42851389,-112.0568333,Utility Pole/Light Support,The First Harmful Event was Not a Collision with a Motor Vehicle in Transport,Daylight,Snow
Utah,490216,1,SAN JUAN (37),MEXICAN HAT,December,Sunday,State Highway,Rural,37.24884722,-109.7634389,Pedestrian,The First Harmful Event was Not a Collision with a Motor Vehicle in Transport,Dusk,Cloudy
Utah,490217,1,WEBER (57),OGDEN,August,Friday,Local Street - Municipality,Urban,41.20584444,-111.9522222,Pedestrian,The First Harmful Event was Not a Collision with a Motor Vehicle in Transport,Daylight,Clear
Utah,490219,1,BEAVER (1),BEAVER,November,Sunday,Local Street - Township,Rural,38.30598889,-112.5962083,Rollover/Overturn,The First Harmful Event was Not a Collision with a Motor Vehicle in Transport,Daylight,Clear
Utah,490220,3,BEAVER (1),MINERSVILLE,December,Sunday,Local Street - Township,Rural,38.221625,-112.9615278,Embankment,The First Harmful Event was Not a Collision with a Motor Vehicle in Transport,Dark - Not Lighted,Clear
Utah,490221,1,SALT LAKE (35),HERRIMAN,June,Friday,Local Street - Municipality,Urban,40.53628611,-112.0247667,Parked Motor Vehicle,The First Harmful Event was Not a Collision with a Motor Vehicle in Transport,Dark - Lighted,Clear
Utah,490222,1,SALT LAKE (35),WEST VALLEY CITY,November,Saturday,Local Street - Municipality,Urban,40.72467778,-111.9563167,Pedestrian,The First Harmful Event was Not a Collision with a Motor Vehicle in Transport,Dark - Lighted,Clear
Utah,490223,1,WASHINGTON (53),SAINT GEORGE,October,Monday,Local Street - Municipality,Rural,37.0613,-113.5363722,Parked Motor Vehicle,The First Harmful Event was Not a Collision with a Motor Vehicle in Transport,Dark - Not Lighted,Clear
Utah,490224,1,SAN JUAN (37),MONTEZUMA CREEK,June,Friday,County Road,Rural,37.27482778,-109.3300583,Rollover/Overturn,The First Harmful Event was Not a Collision with a Motor Vehicle in Transport,Daylight,Clear
Utah,490225,1,SALT LAKE (35),DRAPER,October,Monday,Local Street - Municipality,Urban,40.53811111,-111.897625,Pedestrian,The First Harmful Event was Not a Collision with a Motor Vehicle in Transport,Dark - Not Lighted,Rain
Utah,490229,1,SAN JUAN (37),MONUMENT VALLEY,October,Tuesday,County Road,Rural,37.29342222,-109.1326417,Pedestrian,The First Harmful Event was Not a Collision with a Motor Vehicle in Transport,Reported as Unknown,Reported as Unknown
Utah,490230,1,SALT LAKE (35),SALT LAKE CITY,June,Friday,Local Street - Municipality,Urban,40.72536111,-111.8641556,Pedestrian,The First Harmful Event was Not a Collision with a Motor Vehicle in Transport,Daylight,Clear
Utah,490231,2,SAN JUAN (37),MONUMENT VALLEY,June,Tuesday,County Road,Rural,37.00423889,-110.1733833,Rollover/Overturn,The First Harmful Event was Not a Collision with a Motor Vehicle in Transport,Daylight,Clear
Utah,490233,2,GRAND (19),CISCO,October,Wednesday,Interstate,Rural,39.18815,-109.1102306,Traffic Sign Support,The First Harmful Event was Not a Collision with a Motor Vehicle in Transport,Reported as Unknown,Clear
Vermont,500001,1,WINDHAM (25),WILMINGTON,January,Saturday,State Highway,Rural,42.86483056,-72.85983056,Snow Bank,The First Harmful Event was Not a Collision with a Motor Vehicle in Transport,Daylight,Clear
Vermont,500002,4,WINDHAM (25),LONDONDERRY,January,Tuesday,State Highway,Rural,43.22160278,-72.79320278,Motor Vehicle In-Transport,Angle,Daylight,Snow
Vermont,500003,1,CHITTENDEN (7),RICHMOND,March,Monday,Local Street - Township,Rural,44.35613333,-72.99224167,Utility Pole/Light Support,The First Harmful Event was Not a Collision with a Motor Vehicle in Transport,Dusk,Cloudy
Vermont,500004,3,ADDISON (1),ADDISON,March,Friday,State Highway,Rural,44.09421389,-73.30095556,Motor Vehicle In-Transport,Front-to-Front,Dawn,Snow
Vermont,500005,1,ADDISON (1),WEYBRIDGE,April,Thursday,Local Street - Township,Rural,44.037925,-73.21135,Pedestrian,The First Harmful Event was Not a Collision with a Motor Vehicle in Transport,Daylight,Clear
Vermont,500006,3,WINDHAM (25),WESTMINSTER,May,Saturday,Local Street - Township,Rural,43.09339444,-72.47839167,Tree (Standing Only),The First Harmful Event was Not a Collision with a Motor Vehicle in Transport,Daylight,Clear
Vermont,500007,2,CHITTENDEN (7),COLCHESTER,May,Monday,U.S. Highway,Urban,44.50501944,-73.18130278,Motor Vehicle In-Transport,Angle,Daylight,Clear
Vermont,500009,1,LAMOILLE (15),STOWE,June,Saturday,State Highway,Rural,44.49250556,-72.637225,Embankment,The First Harmful Event was Not a Collision with a Motor Vehicle in Transport,Daylight,Clear
Vermont,500010,3,CALEDONIA (5),RYEGATE CORNER,June,Wednesday,Local Street - Township,Rural,44.262925,-72.171625,Motor Vehicle In-Transport,Front-to-Front,Daylight,Cloudy
Vermont,500011,1,CHITTENDEN (7),HINESBURG,June,Thursday,Local Street - Township,Rural,44.35174444,-73.10341111,Wall,The First Harmful Event was Not a Collision with a Motor Vehicle in Transport,Daylight,Clear
Vermont,500012,1,ORLEANS (19),MORGAN,July,Wednesday,State Highway,Rural,44.90645833,-71.997775,Tree (Standing Only),The First Harmful Event was Not a Collision with a Motor Vehicle in Transport,Daylight,Clear
Vermont,500013,2,ORLEANS (19),NEWPORT,July,Wednesday,State Highway,Rural,44.91639722,-72.33789722,Motor Vehicle In-Transport,Front-to-Front,Daylight,Clear
Vermont,500014,2,ORANGE (17),RANDOLPH,August,Thursday,Interstate,Rural,43.95141389,-72.62170278,Tree (Standing Only),The First Harmful Event was Not a Collision with a Motor Vehicle in Transport,Daylight,Clear
Vermont,500015,4,LAMOILLE (15),CAMBRIDGE,August,Tuesday,State Highway,Rural,44.64973056,-72.81658611,Motor Vehicle In-Transport,Front-to-Rear,Daylight,Clear
Vermont,500016,1,CALEDONIA (5),HARDWICK,August,Thursday,State Highway,Rural,44.50305833,-72.33483056,Rollover/Overturn,The First Harmful Event was Not a Collision with a Motor Vehicle in Transport,Dark - Not Lighted,Reported as Unknown
Vermont,500017,2,WINDSOR (27),SPRINGFIELD,August,Wednesday,Local Street - Township,Rural,43.28146111,-72.51516389,Tree (Standing Only),The First Harmful Event was Not a Collision with a Motor Vehicle in Transport,Dark - Not Lighted,Clear
Vermont,500018,3,CHITTENDEN (7),RICHMOND,August,Friday,Interstate,Rural,44.387825,-72.94216389,Motor Vehicle In-Transport,Front-to-Front,Daylight,Clear
Vermont,500019,1,ADDISON (1),NEW HAVEN,August,Friday,U.S. Highway,Rural,44.1228,-73.18274444,Pedestrian,The First Harmful Event was Not a Collision with a Motor Vehicle in Transport,Daylight,Clear
Vermont,500020,3,LAMOILLE (15),JOHNSON,August,Sunday,State Highway,Rural,44.64024444,-72.66057778,Motor Vehicle In-Transport,Front-to-Front,Daylight,Clear
Vermont,500021,1,WINDSOR (27),WEATHERSFIELD TOWN,September,Sunday,Interstate,Rural,43.41841389,-72.41313611,"Post, Pole or Other Supports",The First Harmful Event was Not a Collision with a Motor Vehicle in Transport,Dark - Not Lighted,"Fog, Smog, Smoke"
Vermont,500022,2,ORLEANS (19),ORLEANS,September,Saturday,U.S. Highway,Rural,44.75925556,-72.19582222,Rollover/Overturn,The First Harmful Event was Not a Collision with a Motor Vehicle in Transport,Daylight,Clear
Vermont,500023,3,FRANKLIN (11),SAINT ALBANS,September,Tuesday,U.S. Highway,Urban,44.83324444,-73.07911667,Motor Vehicle In-Transport,Front-to-Front,Daylight,Cloudy
Vermont,500024,1,FRANKLIN (11),SHELDON,September,Wednesday,Local Street - Township,Rural,44.86335833,-72.85198611,Embankment,The First Harmful Event was Not a Collision with a Motor Vehicle in Transport,Dark - Not Lighted,Cloudy
Vermont,500025,1,CHITTENDEN (7),RICHMOND,October,Thursday,Local Street - Township,Rural,44.40323056,-72.99510278,Pedestrian,The First Harmful Event was Not a Collision with a Motor Vehicle in Transport,Dark - Lighted,Rain
Vermont,500026,1,WINDSOR (27),BETHEL,October,Friday,Local Street - Township,Rural,43.82066944,-72.630125,Working Motor Vehicle,The First Harmful Event was Not a Collision with a Motor Vehicle in Transport,Daylight,Clear
Vermont,500028,3,ORLEANS (19),DERBY CENTER,October,Tuesday,Local Street - Township,Rural,44.95183889,-72.16726389,Motor Vehicle In-Transport,Angle,Daylight,Clear
Vermont,500029,1,WINDHAM (25),WHITINGHAM,October,Wednesday,State Highway,Rural,42.79495833,-72.82071111,Rollover/Overturn,The First Harmful Event was Not a Collision with a Motor Vehicle in Transport,Daylight,Clear
Vermont,500031,3,ORLEANS (19),LOWELL,October,Tuesday,State Highway,Rural,44.79929167,-72.447575,Motor Vehicle In-Transport,Angle,Daylight,Clear
Vermont,500032,3,CALEDONIA (5),LYNDON,October,Monday,U.S. Highway,Rural,44.49857778,-72.00433056,Motor Vehicle In-Transport,Front-to-Front,Daylight,Clear
Vermont,500033,3,RUTLAND (21),RUTLAND,October,Thursday,U.S. Highway,Urban,43.62083333,-72.97456111,Motor Vehicle In-Transport,Front-to-Rear,Daylight,Clear
Vermont,500034,2,ORLEANS (19),ORLEANS,November,Saturday,State Highway,Rural,44.81057222,-72.19612778,Tree (Standing Only),The First Harmful Event was Not a Collision with a Motor Vehicle in Transport,Dark - Lighted,Clear
Vermont,500035,1,WINDHAM (25),ATHENS,November,Wednesday,State Highway,Rural,43.14564444,-72.56178889,Tree (Standing Only),The First Harmful Event was Not a Collision with a Motor Vehicle in Transport,Daylight,Clear
Vermont,500036,2,WINDSOR (27),STOCKBRIDGE,November,Tuesday,State Highway,Rural,43.76631944,-72.71054722,Motor Vehicle In-Transport,Angle,Daylight,Snow
Vermont,500037,2,ORANGE (17),RANDOLPH,November,Sunday,Interstate,Rural,43.95528056,-72.62206111,Motor Vehicle In-Transport,Angle,Daylight,Snow
Vermont,500038,3,BENNINGTON (3),SEARSBURG,December,Sunday,State Highway,Rural,42.88630278,-72.95008611,Motor Vehicle In-Transport,Angle,Daylight,Clear
Vermont,500039,1,WINDSOR (27),SPRINGFIELD,December,Friday,Interstate,Rural,43.30942222,-72.42224722,Boulder,The First Harmful Event was Not a Collision with a Motor Vehicle in Transport,Daylight,Sleet or Hail
Vermont,500040,3,FRANKLIN (11),HIGHGATE CENTER,December,Tuesday,State Highway,Rural,44.939425,-72.99958611,Motor Vehicle In-Transport,Angle,Dark - Not Lighted,Snow
Vermont,500041,1,ORANGE (17),BRADFORD,December,Wednesday,U.S. Highway,Rural,44.02454444,-72.094025,Guardrail Face,The First Harmful Event was Not a Collision with a Motor Vehicle in Transport,Dark - Not Lighted,Snow
Vermont,500042,1,CALEDONIA (5),SAINT JOHNSBURY CENTER,December,Saturday,Local Street - Municipality,Urban,44.47051389,-71.94881667,Rollover/Overturn,The First Harmful Event was Not a Collision with a Motor Vehicle in Transport,Dark - Not Lighted,Clear
Vermont,500043,1,BENNINGTON (3),ARLINGTON,December,Thursday,State Highway,Rural,43.09484444,-73.20111944,Tree (Standing Only),The First Harmful Event was Not a Collision with a Motor Vehicle in Transport,Dark - Not Lighted,Clear
Virginia,510016,2,NORFOLK (710),NORFOLK,January,Sunday,Interstate,Urban,36.88223889,-76.21496944,Motor Vehicle In-Transport,Angle,Daylight,Rain
Virginia,510025,3,RICHMOND (760),RICHMOND,January,Sunday,State Highway,Urban,37.48201111,-77.4794,Utility Pole/Light Support,The First Harmful Event was Not a Collision with a Motor Vehicle in Transport,Dark - Lighted,Rain
Virginia,510091,2,NORFOLK (710),NORFOLK,February,Sunday,State Highway,Urban,36.89198056,-76.23143333,Motor Vehicle In-Transport,Angle,Dusk,Rain
Virginia,510102,1,RICHMOND (760),RICHMOND,March,Friday,U.S. Highway,Urban,37.52603056,-77.43621944,Traffic Signal Support,The First Harmful Event was Not a Collision with a Motor Vehicle in Transport,Dark - Lighted,Rain
Virginia,510116,1,PAGE (139),SHENANDOAH,February,Tuesday,County Road,Rural,38.48523056,-78.62583056,Pedestrian,The First Harmful Event was Not a Collision with a Motor Vehicle in Transport,Dark - Lighted,Rain
Virginia,510126,1,PORTSMOUTH (740),PORTSMOUTH,March,Saturday,Interstate,Urban,36.8295,-76.31373889,Concrete Traffic Barrier,The First Harmful Event was Not a Collision with a Motor Vehicle in Transport,Dark - Lighted,Rain
Virginia,510144,3,NEWPORT NEWS (700),NEWPORT NEWS,March,Friday,State Highway,Urban,37.0053,-76.43566944,Utility Pole/Light Support,The First Harmful Event was Not a Collision with a Motor Vehicle in Transport,Dark - Lighted,Rain
Virginia,510185,1,SUFFOLK (800),SUFFOLK,March,Thursday,Local Street - Municipality,Rural,36.76945,-76.68256944,Mail Box,The First Harmful Event was Not a Collision with a Motor Vehicle in Transport,Daylight,Rain
Virginia,510202,1,RICHMOND (760),RICHMOND,April,Saturday,State Highway,Urban,37.54148889,-77.41236944,Pedestrian,The First Harmful Event was Not a Collision with a Motor Vehicle in Transport,Dark - Lighted,Rain
Virginia,510294,1,PORTSMOUTH (740),PORTSMOUTH,May,Friday,Interstate,Urban,36.80576944,-76.36271944,Tree (Standing Only),The First Harmful Event was Not a Collision with a Motor Vehicle in Transport,Dark - Not Lighted,Rain
Virginia,510311,2,WASHINGTON (191),ABINGDON,June,Thursday,Interstate,Urban,36.69921944,-81.97108889,Motor Vehicle In-Transport,Angle,Dark - Not Lighted,Rain
Virginia,510328,2,SUFFOLK (800),SUFFOLK,June,Saturday,U.S. Highway,Rural,36.65541944,-76.82028889,Motor Vehicle In-Transport,Angle,Dark - Not Lighted,Rain
Virginia,510331,1,AMHERST (9),AMHERST,June,Monday,U.S. Highway,Rural,37.56498889,-79.05941944,Tree (Standing Only),The First Harmful Event was Not a Collision with a Motor Vehicle in Transport,Daylight,Rain
Virginia,510499,1,SUFFOLK (800),SUFFOLK,August,Sunday,U.S. Highway,Rural,36.64878889,-76.86978889,Tree (Standing Only),The First Harmful Event was Not a Collision with a Motor Vehicle in Transport,Daylight,Rain
Virginia,510627,1,MARTINSVILLE (690),MARTINSVILLE,October,Wednesday,Local Street - Municipality,Rural,36.68965,-79.87638056,Pedestrian,The First Harmful Event was Not a Collision with a Motor Vehicle in Transport,Dark - Lighted,Rain
Virginia,510647,1,SUFFOLK (800),SUFFOLK,November,Friday,U.S. Highway,Rural,36.70173056,-76.60121111,Tree (Standing Only),The First Harmful Event was Not a Collision with a Motor Vehicle in Transport,Dark - Not Lighted,Rain
Virginia,510653,2,TAZEWELL (185),BLUEFIELD,October,Saturday,State Highway,Rural,37.2426,-81.26143889,Traffic Sign Support,The First Harmful Event was Not a Collision with a Motor Vehicle in Transport,Dark - Lighted,Rain
Virginia,510658,1,RICHMOND (760),RICHMOND,November,Saturday,Local Street - Municipality,Urban,37.55213056,-77.44098889,Pedestrian,The First Harmful Event was Not a Collision with a Motor Vehicle in Transport,Dark - Not Lighted,Rain
Virginia,510673,1,NORFOLK (710),NORFOLK,November,Saturday,U.S. Highway,Urban,36.85143056,-76.285275,Pedestrian,The First Harmful Event was Not a Collision with a Motor Vehicle in Transport,Dark - Lighted,Rain
Virginia,510742,2,NEWPORT NEWS (700),NEWPORT NEWS,December,Tuesday,Local Street - Municipality,Urban,37.06403889,-76.45261944,Motor Vehicle In-Transport,Sideswipe - Same Direction,Dark - Not Lighted,Rain
Virginia,510765,1,HAMPTON (650),HAMPTON,December,Friday,State Highway,Urban,37.02256944,-76.326425,Curb,The First Harmful Event was Not a Collision with a Motor Vehicle in Transport,Dark - Lighted,"Fog, Smog, Smoke"
Washington,530001,1,KING (33),KENT,January,Saturday,Interstate,Urban,47.392375,-122.2912,Guardrail Face,The First Harmful Event was Not a Collision with a Motor Vehicle in Transport,Dark - Lighted,Cloudy
Washington,530008,1,KING (33),AUBURN,January,Wednesday,Local Street - Municipality,Urban,47.33342778,-122.2322083,Non-Motorist on Personal Conveyance,The First Harmful Event was Not a Collision with a Motor Vehicle in Transport,Daylight,Cloudy
Washington,530009,3,CLARK (11),VANCOUVER,January,Wednesday,Local Street - Municipality,Urban,45.62798611,-122.5346222,Motor Vehicle In-Transport,Front-to-Front,Daylight,Cloudy
Washington,530012,2,SNOHOMISH (61),LYNNWOOD,January,Sunday,Local Street - Municipality,Urban,47.81981389,-122.3358778,Motor Vehicle In-Transport,Angle,Daylight,Clear
Washington,530015,1,BENTON (5),KENNEWICK,January,Thursday,Local Street - Municipality,Urban,46.195875,-119.1379028,Pedestrian,The First Harmful Event was Not a Collision with a Motor Vehicle in Transport,Dark - Lighted,Rain
Washington,530016,1,COWLITZ (15),WOODLAND,January,Thursday,Interstate,Urban,45.90510278,-122.7410278,Tree (Standing Only),The First Harmful Event was Not a Collision with a Motor Vehicle in Transport,Dark - Not Lighted,Reported as Unknown
Washington,530029,4,SNOHOMISH (61),EVERETT,January,Sunday,Local Street - Municipality,Urban,47.89643056,-122.2506333,Fire Hydrant,The First Harmful Event was Not a Collision with a Motor Vehicle in Transport,Daylight,"Fog, Smog, Smoke"
Washington,530034,1,PIERCE (53),TACOMA,February,Tuesday,Local Street - Municipality,Urban,47.23962778,-122.4106139,Pedestrian,The First Harmful Event was Not a Collision with a Motor Vehicle in Transport,Dark - Lighted,Clear
Washington,530035,2,ADAMS (1),OTHELLO,January,Wednesday,State Highway,Urban,46.81145833,-119.1871139,Motor Vehicle In-Transport,Angle,Dark - Not Lighted,Clear
Washington,530037,2,CLARK (11),CAMAS,February,Wednesday,Local Street - Municipality,Urban,45.58839167,-122.397525,Tree (Standing Only),The First Harmful Event was Not a Collision with a Motor Vehicle in Transport,Dark - Lighted,Cloudy
Washington,530039,11,FRANKLIN (21),PASCO,February,Saturday,Interstate,Urban,46.26844722,-119.1919778,Motor Vehicle In-Transport,Front-to-Rear,Dark - Lighted,Rain
Washington,530041,1,KING (33),ISSAQUAH,January,Monday,Local Street - Municipality,Urban,47.51632778,-122.0269694,Curb,The First Harmful Event was Not a Collision with a Motor Vehicle in Transport,Dark - Lighted,Clear
Washington,530042,6,THURSTON (67),OLYMPIA,February,Saturday,Interstate,Urban,47.039075,-122.8714972,Parked Motor Vehicle,The First Harmful Event was Not a Collision with a Motor Vehicle in Transport,Daylight,Clear
Washington,530046,3,PIERCE (53),FIFE,February,Tuesday,Local Street - Municipality,Urban,47.24146944,-122.3361139,Motor Vehicle In-Transport,Front-to-Front,Dark - Not Lighted,Cloudy
Washington,530049,4,KING (33),RENTON,February,Friday,Local Street - Municipality,Urban,47.46693889,-122.2364806,Motor Vehicle In-Transport,Front-to-Front,Daylight,Clear
Washington,530051,1,KING (33),KENT,February,Sunday,State Highway,Urban,47.41946389,-122.1970139,Pedestrian,The First Harmful Event was Not a Collision with a Motor Vehicle in Transport,Dark - Lighted,Reported as Unknown
Washington,530055,4,KING (33),MAPLE VALLEY,February,Friday,State Highway,Urban,47.37480833,-122.0248028,Pedestrian,The First Harmful Event was Not a Collision with a Motor Vehicle in Transport,Dark - Lighted,Rain
Washington,530056,2,ADAMS (1),WASHTUCNA,February,Wednesday,State Highway,Rural,46.74230833,-118.2216333,Motor Vehicle In-Transport,Angle,Daylight,Snow
Washington,530060,3,PIERCE (53),TACOMA,February,Friday,State Highway,Urban,47.23703889,-122.3958806,Motor Vehicle In-Transport,Front-to-Rear,Daylight,Rain
Washington,530062,2,KING (33),REDMOND,February,Monday,State Highway,Urban,47.66606111,-122.1305361,Motor Vehicle In-Transport,Front-to-Front,Dark - Lighted,Clear
Washington,530064,1,SKAGIT (57),BURLINGTON,January,Tuesday,Interstate,Urban,48.46913056,-122.3420111,Pedestrian,The First Harmful Event was Not a Collision with a Motor Vehicle in Transport,Dark - Lighted,Cloudy
Washington,530066,4,KING (33),SEATTLE,January,Friday,State Highway,Urban,47.68983889,-122.3445972,Motor Vehicle In-Transport,Front-to-Rear,Dark - Lighted,Cloudy
Washington,530067,1,COWLITZ (15),LONGVIEW,March,Thursday,State Highway,Urban,46.11583056,-122.9312694,Curb,The First Harmful Event was Not a Collision with a Motor Vehicle in Transport,Dark - Lighted,Clear
Washington,530068,1,BENTON (5),RICHLAND,January,Tuesday,Local Street - Municipality,Urban,46.28110833,-119.2752139,Building,The First Harmful Event was Not a Collision with a Motor Vehicle in Transport,Dark - Lighted,Rain
Washington,530069,1,PIERCE (53),TACOMA,March,Friday,State Highway,Urban,47.25653333,-122.3601917,Pedalcyclist,The First Harmful Event was Not a Collision with a Motor Vehicle in Transport,Daylight,Clear
Washington,530070,3,SNOHOMISH (61),EVERETT,March,Saturday,State Highway,Urban,47.90018056,-122.2483583,Motor Vehicle In-Transport,Front-to-Front,Dark - Lighted,Cloudy
Washington,530072,1,WHATCOM (73),BELLINGHAM,March,Tuesday,Interstate,Urban,48.78206944,-122.4816806,Pedestrian,The First Harmful Event was Not a Collision with a Motor Vehicle in Transport,Dark - Lighted,Clear
Washington,530074,1,SKAGIT (57),MOUNT VERNON,March,Wednesday,Local Street - Municipality,Urban,48.43608889,-122.3431333,Pedestrian,The First Harmful Event was Not a Collision with a Motor Vehicle in Transport,Dark - Lighted,Clear
Washington,530076,1,KING (33),SEATTLE,January,Thursday,Local Street - Municipality,Urban,47.60468611,-122.3316194,Pedestrian,The First Harmful Event was Not a Collision with a Motor Vehicle in Transport,Dark - Lighted,Clear
Washington,530081,1,SNOHOMISH (61),EDMONDS,March,Monday,State Highway,Urban,47.78474167,-122.3424528,Pedestrian,The First Harmful Event was Not a Collision with a Motor Vehicle in Transport,Dark - Lighted,Clear
Washington,530082,2,THURSTON (67),TUMWATER,March,Thursday,Local Street - Municipality,Urban,47.00219444,-122.9187778,Utility Pole/Light Support,The First Harmful Event was Not a Collision with a Motor Vehicle in Transport,Dark - Lighted,Clear
Washington,530084,1,SPOKANE (63),SPOKANE,March,Friday,Local Street - Municipality,Urban,47.68607778,-117.3853528,Curb,The First Harmful Event was Not a Collision with a Motor Vehicle in Transport,Daylight,Clear
Washington,530085,1,SNOHOMISH (61),EVERETT,January,Tuesday,Local Street - Municipality,Urban,47.97653056,-122.2085472,Pedestrian,The First Harmful Event was Not a Collision with a Motor Vehicle in Transport,Dark - Lighted,Clear
Washington,530090,3,PIERCE (53),TACOMA,January,Monday,Local Street - Municipality,Urban,47.21943889,-122.4937667,Tree (Standing Only),The First Harmful Event was Not a Collision with a Motor Vehicle in Transport,Dark - Lighted,Clear
Washington,530093,1,KING (33),SEATTLE,March,Thursday,Interstate,Urban,47.62828889,-122.3276361,Concrete Traffic Barrier,The First Harmful Event was Not a Collision with a Motor Vehicle in Transport,Dark - Lighted,Clear
Washington,530094,1,COWLITZ (15),LONGVIEW,April,Thursday,Local Street - Municipality,Urban,46.13091667,-122.9407972,Pedestrian,The First Harmful Event was Not a Collision with a Motor Vehicle in Transport,Daylight,Cloudy
Washington,530098,1,CLARK (11),CAMAS,March,Friday,Local Street - Municipality,Urban,45.607425,-122.4163667,Rollover/Overturn,The First Harmful Event was Not a Collision with a Motor Vehicle in Transport,Daylight,Cloudy
Washington,530100,2,PIERCE (53),TACOMA,March,Friday,Interstate,Urban,47.23031111,-122.4521861,Motor Vehicle In-Transport,Front-to-Rear,Daylight,Clear
Washington,530106,3,KING (33),SEATTLE,February,Friday,State Highway,Urban,47.69070833,-122.3076083,Pedestrian,The First Harmful Event was Not a Collision with a Motor Vehicle in Transport,Dark - Lighted,Cloudy
Washington,530108,2,PIERCE (53),TACOMA,March,Tuesday,Local Street - Municipality,Urban,47.21299722,-122.4564056,Motor Vehicle In-Transport,Angle,Daylight,Clear
Washington,530113,3,GRAYS HARBOR (27),ABERDEEN,April,Monday,U.S. Highway,Urban,46.97734722,-123.8026278,Motor Vehicle In-Transport,Front-to-Front,Daylight,Cloudy
Washington,530114,1,KING (33),SEATTLE,February,Monday,Local Street - Municipality,Urban,47.519875,-122.2687556,Pedalcyclist,The First Harmful Event was Not a Collision with a Motor Vehicle in Transport,Daylight,Clear
Washington,530115,2,SPOKANE (63),SPOKANE VALLEY,April,Tuesday,Local Street - Municipality,Urban,47.66383611,-117.3200833,Motor Vehicle In-Transport,Angle,Daylight,Clear
Washington,530123,2,FRANKLIN (21),PASCO,March,Sunday,Interstate,Urban,46.26560556,-119.1794111,Rollover/Overturn,The First Harmful Event was Not a Collision with a Motor Vehicle in Transport,Daylight,Clear
Washington,530128,2,PIERCE (53),SUMNER,April,Saturday,Local Street - Municipality,Rural,47.22839444,-122.2551194,Motor Vehicle In-Transport,Front-to-Front,Dark - Not Lighted,Clear
Washington,530134,1,SNOHOMISH (61),EVERETT,March,Monday,State Highway,Urban,47.88940833,-122.2584306,Pedestrian,The First Harmful Event was Not a Collision with a Motor Vehicle in Transport,Dark - Lighted,Rain
Washington,530135,2,KING (33),SEATTLE,February,Tuesday,Interstate,Urban,47.53655278,-122.2984083,Motor Vehicle In-Transport,Front-to-Rear,Daylight,Rain
Washington,530141,1,PIERCE (53),TACOMA,May,Tuesday,Local Street - Municipality,Urban,47.28567222,-122.388925,Pedestrian,The First Harmful Event was Not a Collision with a Motor Vehicle in Transport,Dark - Lighted,Rain
Washington,530142,1,KING (33),AUBURN,January,Tuesday,State Highway,Urban,47.29356667,-122.2124556,Pedestrian,The First Harmful Event was Not a Collision with a Motor Vehicle in Transport,Dark - Lighted,Rain
Washington,530143,1,KING (33),SEATTLE,March,Friday,State Highway,Urban,47.72109167,-122.2941417,Pedestrian,The First Harmful Event was Not a Collision with a Motor Vehicle in Transport,Dark - Lighted,Clear
Washington,530145,1,SNOHOMISH (61),LYNNWOOD,May,Thursday,Local Street - Municipality,Urban,47.82828611,-122.2971944,Curb,The First Harmful Event was Not a Collision with a Motor Vehicle in Transport,Daylight,Rain
Washington,530152,1,SNOHOMISH (61),EVERETT,May,Saturday,Local Street - Municipality,Urban,48.00039167,-122.2111806,Pedestrian,The First Harmful Event was Not a Collision with a Motor Vehicle in Transport,Dusk,Cloudy
Washington,530155,2,KING (33),SEATTLE,May,Monday,State Highway,Urban,47.73393333,-122.3100583,Motor Vehicle In-Transport,Angle,Daylight,Clear
Washington,530159,1,COWLITZ (15),KALAMA,May,Friday,Local Street - Municipality,Urban,46.00892778,-122.8466028,Parked Motor Vehicle,The First Harmful Event was Not a Collision with a Motor Vehicle in Transport,Dark - Not Lighted,Cloudy
Washington,530162,4,SPOKANE (63),SPOKANE,June,Sunday,Local Street - Municipality,Urban,47.69346667,-117.4138417,Motor Vehicle In-Transport,Angle,Dusk,Clear
Washington,530166,1,THURSTON (67),OLYMPIA,March,Sunday,Local Street - Municipality,Urban,47.04150556,-122.9011472,Pedestrian,The First Harmful Event was Not a Collision with a Motor Vehicle in Transport,Daylight,Clear