State,Case Number,Persons,County,City,Month,Day,Route,Rural/Urban,Latitude,Longitude,First Harmful Event,Manner of Collision,Light Conditions,Weather
Washington,530503,0,PIERCE (53),TACOMA,July,Wednesday,Interstate,Urban,47.23288333,-122.4333056,Pedestrian,The First Harmful Event was Not a Collision with a Motor Vehicle in Transport,Daylight,Clear
Washington,530505,1,KING (33),SEATTLE,August,Wednesday,State Highway,Urban,47.69111667,-122.3446278,Pedestrian,The First Harmful Event was Not a Collision with a Motor Vehicle in Transport,Dark - Lighted,Clear
Washington,530506,2,PIERCE (53),TACOMA,July,Saturday,Local Street - Municipality,Urban,47.25786111,-122.5225528,Fence,The First Harmful Event was Not a Collision with a Motor Vehicle in Transport,Daylight,Clear
Washington,530507,1,PIERCE (53),SUMNER,September,Saturday,County Road,Rural,99.9999,999.9999,Rollover/Overturn,The First Harmful Event was Not a Collision with a Motor Vehicle in Transport,Dark - Not Lighted,Rain
West Virginia,540001,4,RALEIGH (81),ODD,January,Wednesday,County Road,Rural,37.60254167,-81.16365833,Tree (Standing Only),The First Harmful Event was Not a Collision with a Motor Vehicle in Transport,Dark - Not Lighted,Clear
West Virginia,540002,2,RALEIGH (81),RALEIGH,January,Wednesday,U.S. Highway,Urban,37.798875,-81.17780278,Motor Vehicle In-Transport,Front-to-Front,Dawn,Clear
West Virginia,540003,1,MASON (53),POINT PLEASANT,January,Wednesday,State Highway,Urban,38.84541389,-82.04970278,Ditch,The First Harmful Event was Not a Collision with a Motor Vehicle in Transport,Dark - Not Lighted,Snow
West Virginia,540004,1,BARBOUR (1),JUNIOR,January,Friday,County Road,Rural,38.97238889,-79.96150833,Rollover/Overturn,The First Harmful Event was Not a Collision with a Motor Vehicle in Transport,Dark - Not Lighted,Snow
West Virginia,540005,2,KANAWHA (39),SOUTH CHARLESTON,January,Friday,U.S. Highway,Urban,38.27246111,-81.78351667,Motor Vehicle In-Transport,Angle,Dark - Not Lighted,Cloudy
West Virginia,540007,2,WAYNE (99),FORT GAY,January,Saturday,U.S. Highway,Rural,38.12285,-82.58204722,Guardrail Face,The First Harmful Event was Not a Collision with a Motor Vehicle in Transport,Dusk,Rain
West Virginia,540010,1,BERKELEY (3),MARTINSBURG,January,Thursday,County Road,Urban,39.53942778,-77.90780556,Mail Box,The First Harmful Event was Not a Collision with a Motor Vehicle in Transport,Dark - Not Lighted,Snow
West Virginia,540011,1,BOONE (5),TWILIGHT,January,Friday,County Road,Rural,37.91027778,-81.60137222,Tree (Standing Only),The First Harmful Event was Not a Collision with a Motor Vehicle in Transport,Dark - Not Lighted,Rain
West Virginia,540013,3,RANDOLPH (83),ELKINS,January,Thursday,U.S. Highway,Urban,38.95263889,-79.858025,Motor Vehicle In-Transport,Angle,Daylight,Blowing Snow
West Virginia,540014,1,PUTNAM (79),HURRICANE,January,Wednesday,County Road,Urban,38.42693056,-82.04403611,Tree (Standing Only),The First Harmful Event was Not a Collision with a Motor Vehicle in Transport,Dark - Not Lighted,Clear
West Virginia,540015,2,TYLER (95),MIDDLEBOURNE,January,Sunday,State Highway,Rural,39.48231667,-80.86629722,Rollover/Overturn,The First Harmful Event was Not a Collision with a Motor Vehicle in Transport,Dark - Not Lighted,Clear
West Virginia,540017,4,BERKELEY (3),MARTINSBURG,January,Sunday,County Road,Urban,39.37594444,-77.99600833,Embankment,The First Harmful Event was Not a Collision with a Motor Vehicle in Transport,Dark - Not Lighted,Snow
West Virginia,540018,1,WOOD (107),VIENNA,January,Wednesday,State Highway,Urban,39.34539722,-81.53473333,Pedestrian,The First Harmful Event was Not a Collision with a Motor Vehicle in Transport,Daylight,Clear
West Virginia,540019,1,JEFFERSON (37),HARPERS FERRY,January,Monday,U.S. Highway,Urban,39.30630833,-77.80713889,Pedestrian,The First Harmful Event was Not a Collision with a Motor Vehicle in Transport,Daylight,Clear
West Virginia,540020,1,JEFFERSON (37),KEARNEYSVILLE,January,Friday,State Highway,Rural,39.37715833,-77.88843333,Ground,The First Harmful Event was Not a Collision with a Motor Vehicle in Transport,Daylight,Clear
West Virginia,540021,4,PRESTON (77),ALBRIGHT,February,Saturday,State Highway,Rural,39.50051111,-79.64433056,Rollover/Overturn,The First Harmful Event was Not a Collision with a Motor Vehicle in Transport,Daylight,Rain
West Virginia,540022,2,MERCER (55),CAMP CREEK,February,Thursday,Interstate,Rural,37.5087,-81.11925,Guardrail Face,The First Harmful Event was Not a Collision with a Motor Vehicle in Transport,Dark - Not Lighted,Rain
West Virginia,540024,6,NICHOLAS (67),MOUNT LOOKOUT,February,Monday,U.S. Highway,Rural,38.16028056,-80.90361111,Pedestrian,The First Harmful Event was Not a Collision with a Motor Vehicle in Transport,Dark - Not Lighted,"Fog, Smog, Smoke"
West Virginia,540025,1,WOOD (107),PARKERSBURG,February,Saturday,State Highway,Urban,39.27831944,-81.55462778,Rollover/Overturn,The First Harmful Event was Not a Collision with a Motor Vehicle in Transport,Dark - Not Lighted,Cloudy
West Virginia,540026,2,MINGO (59),DELBARTON,February,Monday,U.S. Highway,Rural,37.77428056,-82.23771944,Motor Vehicle In-Transport,Angle,Daylight,Cloudy
West Virginia,540027,1,RANDOLPH (83),HARMAN,February,Monday,U.S. Highway,Rural,38.88538611,-79.60167778,Ditch,The First Harmful Event was Not a Collision with a Motor Vehicle in Transport,Daylight,Snow
West Virginia,540029,1,MERCER (55),CAMP CREEK,February,Monday,Interstate,Rural,37.49325278,-81.09686944,Guardrail End,The First Harmful Event was Not a Collision with a Motor Vehicle in Transport,Daylight,Clear
West Virginia,540030,6,KANAWHA (39),CHARLESTON,February,Wednesday,U.S. Highway,Urban,38.28561111,-81.56158056,Motor Vehicle In-Transport,Front-to-Front,Daylight,Clear
West Virginia,540031,5,JEFFERSON (37),RANSON,February,Saturday,State Highway,Urban,39.30554722,-77.84167778,Motor Vehicle In-Transport,Angle,Dark - Not Lighted,Clear
West Virginia,540032,2,ROANE (87),SPENCER,March,Sunday,U.S. Highway,Rural,38.79097222,-81.13403611,Culvert,The First Harmful Event was Not a Collision with a Motor Vehicle in Transport,Daylight,Snow
West Virginia,540033,1,LEWIS (41),CAMDEN,March,Sunday,County Road,Rural,39.11465,-80.64221111,Tree (Standing Only),The First Harmful Event was Not a Collision with a Motor Vehicle in Transport,Daylight,Clear
West Virginia,540034,1,RANDOLPH (83),VALLEY BEND,March,Monday,U.S. Highway,Rural,38.62998889,-80.02604444,Culvert,The First Harmful Event was Not a Collision with a Motor Vehicle in Transport,Dark - Not Lighted,Clear
West Virginia,540035,1,KANAWHA (39),DUNBAR,March,Monday,State Highway,Urban,38.3713,-81.7087,"Post, Pole or Other Supports",The First Harmful Event was Not a Collision with a Motor Vehicle in Transport,Daylight,Clear
West Virginia,540036,1,BERKELEY (3),MARTINSBURG,March,Tuesday,Interstate,Urban,39.441925,-77.98909167,Pedestrian,The First Harmful Event was Not a Collision with a Motor Vehicle in Transport,Daylight,Clear
West Virginia,540037,1,MARION (49),BARRACKVILLE,March,Tuesday,County Road,Rural,39.514525,-80.16800278,Utility Pole/Light Support,The First Harmful Event was Not a Collision with a Motor Vehicle in Transport,Daylight,Clear
West Virginia,540038,1,RANDOLPH (83),ELKINS,March,Monday,County Road,Rural,38.98586389,-79.87001944,Rollover/Overturn,The First Harmful Event was Not a Collision with a Motor Vehicle in Transport,Daylight,Clear
West Virginia,540039,2,LOGAN (45),DAVIN,March,Tuesday,State Highway,Rural,37.72985278,-81.84333611,Utility Pole/Light Support,The First Harmful Event was Not a Collision with a Motor Vehicle in Transport,Daylight,Clear
West Virginia,540041,1,MCDOWELL (47),HENSLEY,March,Tuesday,County Road,Rural,37.44026111,-81.60296944,Tree (Standing Only),The First Harmful Event was Not a Collision with a Motor Vehicle in Transport,Daylight,Clear
West Virginia,540042,1,BOONE (5),UNEEDA,March,Saturday,State Highway,Rural,38.03533889,-81.78013889,Tree (Standing Only),The First Harmful Event was Not a Collision with a Motor Vehicle in Transport,Dark - Not Lighted,Cloudy
West Virginia,540043,1,OHIO (69),WHEELING,March,Sunday,Local Street - Municipality,Urban,40.07906944,-80.7253,Curb,The First Harmful Event was Not a Collision with a Motor Vehicle in Transport,Dark - Lighted,Clear
West Virginia,540046,2,JEFFERSON (37),CHARLES TOWN,March,Tuesday,U.S. Highway,Urban,39.26702222,-77.87097222,Motor Vehicle In-Transport,Angle,Daylight,Clear
West Virginia,540047,3,WOOD (107),SLATE,March,Tuesday,State Highway,Urban,39.12979167,-81.44406111,Motor Vehicle In-Transport,Front-to-Front,Daylight,Clear
West Virginia,540048,2,RALEIGH (81),BRADLEY,March,Tuesday,U.S. Highway,Rural,37.86631389,-81.19403333,Parked Motor Vehicle,The First Harmful Event was Not a Collision with a Motor Vehicle in Transport,Dark - Not Lighted,Clear
West Virginia,540049,3,NICHOLAS (67),SUMMERSVILLE,March,Monday,U.S. Highway,Rural,38.31087778,-80.83406389,Motor Vehicle In-Transport,Angle,Daylight,Clear
West Virginia,540050,2,MERCER (55),CAMP CREEK,March,Wednesday,Interstate,Rural,37.52778056,-81.10833056,Motor Vehicle In-Transport,Front-to-Rear,Daylight,Clear
West Virginia,540051,3,RALEIGH (81),RALEIGH,March,Friday,County Road,Urban,37.78839167,-81.18721944,Motor Vehicle In-Transport,Front-to-Rear,Daylight,Cloudy
West Virginia,540052,2,LOGAN (45),CHAPMANVILLE,March,Saturday,U.S. Highway,Urban,37.93510278,-82.01328333,Motor Vehicle In-Transport,Angle,Daylight,Clear
West Virginia,540053,1,JACKSON (35),EVANS,March,Friday,State Highway,Rural,38.80374167,-81.80433056,Embankment,The First Harmful Event was Not a Collision with a Motor Vehicle in Transport,Dark - Not Lighted,Clear
West Virginia,540055,1,TUCKER (93),SAINT GEORGE,April,Monday,State Highway,Rural,39.16119444,-79.71452222,Tree (Standing Only),The First Harmful Event was Not a Collision with a Motor Vehicle in Transport,Daylight,Snow
West Virginia,540056,2,LINCOLN (43),RANGER,April,Tuesday,County Road,Rural,38.14238056,-82.18088889,Railway Vehicle,The First Harmful Event was Not a Collision with a Motor Vehicle in Transport,Daylight,Clear
West Virginia,540057,1,LINCOLN (43),RANGER,April,Tuesday,State Highway,Rural,38.11954167,-82.18768611,Utility Pole/Light Support,The First Harmful Event was Not a Collision with a Motor Vehicle in Transport,Daylight,Clear
West Virginia,540058,3,UPSHUR (97),BUCKHANNON,April,Thursday,U.S. Highway,Rural,38.99234722,-80.19531111,Motor Vehicle In-Transport,Angle,Daylight,Clear
West Virginia,540059,2,MONROE (63),PETERSTOWN,April,Thursday,U.S. Highway,Rural,37.39563611,-80.78040556,Guardrail Face,The First Harmful Event was Not a Collision with a Motor Vehicle in Transport,Daylight,Clear
West Virginia,540060,1,RALEIGH (81),COAL CITY,March,Saturday,County Road,Rural,37.68458056,-81.216025,Pedestrian,The First Harmful Event was Not a Collision with a Motor Vehicle in Transport,Dark - Not Lighted,Clear
West Virginia,540061,2,MONROE (63),PETERSTOWN,April,Saturday,State Highway,Rural,37.40599444,-80.79207778,Motor Vehicle In-Transport,Angle,Daylight,Clear
West Virginia,540062,2,RALEIGH (81),GLEN MORGAN,April,Saturday,County Road,Rural,37.74132778,-81.16215833,Motor Vehicle In-Transport,Front-to-Front,Daylight,Clear
West Virginia,540063,3,MERCER (55),BLUEFIELD,April,Tuesday,State Highway,Urban,37.28454167,-81.22146944,Motor Vehicle In-Transport,Front-to-Front,Daylight,Clear
West Virginia,540064,1,KANAWHA (39),JARRETTS FORD,April,Wednesday,Interstate,Rural,38.470325,-81.47773333,Ditch,The First Harmful Event was Not a Collision with a Motor Vehicle in Transport,Dark - Not Lighted,Clear
West Virginia,540065,6,WAYNE (99),CRUM,April,Saturday,U.S. Highway,Rural,37.86382778,-82.41151944,Motor Vehicle In-Transport,Angle,Daylight,Rain
West Virginia,540067,3,BERKELEY (3),HEDGESVILLE,April,Friday,State Highway,Rural,39.55416944,-78.02325,Motor Vehicle In-Transport,Front-to-Front,Daylight,Cloudy
West Virginia,540069,6,LOGAN (45),CHAPMANVILLE,May,Thursday,U.S. Highway,Urban,37.96509722,-82.02332778,Motor Vehicle In-Transport,Angle,Daylight,Rain
West Virginia,540070,2,LEWIS (41),WESTON,May,Thursday,Interstate,Rural,39.00994444,-80.49548889,Rollover/Overturn,The First Harmful Event was Not a Collision with a Motor Vehicle in Transport,Daylight,Clear
West Virginia,540071,3,MORGAN (65),BERKELEY SPRINGS,May,Friday,U.S. Highway,Rural,39.68644444,-78.18806944,Motor Vehicle In-Transport,Front-to-Front,Daylight,Clear
West Virginia,540072,1,MARION (49),MANNINGTON,May,Sunday,County Road,Rural,39.49863889,-80.38685,Guardrail Face,The First Harmful Event was Not a Collision with a Motor Vehicle in Transport,Daylight,Cloudy
West Virginia,540073,1,JACKSON (35),RIPLEY,May,Monday,Interstate,Rural,38.83709167,-81.72328333,Guardrail Face,The First Harmful Event was Not a Collision with a Motor Vehicle in Transport,Daylight,"Fog, Smog, Smoke"
West Virginia,540074,2,GREENBRIER (25),FORT SPRING,May,Monday,State Highway,Rural,37.75328889,-80.548425,Motor Vehicle In-Transport,Front-to-Front,Daylight,Clear
West Virginia,540075,7,CABELL (11),HUNTINGTON,May,Saturday,State Highway,Urban,38.37973889,-82.346775,Motor Vehicle In-Transport,Front-to-Front,Daylight,Cloudy
West Virginia,540076,5,PUTNAM (79),FRAZIERS BOTTOM,May,Saturday,U.S. Highway,Rural,38.57905,-82.01568056,Motor Vehicle In-Transport,Angle,Daylight,Rain
West Virginia,540077,11,JEFFERSON (37),CHARLES TOWN,May,Saturday,U.S. Highway,Urban,39.28778611,-77.86368333,Motor Vehicle In-Transport,Front-to-Rear,Daylight,Clear
West Virginia,540078,5,WYOMING (109),JESSE,May,Wednesday,State Highway,Rural,37.65448056,-81.5664,Motor Vehicle In-Transport,Angle,Daylight,Clear
West Virginia,540079,2,BOONE (5),RACINE,May,Thursday,State Highway,Rural,38.13966667,-81.65433056,Motor Vehicle In-Transport,Front-to-Front,Daylight,Clear
West Virginia,540080,1,BRAXTON (7),LITTLE OTTER,May,Friday,Local Street - Township,Rural,38.65872778,-80.74229167,Ditch,The First Harmful Event was Not a Collision with a Motor Vehicle in Transport,Daylight,Clear
West Virginia,540081,1,KANAWHA (39),WARD,May,Friday,County Road,Urban,38.2382,-81.40915833,Pedestrian,The First Harmful Event was Not a Collision with a Motor Vehicle in Transport,Dark - Not Lighted,Clear
West Virginia,540082,2,KANAWHA (39),PINCH,May,Saturday,County Road,Urban,38.40019167,-81.49059722,Ditch,The First Harmful Event was Not a Collision with a Motor Vehicle in Transport,Daylight,Clear
West Virginia,540083,3,BERKELEY (3),GERRARDSTOWN,May,Sunday,State Highway,Rural,39.38455556,-78.12306944,Tree (Standing Only),The First Harmful Event was Not a Collision with a Motor Vehicle in Transport,Daylight,Clear
West Virginia,540084,2,MONONGALIA (61),MORGANTOWN,May,Monday,County Road,Urban,39.66665,-80.01714722,Motor Vehicle In-Transport,Angle,Daylight,Clear
West Virginia,540086,3,PUTNAM (79),FRAZIERS BOTTOM,May,Saturday,U.S. Highway,Rural,38.62236944,-81.98616111,Motor Vehicle In-Transport,Front-to-Front,Dark - Not Lighted,Clear
West Virginia,540088,3,WAYNE (99),WAYNE,May,Tuesday,State Highway,Rural,38.219225,-82.44106389,Motor Vehicle In-Transport,Front-to-Front,Daylight,Clear
West Virginia,540089,1,MCDOWELL (47),SQUIRE,May,Friday,State Highway,Rural,37.24125278,-81.61045833,Tree (Standing Only),The First Harmful Event was Not a Collision with a Motor Vehicle in Transport,Daylight,Clear
West Virginia,540092,2,MCDOWELL (47),IAEGER,June,Wednesday,U.S. Highway,Rural,37.49224444,-81.80664444,Motor Vehicle In-Transport,Front-to-Front,Daylight,Cloudy
West Virginia,540093,1,CABELL (11),BARBOURSVILLE,June,Sunday,U.S. Highway,Urban,38.41309444,-82.30867778,Pedestrian,The First Harmful Event was Not a Collision with a Motor Vehicle in Transport,Dark - Not Lighted,Clear
West Virginia,540094,1,CLAY (15),IVYDALE,June,Sunday,County Road,Rural,38.52641389,-81.02036111,Tree (Standing Only),The First Harmful Event was Not a Collision with a Motor Vehicle in Transport,Dark - Not Lighted,"Fog, Smog, Smoke"
West Virginia,540096,1,CABELL (11),HUNTINGTON,June,Saturday,U.S. Highway,Urban,38.42352222,-82.43505278,Pedestrian,The First Harmful Event was Not a Collision with a Motor Vehicle in Transport,Dark - Not Lighted,Clear
West Virginia,540098,2,PUTNAM (79),SCOTT DEPOT,June,Wednesday,Interstate,Urban,38.45421944,-81.91476111,Tree (Standing Only),The First Harmful Event was Not a Collision with a Motor Vehicle in Transport,Daylight,Clear
West Virginia,540099,3,LOGAN (45),BRUNO,June,Tuesday,State Highway,Rural,37.69435278,-81.87107222,Motor Vehicle In-Transport,Front-to-Front,Daylight,Clear
West Virginia,540101,2,KANAWHA (39),HERNSHAW,June,Tuesday,State Highway,Urban,38.18381667,-81.62759444,Motor Vehicle In-Transport,Front-to-Front,Daylight,Clear
West Virginia,540102,4,NICHOLAS (67),RICHWOOD,June,Wednesday,State Highway,Rural,38.21939167,-80.55979167,Pedestrian,The First Harmful Event was Not a Collision with a Motor Vehicle in Transport,Dusk,Clear
West Virginia,540103,1,KANAWHA (39),GALLAGHER,June,Thursday,County Road,Rural,38.17058333,-81.40160556,Pedalcyclist,The First Harmful Event was Not a Collision with a Motor Vehicle in Transport,Dark - Not Lighted,Clear
West Virginia,540104,1,KANAWHA (39),CHARLESTON,June,Thursday,State Highway,Urban,38.40986944,-81.54355833,Parked Motor Vehicle,The First Harmful Event was Not a Collision with a Motor Vehicle in Transport,Dawn,Clear
West Virginia,540105,1,NICHOLAS (67),FENWICK,June,Thursday,County Road,Rural,38.22072778,-80.61178889,Pedalcyclist,The First Harmful Event was Not a Collision with a Motor Vehicle in Transport,Daylight,Clear
West Virginia,540106,2,LOGAN (45),WILKINSON,June,Saturday,State Highway,Urban,37.8319,-81.99893889,Motor Vehicle In-Transport,Front-to-Front,Daylight,Clear
West Virginia,540108,1,LEWIS (41),JANE LEW,June,Saturday,Interstate,Rural,39.11093056,-80.39143333,Boulder,The First Harmful Event was Not a Collision with a Motor Vehicle in Transport,Daylight,Clear
West Virginia,540109,1,HAMPSHIRE (27),POINTS,June,Saturday,County Road,Rural,39.4327,-78.6008,Ditch,The First Harmful Event was Not a Collision with a Motor Vehicle in Transport,Dusk,Clear
West Virginia,540110,4,BERKELEY (3),MARTINSBURG,June,Monday,Interstate,Urban,39.515275,-77.93240833,Fence,The First Harmful Event was Not a Collision with a Motor Vehicle in Transport,Dark - Not Lighted,Clear
West Virginia,540111,2,KANAWHA (39),CEDAR GROVE,April,Thursday,U.S. Highway,Rural,38.20418889,-81.47805278,Ditch,The First Harmful Event was Not a Collision with a Motor Vehicle in Transport,Daylight,Clear
West Virginia,540112,3,KANAWHA (39),CHARLESTON,May,Friday,Interstate,Urban,38.3603,-81.6351,Parked Motor Vehicle,The First Harmful Event was Not a Collision with a Motor Vehicle in Transport,Daylight,Clear
West Virginia,540113,1,KANAWHA (39),BIG CHIMNEY,May,Saturday,County Road,Rural,38.41806389,-81.58548333,Embankment,The First Harmful Event was Not a Collision with a Motor Vehicle in Transport,Dark - Not Lighted,Clear
West Virginia,540114,1,BERKELEY (3),MARTINSBURG,July,Monday,County Road,Urban,39.45452222,-77.94076389,Utility Pole/Light Support,The First Harmful Event was Not a Collision with a Motor Vehicle in Transport,Daylight,Clear
West Virginia,540115,1,JEFFERSON (37),SUMMIT POINT,July,Monday,County Road,Rural,39.24256944,-77.97113056,Other Fixed Object,The First Harmful Event was Not a Collision with a Motor Vehicle in Transport,Dark - Not Lighted,Clear
West Virginia,540116,6,PUTNAM (79),FRAZIERS BOTTOM,July,Wednesday,U.S. Highway,Rural,38.54870833,-81.97998056,Motor Vehicle In-Transport,Angle,Daylight,Clear
West Virginia,540117,1,RITCHIE (85),PENNSBORO,July,Monday,U.S. Highway,Rural,39.2693,-80.9147,Guardrail Face,The First Harmful Event was Not a Collision with a Motor Vehicle in Transport,Daylight,Clear
West Virginia,540118,3,BERKELEY (3),GERRARDSTOWN,July,Friday,County Road,Rural,39.39857222,-78.08876944,Pedestrian,The First Harmful Event was Not a Collision with a Motor Vehicle in Transport,Daylight,Clear
West Virginia,540120,1,WOOD (107),ROCKPORT,July,Saturday,Interstate,Rural,39.11053056,-81.54540833,Embankment,The First Harmful Event was Not a Collision with a Motor Vehicle in Transport,Daylight,Clear
West Virginia,540121,1,PRESTON (77),MASONTOWN,July,Saturday,County Road,Rural,39.53814167,-79.779725,Parked Motor Vehicle,The First Harmful Event was Not a Collision with a Motor Vehicle in Transport,Dark - Not Lighted,Clear
West Virginia,540122,2,BERKELEY (3),BUNKER HILL,July,Tuesday,State Highway,Urban,39.33483056,-78.01699444,Motor Vehicle In-Transport,Angle,Daylight,Cloudy
West Virginia,540124,1,LEWIS (41),WESTON,July,Wednesday,Interstate,Rural,39.01791944,-80.43041944,Pedestrian,The First Harmful Event was Not a Collision with a Motor Vehicle in Transport,Daylight,Clear
West Virginia,540126,3,CABELL (11),MILTON,July,Saturday,Interstate,Rural,38.42955556,-82.22578333,Bridge Rail (Includes parapet),The First Harmful Event was Not a Collision with a Motor Vehicle in Transport,Dark - Not Lighted,Clear
West Virginia,540127,1,KANAWHA (39),CHARLESTON,July,Monday,Local Street - Municipality,Trafficway Not in State Inventory,38.30521944,-81.59481944,Pedestrian,The First Harmful Event was Not a Collision with a Motor Vehicle in Transport,Daylight,Clear
West Virginia,540128,1,CLAY (15),CLAY,July,Tuesday,County Road,Rural,38.46319722,-81.07346667,Tree (Standing Only),The First Harmful Event was Not a Collision with a Motor Vehicle in Transport,Daylight,Clear
West Virginia,540129,3,RITCHIE (85),HARRISVILLE,July,Wednesday,State Highway,Rural,39.22513889,-81.03263611,Motor Vehicle In-Transport,Angle,Daylight,Clear
West Virginia,540130,1,CABELL (11),BARBOURSVILLE,August,Friday,State Highway,Urban,38.45915833,-82.29533611,Pedestrian,The First Harmful Event was Not a Collision with a Motor Vehicle in Transport,Dark - Not Lighted,Clear
West Virginia,540132,1,MASON (53),LEON,August,Saturday,State Highway,Rural,38.74916111,-81.96240278,Guardrail Face,The First Harmful Event was Not a Collision with a Motor Vehicle in Transport,Daylight,Clear
West Virginia,540134,2,RALEIGH (81),SOPHIA,August,Tuesday,State Highway,Rural,37.70766389,-81.25030833,Motor Vehicle In-Transport,Front-to-Front,Daylight,Clear
West Virginia,540135,2,RALEIGH (81),SOPHIA,August,Thursday,State Highway,Urban,37.70764444,-81.25034167,Utility Pole/Light Support,The First Harmful Event was Not a Collision with a Motor Vehicle in Transport,Daylight,Clear
West Virginia,540136,1,BERKELEY (3),INWOOD,August,Thursday,County Road,Rural,39.43888056,-78.13503889,Fell/Jumped from Vehicle,The First Harmful Event was Not a Collision with a Motor Vehicle in Transport,Daylight,Clear
West Virginia,540137,4,NICHOLAS (67),BIRCH RIVER,August,Saturday,U.S. Highway,Rural,38.43421111,-80.78693889,Motor Vehicle In-Transport,Front-to-Rear,Daylight,Clear
West Virginia,540138,3,RALEIGH (81),STANAFORD,August,Wednesday,State Highway,Urban,37.81106944,-81.15703333,Motor Vehicle In-Transport,Angle,Daylight,Clear
West Virginia,540139,2,MERCER (55),PRINCETON,August,Thursday,State Highway,Urban,37.36664444,-81.07378056,Pedestrian,The First Harmful Event was Not a Collision with a Motor Vehicle in Transport,Dark - Not Lighted,Clear
West Virginia,540140,1,CABELL (11),CULLODEN,August,Thursday,U.S. Highway,Urban,38.41906944,-82.05952778,Pedestrian,The First Harmful Event was Not a Collision with a Motor Vehicle in Transport,Dark - Not Lighted,Clear
West Virginia,540141,1,MASON (53),GLENWOOD,August,Friday,State Highway,Rural,38.593475,-82.18386944,Utility Pole/Light Support,The First Harmful Event was Not a Collision with a Motor Vehicle in Transport,Dark - Not Lighted,"Fog, Smog, Smoke"
West Virginia,540142,3,JEFFERSON (37),LEETOWN,August,Sunday,County Road,Rural,39.34224444,-77.92727778,Motor Vehicle In-Transport,Front-to-Front,Dark - Not Lighted,Clear
West Virginia,540146,2,CALHOUN (13),FIVE FORKS,August,Saturday,County Road,Rural,38.98690833,-81.03353611,Parked Motor Vehicle,The First Harmful Event was Not a Collision with a Motor Vehicle in Transport,Dark - Not Lighted,Clear
West Virginia,540147,1,CABELL (11),LESAGE,August,Sunday,State Highway,Urban,38.46854167,-82.3009,Guardrail Face,The First Harmful Event was Not a Collision with a Motor Vehicle in Transport,Dark - Not Lighted,Clear
West Virginia,540148,2,WETZEL (103),NEW MARTINSVILLE,August,Thursday,State Highway,Rural,39.61147778,-80.878275,Ditch,The First Harmful Event was Not a Collision with a Motor Vehicle in Transport,Dark - Not Lighted,Clear
West Virginia,540149,1,CABELL (11),HUNTINGTON,August,Friday,State Highway,Urban,38.414625,-82.44468056,Parked Motor Vehicle,The First Harmful Event was Not a Collision with a Motor Vehicle in Transport,Daylight,Clear
West Virginia,540150,1,LEWIS (41),WESTON,August,Saturday,County Road,Rural,39.03970833,-80.38556667,Other Fixed Object,The First Harmful Event was Not a Collision with a Motor Vehicle in Transport,Dark - Not Lighted,Clear
West Virginia,540151,4,LEWIS (41),WESTON,August,Saturday,U.S. Highway,Urban,39.01695833,-80.47851389,Motor Vehicle In-Transport,Angle,Daylight,Clear
West Virginia,540152,1,MERCER (55),BLUEFIELD,May,Tuesday,Interstate,Rural,37.31525278,-81.05914722,Cable Barrier,The First Harmful Event was Not a Collision with a Motor Vehicle in Transport,Daylight,Clear
West Virginia,540154,1,BARBOUR (1),PHILIPPI,August,Saturday,County Road,Urban,39.08193889,-79.99971944,Rollover/Overturn,The First Harmful Event was Not a Collision with a Motor Vehicle in Transport,Daylight,Clear
West Virginia,540155,2,WAYNE (99),GENOA,May,Sunday,State Highway,Rural,38.07961944,-82.45676111,Motor Vehicle In-Transport,Angle,Daylight,Clear
West Virginia,540158,3,MERCER (55),PRINCETON,September,Sunday,U.S. Highway,Rural,37.34098889,-80.97663889,Motor Vehicle In-Transport,Front-to-Rear,Daylight,Clear
West Virginia,540160,3,RANDOLPH (83),NORTON,September,Wednesday,U.S. Highway,Rural,38.9446,-79.9542,Motor Vehicle In-Transport,Angle,Daylight,Clear
West Virginia,540161,1,MASON (53),HENDERSON,September,Thursday,U.S. Highway,Rural,38.83313056,-82.14574444,Pedestrian,The First Harmful Event was Not a Collision with a Motor Vehicle in Transport,Dark - Lighted,Clear
West Virginia,540162,4,MONONGALIA (61),CORE,September,Thursday,County Road,Rural,39.68300278,-80.10918611,Motor Vehicle In-Transport,Sideswipe - Opposite Direction,Daylight,Clear
West Virginia,540163,1,RALEIGH (81),PINEY VIEW,September,Saturday,State Highway,Urban,37.82854444,-81.14123611,Other Fixed Object,The First Harmful Event was Not a Collision with a Motor Vehicle in Transport,Dark - Not Lighted,Clear
West Virginia,540165,1,RALEIGH (81),FAIRDALE,September,Tuesday,County Road,Rural,37.77359444,-81.37422778,"Post, Pole or Other Supports",The First Harmful Event was Not a Collision with a Motor Vehicle in Transport,Daylight,Clear
West Virginia,540166,3,JACKSON (35),RIPLEY,September,Thursday,County Road,Rural,38.78053333,-81.74623611,Tree (Standing Only),The First Harmful Event was Not a Collision with a Motor Vehicle in Transport,Daylight,Clear
West Virginia,540167,3,LOGAN (45),CHAPMANVILLE,September,Thursday,County Road,Rural,37.8988,-82.05921944,Motor Vehicle In-Transport,Front-to-Front,Dark - Not Lighted,Clear