State,Case Number,Persons,County,City,Month,Day,Route,Rural/Urban,Latitude,Longitude,First Harmful Event,Manner of Collision,Light Conditions,Weather
Wisconsin,550202,3,WAUKESHA (133),MUSKEGO,June,Friday,County Road,Urban,42.89781111,-88.14545833,Motor Vehicle In-Transport,Angle,Dark - Not Lighted,Clear
Wisconsin,550203,1,WAUKESHA (133),NEW BERLIN,June,Tuesday,County Road,Urban,42.93012778,-88.18391389,Other Object (not fixed),The First Harmful Event was Not a Collision with a Motor Vehicle in Transport,Daylight,Cloudy
Wisconsin,550204,1,LA CROSSE (63),HOLMEN,June,Wednesday,U.S. Highway,Urban,44.01726944,-91.28822222,Rollover/Overturn,The First Harmful Event was Not a Collision with a Motor Vehicle in Transport,Dark - Not Lighted,Clear
Wisconsin,550206,1,WAUKESHA (133),NEW BERLIN,June,Saturday,County Road,Urban,42.97363333,-88.11201944,Pedestrian,The First Harmful Event was Not a Collision with a Motor Vehicle in Transport,Dark - Lighted,Cloudy
Wisconsin,550208,2,MILWAUKEE (79),MILWAUKEE,June,Tuesday,State Highway,Urban,43.09006111,-87.98691944,Motor Vehicle In-Transport,Angle,Dark - Lighted,Clear
Wisconsin,550209,2,MANITOWOC (71),MANITOWOC,June,Wednesday,U.S. Highway,Urban,44.07145556,-87.75798889,Motor Vehicle In-Transport,Front-to-Front,Daylight,Clear
Wisconsin,550214,2,MILWAUKEE (79),WEST ALLIS,June,Saturday,Local Street - Municipality,Urban,43.00598333,-87.98386389,Motor Vehicle In-Transport,Angle,Daylight,Clear
Wisconsin,550217,4,MILWAUKEE (79),MILWAUKEE,June,Friday,Local Street - Municipality,Urban,43.00306944,-87.955425,Motor Vehicle In-Transport,Angle,Dark - Lighted,Clear
Wisconsin,550218,1,MILWAUKEE (79),HALES CORNERS,July,Saturday,Local Street - Municipality,Urban,42.94981389,-88.03451389,Pedestrian,The First Harmful Event was Not a Collision with a Motor Vehicle in Transport,Dark - Not Lighted,Clear
Wisconsin,550220,2,ST. CROIX (109),DEER PARK,July,Saturday,State Highway,Rural,45.18839444,-92.38533611,Motor Vehicle In-Transport,Angle,Daylight,Cloudy
Wisconsin,550225,5,JUNEAU (57),MAUSTON,June,Wednesday,Interstate,Urban,43.80904167,-90.06933889,Motor Vehicle In-Transport,Sideswipe - Same Direction,Daylight,Clear
Wisconsin,550231,1,MARINETTE (75),MARINETTE,July,Monday,Local Street - Municipality,Urban,45.09830278,-87.64673333,Fell/Jumped from Vehicle,The First Harmful Event was Not a Collision with a Motor Vehicle in Transport,Daylight,Clear
Wisconsin,550232,2,MANITOWOC (71),NEWTON,July,Friday,County Road,Rural,44.04474167,-87.70166667,Motor Vehicle In-Transport,Angle,Daylight,Cloudy
Wisconsin,550233,1,KENOSHA (59),TWIN LAKES,July,Sunday,County Road,Urban,42.54941667,-88.26189444,Utility Pole/Light Support,The First Harmful Event was Not a Collision with a Motor Vehicle in Transport,Dark - Lighted,Clear
Wisconsin,550235,2,MANITOWOC (71),REEDSVILLE,July,Sunday,U.S. Highway,Urban,44.15728611,-87.96277222,Pedestrian,The First Harmful Event was Not a Collision with a Motor Vehicle in Transport,Dark - Not Lighted,Clear
Wisconsin,550239,1,RACINE (101),CALEDONIA,July,Sunday,Local Street - Municipality,Urban,42.84274444,-87.89056389,Rollover/Overturn,The First Harmful Event was Not a Collision with a Motor Vehicle in Transport,Dark - Not Lighted,Clear
Wisconsin,550241,5,MILWAUKEE (79),SOUTH MILWAUKEE,July,Thursday,State Highway,Urban,42.86931111,-87.91300833,Motor Vehicle In-Transport,Front-to-Rear,Daylight,Clear
Wisconsin,550245,1,WAUKESHA (133),BROOKFIELD,July,Thursday,State Highway,Urban,43.08997778,-88.12194167,Pedestrian,The First Harmful Event was Not a Collision with a Motor Vehicle in Transport,Dark - Not Lighted,Clear
Wisconsin,550250,1,ROCK (105),JANESVILLE,July,Wednesday,Local Street - Municipality,Urban,42.71489444,-89.00548611,Parked Motor Vehicle,The First Harmful Event was Not a Collision with a Motor Vehicle in Transport,Daylight,Clear
Wisconsin,550251,2,DANE (25),MADISON,July,Friday,U.S. Highway,Urban,43.06706667,-89.385725,Motor Vehicle In-Transport,Angle,Dark - Not Lighted,Clear
Wisconsin,550253,1,DANE (25),MADISON,July,Tuesday,Local Street - Municipality,Urban,43.09623889,-89.316275,Embankment,The First Harmful Event was Not a Collision with a Motor Vehicle in Transport,Daylight,Clear
Wisconsin,550256,1,FOREST (41),ARMSTRONG CREEK,August,Saturday,U.S. Highway,Rural,45.65771944,-88.52433611,Tree (Standing Only),The First Harmful Event was Not a Collision with a Motor Vehicle in Transport,Daylight,Cloudy
Wisconsin,550257,4,MILWAUKEE (79),SOUTH MILWAUKEE,August,Sunday,State Highway,Urban,42.90110833,-87.91141667,Motor Vehicle In-Transport,Angle,Daylight,Clear
Wisconsin,550258,1,MILWAUKEE (79),MILWAUKEE,July,Monday,Local Street - Municipality,Urban,43.11198333,-87.97376667,Pedestrian,The First Harmful Event was Not a Collision with a Motor Vehicle in Transport,Dark - Lighted,Clear
Wisconsin,550263,4,WOOD (141),BIRON,August,Monday,State Highway,Urban,44.40786944,-89.78676389,Motor Vehicle In-Transport,Angle,Daylight,Cloudy
Wisconsin,550265,2,DANE (25),SUN PRAIRIE,August,Wednesday,State Highway,Rural,43.18091667,-89.18681944,Motor Vehicle In-Transport,Angle,Daylight,Clear
Wisconsin,550268,4,MILWAUKEE (79),MILWAUKEE,July,Saturday,County Road,Urban,43.14851667,-88.02511944,Motor Vehicle In-Transport,Angle,Dark - Lighted,Clear
Wisconsin,550270,2,OUTAGAMIE (87),APPLETON,August,Friday,Interstate,Urban,44.29797778,-88.36705278,Motor Vehicle In-Transport,Front-to-Rear,Daylight,Clear
Wisconsin,550271,1,MILWAUKEE (79),MILWAUKEE,July,Tuesday,State Highway,Urban,43.17764167,-88.02390556,Pedestrian,The First Harmful Event was Not a Collision with a Motor Vehicle in Transport,Daylight,Clear
Wisconsin,550278,8,DODGE (27),BURNETT,July,Tuesday,County Road,Rural,43.47055833,-88.67800278,Motor Vehicle In-Transport,Angle,Daylight,Clear
Wisconsin,550279,1,MILWAUKEE (79),GREENFIELD,July,Monday,County Road,Urban,42.97985556,-88.039375,Concrete Traffic Barrier,The First Harmful Event was Not a Collision with a Motor Vehicle in Transport,Dark - Not Lighted,Clear
Wisconsin,550282,2,OUTAGAMIE (87),LITTLE CHUTE,July,Monday,County Road,Urban,44.28829444,-88.29154444,Pedalcyclist,The First Harmful Event was Not a Collision with a Motor Vehicle in Transport,Daylight,Clear
Wisconsin,550285,3,DANE (25),MCFARLAND,August,Sunday,U.S. Highway,Urban,43.03371944,-89.29938056,Motor Vehicle In-Transport,Front-to-Rear,Daylight,Clear
Wisconsin,550288,6,WALWORTH (127),WHITEWATER,August,Thursday,U.S. Highway,Urban,42.82710833,-88.770725,Motor Vehicle In-Transport,Angle,Dusk,Clear
Wisconsin,550290,2,MILWAUKEE (79),MILWAUKEE,August,Thursday,Local Street - Municipality,Urban,43.07114722,-87.92672778,Motor Vehicle In-Transport,Angle,Dark - Lighted,Clear
Wisconsin,550292,1,MILWAUKEE (79),MILWAUKEE,August,Monday,Interstate,Urban,43.03556944,-87.93760833,Traffic Sign Support,The First Harmful Event was Not a Collision with a Motor Vehicle in Transport,Daylight,Cloudy
Wisconsin,550297,2,WASHINGTON (131),SLINGER,August,Tuesday,Interstate,Urban,43.33780833,-88.26896944,Guardrail Face,The First Harmful Event was Not a Collision with a Motor Vehicle in Transport,Dark - Not Lighted,Clear
Wisconsin,550298,1,ROCK (105),JANESVILLE,August,Friday,U.S. Highway,Urban,42.70188611,-89.03089722,Pedestrian,The First Harmful Event was Not a Collision with a Motor Vehicle in Transport,Dark - Lighted,Clear
Wisconsin,550303,1,WAUKESHA (133),ELM GROVE,August,Saturday,U.S. Highway,Urban,43.03606944,-88.10238056,Pedestrian,The First Harmful Event was Not a Collision with a Motor Vehicle in Transport,Daylight,Cloudy
Wisconsin,550306,1,MILWAUKEE (79),MILWAUKEE,August,Friday,Local Street - Municipality,Urban,43.00946111,-87.92561944,Rollover/Overturn,The First Harmful Event was Not a Collision with a Motor Vehicle in Transport,Daylight,Clear
Wisconsin,550309,2,VILAS (125),BOULDER JUNCTION,August,Thursday,U.S. Highway,Rural,46.06640556,-89.75531111,Motor Vehicle In-Transport,Angle,Daylight,Cloudy
Wisconsin,550312,5,MILWAUKEE (79),MILWAUKEE,August,Wednesday,State Highway,Urban,43.10405,-87.994025,Motor Vehicle In-Transport,Sideswipe - Same Direction,Daylight,Cloudy
Wisconsin,550317,2,POLK (95),CENTURIA,August,Monday,State Highway,Urban,45.44715278,-92.54954444,Motor Vehicle In-Transport,Angle,Daylight,Clear
Wisconsin,550318,2,DANE (25),FITCHBURG,August,Wednesday,County Road,Urban,43.02396389,-89.38026111,Motor Vehicle In-Transport,Angle,Daylight,Clear
Wisconsin,550320,1,WINNEBAGO (139),OSHKOSH,August,Tuesday,Local Street - Municipality,Urban,44.01790278,-88.56854722,Pedestrian,The First Harmful Event was Not a Collision with a Motor Vehicle in Transport,Daylight,Clear
Wisconsin,550323,1,MILWAUKEE (79),MILWAUKEE,August,Friday,State Highway,Urban,43.10681111,-87.93173333,Pedestrian,The First Harmful Event was Not a Collision with a Motor Vehicle in Transport,Daylight,Clear
Wisconsin,550324,1,MILWAUKEE (79),MILWAUKEE,August,Thursday,Local Street - Municipality,Urban,43.07893333,-87.92613889,Pedestrian,The First Harmful Event was Not a Collision with a Motor Vehicle in Transport,Dark - Lighted,Clear
Wisconsin,550325,3,MILWAUKEE (79),SOUTH MILWAUKEE,August,Friday,Interstate,Urban,42.89605278,-87.93628889,Concrete Traffic Barrier,The First Harmful Event was Not a Collision with a Motor Vehicle in Transport,Daylight,Clear
Wisconsin,550328,1,FOND DU LAC (39),FOND DU LAC,September,Sunday,Local Street - Municipality,Urban,43.78205833,-88.39708611,Curb,The First Harmful Event was Not a Collision with a Motor Vehicle in Transport,Dark - Lighted,Clear
Wisconsin,550329,1,MILWAUKEE (79),MILWAUKEE,August,Sunday,Local Street - Municipality,Urban,43.09250278,-87.98686389,Curb,The First Harmful Event was Not a Collision with a Motor Vehicle in Transport,Dark - Lighted,Clear
Wisconsin,550330,2,WALWORTH (127),WHITEWATER,August,Friday,U.S. Highway,Urban,42.82710278,-88.77079167,Motor Vehicle In-Transport,Angle,Daylight,Clear
Wisconsin,550332,5,DANE (25),MADISON,August,Thursday,U.S. Highway,Urban,43.08958056,-89.36290556,Motor Vehicle In-Transport,Front-to-Rear,Dark - Lighted,Clear
Wisconsin,550333,2,EAU CLAIRE (35),ALTOONA,August,Thursday,U.S. Highway,Urban,44.80319444,-91.45544167,Rollover/Overturn,The First Harmful Event was Not a Collision with a Motor Vehicle in Transport,Daylight,Clear
Wisconsin,550339,2,MILWAUKEE (79),MILWAUKEE,September,Thursday,State Highway,Urban,43.10705,-88.00598333,Tree (Standing Only),The First Harmful Event was Not a Collision with a Motor Vehicle in Transport,Dark - Lighted,Clear
Wisconsin,550341,1,MILWAUKEE (79),MILWAUKEE,August,Monday,Local Street - Municipality,Urban,43.08449722,-87.92474167,Pedestrian,The First Harmful Event was Not a Collision with a Motor Vehicle in Transport,Dark - Lighted,Clear
Wisconsin,550342,2,ROCK (105),MILTON,September,Sunday,Local Street - Municipality,Urban,42.77268889,-88.93446667,Parked Motor Vehicle,The First Harmful Event was Not a Collision with a Motor Vehicle in Transport,Dark - Lighted,Clear
Wisconsin,550344,4,MILWAUKEE (79),MILWAUKEE,September,Tuesday,Local Street - Municipality,Urban,43.06057222,-87.94750833,Traffic Signal Support,The First Harmful Event was Not a Collision with a Motor Vehicle in Transport,Dark - Lighted,Clear
Wisconsin,550351,2,RACINE (101),RACINE,August,Sunday,Local Street - Municipality,Urban,42.70424722,-87.81606944,Tree (Standing Only),The First Harmful Event was Not a Collision with a Motor Vehicle in Transport,Daylight,Clear
Wisconsin,550352,5,WALWORTH (127),ELKHORN,August,Wednesday,U.S. Highway,Urban,42.68065,-88.52595556,Motor Vehicle In-Transport,Angle,Dark - Lighted,Clear
Wisconsin,550356,1,MILWAUKEE (79),SOUTH MILWAUKEE,September,Tuesday,State Highway,Urban,42.92868333,-87.94933056,Pedestrian,The First Harmful Event was Not a Collision with a Motor Vehicle in Transport,Daylight,Clear
Wisconsin,550361,4,DANE (25),MADISON,September,Wednesday,Local Street - Municipality,Urban,43.06034722,-89.52571389,Motor Vehicle In-Transport,Angle,Daylight,Clear
Wisconsin,550365,3,DANE (25),MONONA,September,Monday,Local Street - Municipality,Urban,43.0707,-89.33716111,Tree (Standing Only),The First Harmful Event was Not a Collision with a Motor Vehicle in Transport,Dark - Lighted,Clear
Wisconsin,550366,1,BURNETT (13),SIREN,September,Wednesday,State Highway,Urban,45.79223056,-92.38110556,Pedestrian,The First Harmful Event was Not a Collision with a Motor Vehicle in Transport,Dark - Lighted,Clear
Wisconsin,550367,1,ROCK (105),BELOIT,September,Tuesday,Local Street - Municipality,Urban,42.53043056,-88.99784167,Curb,The First Harmful Event was Not a Collision with a Motor Vehicle in Transport,Dark - Lighted,Clear
Wisconsin,550369,1,OZAUKEE (89),PORT WASHINGTON,September,Wednesday,Local Street - Municipality,Urban,43.38415278,-87.87225833,Rollover/Overturn,The First Harmful Event was Not a Collision with a Motor Vehicle in Transport,Dark - Lighted,Clear
Wisconsin,550374,2,SHAWANO (115),BONDUEL,September,Wednesday,State Highway,Urban,44.72628611,-88.44554167,Motor Vehicle In-Transport,Angle,Daylight,Cloudy
Wisconsin,550381,1,DANE (25),MADISON,September,Thursday,State Highway,Urban,43.12995,-89.36127222,Pedestrian,The First Harmful Event was Not a Collision with a Motor Vehicle in Transport,Dark - Lighted,Rain
Wisconsin,550383,1,MILWAUKEE (79),MILWAUKEE,September,Thursday,Local Street - Municipality,Urban,42.9594,-87.94736111,Tree (Standing Only),The First Harmful Event was Not a Collision with a Motor Vehicle in Transport,Dark - Lighted,Clear
Wisconsin,550385,2,OUTAGAMIE (87),FREEDOM,September,Tuesday,County Road,Rural,44.38630278,-88.25116667,Motor Vehicle In-Transport,Angle,Daylight,Clear
Wisconsin,550390,1,MANITOWOC (71),CATO,September,Saturday,County Road,Rural,44.08817222,-87.84421944,Utility Pole/Light Support,The First Harmful Event was Not a Collision with a Motor Vehicle in Transport,Dark - Not Lighted,Cloudy
Wisconsin,550392,1,DANE (25),ALBION,September,Saturday,Local Street - Township,Rural,42.85174444,-89.06835833,Tree (Standing Only),The First Harmful Event was Not a Collision with a Motor Vehicle in Transport,Dark - Not Lighted,Cloudy
Wisconsin,550393,3,MILWAUKEE (79),MILWAUKEE,September,Saturday,Local Street - Municipality,Urban,43.08203333,-87.90499444,Motor Vehicle In-Transport,Angle,Daylight,Clear
Wisconsin,550395,2,MILWAUKEE (79),MILWAUKEE,September,Friday,Local Street - Municipality,Urban,43.07523056,-87.94723889,Motor Vehicle In-Transport,Angle,Dark - Lighted,Clear
Wisconsin,550397,1,RACINE (101),RACINE,July,Wednesday,Local Street - Municipality,Urban,42.73049722,-87.81051667,Pedestrian,The First Harmful Event was Not a Collision with a Motor Vehicle in Transport,Dark - Lighted,Clear
Wisconsin,550398,3,DANE (25),MONONA,September,Saturday,County Road,Urban,43.04708056,-89.33623889,Pedalcyclist,The First Harmful Event was Not a Collision with a Motor Vehicle in Transport,Dark - Lighted,Clear
Wisconsin,550402,1,BROWN (9),GREEN BAY,October,Sunday,Local Street - Municipality,Urban,44.51123333,-88.09505278,Pedestrian,The First Harmful Event was Not a Collision with a Motor Vehicle in Transport,Daylight,Cloudy
Wisconsin,550403,1,KENOSHA (59),PLEASANT PRAIRIE,October,Sunday,State Highway,Urban,42.52206667,-87.82661667,Pedestrian,The First Harmful Event was Not a Collision with a Motor Vehicle in Transport,Dark - Not Lighted,Clear
Wisconsin,550412,2,MILWAUKEE (79),SOUTH MILWAUKEE,August,Monday,County Road,Urban,42.91560556,-87.91039167,Motor Vehicle In-Transport,Front-to-Rear,Daylight,Rain
Wisconsin,550415,2,SHEBOYGAN (117),SHEBOYGAN,October,Wednesday,State Highway,Urban,43.75090833,-87.72290556,Pedalcyclist,The First Harmful Event was Not a Collision with a Motor Vehicle in Transport,Daylight,Clear
Wisconsin,550416,2,RACINE (101),CALEDONIA,November,Friday,Local Street - Municipality,Urban,42.75556111,-87.82169444,Traffic Sign Support,The First Harmful Event was Not a Collision with a Motor Vehicle in Transport,Dark - Lighted,Clear
Wisconsin,550418,4,MILWAUKEE (79),GLENDALE,November,Tuesday,Local Street - Municipality,Urban,43.0928,-87.91046111,Motor Vehicle In-Transport,Angle,Daylight,Clear
Wisconsin,550423,2,OZAUKEE (89),SAUKVILLE,November,Wednesday,Interstate,Urban,43.38288611,-87.9272,Parked Motor Vehicle,The First Harmful Event was Not a Collision with a Motor Vehicle in Transport,Daylight,Snow
Wisconsin,550424,1,DOOR (29),DETROIT HARBOR,November,Saturday,County Road,Rural,45.35811111,-86.93015278,Tree (Standing Only),The First Harmful Event was Not a Collision with a Motor Vehicle in Transport,Dark - Not Lighted,Snow
Wisconsin,550425,2,DANE (25),MADISON,November,Monday,U.S. Highway,Urban,43.04509167,-89.26642778,Pedestrian,The First Harmful Event was Not a Collision with a Motor Vehicle in Transport,Dark - Not Lighted,Clear
Wisconsin,550428,2,DANE (25),VERONA,September,Monday,Local Street - Municipality,Urban,42.994375,-89.51634444,Motor Vehicle In-Transport,Angle,Daylight,Clear
Wisconsin,550431,3,IRON (51),MERCER,November,Monday,State Highway,Rural,46.13000833,-90.01141667,Motor Vehicle In-Transport,Sideswipe - Same Direction,Daylight,Cloudy
Wisconsin,550435,1,ST. CROIX (109),NEW RICHMOND,October,Monday,State Highway,Urban,45.13800278,-92.53277778,"Post, Pole or Other Supports",The First Harmful Event was Not a Collision with a Motor Vehicle in Transport,Reported as Unknown,Reported as Unknown
Wisconsin,550437,3,MILWAUKEE (79),MILWAUKEE,October,Saturday,Local Street - Municipality,Urban,43.10831944,-87.97628611,Motor Vehicle In-Transport,Angle,Dark - Lighted,Clear
Wisconsin,550442,2,DANE (25),MADISON,October,Thursday,U.S. Highway,Urban,43.08707222,-89.3667,Pedestrian,The First Harmful Event was Not a Collision with a Motor Vehicle in Transport,Dark - Lighted,Rain
Wisconsin,550451,1,WALWORTH (127),WHITEWATER,October,Sunday,Local Street - Municipality,Urban,42.83475,-88.75655278,Pedestrian,The First Harmful Event was Not a Collision with a Motor Vehicle in Transport,Daylight,Clear
Wisconsin,550455,4,WALWORTH (127),LYONS,October,Friday,State Highway,Rural,42.66539167,-88.32183889,Motor Vehicle In-Transport,Sideswipe - Opposite Direction,Dark - Not Lighted,Cloudy
Wisconsin,550458,2,OUTAGAMIE (87),GREENVILLE,October,Monday,State Highway,Rural,44.33050833,-88.60254444,Motor Vehicle In-Transport,Angle,Daylight,Cloudy
Wisconsin,550461,1,WAUPACA (135),WAUPACA,October,Tuesday,U.S. Highway,Urban,44.35818056,-89.11775833,Rollover/Overturn,The First Harmful Event was Not a Collision with a Motor Vehicle in Transport,Dark - Not Lighted,Cloudy
Wisconsin,550462,1,KENOSHA (59),KENOSHA,November,Monday,Local Street - Municipality,Urban,42.55890556,-87.85121667,Pedalcyclist,The First Harmful Event was Not a Collision with a Motor Vehicle in Transport,Dark - Not Lighted,Clear
Wisconsin,550464,1,MILWAUKEE (79),MILWAUKEE,October,Thursday,Local Street - Municipality,Urban,43.06783889,-87.93986944,Pedestrian,The First Harmful Event was Not a Collision with a Motor Vehicle in Transport,Daylight,Cloudy
Wisconsin,550466,1,MILWAUKEE (79),MILWAUKEE,October,Saturday,Local Street - Municipality,Urban,43.01698889,-87.94215278,Pedestrian,The First Harmful Event was Not a Collision with a Motor Vehicle in Transport,Dark - Lighted,Clear
Wisconsin,550469,3,MILWAUKEE (79),FRANKLIN,November,Saturday,County Road,Urban,42.91601389,-87.99924444,Motor Vehicle In-Transport,Angle,Daylight,Clear
Wisconsin,550472,1,MILWAUKEE (79),WEST ALLIS,August,Thursday,Interstate,Urban,42.99816667,-88.03815,Other Object (not fixed),The First Harmful Event was Not a Collision with a Motor Vehicle in Transport,Daylight,Clear
Wisconsin,550475,3,MILWAUKEE (79),MILWAUKEE,November,Friday,Local Street - Municipality,Urban,43.01229167,-87.93305556,Motor Vehicle In-Transport,Angle,Dark - Lighted,Rain
Wisconsin,550477,1,MILWAUKEE (79),WHITEFISH BAY,December,Sunday,Local Street - Municipality,Urban,43.10824444,-87.89456389,Tree (Standing Only),The First Harmful Event was Not a Collision with a Motor Vehicle in Transport,Dark - Lighted,Rain
Wisconsin,550481,11,WASHINGTON (131),GERMANTOWN,December,Sunday,Interstate,Urban,43.24192778,-88.18006389,Motor Vehicle In-Transport,Front-to-Front,Dark - Not Lighted,Clear
Wisconsin,550483,3,KENOSHA (59),SOMERS,December,Wednesday,State Highway,Urban,42.62509722,-87.87703889,Motor Vehicle In-Transport,Angle,Daylight,Clear
Wisconsin,550486,1,SHEBOYGAN (117),SHEBOYGAN,December,Thursday,Local Street - Municipality,Urban,43.75168889,-87.70962778,Pedestrian,The First Harmful Event was Not a Collision with a Motor Vehicle in Transport,Dark - Lighted,Cloudy
Wisconsin,550487,2,WASHINGTON (131),RICHFIELD,June,Friday,County Road,Urban,43.19323333,-88.26433056,Motor Vehicle In-Transport,Angle,Daylight,Clear
Wisconsin,550488,1,MILWAUKEE (79),MILWAUKEE,December,Friday,Local Street - Municipality,Urban,43.04795,-87.91088333,Tree (Standing Only),The First Harmful Event was Not a Collision with a Motor Vehicle in Transport,Dark - Lighted,Clear
Wisconsin,550495,1,MILWAUKEE (79),WAUWATOSA,November,Tuesday,Interstate,Urban,43.05444444,-88.04416667,Concrete Traffic Barrier,The First Harmful Event was Not a Collision with a Motor Vehicle in Transport,Dark - Lighted,Clear
Wisconsin,550506,4,DANE (25),MONONA,November,Tuesday,U.S. Highway,Urban,43.04396944,-89.34351944,Motor Vehicle In-Transport,Sideswipe - Same Direction,Daylight,Cloudy
Wisconsin,550507,1,MILWAUKEE (79),MILWAUKEE,November,Wednesday,Local Street - Municipality,Urban,43.04467222,-87.95768611,Pedestrian,The First Harmful Event was Not a Collision with a Motor Vehicle in Transport,Daylight,Rain
Wisconsin,550508,2,BROWN (9),ASHWAUBENON,November,Friday,State Highway,Urban,44.48782222,-88.05094722,Pedestrian,The First Harmful Event was Not a Collision with a Motor Vehicle in Transport,Dark - Not Lighted,Cloudy
Wisconsin,550510,1,WALWORTH (127),FONTANA,December,Saturday,State Highway,Urban,42.56328056,-88.58038889,Tree (Standing Only),The First Harmful Event was Not a Collision with a Motor Vehicle in Transport,Daylight,Clear
Wisconsin,550511,1,MILWAUKEE (79),MILWAUKEE,December,Tuesday,Local Street - Municipality,Urban,42.99586389,-87.90473333,Traffic Sign Support,The First Harmful Event was Not a Collision with a Motor Vehicle in Transport,Dark - Lighted,Clear
Wisconsin,550518,5,OZAUKEE (89),MEQUON,December,Monday,State Highway,Urban,43.19256667,-88.00394167,Motor Vehicle In-Transport,Angle,Daylight,Rain
Wisconsin,550522,1,MANITOWOC (71),TWO RIVERS,December,Sunday,State Highway,Urban,44.15340833,-87.5896,Utility Pole/Light Support,The First Harmful Event was Not a Collision with a Motor Vehicle in Transport,Dark - Lighted,Cloudy
Wisconsin,550525,5,MILWAUKEE (79),MILWAUKEE,December,Friday,Local Street - Municipality,Urban,43.08111111,-87.94614444,Curb,The First Harmful Event was Not a Collision with a Motor Vehicle in Transport,Dark - Lighted,Clear
Wisconsin,550529,1,MILWAUKEE (79),WEST ALLIS,December,Saturday,Local Street - Municipality,Urban,43.002925,-87.98383056,Pedestrian,The First Harmful Event was Not a Collision with a Motor Vehicle in Transport,Dark - Lighted,Clear
Wisconsin,550533,1,RACINE (101),RACINE,October,Monday,Local Street - Municipality,Urban,42.75050833,-87.80566667,"Post, Pole or Other Supports",The First Harmful Event was Not a Collision with a Motor Vehicle in Transport,Daylight,Clear
Wisconsin,550547,3,MILWAUKEE (79),MILWAUKEE,December,Sunday,Local Street - Municipality,Urban,43.13809167,-87.95381111,Motor Vehicle In-Transport,Sideswipe - Same Direction,Dawn,Cloudy
Wyoming,560017,2,CAMPBELL (5),GILLETTE,March,Friday,County Road,Urban,44.246925,-105.4936,Motor Vehicle In-Transport,Angle,Dark - Lighted,Snow
Wyoming,560019,3,CARBON (7),SINCLAIR,March,Wednesday,Interstate,Rural,41.78006111,-107.1260528,Motor Vehicle In-Transport,Sideswipe - Same Direction,Daylight,Snow
Wyoming,560037,8,LARAMIE (21),CHEYENNE,April,Monday,Interstate,Urban,41.14130833,-104.6920361,Parked Motor Vehicle,The First Harmful Event was Not a Collision with a Motor Vehicle in Transport,Daylight,"Fog, Smog, Smoke"
Wyoming,560042,5,FREMONT (13),LANDER,May,Sunday,Local Street - Municipality,Urban,42.84283056,-108.7368056,Fell/Jumped from Vehicle,The First Harmful Event was Not a Collision with a Motor Vehicle in Transport,Daylight,Clear
Wyoming,560044,1,SHERIDAN (33),SHERIDAN,April,Monday,Local Street - Township,Urban,44.78831667,-106.9483083,Pedestrian,The First Harmful Event was Not a Collision with a Motor Vehicle in Transport,Daylight,Clear
Wyoming,560045,5,CARBON (7),RAWLINS,May,Saturday,County Road,Urban,41.76905556,-107.2710278,Rollover/Overturn,The First Harmful Event was Not a Collision with a Motor Vehicle in Transport,Dark - Not Lighted,Clear
Wyoming,560047,1,CAMPBELL (5),GILLETTE,May,Monday,County Road,Urban,44.26664167,-105.4562417,Parked Motor Vehicle,The First Harmful Event was Not a Collision with a Motor Vehicle in Transport,Daylight,Clear
Wyoming,560051,3,SHERIDAN (33),SHERIDAN,June,Sunday,Local Street - Municipality,Urban,44.79816111,-106.951675,Pedestrian,The First Harmful Event was Not a Collision with a Motor Vehicle in Transport,Daylight,Clear
Wyoming,560052,1,LARAMIE (21),CHEYENNE,June,Thursday,Local Street - Municipality,Urban,41.12803056,-104.8103639,Utility Pole/Light Support,The First Harmful Event was Not a Collision with a Motor Vehicle in Transport,Daylight,Clear
Wyoming,560056,3,NATRONA (25),CASPER,June,Sunday,U.S. Highway,Urban,42.86080556,-106.4005417,Motor Vehicle In-Transport,Angle,Daylight,Clear
Wyoming,560059,3,ALBANY (1),LARAMIE,June,Sunday,State Highway,Urban,41.31406389,-105.6061333,Motor Vehicle In-Transport,Front-to-Front,Daylight,Clear
Wyoming,560062,2,CAMPBELL (5),GILLETTE,June,Tuesday,County Road,Urban,44.27678889,-105.4683,Motor Vehicle In-Transport,Angle,Daylight,Clear
Wyoming,560069,2,NATRONA (25),CASPER,July,Saturday,State Highway,Urban,42.80648333,-106.3049333,Motor Vehicle In-Transport,Front-to-Front,Dark - Not Lighted,Clear
Wyoming,560073,5,SWEETWATER (37),ROCK SPRINGS,August,Thursday,Local Street - Frontage Road,Rural,41.56593333,-109.2921167,Motor Vehicle In-Transport,Front-to-Front,Daylight,Clear
Wyoming,560074,2,NATRONA (25),CASPER,August,Monday,Local Street - Municipality,Urban,42.81917222,-106.3749528,Pedestrian,The First Harmful Event was Not a Collision with a Motor Vehicle in Transport,Dark - Lighted,Clear
Wyoming,560078,2,SHERIDAN (33),SHERIDAN,August,Wednesday,Interstate,Urban,44.74409722,-106.9231806,Rollover/Overturn,The First Harmful Event was Not a Collision with a Motor Vehicle in Transport,Daylight,Clear
Wyoming,560080,1,LARAMIE (21),CHEYENNE,July,Tuesday,Local Street - Municipality,Urban,41.15945833,-104.7204889,"Post, Pole or Other Supports",The First Harmful Event was Not a Collision with a Motor Vehicle in Transport,Dark - Not Lighted,Clear
Wyoming,560089,2,FREMONT (13),RIVERTON,May,Saturday,U.S. Highway,Urban,43.04717778,-108.4583167,Rollover/Overturn,The First Harmful Event was Not a Collision with a Motor Vehicle in Transport,Dawn,Clear
Wyoming,560099,1,SWEETWATER (37),ROCK SPRINGS,November,Friday,Interstate,Urban,41.57331944,-109.2719167,Guardrail Face,The First Harmful Event was Not a Collision with a Motor Vehicle in Transport,Daylight,Clear