State,Case Number,Persons,County,City,Month,Day,Route,Rural/Urban,Latitude,Longitude,First Harmful Event,Manner of Collision,Light Conditions,Weather
Arizona,40016,5,MOHAVE (15),WILLOW BEACH,January,Wednesday,U.S. Highway,Urban,35.72223056,-114.4864,Motor Vehicle In-Transport,Angle,Dark - Not Lighted,Clear
Arizona,40043,2,LA PAZ (12),PARKER,January,Saturday,State Highway,Rural,33.95155278,-114.216725,Motor Vehicle In-Transport,Front-to-Front,Dark - Not Lighted,Clear
Arizona,40080,1,MOHAVE (15),BULLHEAD CITY,February,Saturday,County Road,Urban,35.11418611,-114.5722972,Curb,The First Harmful Event was Not a Collision with a Motor Vehicle in Transport,Dark - Not Lighted,Rain
Arizona,40087,2,MOHAVE (15),YUCCA,February,Saturday,Interstate,Rural,34.83378333,-114.1448389,Motor Vehicle In-Transport,Front-to-Rear,Daylight,Clear
Arizona,40091,1,YUMA (27),YUMA,February,Tuesday,Interstate,Urban,32.69540833,-114.6054389,Fence,The First Harmful Event was Not a Collision with a Motor Vehicle in Transport,Daylight,Clear
Arizona,40109,1,YUMA (27),YUMA,February,Thursday,Interstate,Urban,32.66956944,-114.5817028,Motor Vehicle In-Transport,Reported as Unknown,Dark - Not Lighted,Rain
Arizona,40141,1,MOHAVE (15),FORT MOHAVE,March,Friday,State Highway,Urban,35.02605,-114.5979778,Pedestrian,The First Harmful Event was Not a Collision with a Motor Vehicle in Transport,Dark - Lighted,Clear
Arizona,40152,2,MOHAVE (15),GOLDEN VALLEY,March,Friday,Local Street - Township,Trafficway Not in State Inventory,35.22891944,-114.2361639,Motor Vehicle In-Transport,Angle,Daylight,Clear
Arizona,40254,1,YUMA (27),YUMA,April,Thursday,Local Street - Municipality,Urban,32.709475,-114.6674694,Pedestrian,The First Harmful Event was Not a Collision with a Motor Vehicle in Transport,Dark - Lighted,Clear
Arizona,40274,1,MOHAVE (15),GOLDEN VALLEY,April,Tuesday,Local Street - Municipality,Rural,35.21751667,-114.2361111,Pedestrian,The First Harmful Event was Not a Collision with a Motor Vehicle in Transport,Dark - Not Lighted,Clear
Arizona,40278,1,MOHAVE (15),WILLOW BEACH,April,Thursday,U.S. Highway,Rural,35.77025,-114.5123278,Culvert,The First Harmful Event was Not a Collision with a Motor Vehicle in Transport,Daylight,Clear
Arizona,40334,3,YUMA (27),YUMA,May,Thursday,Interstate,Urban,32.67066111,-114.4437028,Motor Vehicle In-Transport,Sideswipe - Same Direction,Daylight,Cloudy
Arizona,40344,5,MOHAVE (15),GOLDEN VALLEY,May,Friday,Interstate,Rural,35.022075,-114.13225,Motor Vehicle In-Transport,Front-to-Front,Daylight,Clear
Arizona,40348,3,YUMA (27),YUMA,May,Tuesday,Local Street - Municipality,Urban,32.672725,-114.5816306,Motor Vehicle In-Transport,Front-to-Rear,Daylight,Clear
Arizona,40349,4,MOHAVE (15),GOLDEN VALLEY,May,Thursday,State Highway,Rural,35.22313056,-114.2361444,Motor Vehicle In-Transport,Angle,Daylight,Clear
Arizona,40379,10,MOHAVE (15),DOLAN SPRINGS,June,Wednesday,U.S. Highway,Rural,35.53426389,-114.3553806,Motor Vehicle In-Transport,Angle,Daylight,Clear
Arizona,40384,1,MOHAVE (15),DOLAN SPRINGS,June,Saturday,U.S. Highway,Rural,35.61551389,-114.4153722,Rollover/Overturn,The First Harmful Event was Not a Collision with a Motor Vehicle in Transport,Daylight,Clear
Arizona,40408,2,MOHAVE (15),BULLHEAD CITY,May,Monday,Local Street - Municipality,Urban,35.10574722,-114.6291889,Reported as Unknown,Reported as Unknown,Reported as Unknown,Reported as Unknown
Arizona,40411,2,MOHAVE (15),GOLDEN VALLEY,June,Wednesday,Interstate,Rural,35.06820833,-114.1236417,Embankment,The First Harmful Event was Not a Collision with a Motor Vehicle in Transport,Daylight,Cloudy
Arizona,40421,1,YUMA (27),YUMA,June,Saturday,U.S. Highway,Urban,32.61024444,-114.6515611,Pedalcyclist,The First Harmful Event was Not a Collision with a Motor Vehicle in Transport,Daylight,Clear
Arizona,40424,3,YUMA (27),YUMA,June,Friday,County Road,Rural,32.95316944,-114.4263111,Rollover/Overturn,The First Harmful Event was Not a Collision with a Motor Vehicle in Transport,Daylight,Clear
Arizona,40477,1,MOHAVE (15),KINGMAN,July,Sunday,County Road,Rural,35.54510278,-114.3395944,Ground,The First Harmful Event was Not a Collision with a Motor Vehicle in Transport,Daylight,Clear
Arizona,40481,2,YUMA (27),YUMA,July,Thursday,County Road,Rural,32.55284444,-114.6146861,Motor Vehicle In-Transport,Angle,Daylight,Cloudy
Arizona,40492,2,MOHAVE (15),GOLDEN VALLEY,July,Monday,State Highway,Rural,35.21878333,-114.14975,Pedestrian,The First Harmful Event was Not a Collision with a Motor Vehicle in Transport,Dark - Not Lighted,Clear
Arizona,40498,2,MOHAVE (15),KINGMAN,July,Saturday,Interstate,Rural,35.14633333,-114.0949944,Parked Motor Vehicle,The First Harmful Event was Not a Collision with a Motor Vehicle in Transport,Daylight,Clear
Arizona,40507,1,MOHAVE (15),DOLAN SPRINGS,July,Tuesday,County Road,Rural,35.53928611,-114.3480194,Pedestrian,The First Harmful Event was Not a Collision with a Motor Vehicle in Transport,Dawn,Reported as Unknown
Arizona,40584,1,YUMA (27),YUMA,August,Friday,County Road,Urban,32.70564444,-114.7018222,Other Fixed Object,The First Harmful Event was Not a Collision with a Motor Vehicle in Transport,Dark - Not Lighted,Clear
Arizona,40601,1,MOHAVE (15),YUCCA,September,Monday,Interstate,Rural,34.76202222,-114.2059917,Fence,The First Harmful Event was Not a Collision with a Motor Vehicle in Transport,Daylight,Clear
Arizona,40604,1,MOHAVE (15),BULLHEAD CITY,September,Sunday,State Highway,Urban,35.18530833,-114.5613222,Curb,The First Harmful Event was Not a Collision with a Motor Vehicle in Transport,Dark - Not Lighted,Clear
Arizona,40614,2,YUMA (27),YUMA,September,Monday,U.S. Highway,Rural,33.29456667,-114.2234056,Rollover/Overturn,The First Harmful Event was Not a Collision with a Motor Vehicle in Transport,Daylight,Cloudy
Arizona,40630,6,MOHAVE (15),BULLHEAD CITY,September,Wednesday,Local Street - Municipality,Urban,35.10796111,-114.6135611,Motor Vehicle In-Transport,Front-to-Rear,Daylight,Clear
Arizona,40638,4,YUMA (27),YUMA,August,Saturday,County Road,Rural,32.87473611,-114.4611944,Fell/Jumped from Vehicle,The First Harmful Event was Not a Collision with a Motor Vehicle in Transport,Dark - Not Lighted,Clear
Arizona,40641,8,YUMA (27),YUMA,August,Tuesday,U.S. Highway,Rural,32.58184167,-114.7698583,Motor Vehicle In-Transport,Angle,Dark - Not Lighted,Clear
Arizona,40649,3,MOHAVE (15),BULLHEAD CITY,August,Monday,State Highway,Urban,35.10557778,-114.5980417,Motor Vehicle In-Transport,Front-to-Front,Daylight,Clear
Arizona,40672,4,YUMA (27),SOMERTON,September,Friday,County Road,Rural,32.61108333,-114.684225,Motor Vehicle In-Transport,Angle,Reported as Unknown,Reported as Unknown
Arizona,40682,2,YUMA (27),WELLTON,October,Friday,Interstate,Rural,32.649025,-114.1985528,Rollover/Overturn,The First Harmful Event was Not a Collision with a Motor Vehicle in Transport,Daylight,Clear
Arizona,40683,2,MOHAVE (15),GOLDEN VALLEY,October,Friday,U.S. Highway,Rural,35.34442778,-114.2211806,Motor Vehicle In-Transport,Sideswipe - Same Direction,Daylight,Clear
Arizona,40684,4,LA PAZ (12),PARKER,October,Friday,State Highway,Rural,34.05796944,-114.2576222,Motor Vehicle In-Transport,Front-to-Front,Dark - Not Lighted,Clear
Arizona,40693,6,MOHAVE (15),DOLAN SPRINGS,October,Tuesday,County Road,Rural,35.62655278,-114.2506167,Motor Vehicle In-Transport,Front-to-Front,Dark - Not Lighted,Clear
Arizona,40700,2,MOHAVE (15),TOPOCK,October,Friday,Interstate,Rural,34.73061111,-114.2865917,Motor Vehicle In-Transport,Sideswipe - Same Direction,Dark - Not Lighted,Clear
Arizona,40716,2,MOHAVE (15),MOHAVE VALLEY,October,Wednesday,State Highway,Rural,34.85397778,-114.6075389,Pedestrian,The First Harmful Event was Not a Collision with a Motor Vehicle in Transport,Dark - Lighted,Clear
Arizona,40723,3,MOHAVE (15),MOHAVE VALLEY,October,Tuesday,State Highway,Rural,34.86476389,-114.5979417,Motor Vehicle In-Transport,Front-to-Front,Dark - Not Lighted,Clear
Arizona,40730,5,MOHAVE (15),LAKE HAVASU CITY,October,Thursday,State Highway,Urban,34.52513889,-114.3495472,Motor Vehicle In-Transport,Angle,Dusk,Clear
Arizona,40769,1,YUMA (27),YUMA,November,Sunday,Interstate,Urban,32.691125,-114.5917056,Pedestrian,The First Harmful Event was Not a Collision with a Motor Vehicle in Transport,Dark - Lighted,Clear
Arizona,40773,2,MOHAVE (15),BULLHEAD CITY,November,Wednesday,State Highway,Urban,35.04174167,-114.5914611,Motor Vehicle In-Transport,Angle,Dark - Lighted,Clear
Arizona,40819,1,LA PAZ (12),PARKER,November,Friday,State Highway,Urban,34.185475,-114.2169444,Embankment,The First Harmful Event was Not a Collision with a Motor Vehicle in Transport,Dark - Not Lighted,Clear
Arizona,40835,1,MOHAVE (15),BULLHEAD CITY,November,Tuesday,State Highway,Urban,35.18193611,-114.5637778,Pedestrian,The First Harmful Event was Not a Collision with a Motor Vehicle in Transport,Dark - Not Lighted,Clear
Arizona,40851,1,YUMA (27),YUMA,December,Tuesday,Local Street - Municipality,Urban,32.67011111,-114.5185833,Pedestrian,The First Harmful Event was Not a Collision with a Motor Vehicle in Transport,Dark - Not Lighted,Clear
Arizona,40858,3,MOHAVE (15),DOLAN SPRINGS,December,Saturday,County Road,Rural,35.57820556,-114.291625,Motor Vehicle In-Transport,Angle,Dark - Not Lighted,Clear
Arizona,40861,2,YUMA (27),YUMA,December,Tuesday,U.S. Highway,Urban,32.69869722,-114.5836889,Motor Vehicle In-Transport,Front-to-Front,Daylight,Clear
Arizona,40874,4,YUMA (27),YUMA,December,Wednesday,County Road,Rural,32.64266944,-114.7361,Motor Vehicle In-Transport,Front-to-Front,Dawn,Clear
Arizona,40879,2,MOHAVE (15),DOLAN SPRINGS,December,Monday,U.S. Highway,Rural,35.66730556,-114.4567611,Rollover/Overturn,The First Harmful Event was Not a Collision with a Motor Vehicle in Transport,Dark - Not Lighted,Clear
Arizona,40886,1,MOHAVE (15),FORT MOHAVE,December,Sunday,County Road,Rural,34.96802778,-114.5607583,Embankment,The First Harmful Event was Not a Collision with a Motor Vehicle in Transport,Daylight,Clear
Arizona,40888,1,LA PAZ (12),PARKER,December,Monday,U.S. Highway,Rural,33.03680556,-114.2892278,Other Object (not fixed),The First Harmful Event was Not a Collision with a Motor Vehicle in Transport,Dark - Not Lighted,Clear
Arizona,40914,4,YUMA (27),YUMA,November,Wednesday,Interstate,Urban,32.68985556,-114.5845111,Motor Vehicle In-Transport,Front-to-Rear,Daylight,Clear
California,60001,8,ORANGE (59),GARDEN GROVE,January,Tuesday,State Highway,Urban,33.77441944,-118.0137222,Motor Vehicle In-Transport,Front-to-Rear,Dark - Not Lighted,Clear
California,60005,4,ORANGE (59),GARDEN GROVE,January,Sunday,State Highway,Urban,33.76623889,-117.9738333,Concrete Traffic Barrier,The First Harmful Event was Not a Collision with a Motor Vehicle in Transport,Dark - Not Lighted,Cloudy
California,60011,2,SANTA CLARA (85),SAN JOSE,January,Saturday,U.S. Highway,Urban,37.35374444,-121.8659,Motor Vehicle In-Transport,Front-to-Front,Dark - Not Lighted,Clear
California,60013,1,RIVERSIDE (65),CATHEDRAL CITY,January,Saturday,Interstate,Urban,33.84946111,-116.4590306,Guardrail Face,The First Harmful Event was Not a Collision with a Motor Vehicle in Transport,Dark - Lighted,Clear
California,60014,4,SANTA BARBARA (83),SANTA MARIA,January,Tuesday,U.S. Highway,Urban,34.98016111,-120.4310889,Embankment,The First Harmful Event was Not a Collision with a Motor Vehicle in Transport,Dark - Not Lighted,Clear
California,60024,2,SANTA CLARA (85),SAN JOSE,January,Wednesday,U.S. Highway,Urban,37.35906667,-121.8720944,Other Fixed Object,The First Harmful Event was Not a Collision with a Motor Vehicle in Transport,Dark - Not Lighted,Cloudy
California,60026,1,SAN MATEO (81),DALY CITY,January,Saturday,Interstate,Urban,37.66266944,-122.4653806,Other Object (not fixed),The First Harmful Event was Not a Collision with a Motor Vehicle in Transport,Dark - Lighted,Rain
California,60030,1,LOS ANGELES (37),LOS ANGELES,January,Monday,Interstate,Urban,34.02365,-118.2423139,Pedestrian,The First Harmful Event was Not a Collision with a Motor Vehicle in Transport,Dark - Lighted,Clear
California,60033,1,FRESNO (19),FRESNO,January,Monday,State Highway,Urban,36.75480278,-119.8281444,Pedestrian,The First Harmful Event was Not a Collision with a Motor Vehicle in Transport,Dark - Lighted,Cloudy
California,60038,2,SAN JOAQUIN (77),LODI,January,Wednesday,State Highway,Urban,38.11093611,-121.2588667,Tree (Standing Only),The First Harmful Event was Not a Collision with a Motor Vehicle in Transport,Dark - Not Lighted,Clear
California,60041,1,CONTRA COSTA (13),PINOLE,January,Wednesday,Interstate,Urban,38.00186944,-122.2817361,Shrubbery,The First Harmful Event was Not a Collision with a Motor Vehicle in Transport,Dark - Lighted,Cloudy
California,60056,1,SANTA CLARA (85),SAN JOSE,January,Friday,U.S. Highway,Urban,37.31610278,-121.8294667,Pedestrian,The First Harmful Event was Not a Collision with a Motor Vehicle in Transport,Dark - Lighted,Cloudy
California,60070,3,SAN BERNARDINO (71),HESPERIA,February,Wednesday,Interstate,Urban,34.44086389,-117.3694111,Motor Vehicle In-Transport,Sideswipe - Same Direction,Dark - Lighted,Clear
California,60082,9,SAN DIEGO (73),SAN DIEGO,February,Sunday,Interstate,Urban,32.97165556,-117.0906444,Motor Vehicle In-Transport,Front-to-Rear,Dark - Not Lighted,Clear
California,60097,3,LOS ANGELES (37),LOS ANGELES,February,Tuesday,Interstate,Urban,34.32723056,-118.5023694,Parked Motor Vehicle,The First Harmful Event was Not a Collision with a Motor Vehicle in Transport,Daylight,Clear
California,60099,2,SAN JOAQUIN (77),LATHROP,February,Monday,Interstate,Rural,37.77078056,-121.3271694,Motor Vehicle In-Transport,Sideswipe - Same Direction,Daylight,Clear
California,60100,5,ALAMEDA (1),DUBLIN,January,Monday,Interstate,Urban,37.71858056,-121.936175,Motor Vehicle In-Transport,Front-to-Rear,Dark - Not Lighted,Clear
California,60105,1,SAN BERNARDINO (71),GRAND TERRACE,January,Monday,Interstate,Urban,34.03507222,-117.3242139,Concrete Traffic Barrier,The First Harmful Event was Not a Collision with a Motor Vehicle in Transport,Dark - Not Lighted,Clear
California,60107,3,MARIN (41),CORTE MADERA,January,Saturday,U.S. Highway,Urban,37.92989444,-122.5158194,Pedalcyclist,The First Harmful Event was Not a Collision with a Motor Vehicle in Transport,Dark - Lighted,Clear
California,60118,2,SAN BERNARDINO (71),BARSTOW,January,Tuesday,Interstate,Urban,35.07967778,-116.3873556,Other Fixed Object,The First Harmful Event was Not a Collision with a Motor Vehicle in Transport,Dark - Not Lighted,Clear
California,60127,2,RIVERSIDE (65),RIVERSIDE,January,Monday,Interstate,Urban,33.96083333,-117.3180306,Motor Vehicle In-Transport,Front-to-Rear,Dark - Lighted,Clear
California,60130,4,RIVERSIDE (65),TEMECULA,January,Sunday,State Highway,Urban,33.51558611,-117.1582222,Motor Vehicle In-Transport,Front-to-Front,Dark - Lighted,Clear
California,60134,1,SAN JOAQUIN (77),TRACY,February,Wednesday,Interstate,Urban,37.76313056,-121.4213611,Wall,The First Harmful Event was Not a Collision with a Motor Vehicle in Transport,Dark - Not Lighted,Rain
California,60148,2,LOS ANGELES (37),ROSEMEAD,March,Friday,Interstate,Urban,34.07269722,-118.057025,Pedestrian,The First Harmful Event was Not a Collision with a Motor Vehicle in Transport,Dark - Lighted,Clear
California,60151,4,SACRAMENTO (67),RANCHO CORDOVA,January,Tuesday,U.S. Highway,Urban,38.55986667,-121.3701694,Motor Vehicle In-Transport,Front-to-Rear,Dusk,Clear
California,60155,2,SACRAMENTO (67),SACRAMENTO,March,Sunday,State Highway,Urban,38.48053611,-121.4293472,Motor Vehicle In-Transport,Front-to-Front,Dark - Lighted,Cloudy
California,60156,1,SANTA CLARA (85),SAN JOSE,March,Saturday,U.S. Highway,Urban,37.29981944,-121.8139111,Utility Pole/Light Support,The First Harmful Event was Not a Collision with a Motor Vehicle in Transport,Dark - Lighted,Rain
California,60164,1,RIVERSIDE (65),INDIO,March,Wednesday,Interstate,Urban,33.73427222,-116.211475,Tree (Standing Only),The First Harmful Event was Not a Collision with a Motor Vehicle in Transport,Dark - Not Lighted,Clear
California,60165,5,RIVERSIDE (65),BLYTHE,January,Sunday,Interstate,Urban,33.60676944,-114.6506917,Pedestrian,The First Harmful Event was Not a Collision with a Motor Vehicle in Transport,Dark - Not Lighted,Clear
California,60168,2,SAN JOAQUIN (77),STOCKTON,February,Wednesday,Interstate,Urban,37.93043889,-121.2955194,Guardrail Face,The First Harmful Event was Not a Collision with a Motor Vehicle in Transport,Dark - Not Lighted,Clear
California,60177,5,SANTA CLARA (85),SAN JOSE,January,Saturday,State Highway,Urban,37.34768333,-121.9058556,Wall,The First Harmful Event was Not a Collision with a Motor Vehicle in Transport,Dark - Lighted,Clear
California,60179,1,CONTRA COSTA (13),LAFAYETTE,February,Thursday,State Highway,Urban,37.99143889,-122.0823,Pedestrian,The First Harmful Event was Not a Collision with a Motor Vehicle in Transport,Dark - Not Lighted,Clear
California,60187,2,SONOMA (97),SANTA ROSA,March,Wednesday,U.S. Highway,Urban,38.48955556,-122.7472139,Motor Vehicle In-Transport,Front-to-Rear,Dark - Not Lighted,Clear
California,60192,1,LOS ANGELES (37),LONG BEACH,February,Monday,Interstate,Urban,33.78025278,-118.2075778,Pedestrian,The First Harmful Event was Not a Collision with a Motor Vehicle in Transport,Dark - Not Lighted,Cloudy
California,60193,1,ORANGE (59),SAN JUAN CAPISTRANO,March,Friday,Interstate,Urban,33.51901389,-117.6648972,Pedestrian,The First Harmful Event was Not a Collision with a Motor Vehicle in Transport,Dark - Not Lighted,Cloudy
California,60199,1,STANISLAUS (99),MODESTO,January,Monday,State Highway,Urban,37.63818611,-120.9662778,Pedestrian,The First Harmful Event was Not a Collision with a Motor Vehicle in Transport,Dark - Lighted,Clear
California,60201,1,LOS ANGELES (37),EL MONTE,January,Monday,State Highway,Urban,34.06514722,-118.0676028,Pedestrian,The First Harmful Event was Not a Collision with a Motor Vehicle in Transport,Dark - Not Lighted,Cloudy
California,60205,1,SAN BERNARDINO (71),RANCHO CUCAMONGA,January,Friday,State Highway,Urban,34.13565833,-117.5877778,Pedestrian,The First Harmful Event was Not a Collision with a Motor Vehicle in Transport,Dark - Lighted,Clear
California,60207,2,SAN BERNARDINO (71),SAN BERNARDINO,March,Wednesday,Interstate,Urban,34.11619444,-117.3026083,Pedestrian,The First Harmful Event was Not a Collision with a Motor Vehicle in Transport,Dark - Not Lighted,Rain
California,60208,2,SANTA CLARA (85),SAN JOSE,February,Saturday,U.S. Highway,Urban,37.22087222,-121.7350194,Motor Vehicle In-Transport,Angle,Dark - Not Lighted,Rain
California,60209,1,SACRAMENTO (67),FOLSOM,January,Thursday,Local Street - Municipality,Urban,38.68356389,-121.1240917,Pedestrian,The First Harmful Event was Not a Collision with a Motor Vehicle in Transport,Dark - Lighted,Cloudy
California,60210,2,ORANGE (59),WESTMINSTER,January,Wednesday,State Highway,Urban,33.74207222,-117.9895611,Motor Vehicle In-Transport,Angle,Daylight,Clear
California,60212,1,YOLO (113),WEST SACRAMENTO,January,Thursday,Local Street - Municipality,Urban,38.571325,-121.5234361,Pedalcyclist,The First Harmful Event was Not a Collision with a Motor Vehicle in Transport,Dark - Lighted,Cloudy
California,60216,3,SAN DIEGO (73),SAN MARCOS,February,Wednesday,State Highway,Urban,33.13688333,-117.166425,Motor Vehicle In-Transport,Front-to-Rear,Dark - Not Lighted,Clear
California,60221,1,LOS ANGELES (37),LONG BEACH,January,Friday,Local Street - Municipality,Urban,33.79005556,-118.2063167,Pedestrian,The First Harmful Event was Not a Collision with a Motor Vehicle in Transport,Dark - Lighted,Clear
California,60223,1,ALAMEDA (1),LIVERMORE,January,Wednesday,Local Street - Municipality,Urban,37.69095833,-121.7523583,Pedestrian,The First Harmful Event was Not a Collision with a Motor Vehicle in Transport,Dark - Lighted,Rain
California,60224,1,SAN DIEGO (73),SAN DIEGO,January,Monday,Local Street - Municipality,Urban,32.82278333,-117.1168444,Curb,The First Harmful Event was Not a Collision with a Motor Vehicle in Transport,Dark - Not Lighted,Clear
California,60225,2,LOS ANGELES (37),LOS ANGELES,January,Friday,Local Street - Municipality,Urban,34.05768056,-118.306575,Motor Vehicle In-Transport,Angle,Daylight,Clear
California,60226,1,MARIN (41),NOVATO,January,Friday,Local Street - Municipality,Urban,38.10185,-122.5724222,Pedestrian,The First Harmful Event was Not a Collision with a Motor Vehicle in Transport,Dusk,Cloudy
California,60227,2,LOS ANGELES (37),LOS ANGELES,January,Saturday,Local Street - Municipality,Urban,33.96465278,-118.2564417,Pedestrian,The First Harmful Event was Not a Collision with a Motor Vehicle in Transport,Dark - Lighted,Clear
California,60232,1,LOS ANGELES (37),LOS ANGELES,January,Wednesday,Local Street - Municipality,Urban,34.03009444,-118.4202972,Utility Pole/Light Support,The First Harmful Event was Not a Collision with a Motor Vehicle in Transport,Dark - Not Lighted,Clear
California,60233,2,LOS ANGELES (37),LOS ANGELES,January,Wednesday,Local Street - Municipality,Urban,34.23572778,-118.4982194,Motor Vehicle In-Transport,Angle,Daylight,Clear
California,60234,4,SAN DIEGO (73),SAN DIEGO,January,Tuesday,Local Street - Municipality,Urban,32.552125,-117.0429556,Pedestrian,The First Harmful Event was Not a Collision with a Motor Vehicle in Transport,Daylight,Clear
California,60235,6,RIVERSIDE (65),INDIO,January,Wednesday,Local Street - Municipality,Urban,33.72203889,-116.2427139,Motor Vehicle In-Transport,Angle,Daylight,Clear
California,60240,1,ORANGE (59),ANAHEIM,January,Sunday,State Highway,Urban,33.85396389,-117.9488417,Concrete Traffic Barrier,The First Harmful Event was Not a Collision with a Motor Vehicle in Transport,Dark - Lighted,Clear
California,60244,1,SANTA CLARA (85),MOUNTAIN VIEW,March,Sunday,U.S. Highway,Urban,37.42177778,-122.0933361,Pedestrian,The First Harmful Event was Not a Collision with a Motor Vehicle in Transport,Daylight,Cloudy
California,60245,3,ORANGE (59),FULLERTON,January,Saturday,State Highway,Urban,33.89051111,-117.8805,Motor Vehicle In-Transport,Front-to-Rear,Dark - Lighted,Clear
California,60246,1,TULARE (107),TULARE,January,Wednesday,Local Street - Municipality,Urban,36.24024167,-119.3553583,Pedestrian,The First Harmful Event was Not a Collision with a Motor Vehicle in Transport,Daylight,Clear
California,60247,1,LOS ANGELES (37),LOS ANGELES,January,Wednesday,Local Street - Municipality,Urban,34.06048611,-118.2769778,Pedestrian,The First Harmful Event was Not a Collision with a Motor Vehicle in Transport,Dark - Lighted,Clear
California,60252,5,SONOMA (97),HEALDSBURG,January,Sunday,U.S. Highway,Urban,38.59715,-122.8575444,Motor Vehicle In-Transport,Front-to-Front,Dark - Not Lighted,Rain
California,60255,3,CONTRA COSTA (13),PITTSBURG,April,Wednesday,State Highway,Urban,38.01341111,-121.8757944,Pedestrian,The First Harmful Event was Not a Collision with a Motor Vehicle in Transport,Dark - Not Lighted,Clear
California,60257,1,ORANGE (59),EAST IRVINE,January,Saturday,State Highway,Urban,33.64093056,-117.8606111,Bridge Rail (Includes parapet),The First Harmful Event was Not a Collision with a Motor Vehicle in Transport,Dark - Not Lighted,Cloudy
California,60262,3,LOS ANGELES (37),LOS ANGELES,January,Saturday,Interstate,Urban,34.21446389,-118.3511306,Pedestrian,The First Harmful Event was Not a Collision with a Motor Vehicle in Transport,Dark - Lighted,Clear
California,60267,3,LOS ANGELES (37),POMONA,February,Tuesday,Interstate,Urban,34.07480278,-117.7496833,Parked Motor Vehicle,The First Harmful Event was Not a Collision with a Motor Vehicle in Transport,Dark - Not Lighted,Clear
California,60270,1,LOS ANGELES (37),PALMDALE,April,Monday,State Highway,Urban,34.61363889,-118.1531,Guardrail Face,The First Harmful Event was Not a Collision with a Motor Vehicle in Transport,Dark - Not Lighted,Clear
California,60281,1,SACRAMENTO (67),SACRAMENTO,January,Friday,Local Street - Municipality,Urban,38.56258056,-121.4487139,Pedestrian,The First Harmful Event was Not a Collision with a Motor Vehicle in Transport,Dark - Lighted,Rain
California,60283,2,RIVERSIDE (65),BANNING,January,Sunday,Local Street - Municipality,Urban,33.92543611,-116.8897167,Motor Vehicle In-Transport,Angle,Dark - Lighted,Clear
California,60284,4,RIVERSIDE (65),MORENO VALLEY,January,Wednesday,Local Street - Municipality,Urban,33.92458889,-117.2088917,Motor Vehicle In-Transport,Angle,Dark - Lighted,Clear
California,60286,6,LOS ANGELES (37),LOS ANGELES,January,Saturday,Local Street - Municipality,Urban,34.228625,-118.516,Motor Vehicle In-Transport,Front-to-Rear,Daylight,Clear
California,60294,1,ORANGE (59),HUNTINGTON BEACH,January,Sunday,Local Street - Municipality,Urban,33.711775,-118.0516278,Curb,The First Harmful Event was Not a Collision with a Motor Vehicle in Transport,Dark - Lighted,Clear
California,60295,2,SAN LUIS OBISPO (79),PASO ROBLES,February,Friday,State Highway,Rural,35.65205833,-120.6209472,Motor Vehicle In-Transport,Angle,Daylight,Cloudy