State,Case Number,Persons,County,City,Month,Day,Route,Rural/Urban,Latitude,Longitude,First Harmful Event,Manner of Collision,Light Conditions,Weather
California,60301,1,LOS ANGELES (37),LOS ANGELES,February,Saturday,Local Street - Municipality,Urban,34.22518889,-118.5273306,Parked Motor Vehicle,The First Harmful Event was Not a Collision with a Motor Vehicle in Transport,Dark - Lighted,Cloudy
California,60302,2,LOS ANGELES (37),LOS ANGELES,January,Tuesday,State Highway,Urban,34.03295278,-118.5297083,Pedestrian,The First Harmful Event was Not a Collision with a Motor Vehicle in Transport,Dark - Lighted,Rain
California,60305,5,SAN MATEO (81),PACIFICA,February,Saturday,State Highway,Urban,37.62706944,-122.4885639,Motor Vehicle In-Transport,Front-to-Front,Dark - Not Lighted,Cloudy
California,60306,2,SANTA CLARA (85),SAN JOSE,April,Wednesday,Interstate,Urban,37.31528889,-121.9090389,Rollover/Overturn,The First Harmful Event was Not a Collision with a Motor Vehicle in Transport,Daylight,Clear
California,60307,1,SAN FRANCISCO (75),SAN FRANCISCO,February,Saturday,Local Street - Municipality,Urban,37.71252222,-122.4016778,Traffic Signal Support,The First Harmful Event was Not a Collision with a Motor Vehicle in Transport,Daylight,Cloudy
California,60308,1,SAN DIEGO (73),SAN DIEGO,February,Wednesday,Interstate,Urban,32.93644722,-117.1106528,Curb,The First Harmful Event was Not a Collision with a Motor Vehicle in Transport,Dark - Lighted,Clear
California,60320,10,ORANGE (59),LA HABRA,February,Sunday,Local Street - Municipality,Urban,33.92463611,-117.9591806,Motor Vehicle In-Transport,Angle,Dark - Lighted,Cloudy
California,60327,1,SANTA CLARA (85),SAN JOSE,April,Sunday,Interstate,Urban,37.31693333,-121.9052139,Concrete Traffic Barrier,The First Harmful Event was Not a Collision with a Motor Vehicle in Transport,Dark - Lighted,Clear
California,60329,4,SAN BERNARDINO (71),REDLANDS,January,Saturday,Interstate,Urban,34.06171111,-117.1859889,Pedestrian,The First Harmful Event was Not a Collision with a Motor Vehicle in Transport,Dark - Lighted,Clear
California,60335,3,ORANGE (59),ANAHEIM,March,Wednesday,Interstate,Urban,33.83548611,-117.9413444,Motor Vehicle In-Transport,Front-to-Rear,Dark - Lighted,Clear
California,60336,1,SANTA CLARA (85),GILROY,January,Monday,U.S. Highway,Urban,36.99194444,-121.5572139,Guardrail Face,The First Harmful Event was Not a Collision with a Motor Vehicle in Transport,Dark - Not Lighted,Rain
California,60345,4,SAN DIEGO (73),VISTA,April,Tuesday,Interstate,Urban,34.06166111,-117.1861333,Pedestrian,The First Harmful Event was Not a Collision with a Motor Vehicle in Transport,Dark - Not Lighted,Cloudy
California,60350,1,ORANGE (59),COSTA MESA,February,Wednesday,Interstate,Urban,33.68669722,-117.8982667,Traffic Sign Support,The First Harmful Event was Not a Collision with a Motor Vehicle in Transport,Daylight,Clear
California,60353,2,ORANGE (59),LAGUNA BEACH,February,Wednesday,State Highway,Urban,33.53176944,-117.774875,Pedestrian,The First Harmful Event was Not a Collision with a Motor Vehicle in Transport,Dark - Lighted,Rain
California,60362,2,MARIN (41),NOVATO,April,Tuesday,State Highway,Urban,38.08151389,-122.5436222,Motor Vehicle In-Transport,Front-to-Front,Dark - Lighted,Clear
California,60365,1,LOS ANGELES (37),LOS ANGELES,February,Monday,Local Street - Municipality,Urban,33.96504167,-118.2783056,Pedalcyclist,The First Harmful Event was Not a Collision with a Motor Vehicle in Transport,Dark - Lighted,Clear
California,60366,2,RIVERSIDE (65),COACHELLA,March,Wednesday,State Highway,Urban,33.69711944,-116.1733167,Rollover/Overturn,The First Harmful Event was Not a Collision with a Motor Vehicle in Transport,Daylight,Cloudy
California,60378,3,SACRAMENTO (67),SACRAMENTO,February,Thursday,Local Street - Municipality,Urban,38.61114444,-121.4446111,Pedestrian,The First Harmful Event was Not a Collision with a Motor Vehicle in Transport,Dark - Lighted,Cloudy
California,60381,1,LOS ANGELES (37),SANTA CLARITA,March,Friday,Local Street - Municipality,Urban,34.38959167,-118.535075,Pedalcyclist,The First Harmful Event was Not a Collision with a Motor Vehicle in Transport,Dawn,Cloudy
California,60382,1,SAN FRANCISCO (75),SAN FRANCISCO,March,Friday,Local Street - Municipality,Urban,37.74648333,-122.4560611,Pedestrian,The First Harmful Event was Not a Collision with a Motor Vehicle in Transport,Daylight,Clear
California,60390,4,LOS ANGELES (37),LOS ANGELES,March,Sunday,Local Street - Municipality,Urban,33.98603889,-118.2739389,Motor Vehicle In-Transport,Angle,Dark - Lighted,Clear
California,60391,1,LOS ANGELES (37),LOS ANGELES,March,Saturday,Local Street - Municipality,Urban,34.003725,-118.2739944,Pedestrian,The First Harmful Event was Not a Collision with a Motor Vehicle in Transport,Daylight,Clear
California,60392,2,LOS ANGELES (37),LANCASTER,March,Saturday,Local Street - Municipality,Rural,34.76193333,-118.2723139,Motor Vehicle In-Transport,Angle,Dark - Not Lighted,Clear
California,60393,1,ALAMEDA (1),FREMONT,March,Thursday,State Highway,Urban,37.48998333,-121.9296861,Pedestrian,The First Harmful Event was Not a Collision with a Motor Vehicle in Transport,Dark - Lighted,Cloudy
California,60394,1,SAN FRANCISCO (75),SAN FRANCISCO,March,Friday,Local Street - Municipality,Urban,37.77992222,-122.4069167,Pedalcyclist,The First Harmful Event was Not a Collision with a Motor Vehicle in Transport,Daylight,Cloudy
California,60398,1,LOS ANGELES (37),CERRITOS,March,Friday,Interstate,Urban,33.86257778,-118.0976806,Pedestrian,The First Harmful Event was Not a Collision with a Motor Vehicle in Transport,Daylight,Clear
California,60403,1,LOS ANGELES (37),LOS ANGELES,March,Saturday,Interstate,Urban,34.28648889,-118.4092194,Wall,The First Harmful Event was Not a Collision with a Motor Vehicle in Transport,Daylight,Clear
California,60404,14,ORANGE (59),FOUNTAIN VALLEY,March,Saturday,Interstate,Urban,33.69734444,-117.9392861,Motor Vehicle In-Transport,Front-to-Rear,Dark - Lighted,Clear
California,60405,3,ORANGE (59),ANAHEIM,April,Tuesday,State Highway,Urban,33.85376667,-117.9057917,Motor Vehicle In-Transport,Front-to-Rear,Dark - Lighted,Clear
California,60411,1,SAN DIEGO (73),VISTA,March,Wednesday,Local Street - Municipality,Urban,33.18715833,-117.2765222,Curb,The First Harmful Event was Not a Collision with a Motor Vehicle in Transport,Daylight,Clear
California,60413,1,LOS ANGELES (37),LOS ANGELES,March,Sunday,Local Street - Municipality,Urban,34.01748333,-118.345975,Pedestrian,The First Harmful Event was Not a Collision with a Motor Vehicle in Transport,Dark - Lighted,Clear
California,60422,4,SAN BERNARDINO (71),ADELANTO,January,Friday,U.S. Highway,Urban,34.67523056,-117.4444694,Motor Vehicle In-Transport,Front-to-Front,Dark - Not Lighted,Clear
California,60424,1,LOS ANGELES (37),COMPTON,March,Tuesday,Local Street - Municipality,Urban,33.90328611,-118.2174417,Pedalcyclist,The First Harmful Event was Not a Collision with a Motor Vehicle in Transport,Daylight,Clear
California,60426,1,LOS ANGELES (37),LOS ANGELES,March,Tuesday,Local Street - Municipality,Urban,33.79059444,-118.2823389,Pedestrian,The First Harmful Event was Not a Collision with a Motor Vehicle in Transport,Dark - Lighted,Clear
California,60429,4,RIVERSIDE (65),RIVERSIDE,March,Tuesday,Local Street - Municipality,Urban,33.95863889,-117.4613,Motor Vehicle In-Transport,Angle,Daylight,Clear
California,60437,2,SAN DIEGO (73),ENCINITAS,March,Friday,Interstate,Urban,33.01182778,-117.2658361,Parked Motor Vehicle,The First Harmful Event was Not a Collision with a Motor Vehicle in Transport,Dark - Lighted,Rain
California,60445,2,MARIN (41),SAUSALITO,February,Tuesday,U.S. Highway,Urban,37.85537778,-122.4939611,Parked Motor Vehicle,The First Harmful Event was Not a Collision with a Motor Vehicle in Transport,Daylight,Rain
California,60447,1,SOLANO (95),FAIRFIELD,January,Thursday,Local Street - Municipality,Urban,38.25824167,-122.0310667,Pedestrian,The First Harmful Event was Not a Collision with a Motor Vehicle in Transport,Dark - Lighted,"Fog, Smog, Smoke"
California,60448,5,SAN BERNARDINO (71),VICTORVILLE,January,Thursday,Local Street - Municipality,Urban,34.53980833,-117.3191833,Motor Vehicle In-Transport,Angle,Dark - Lighted,Clear
California,60457,1,STANISLAUS (99),MODESTO,March,Thursday,State Highway,Urban,37.69530556,-121.0674611,Pedestrian,The First Harmful Event was Not a Collision with a Motor Vehicle in Transport,Dark - Lighted,Cloudy
California,60464,3,SOLANO (95),FAIRFIELD,February,Tuesday,State Highway,Urban,38.24043889,-122.0663194,Motor Vehicle In-Transport,Angle,Dark - Lighted,Clear
California,60467,2,LOS ANGELES (37),HAWTHORNE,February,Tuesday,Interstate,Urban,33.93094167,-118.3447917,Motor Vehicle In-Transport,Sideswipe - Same Direction,Daylight,Cloudy
California,60468,2,RIVERSIDE (65),GARNET,March,Monday,State Highway,Urban,33.806375,-116.4928556,Motor Vehicle In-Transport,Angle,Daylight,Clear
California,60469,1,ALAMEDA (1),ALBANY,March,Monday,Local Street - Municipality,Urban,37.88980278,-122.3015722,Pedestrian,The First Harmful Event was Not a Collision with a Motor Vehicle in Transport,Daylight,Clear
California,60470,2,SAN DIEGO (73),SAN DIEGO,March,Monday,Local Street - Municipality,Urban,32.71505,-117.0935889,Motor Vehicle In-Transport,Angle,Daylight,Clear
California,60477,2,FRESNO (19),SELMA,March,Monday,Local Street - Municipality,Urban,36.58531944,-119.6236472,Motor Vehicle In-Transport,Angle,Daylight,Clear
California,60482,1,SANTA CLARA (85),MILPITAS,February,Thursday,Interstate,Urban,37.45271667,-121.9207,Pedestrian,The First Harmful Event was Not a Collision with a Motor Vehicle in Transport,Daylight,Clear
California,60485,2,LOS ANGELES (37),LOS ANGELES,March,Friday,State Highway,Urban,33.79851389,-118.2766917,Motor Vehicle In-Transport,Angle,Dawn,Clear
California,60486,1,SACRAMENTO (67),SACRAMENTO,March,Tuesday,Local Street - Municipality,Urban,38.47439167,-121.4189861,Pedestrian,The First Harmful Event was Not a Collision with a Motor Vehicle in Transport,Dark - Lighted,Clear
California,60487,1,ALAMEDA (1),SAN LEANDRO,February,Thursday,State Highway,Urban,37.70915833,-122.134125,Pedestrian,The First Harmful Event was Not a Collision with a Motor Vehicle in Transport,Dark - Lighted,Clear
California,60497,2,LOS ANGELES (37),LOS ANGELES,March,Sunday,Local Street - Municipality,Urban,34.28178333,-118.4028028,Working Motor Vehicle,The First Harmful Event was Not a Collision with a Motor Vehicle in Transport,Dark - Lighted,Clear
California,60498,2,LOS ANGELES (37),LOS ANGELES,April,Wednesday,Local Street - Municipality,Urban,34.20846111,-118.4618167,Motor Vehicle In-Transport,Angle,Daylight,Cloudy
California,60501,1,RIVERSIDE (65),RIVERSIDE,April,Friday,Local Street - Municipality,Urban,33.98778889,-117.3483917,Non-Motorist on Personal Conveyance,The First Harmful Event was Not a Collision with a Motor Vehicle in Transport,Dark - Lighted,Clear
California,60503,3,LOS ANGELES (37),COMPTON,February,Tuesday,Local Street - Municipality,Urban,33.90282222,-118.2535472,Motor Vehicle In-Transport,Front-to-Rear,Daylight,Clear
California,60511,7,YOLO (113),WEST SACRAMENTO,February,Monday,U.S. Highway,Urban,38.57546389,-121.5611972,Motor Vehicle In-Transport,Front-to-Rear,Daylight,Clear
California,60513,1,KERN (29),BAKERSFIELD,April,Friday,State Highway,Urban,35.34018889,-119.0397278,Pedestrian,The First Harmful Event was Not a Collision with a Motor Vehicle in Transport,Dark - Lighted,Clear
California,60525,1,CONTRA COSTA (13),ANTIOCH,February,Saturday,State Highway,Urban,37.99985833,-121.8235306,Traffic Sign Support,The First Harmful Event was Not a Collision with a Motor Vehicle in Transport,Dark - Not Lighted,Clear
California,60526,2,MARIN (41),SAN RAFAEL,March,Saturday,U.S. Highway,Urban,37.97000278,-122.5216861,Concrete Traffic Barrier,The First Harmful Event was Not a Collision with a Motor Vehicle in Transport,Daylight,Rain
California,60537,1,SAN DIEGO (73),SAN DIEGO,March,Friday,Interstate,Urban,32.69071389,-117.1229139,Pedalcyclist,The First Harmful Event was Not a Collision with a Motor Vehicle in Transport,Daylight,Clear
California,60543,1,SANTA CLARA (85),MOUNTAIN VIEW,January,Monday,State Highway,Urban,37.37978611,-122.0714944,Pedestrian,The First Harmful Event was Not a Collision with a Motor Vehicle in Transport,Daylight,Clear
California,60545,2,SANTA CLARA (85),GILROY,April,Sunday,Local Street - Municipality,Urban,37.01240278,-121.5739361,Parked Motor Vehicle,The First Harmful Event was Not a Collision with a Motor Vehicle in Transport,Dark - Lighted,Clear
California,60547,5,LOS ANGELES (37),LOS ANGELES,April,Friday,Local Street - Municipality,Urban,34.23365278,-118.3877917,Motor Vehicle In-Transport,Front-to-Front,Daylight,Clear
California,60550,1,LOS ANGELES (37),LOS ANGELES,April,Saturday,Local Street - Municipality,Urban,34.098,-118.3264667,Pedestrian,The First Harmful Event was Not a Collision with a Motor Vehicle in Transport,Dark - Lighted,Clear
California,60551,1,LOS ANGELES (37),LOS ANGELES,April,Thursday,Local Street - Municipality,Urban,34.09797778,-118.3462194,Pedestrian,The First Harmful Event was Not a Collision with a Motor Vehicle in Transport,Dark - Lighted,Clear
California,60554,4,LOS ANGELES (37),LOS ANGELES,April,Wednesday,Local Street - Municipality,Urban,34.03275833,-118.2991278,Non-Motorist on Personal Conveyance,The First Harmful Event was Not a Collision with a Motor Vehicle in Transport,Dark - Lighted,Clear
California,60565,2,SAN DIEGO (73),SAN DIEGO,January,Sunday,Interstate,Urban,32.72324722,-117.1592917,Motor Vehicle In-Transport,Front-to-Front,Daylight,Clear
California,60566,1,SAN DIEGO (73),ESCONDIDO,April,Wednesday,State Highway,Urban,33.129125,-117.0984,Pedestrian,The First Harmful Event was Not a Collision with a Motor Vehicle in Transport,Dawn,Cloudy
California,60572,1,ORANGE (59),HUNTINGTON BEACH,March,Saturday,State Highway,Urban,33.70812222,-117.9890889,Pedestrian,The First Harmful Event was Not a Collision with a Motor Vehicle in Transport,Dark - Lighted,Cloudy
California,60573,2,YUBA (115),MARYSVILLE,April,Monday,Local Street - Municipality,Urban,39.14545,-121.5958861,Motor Vehicle In-Transport,Angle,Daylight,Clear
California,60577,4,SOLANO (95),FAIRFIELD,April,Sunday,State Highway,Urban,38.24044444,-122.0662889,Motor Vehicle In-Transport,Angle,Dark - Lighted,Cloudy
California,60578,2,LOS ANGELES (37),LOS ANGELES,May,Wednesday,Local Street - Municipality,Urban,34.20719167,-118.3507083,Motor Vehicle In-Transport,Angle,Daylight,Clear
California,60581,1,RIVERSIDE (65),CATHEDRAL CITY,January,Sunday,Local Street - Municipality,Urban,33.83722222,-116.4757667,Curb,The First Harmful Event was Not a Collision with a Motor Vehicle in Transport,Dark - Lighted,Clear
California,60585,5,ALAMEDA (1),OAKLAND,February,Thursday,Interstate,Urban,37.83103611,-122.2940167,Parked Motor Vehicle,The First Harmful Event was Not a Collision with a Motor Vehicle in Transport,Dark - Not Lighted,Cloudy
California,60590,1,ORANGE (59),HUNTINGTON BEACH,March,Saturday,State Highway,Urban,33.67225278,-117.9886778,Pedalcyclist,The First Harmful Event was Not a Collision with a Motor Vehicle in Transport,Dark - Lighted,Clear
California,60594,5,RIVERSIDE (65),INDIO,April,Friday,Local Street - Municipality,Urban,33.72842778,-116.2310778,Motor Vehicle In-Transport,Angle,Dark - Lighted,Clear
California,60601,1,YOLO (113),WEST SACRAMENTO,May,Friday,Local Street - Municipality,Urban,38.57971111,-121.5407028,Pedestrian,The First Harmful Event was Not a Collision with a Motor Vehicle in Transport,Dark - Lighted,Clear
California,60602,1,SAN DIEGO (73),SAN DIEGO,May,Saturday,Local Street - Municipality,Urban,32.76193611,-117.2290444,Curb,The First Harmful Event was Not a Collision with a Motor Vehicle in Transport,Dark - Lighted,Cloudy
California,60603,2,LOS ANGELES (37),COMPTON,May,Monday,Local Street - Municipality,Urban,33.88869722,-118.206125,Motor Vehicle In-Transport,Angle,Dark - Lighted,Clear
California,60615,3,SANTA CLARA (85),MORGAN HILL,March,Saturday,U.S. Highway,Urban,37.1243,-121.6290778,Motor Vehicle In-Transport,Front-to-Rear,Daylight,Clear
California,60620,3,STANISLAUS (99),CERES,March,Saturday,State Highway,Rural,37.60936111,-120.9765111,Motor Vehicle In-Transport,Angle,Daylight,Rain
California,60621,1,SAN DIEGO (73),NATIONAL CITY,March,Sunday,Interstate,Urban,32.68660556,-117.0921611,Guardrail Face,The First Harmful Event was Not a Collision with a Motor Vehicle in Transport,Dark - Lighted,Clear
California,60622,1,LOS ANGELES (37),MALIBU,May,Tuesday,State Highway,Urban,34.03801111,-118.6418139,Pedestrian,The First Harmful Event was Not a Collision with a Motor Vehicle in Transport,Dark - Lighted,Clear
California,60624,3,KERN (29),BAKERSFIELD,February,Wednesday,Local Street - Municipality,Urban,35.35789722,-119.0118806,Pedestrian,The First Harmful Event was Not a Collision with a Motor Vehicle in Transport,Dark - Lighted,Clear
California,60625,3,RIVERSIDE (65),MENIFEE,February,Thursday,State Highway,Urban,33.74306667,-117.1577111,Pedestrian,The First Harmful Event was Not a Collision with a Motor Vehicle in Transport,Dusk,Cloudy
California,60626,2,RIVERSIDE (65),BLYTHE,March,Wednesday,State Highway,Urban,33.61806389,-114.5710083,Motor Vehicle In-Transport,Angle,Daylight,Clear
California,60630,2,ALAMEDA (1),OAKLAND,February,Thursday,Interstate,Urban,37.75689444,-122.1486083,Tree (Standing Only),The First Harmful Event was Not a Collision with a Motor Vehicle in Transport,Dark - Not Lighted,Cloudy
California,60632,1,LOS ANGELES (37),SANTA CLARITA,April,Friday,State Highway,Urban,34.39120833,-118.4750139,Pedestrian,The First Harmful Event was Not a Collision with a Motor Vehicle in Transport,Dark - Lighted,Clear
California,60634,1,LOS ANGELES (37),COMPTON,April,Wednesday,State Highway,Urban,33.87360278,-118.2506944,Rollover/Overturn,The First Harmful Event was Not a Collision with a Motor Vehicle in Transport,Daylight,Clear
California,60635,2,LOS ANGELES (37),CERRITOS,April,Saturday,State Highway,Urban,33.8703,-118.057,Tree (Standing Only),The First Harmful Event was Not a Collision with a Motor Vehicle in Transport,Dark - Lighted,Clear
California,60640,2,ORANGE (59),SEAL BEACH,January,Friday,State Highway,Urban,33.74066667,-118.0950444,Pedalcyclist,The First Harmful Event was Not a Collision with a Motor Vehicle in Transport,Daylight,Cloudy
California,60644,7,MERCED (47),LOS BANOS,March,Sunday,State Highway,Urban,37.05694167,-120.8424306,Motor Vehicle In-Transport,Angle,Dark - Lighted,Rain
California,60663,1,SAN DIEGO (73),SAN DIEGO,February,Thursday,State Highway,Urban,32.84628056,-117.2003194,Pedestrian,The First Harmful Event was Not a Collision with a Motor Vehicle in Transport,Dark - Lighted,Cloudy
California,60674,1,LOS ANGELES (37),WESTLAKE VILLAGE,April,Thursday,U.S. Highway,Urban,34.14871111,-118.8017889,Tree (Standing Only),The First Harmful Event was Not a Collision with a Motor Vehicle in Transport,Daylight,Cloudy
California,60677,1,FRESNO (19),KINGSBURG,April,Thursday,State Highway,Urban,36.52050556,-119.5649222,Tree (Standing Only),The First Harmful Event was Not a Collision with a Motor Vehicle in Transport,Dark - Lighted,Clear
California,60678,3,SANTA CLARA (85),SAN JOSE,March,Thursday,Interstate,Urban,37.33312778,-121.8623417,Pedestrian,The First Harmful Event was Not a Collision with a Motor Vehicle in Transport,Daylight,Clear
California,60687,3,LOS ANGELES (37),POMONA,April,Monday,Interstate,Urban,34.07223889,-117.77265,Motor Vehicle In-Transport,Front-to-Rear,Dark - Lighted,Rain
California,60690,2,SANTA CLARA (85),SAN JOSE,February,Sunday,Interstate,Urban,37.34378333,-121.8456417,Pedestrian,The First Harmful Event was Not a Collision with a Motor Vehicle in Transport,Dark - Lighted,Rain
California,60691,4,RIVERSIDE (65),HEMET,May,Wednesday,State Highway,Urban,33.74385556,-117.033325,Motor Vehicle In-Transport,Front-to-Rear,Dark - Lighted,Clear
California,60695,3,LOS ANGELES (37),IRWINDALE,February,Tuesday,Interstate,Urban,34.0907,-117.9922361,Motor Vehicle In-Transport,Sideswipe - Same Direction,Dusk,Clear
California,60715,2,CONTRA COSTA (13),BRENTWOOD,May,Monday,State Highway,Urban,37.91054444,-121.7298861,Motor Vehicle In-Transport,Front-to-Front,Daylight,Clear
California,60717,1,SAN BERNARDINO (71),COLTON,May,Saturday,Interstate,Urban,34.06502222,-117.3139278,Pedestrian,The First Harmful Event was Not a Collision with a Motor Vehicle in Transport,Dark - Not Lighted,Clear
California,60719,2,SANTA CLARA (85),SAN JOSE,May,Thursday,State Highway,Urban,37.32438333,-121.8924,Motor Vehicle In-Transport,Sideswipe - Same Direction,Daylight,Clear
California,60724,2,LOS ANGELES (37),NORWALK,April,Sunday,Interstate,Urban,33.88218333,-118.1039194,Pedestrian,The First Harmful Event was Not a Collision with a Motor Vehicle in Transport,Daylight,Clear
California,60726,4,SANTA CLARA (85),SAN JOSE,June,Friday,Interstate,Urban,37.32839167,-121.8739556,Rollover/Overturn,The First Harmful Event was Not a Collision with a Motor Vehicle in Transport,Dark - Lighted,Clear
California,60733,4,SACRAMENTO (67),FOLSOM,March,Friday,U.S. Highway,Urban,38.63886389,-121.1997167,Tree (Standing Only),The First Harmful Event was Not a Collision with a Motor Vehicle in Transport,Dark - Lighted,Clear
California,60735,3,SAN BERNARDINO (71),FONTANA,March,Saturday,State Highway,Urban,34.13649167,-117.4479472,Curb,The First Harmful Event was Not a Collision with a Motor Vehicle in Transport,Daylight,Cloudy
California,60743,1,SANTA CLARA (85),SAN JOSE,January,Monday,Local Street - Municipality,Urban,37.36162222,-121.8553639,Pedestrian,The First Harmful Event was Not a Collision with a Motor Vehicle in Transport,Dark - Lighted,Clear
California,60746,1,LOS ANGELES (37),LONG BEACH,April,Thursday,Local Street - Municipality,Urban,33.80439444,-118.2055,Pedestrian,The First Harmful Event was Not a Collision with a Motor Vehicle in Transport,Dark - Lighted,Clear
California,60748,1,SANTA CLARA (85),MOUNTAIN VIEW,April,Saturday,State Highway,Urban,37.38876667,-122.0898306,Pedestrian,The First Harmful Event was Not a Collision with a Motor Vehicle in Transport,Dark - Lighted,Clear
California,60749,1,RIVERSIDE (65),INDIO,April,Sunday,Local Street - Municipality,Urban,33.71904444,-116.2338,Pedestrian,The First Harmful Event was Not a Collision with a Motor Vehicle in Transport,Dark - Lighted,Clear
California,60750,3,RIVERSIDE (65),RIVERSIDE,April,Monday,Local Street - Municipality,Urban,33.98924444,-117.3711944,Pedestrian,The First Harmful Event was Not a Collision with a Motor Vehicle in Transport,Daylight,Clear
California,60758,3,LOS ANGELES (37),LOS ANGELES,May,Saturday,Local Street - Municipality,Urban,33.97708333,-118.291575,Pedestrian,The First Harmful Event was Not a Collision with a Motor Vehicle in Transport,Dark - Lighted,Clear
California,60772,2,RIVERSIDE (65),INDIO,May,Saturday,Interstate,Urban,33.750375,-116.2728694,Pedestrian,The First Harmful Event was Not a Collision with a Motor Vehicle in Transport,Dark - Lighted,Clear
California,60773,1,RIVERSIDE (65),MURRIETA,March,Thursday,Interstate,Rural,33.54871944,-117.1814778,Bridge Pier or Support,The First Harmful Event was Not a Collision with a Motor Vehicle in Transport,Daylight,Cloudy
California,60774,2,LOS ANGELES (37),LOS ANGELES,June,Friday,Local Street - Municipality,Urban,34.16491389,-118.3641583,Motor Vehicle In-Transport,Angle,Daylight,Clear
California,60775,1,SAN BERNARDINO (71),FONTANA,April,Thursday,State Highway,Urban,34.10670278,-117.4153722,Pedestrian,The First Harmful Event was Not a Collision with a Motor Vehicle in Transport,Dark - Lighted,Clear
California,60777,2,SANTA CLARA (85),SANTA CLARA,April,Thursday,Local Street - Municipality,Urban,37.33503611,-121.9599028,Motor Vehicle In-Transport,Sideswipe - Same Direction,Daylight,Clear
California,60779,1,LOS ANGELES (37),LOS ANGELES,May,Friday,Local Street - Municipality,Urban,33.93868889,-118.2390361,Pedestrian,The First Harmful Event was Not a Collision with a Motor Vehicle in Transport,Dark - Lighted,Clear
California,60780,2,LOS ANGELES (37),LOS ANGELES,June,Monday,Local Street - Municipality,Urban,34.05753611,-118.3581028,Motor Vehicle In-Transport,Front-to-Front,Daylight,Clear
California,60782,5,FRESNO (19),FRESNO,January,Saturday,Local Street - Municipality,Urban,36.76468056,-119.8428611,Pedestrian,The First Harmful Event was Not a Collision with a Motor Vehicle in Transport,Dark - Lighted,Rain
California,60793,3,SAN BERNARDINO (71),REDLANDS,February,Saturday,Interstate,Urban,34.06392778,-117.1968222,Guardrail Face,The First Harmful Event was Not a Collision with a Motor Vehicle in Transport,Dark - Lighted,Cloudy
California,60794,2,SAN JOAQUIN (77),STOCKTON,February,Sunday,Local Street - Municipality,Urban,37.99062778,-121.3157861,Pedalcyclist,The First Harmful Event was Not a Collision with a Motor Vehicle in Transport,Dark - Lighted,Clear
California,60796,5,FRESNO (19),FRESNO,February,Wednesday,Local Street - Municipality,Urban,36.77591111,-119.7815444,Motor Vehicle In-Transport,Angle,Dusk,Cloudy