State,Case Number,Persons,County,City,Month,Day,Route,Rural/Urban,Latitude,Longitude,First Harmful Event,Manner of Collision,Light Conditions,Weather
California,60797,3,SAN JOAQUIN (77),STOCKTON,February,Wednesday,Local Street - Municipality,Urban,37.93046111,-121.2666806,Pedestrian,The First Harmful Event was Not a Collision with a Motor Vehicle in Transport,Dark - Lighted,Cloudy
California,60798,2,SANTA BARBARA (83),CARPINTERIA,March,Friday,State Highway,Urban,34.38443056,-119.4801639,Motor Vehicle In-Transport,Angle,Dark - Lighted,Clear
California,60800,1,FRESNO (19),FRESNO,February,Wednesday,Local Street - Municipality,Urban,36.77191944,-119.8435,Pedestrian,The First Harmful Event was Not a Collision with a Motor Vehicle in Transport,Dark - Lighted,Cloudy
California,60819,1,CONTRA COSTA (13),RICHMOND,March,Wednesday,Interstate,Urban,37.92186667,-122.3508111,Pedestrian,The First Harmful Event was Not a Collision with a Motor Vehicle in Transport,Dark - Not Lighted,Cloudy
California,60834,5,ALAMEDA (1),ALBANY,June,Saturday,Interstate,Urban,37.89673889,-122.3086056,Motor Vehicle In-Transport,Sideswipe - Same Direction,Daylight,Clear
California,60840,1,LOS ANGELES (37),MONTEREY PARK,February,Thursday,Interstate,Urban,34.05581944,-118.1647278,Concrete Traffic Barrier,The First Harmful Event was Not a Collision with a Motor Vehicle in Transport,Daylight,Rain
California,60850,1,ORANGE (59),SANTA ANA,January,Friday,Local Street - Municipality,Urban,33.71584722,-117.8462167,Pedestrian,The First Harmful Event was Not a Collision with a Motor Vehicle in Transport,Dark - Lighted,Clear
California,60853,2,ORANGE (59),SANTA ANA HEIGHTS,February,Sunday,Local Street - Municipality,Urban,33.71601111,-117.8620417,Motor Vehicle In-Transport,Front-to-Front,Dark - Lighted,Rain
California,60854,4,FRESNO (19),MENDOTA,April,Monday,State Highway,Urban,36.75187222,-120.3867944,Pedestrian,The First Harmful Event was Not a Collision with a Motor Vehicle in Transport,Dark - Lighted,Clear
California,60855,1,LOS ANGELES (37),LOS ANGELES,June,Sunday,Local Street - Municipality,Urban,34.30866944,-118.4542333,Pedalcyclist,The First Harmful Event was Not a Collision with a Motor Vehicle in Transport,Dark - Lighted,Clear
California,60857,1,SACRAMENTO (67),SACRAMENTO,June,Saturday,Interstate,Urban,38.61341389,-121.5108306,"Post, Pole or Other Supports",The First Harmful Event was Not a Collision with a Motor Vehicle in Transport,Dark - Lighted,Clear
California,60858,1,LOS ANGELES (37),LOS ANGELES,May,Sunday,Interstate,Urban,34.32443889,-118.5013083,Rollover/Overturn,The First Harmful Event was Not a Collision with a Motor Vehicle in Transport,Daylight,Cloudy
California,60867,2,SAN MATEO (81),MENLO PARK,April,Saturday,U.S. Highway,Urban,37.49142222,-122.137,Motor Vehicle In-Transport,Front-to-Rear,Dark - Lighted,Cloudy
California,60870,5,SAN FRANCISCO (75),SAN FRANCISCO,January,Monday,Interstate,Urban,37.78525,-122.3922111,Pedestrian,The First Harmful Event was Not a Collision with a Motor Vehicle in Transport,Dark - Lighted,Clear
California,60871,4,SAN DIEGO (73),SAN DIEGO,March,Saturday,State Highway,Urban,32.73223333,-117.1548889,Motor Vehicle In-Transport,Front-to-Rear,Dark - Not Lighted,Clear
California,60872,1,RIVERSIDE (65),MENIFEE,April,Saturday,Interstate,Urban,33.63907778,-117.1709611,Pedestrian,The First Harmful Event was Not a Collision with a Motor Vehicle in Transport,Dark - Not Lighted,"Fog, Smog, Smoke"
California,60874,2,ALAMEDA (1),LIVERMORE,May,Thursday,State Highway,Urban,37.68852222,-121.8056,Motor Vehicle In-Transport,Front-to-Rear,Dark - Lighted,Clear
California,60880,3,ORANGE (59),HUNTINGTON BEACH,June,Sunday,State Highway,Urban,33.6608,-118.0068778,Motor Vehicle In-Transport,Sideswipe - Same Direction,Daylight,Clear
California,60891,3,SAN BERNARDINO (71),BARSTOW,April,Saturday,Interstate,Urban,34.88467222,-116.9864167,Motor Vehicle In-Transport,Front-to-Front,Dark - Not Lighted,Clear
California,60892,2,RIVERSIDE (65),CORONA,May,Monday,State Highway,Urban,33.87924444,-117.6561,Parked Motor Vehicle,The First Harmful Event was Not a Collision with a Motor Vehicle in Transport,Dark - Not Lighted,Clear
California,60895,1,CONTRA COSTA (13),MARTINEZ,January,Monday,Local Street - Municipality,Urban,38.01488611,-122.1377944,Pedestrian,The First Harmful Event was Not a Collision with a Motor Vehicle in Transport,Dark - Lighted,Clear
California,60909,3,LOS ANGELES (37),LOS ANGELES,June,Wednesday,Local Street - Municipality,Urban,33.93146111,-118.4256167,Curb,The First Harmful Event was Not a Collision with a Motor Vehicle in Transport,Daylight,Cloudy
California,60918,16,LOS ANGELES (37),CLAREMONT,March,Sunday,Interstate,Urban,34.08181667,-117.7210833,Motor Vehicle In-Transport,Front-to-Rear,Dark - Lighted,Clear
California,60923,1,SONOMA (97),SANTA ROSA,April,Saturday,County Road,Urban,38.52441667,-122.7783361,Pedestrian,The First Harmful Event was Not a Collision with a Motor Vehicle in Transport,Dark - Not Lighted,Clear
California,60927,6,LOS ANGELES (37),CARSON,April,Tuesday,State Highway,Urban,33.87377222,-118.2559278,Motor Vehicle In-Transport,Sideswipe - Same Direction,Daylight,Clear
California,60928,1,ORANGE (59),HUNTINGTON BEACH,May,Sunday,State Highway,Urban,33.73266667,-117.9885417,Rollover/Overturn,The First Harmful Event was Not a Collision with a Motor Vehicle in Transport,Dark - Lighted,Clear
California,60929,2,SANTA CLARA (85),PALO ALTO,June,Sunday,U.S. Highway,Urban,37.45302778,-122.1280417,Motor Vehicle In-Transport,Front-to-Front,Dark - Not Lighted,Cloudy
California,60930,1,SAN BERNARDINO (71),VICTORVILLE,July,Tuesday,Interstate,Urban,34.51711389,-117.3205,Pedestrian,The First Harmful Event was Not a Collision with a Motor Vehicle in Transport,Dark - Lighted,Clear
California,60933,2,ALAMEDA (1),OAKLAND,May,Tuesday,Interstate,Urban,37.74000556,-122.1437778,Motor Vehicle In-Transport,Sideswipe - Same Direction,Daylight,Clear
California,60934,2,LOS ANGELES (37),CLAREMONT,April,Monday,State Highway,Urban,34.12036111,-117.7009,Curb,The First Harmful Event was Not a Collision with a Motor Vehicle in Transport,Dark - Not Lighted,Clear
California,60947,3,ORANGE (59),ORANGE,April,Tuesday,Interstate,Urban,33.78733056,-117.8856889,Motor Vehicle In-Transport,Front-to-Rear,Daylight,Clear
California,60956,1,MONTEREY (53),DEL REY OAKS,May,Saturday,State Highway,Urban,36.58091944,-121.828,Traffic Signal Support,The First Harmful Event was Not a Collision with a Motor Vehicle in Transport,Dark - Lighted,Cloudy
California,60957,1,LOS ANGELES (37),SOUTH EL MONTE,January,Sunday,Local Street - Municipality,Urban,34.06273889,-118.0556,Pedestrian,The First Harmful Event was Not a Collision with a Motor Vehicle in Transport,Daylight,Clear
California,60977,1,ORANGE (59),ANAHEIM,June,Monday,Interstate,Urban,33.83546944,-117.9404694,Pedestrian,The First Harmful Event was Not a Collision with a Motor Vehicle in Transport,Dark - Not Lighted,Clear
California,60979,1,ALAMEDA (1),UNION CITY,March,Friday,Local Street - Municipality,Urban,37.57923889,-122.0826,Parked Motor Vehicle,The First Harmful Event was Not a Collision with a Motor Vehicle in Transport,Dark - Lighted,Clear
California,60980,2,LOS ANGELES (37),BEVERLY HILLS,March,Sunday,Local Street - Municipality,Urban,34.07794722,-118.3945306,Motor Vehicle In-Transport,Angle,Daylight,Clear
California,60982,3,SOLANO (95),RIO VISTA,May,Wednesday,Local Street - Municipality,Rural,38.17238333,-121.7066556,Motor Vehicle In-Transport,Angle,Daylight,Rain
California,60986,1,SAN LUIS OBISPO (79),PASO ROBLES,July,Monday,U.S. Highway,Urban,35.60248611,-120.6924306,Other Object (not fixed),The First Harmful Event was Not a Collision with a Motor Vehicle in Transport,Dark - Not Lighted,Clear
California,60988,1,SACRAMENTO (67),SACRAMENTO,June,Monday,State Highway,Urban,38.57876389,-121.4647306,Motor Vehicle In-Transport,Angle,Dark - Lighted,Clear
California,60993,1,RIVERSIDE (65),PERRIS,May,Friday,Interstate,Urban,33.76147222,-117.1891639,Pedestrian,The First Harmful Event was Not a Collision with a Motor Vehicle in Transport,Dark - Not Lighted,Rain
California,60995,3,VENTURA (111),THOUSAND OAKS,May,Friday,Local Street - Municipality,Urban,34.18279444,-118.8837694,Motor Vehicle In-Transport,Angle,Daylight,Clear
California,60996,1,VENTURA (111),OJAI,April,Sunday,State Highway,Urban,34.44219722,-119.2641694,Pedestrian,The First Harmful Event was Not a Collision with a Motor Vehicle in Transport,Dusk,Clear
California,60997,3,LOS ANGELES (37),LOS ANGELES,June,Tuesday,Local Street - Municipality,Urban,33.99861667,-118.3305722,Parked Motor Vehicle,The First Harmful Event was Not a Collision with a Motor Vehicle in Transport,Dark - Lighted,Clear
California,60998,2,CONTRA COSTA (13),WALNUT CREEK,June,Saturday,Local Street - Municipality,Urban,37.93461667,-122.0473639,Motor Vehicle In-Transport,Angle,Daylight,Clear
California,61002,1,MARIN (41),CORTE MADERA,June,Monday,U.S. Highway,Urban,37.92575,-122.5146389,Tree (Standing Only),The First Harmful Event was Not a Collision with a Motor Vehicle in Transport,Dark - Lighted,Clear
California,61005,3,LOS ANGELES (37),WEST COVINA,March,Sunday,Interstate,Urban,34.07199167,-117.8837278,Motor Vehicle In-Transport,Angle,Dark - Lighted,Clear
California,61006,2,LOS ANGELES (37),LOS ANGELES,April,Monday,Interstate,Urban,34.22723056,-118.3893111,Motor Vehicle In-Transport,Angle,Dark - Lighted,Rain
California,61007,3,LOS ANGELES (37),LOS ANGELES,April,Friday,Interstate,Urban,34.05405833,-118.2066806,Curb,The First Harmful Event was Not a Collision with a Motor Vehicle in Transport,Dark - Lighted,Clear
California,61008,1,LOS ANGELES (37),LOS ANGELES,April,Wednesday,State Highway,Urban,34.00990278,-118.2521444,Guardrail Face,The First Harmful Event was Not a Collision with a Motor Vehicle in Transport,Daylight,Cloudy
California,61032,1,LOS ANGELES (37),WEST COVINA,April,Sunday,Local Street - Municipality,Urban,34.02948611,-117.8898667,Curb,The First Harmful Event was Not a Collision with a Motor Vehicle in Transport,Dark - Lighted,Clear
California,61033,2,LOS ANGELES (37),LOS ANGELES,May,Friday,Local Street - Municipality,Urban,34.01495278,-118.2764528,Motor Vehicle In-Transport,Angle,Daylight,Clear
California,61035,1,LOS ANGELES (37),LOS ANGELES,May,Thursday,Local Street - Municipality,Urban,34.01483611,-118.2396333,Pedalcyclist,The First Harmful Event was Not a Collision with a Motor Vehicle in Transport,Dark - Lighted,Cloudy
California,61037,1,RIVERSIDE (65),CATHEDRAL CITY,July,Friday,Interstate,Urban,33.83024167,-116.4259861,Rollover/Overturn,The First Harmful Event was Not a Collision with a Motor Vehicle in Transport,Daylight,Clear
California,61038,2,RIVERSIDE (65),CORONA,June,Friday,Interstate,Urban,33.85845556,-117.5362889,Motor Vehicle In-Transport,Front-to-Rear,Dark - Lighted,Clear
California,61039,1,SAN BERNARDINO (71),VICTORVILLE,July,Wednesday,Interstate,Urban,34.47778611,-117.340675,Parked Motor Vehicle,The First Harmful Event was Not a Collision with a Motor Vehicle in Transport,Dark - Lighted,Clear
California,61043,5,SAN FRANCISCO (75),SAN FRANCISCO,June,Sunday,Local Street - Municipality,Urban,37.72241111,-122.3957278,Motor Vehicle In-Transport,Angle,Dark - Lighted,Clear
California,61045,1,SAN FRANCISCO (75),SAN FRANCISCO,June,Thursday,Local Street - Municipality,Urban,37.78855,-122.3960139,Pedestrian,The First Harmful Event was Not a Collision with a Motor Vehicle in Transport,Dark - Lighted,Clear
California,61050,1,LOS ANGELES (37),PALMDALE,June,Monday,State Highway,Urban,34.59384444,-118.134225,Guardrail Face,The First Harmful Event was Not a Collision with a Motor Vehicle in Transport,Daylight,Clear
California,61051,1,SACRAMENTO (67),SACRAMENTO,July,Thursday,Interstate,Urban,38.62172778,-121.515175,Tree (Standing Only),The First Harmful Event was Not a Collision with a Motor Vehicle in Transport,Dark - Lighted,Clear
California,61053,1,SANTA CLARA (85),SAN JOSE,June,Sunday,State Highway,Urban,37.301725,-121.8776667,Other Fixed Object,The First Harmful Event was Not a Collision with a Motor Vehicle in Transport,Daylight,Cloudy
California,61054,6,SANTA CLARA (85),SAN JOSE,June,Friday,Interstate,Urban,37.44065556,-121.9203583,Parked Motor Vehicle,The First Harmful Event was Not a Collision with a Motor Vehicle in Transport,Daylight,Cloudy
California,61057,1,LOS ANGELES (37),LOS ANGELES,June,Monday,State Highway,Urban,33.95996389,-118.3161083,Pedestrian,The First Harmful Event was Not a Collision with a Motor Vehicle in Transport,Dark - Lighted,Clear
California,61065,1,LOS ANGELES (37),GLENDORA,April,Friday,Interstate,Urban,34.1208,-117.8754611,Rollover/Overturn,The First Harmful Event was Not a Collision with a Motor Vehicle in Transport,Daylight,Clear
California,61077,9,SAN BERNARDINO (71),CHINO HILLS,June,Wednesday,State Highway,Urban,33.93750278,-117.6656556,Motor Vehicle In-Transport,Front-to-Rear,Daylight,Clear
California,61082,2,SAN DIEGO (73),SAN DIEGO,February,Monday,Local Street - Municipality,Urban,32.70411944,-117.0994028,Motor Vehicle In-Transport,Angle,Daylight,Clear
California,61083,3,SAN DIEGO (73),VISTA,April,Sunday,Local Street - Municipality,Urban,33.14118333,-117.2190972,Motor Vehicle In-Transport,Angle,Daylight,Clear
California,61085,1,LOS ANGELES (37),COMPTON,July,Thursday,Local Street - Municipality,Urban,33.90587222,-118.2543583,Curb,The First Harmful Event was Not a Collision with a Motor Vehicle in Transport,Daylight,Cloudy
California,61086,10,LOS ANGELES (37),TEMPLE CITY,July,Thursday,Local Street - Municipality,Urban,34.10431111,-118.0514917,Motor Vehicle In-Transport,Angle,Daylight,Clear
California,61091,2,LOS ANGELES (37),HAWTHORNE,February,Monday,Local Street - Municipality,Urban,33.93093611,-118.36135,Motor Vehicle In-Transport,Angle,Dark - Lighted,Clear
California,61100,4,BUTTE (7),CHICO,May,Friday,State Highway,Urban,39.78103056,-121.8813056,Motor Vehicle In-Transport,Front-to-Rear,Daylight,Clear
California,61104,2,LOS ANGELES (37),LOS ANGELES,July,Tuesday,Local Street - Municipality,Urban,34.08013889,-118.3658889,Motor Vehicle In-Transport,Angle,Daylight,Clear
California,61106,1,LOS ANGELES (37),LONG BEACH,March,Wednesday,Local Street - Municipality,Urban,33.78261667,-118.1954,Pedestrian,The First Harmful Event was Not a Collision with a Motor Vehicle in Transport,Dark - Lighted,Rain
California,61108,1,LOS ANGELES (37),LONG BEACH,March,Sunday,Local Street - Municipality,Urban,33.75751389,-118.1130306,Curb,The First Harmful Event was Not a Collision with a Motor Vehicle in Transport,Dark - Lighted,Cloudy
California,61109,1,SAN DIEGO (73),SAN DIEGO,July,Thursday,Local Street - Municipality,Urban,32.77601389,-117.1578611,Curb,The First Harmful Event was Not a Collision with a Motor Vehicle in Transport,Daylight,Clear
California,61111,1,SAN DIEGO (73),SAN DIEGO,July,Friday,Local Street - Municipality,Urban,32.55150556,-117.039575,Pedestrian,The First Harmful Event was Not a Collision with a Motor Vehicle in Transport,Dark - Lighted,Clear
California,61116,3,SANTA BARBARA (83),BUELLTON,June,Saturday,U.S. Highway,Urban,34.62169444,-120.1894139,Motor Vehicle In-Transport,Sideswipe - Same Direction,Dark - Lighted,Clear
California,61118,2,CONTRA COSTA (13),ANTIOCH,June,Tuesday,State Highway,Urban,38.00641667,-121.846,Motor Vehicle In-Transport,Front-to-Rear,Daylight,Clear
California,61119,2,LOS ANGELES (37),LOS ANGELES,February,Friday,Interstate,Urban,34.02839167,-118.2532028,Motor Vehicle In-Transport,Front-to-Rear,Dark - Lighted,Cloudy
California,61121,2,KERN (29),CALIFORNIA CITY,July,Wednesday,Local Street - Municipality,Rural,35.12545833,-118.0654639,Motor Vehicle In-Transport,Angle,Daylight,Clear
California,61124,2,STANISLAUS (99),MODESTO,June,Saturday,State Highway,Urban,37.63765556,-120.989625,Curb,The First Harmful Event was Not a Collision with a Motor Vehicle in Transport,Dark - Lighted,Clear
California,61131,1,ALAMEDA (1),OAKLAND,May,Tuesday,State Highway,Urban,37.84733056,-122.2276806,Rollover/Overturn,The First Harmful Event was Not a Collision with a Motor Vehicle in Transport,Daylight,Clear
California,61134,2,SAN DIEGO (73),SAN DIEGO,January,Sunday,Interstate,Urban,32.78760833,-117.2069278,Motor Vehicle In-Transport,Front-to-Rear,Dark - Lighted,Cloudy
California,61138,1,SACRAMENTO (67),SACRAMENTO,May,Tuesday,U.S. Highway,Urban,38.55380278,-121.4068472,Pedestrian,The First Harmful Event was Not a Collision with a Motor Vehicle in Transport,Dark - Lighted,Clear
California,61139,6,ALAMEDA (1),OAKLAND,May,Wednesday,Interstate,Rural,37.82254167,-122.3211111,Motor Vehicle In-Transport,Front-to-Rear,Dark - Lighted,Clear
California,61140,1,ALAMEDA (1),OAKLAND,May,Wednesday,State Highway,Urban,37.82993889,-122.26655,Pedestrian,The First Harmful Event was Not a Collision with a Motor Vehicle in Transport,Daylight,Cloudy
California,61144,1,RIVERSIDE (65),MENIFEE,May,Wednesday,Interstate,Urban,33.76669167,-117.1901111,Rollover/Overturn,The First Harmful Event was Not a Collision with a Motor Vehicle in Transport,Daylight,Cloudy
California,61146,4,TULARE (107),VISALIA,May,Sunday,State Highway,Urban,36.28393333,-119.3134889,Motor Vehicle In-Transport,Angle,Daylight,Clear
California,61154,1,LOS ANGELES (37),LANCASTER,March,Tuesday,State Highway,Urban,34.70417222,-118.1704889,Pedestrian,The First Harmful Event was Not a Collision with a Motor Vehicle in Transport,Dark - Lighted,Clear
California,61156,1,SAN DIEGO (73),VISTA,August,Tuesday,State Highway,Urban,33.159775,-117.2087917,Traffic Sign Support,The First Harmful Event was Not a Collision with a Motor Vehicle in Transport,Daylight,Clear
California,61158,1,SAN LUIS OBISPO (79),PASO ROBLES,July,Wednesday,U.S. Highway,Urban,35.60601667,-120.6923111,Curb,The First Harmful Event was Not a Collision with a Motor Vehicle in Transport,Dark - Lighted,Clear
California,61161,1,SOLANO (95),VACAVILLE,February,Wednesday,Interstate,Urban,38.34836667,-121.9917472,Pedestrian,The First Harmful Event was Not a Collision with a Motor Vehicle in Transport,Dark - Not Lighted,Rain
California,61167,2,LOS ANGELES (37),LOS ANGELES,August,Thursday,Local Street - Municipality,Urban,34.0836,-118.3511389,Motor Vehicle In-Transport,Angle,Dark - Lighted,Clear
California,61170,4,LOS ANGELES (37),PALMDALE,July,Tuesday,State Highway,Urban,34.54276944,-118.0179667,Motor Vehicle In-Transport,Front-to-Front,Dawn,Cloudy
California,61171,5,LOS ANGELES (37),LANCASTER,August,Saturday,Local Street - Municipality,Urban,34.70406389,-118.20165,Motor Vehicle In-Transport,Angle,Daylight,Clear
California,61178,3,SAN DIEGO (73),SAN DIEGO,March,Saturday,Interstate,Urban,32.78750556,-117.1476278,Motor Vehicle In-Transport,Front-to-Front,Dark - Lighted,Clear
California,61179,1,SAN DIEGO (73),SAN DIEGO,April,Sunday,Interstate,Urban,32.7215,-117.1035,Tree (Standing Only),The First Harmful Event was Not a Collision with a Motor Vehicle in Transport,Dark - Not Lighted,Clear
California,61191,2,SACRAMENTO (67),SACRAMENTO,June,Sunday,U.S. Highway,Urban,38.56455,-121.4955083,"Post, Pole or Other Supports",The First Harmful Event was Not a Collision with a Motor Vehicle in Transport,Dark - Lighted,Clear
California,61192,1,CONTRA COSTA (13),ANTIOCH,March,Saturday,State Highway,Urban,37.96357778,-121.7416833,Rollover/Overturn,The First Harmful Event was Not a Collision with a Motor Vehicle in Transport,Dark - Not Lighted,Clear
California,61193,1,CONTRA COSTA (13),ORINDA,August,Thursday,State Highway,Urban,37.88616944,-122.1786333,Tree (Standing Only),The First Harmful Event was Not a Collision with a Motor Vehicle in Transport,Dark - Not Lighted,Clear
California,61196,1,SAN DIEGO (73),SAN DIEGO,March,Tuesday,Interstate,Urban,32.56780833,-117.07585,Rollover/Overturn,The First Harmful Event was Not a Collision with a Motor Vehicle in Transport,Dark - Lighted,Cloudy
California,61197,6,SAN DIEGO (73),CHULA VISTA,April,Thursday,State Highway,Urban,32.63575556,-116.9711972,Rollover/Overturn,The First Harmful Event was Not a Collision with a Motor Vehicle in Transport,Daylight,Cloudy
California,61199,1,LOS ANGELES (37),POMONA,June,Sunday,Local Street - Municipality,Urban,34.05041111,-117.8206472,Traffic Signal Support,The First Harmful Event was Not a Collision with a Motor Vehicle in Transport,Daylight,Clear
California,61202,1,LOS ANGELES (37),WHITTIER,July,Sunday,Local Street - Municipality,Urban,33.94035,-117.9828083,Curb,The First Harmful Event was Not a Collision with a Motor Vehicle in Transport,Dark - Lighted,Clear
California,61203,1,SAN DIEGO (73),SAN DIEGO,January,Thursday,Interstate,Urban,32.84327222,-117.1753,Pedestrian,The First Harmful Event was Not a Collision with a Motor Vehicle in Transport,Dark - Not Lighted,Clear
California,61213,1,ORANGE (59),NEWPORT BEACH,July,Tuesday,State Highway,Urban,33.56678889,-117.8300917,Pedestrian,The First Harmful Event was Not a Collision with a Motor Vehicle in Transport,Dark - Lighted,Clear
California,61218,2,ALAMEDA (1),OAKLAND,July,Monday,Interstate,Urban,37.78306944,-122.1761194,Curb,The First Harmful Event was Not a Collision with a Motor Vehicle in Transport,Daylight,Clear
California,61232,2,LOS ANGELES (37),BELL,May,Monday,Local Street - Municipality,Urban,33.98653333,-118.1707306,Curb,The First Harmful Event was Not a Collision with a Motor Vehicle in Transport,Daylight,Clear
California,61234,2,LOS ANGELES (37),ALHAMBRA,June,Monday,Local Street - Municipality,Urban,34.09153889,-118.1520056,Motor Vehicle In-Transport,Front-to-Rear,Daylight,Clear
California,61238,6,ORANGE (59),SEAL BEACH,June,Monday,Interstate,Urban,33.7742,-118.0576194,Motor Vehicle In-Transport,Sideswipe - Same Direction,Daylight,Clear
California,61243,3,SAN DIEGO (73),SAN DIEGO,February,Monday,Interstate,Urban,32.71431667,-117.14775,Parked Motor Vehicle,The First Harmful Event was Not a Collision with a Motor Vehicle in Transport,Daylight,Clear
California,61245,7,RIVERSIDE (65),CORONA,April,Thursday,State Highway,Urban,33.88091667,-117.5751389,Motor Vehicle In-Transport,Front-to-Rear,Dark - Not Lighted,Clear
California,61246,2,SAN BERNARDINO (71),SAN BERNARDINO,March,Tuesday,Interstate,Urban,34.07777778,-117.2963472,Pedestrian,The First Harmful Event was Not a Collision with a Motor Vehicle in Transport,Dark - Lighted,Clear
California,61256,7,CONTRA COSTA (13),ORINDA,June,Sunday,State Highway,Urban,37.86873611,-122.1949667,Motor Vehicle In-Transport,Front-to-Front,Dark - Not Lighted,Clear
California,61265,2,TULARE (107),TULARE,July,Sunday,State Highway,Urban,36.22431667,-119.3129139,Fell/Jumped from Vehicle,The First Harmful Event was Not a Collision with a Motor Vehicle in Transport,Dark - Lighted,Clear
California,61268,1,LOS ANGELES (37),LOS ANGELES,August,Saturday,State Highway,Urban,34.02700278,-118.5172556,Pedestrian,The First Harmful Event was Not a Collision with a Motor Vehicle in Transport,Dark - Not Lighted,Clear
California,61271,1,FRESNO (19),FRESNO,July,Saturday,State Highway,Urban,36.75308056,-119.7023694,Guardrail Face,The First Harmful Event was Not a Collision with a Motor Vehicle in Transport,Daylight,Clear
California,61273,2,SAN LUIS OBISPO (79),PASO ROBLES,July,Monday,U.S. Highway,Urban,35.60206944,-120.6924389,Motor Vehicle In-Transport,Front-to-Front,Dark - Lighted,Clear
California,61275,1,STANISLAUS (99),MODESTO,August,Sunday,State Highway,Urban,37.66208333,-121.0266306,Embankment,The First Harmful Event was Not a Collision with a Motor Vehicle in Transport,Daylight,Clear
California,61278,2,SANTA CLARA (85),SUNNYVALE,August,Thursday,State Highway,Urban,37.40426111,-122.0213389,Motor Vehicle In-Transport,Front-to-Rear,Daylight,Cloudy
California,61279,1,SOLANO (95),VACAVILLE,February,Sunday,Interstate,Urban,38.39889444,-121.9198389,Pedestrian,The First Harmful Event was Not a Collision with a Motor Vehicle in Transport,Dark - Lighted,Cloudy
California,61290,1,SOLANO (95),DIXON,April,Monday,Interstate,Rural,38.47263889,-121.8240528,Pedestrian,The First Harmful Event was Not a Collision with a Motor Vehicle in Transport,Daylight,Clear
California,61299,1,RIVERSIDE (65),BEAUMONT,April,Friday,State Highway,Urban,33.93345833,-117.0070528,Pedestrian,The First Harmful Event was Not a Collision with a Motor Vehicle in Transport,Daylight,Clear
California,61306,2,KERN (29),BAKERSFIELD,May,Thursday,State Highway,Urban,35.3634,-119.04,Embankment,The First Harmful Event was Not a Collision with a Motor Vehicle in Transport,Dark - Lighted,Cloudy
California,61315,2,FRESNO (19),FRESNO,July,Thursday,State Highway,Urban,36.79897222,-119.7427667,Motor Vehicle In-Transport,Sideswipe - Same Direction,Daylight,Clear
California,61321,6,SAN MATEO (81),SOUTH SAN FRANCISCO,May,Saturday,U.S. Highway,Urban,37.66996389,-122.3924611,Motor Vehicle In-Transport,Angle,Dark - Lighted,Clear
California,61328,2,ALAMEDA (1),FREMONT,January,Friday,Interstate,Urban,37.49070556,-121.9458167,Pedestrian,The First Harmful Event was Not a Collision with a Motor Vehicle in Transport,Dark - Not Lighted,Clear