State,Case Number,Persons,County,City,Month,Day,Route,Rural/Urban,Latitude,Longitude,First Harmful Event,Manner of Collision,Light Conditions,Weather
California,61782,2,SAN BERNARDINO (71),COLTON,September,Monday,Interstate,Urban,34.06512222,-117.3153583,Motor Vehicle In-Transport,Front-to-Rear,Daylight,Clear
California,61783,1,FRESNO (19),KINGSBURG,August,Wednesday,State Highway,Urban,36.51789722,-119.5585389,Traffic Signal Support,The First Harmful Event was Not a Collision with a Motor Vehicle in Transport,Daylight,Clear
California,61791,2,LOS ANGELES (37),LOS ANGELES,July,Wednesday,Interstate,Urban,34.315775,-118.4905667,Impact Attenuator/Crash Cushion,The First Harmful Event was Not a Collision with a Motor Vehicle in Transport,Dark - Lighted,Clear
California,61797,2,SAN DIEGO (73),OCEANSIDE,September,Wednesday,Interstate,Urban,33.17485278,-117.3498861,Rollover/Overturn,The First Harmful Event was Not a Collision with a Motor Vehicle in Transport,Daylight,Cloudy
California,61802,3,LOS ANGELES (37),LONG BEACH,April,Monday,Interstate,Urban,33.80448611,-118.1401972,Curb,The First Harmful Event was Not a Collision with a Motor Vehicle in Transport,Dark - Not Lighted,Clear
California,61807,2,FRESNO (19),FRESNO,August,Saturday,Local Street - Municipality,Urban,36.74299167,-119.8001,Parked Motor Vehicle,The First Harmful Event was Not a Collision with a Motor Vehicle in Transport,Dark - Lighted,Clear
California,61816,1,BUTTE (7),CHICO,October,Saturday,State Highway,Urban,39.73561389,-121.8177222,Tree (Standing Only),The First Harmful Event was Not a Collision with a Motor Vehicle in Transport,Daylight,Clear
California,61821,2,SACRAMENTO (67),SACRAMENTO,September,Friday,Local Street - Municipality,Urban,38.63496389,-121.4088111,Pedestrian,The First Harmful Event was Not a Collision with a Motor Vehicle in Transport,Dark - Lighted,Clear
California,61822,5,VENTURA (111),VENTURA,May,Friday,Local Street - Municipality,Urban,34.27513056,-119.2340083,Utility Pole/Light Support,The First Harmful Event was Not a Collision with a Motor Vehicle in Transport,Dark - Lighted,Clear
California,61823,5,LOS ANGELES (37),LA VERNE,July,Monday,U.S. Highway,Urban,34.11870556,-117.7809333,Motor Vehicle In-Transport,Front-to-Rear,Daylight,Clear
California,61826,2,RIVERSIDE (65),RIVERSIDE,May,Sunday,Local Street - Municipality,Urban,33.94593889,-117.4016944,Tree (Standing Only),The First Harmful Event was Not a Collision with a Motor Vehicle in Transport,Dark - Lighted,Rain
California,61827,1,LOS ANGELES (37),LOS ANGELES,June,Monday,Local Street - Municipality,Urban,34.03557778,-118.2498528,Pedestrian,The First Harmful Event was Not a Collision with a Motor Vehicle in Transport,Daylight,Clear
California,61842,3,ALAMEDA (1),PLEASANTON,August,Wednesday,Interstate,Urban,37.6997,-121.9271,Parked Motor Vehicle,The First Harmful Event was Not a Collision with a Motor Vehicle in Transport,Dark - Lighted,Clear
California,61843,1,TULARE (107),VISALIA,October,Monday,State Highway,Urban,36.327275,-119.3713111,Pedestrian,The First Harmful Event was Not a Collision with a Motor Vehicle in Transport,Daylight,Clear
California,61844,1,SAN BERNARDINO (71),RIALTO,August,Saturday,State Highway,Urban,34.13569722,-117.3749389,Pedestrian,The First Harmful Event was Not a Collision with a Motor Vehicle in Transport,Dark - Lighted,Clear
California,61846,2,PLACER (61),ROSEVILLE,October,Thursday,Interstate,Urban,38.73936944,-121.2745028,Pedestrian,The First Harmful Event was Not a Collision with a Motor Vehicle in Transport,Dark - Not Lighted,Clear
California,61850,4,LOS ANGELES (37),LOS ANGELES,May,Thursday,Interstate,Urban,34.03391944,-118.3610583,Motor Vehicle In-Transport,Front-to-Rear,Dark - Lighted,Clear
California,61852,2,SHASTA (89),REDDING,June,Thursday,State Highway,Urban,40.54397222,-122.3862778,Motor Vehicle In-Transport,Front-to-Rear,Dark - Lighted,Clear
California,61853,1,LOS ANGELES (37),LOS ANGELES,August,Sunday,Local Street - Municipality,Urban,34.07649722,-118.1948083,Parked Motor Vehicle,The First Harmful Event was Not a Collision with a Motor Vehicle in Transport,Dark - Lighted,Clear
California,61854,1,SAN BERNARDINO (71),CHINO,February,Friday,Local Street - Municipality,Urban,34.01884722,-117.7316972,Pedalcyclist,The First Harmful Event was Not a Collision with a Motor Vehicle in Transport,Daylight,Clear
California,61860,6,LOS ANGELES (37),ARCADIA,March,Friday,Interstate,Urban,34.14898611,-118.0536389,Motor Vehicle In-Transport,Front-to-Rear,Dark - Lighted,Cloudy
California,61864,3,LOS ANGELES (37),LOS ANGELES,September,Friday,State Highway,Urban,33.79060833,-118.27395,Motor Vehicle In-Transport,Angle,Dark - Lighted,Clear
California,61871,9,LOS ANGELES (37),BALDWIN PARK,February,Wednesday,Interstate,Urban,34.05703056,-118.0025889,Motor Vehicle In-Transport,Sideswipe - Same Direction,Dawn,Cloudy
California,61877,4,SAN DIEGO (73),ESCONDIDO,September,Monday,Interstate,Urban,33.07361944,-117.0701056,Motor Vehicle In-Transport,Angle,Daylight,Clear
California,61878,11,ALAMEDA (1),BERKELEY,May,Friday,Local Street - Municipality,Urban,37.86540833,-122.2635667,Motor Vehicle In-Transport,Front-to-Rear,Dark - Lighted,Clear
California,61881,1,SAN BERNARDINO (71),ONTARIO,July,Wednesday,Local Street - Municipality,Urban,34.05254167,-117.6183778,Pedalcyclist,The First Harmful Event was Not a Collision with a Motor Vehicle in Transport,Dark - Not Lighted,Clear
California,61884,2,SAN BERNARDINO (71),VICTORVILLE,August,Friday,Local Street - Municipality,Urban,34.54339167,-117.3253889,Pedestrian,The First Harmful Event was Not a Collision with a Motor Vehicle in Transport,Dark - Not Lighted,Clear
California,61887,11,SAN FRANCISCO (75),SAN FRANCISCO,February,Sunday,U.S. Highway,Urban,37.73655,-122.4074389,Motor Vehicle In-Transport,Front-to-Front,Dark - Lighted,Clear
California,61891,1,TULARE (107),VISALIA,August,Wednesday,Local Street - Municipality,Urban,36.31407222,-119.3053639,Pedestrian,The First Harmful Event was Not a Collision with a Motor Vehicle in Transport,Dark - Lighted,Clear
California,61893,1,LOS ANGELES (37),LOS ANGELES,October,Thursday,Local Street - Municipality,Urban,34.080025,-118.1919139,Curb,The First Harmful Event was Not a Collision with a Motor Vehicle in Transport,Daylight,Clear
California,61894,1,LOS ANGELES (37),LYNWOOD,October,Monday,Local Street - Municipality,Urban,33.93048056,-118.2116361,Pedalcyclist,The First Harmful Event was Not a Collision with a Motor Vehicle in Transport,Daylight,Clear
California,61896,1,LOS ANGELES (37),MALIBU,September,Friday,State Highway,Urban,34.0378,-118.6406417,Pedestrian,The First Harmful Event was Not a Collision with a Motor Vehicle in Transport,Dark - Lighted,Clear
California,61904,2,LOS ANGELES (37),VERNON,October,Sunday,Local Street - Municipality,Urban,34.008175,-118.2035778,Curb,The First Harmful Event was Not a Collision with a Motor Vehicle in Transport,Dark - Not Lighted,Clear
California,61913,3,SAN BERNARDINO (71),VICTORVILLE,May,Saturday,U.S. Highway,Urban,34.49233333,-117.3994917,Motor Vehicle In-Transport,Angle,Daylight,Clear
California,61921,3,RIVERSIDE (65),MENIFEE,June,Wednesday,Interstate,Urban,33.71291389,-117.1889194,Tree (Standing Only),The First Harmful Event was Not a Collision with a Motor Vehicle in Transport,Dark - Lighted,Clear
California,61931,1,SAN DIEGO (73),LEMON GROVE,September,Wednesday,State Highway,Urban,32.74186111,-117.0504361,Pedestrian,The First Harmful Event was Not a Collision with a Motor Vehicle in Transport,Dark - Lighted,Clear
California,61934,1,ORANGE (59),NEWPORT BEACH,October,Saturday,Local Street - Municipality,Urban,33.61359167,-117.8684278,Pedestrian,The First Harmful Event was Not a Collision with a Motor Vehicle in Transport,Dusk,Clear
California,61937,1,TEHAMA (103),RED BLUFF,October,Friday,Interstate,Urban,40.15781944,-122.2234667,Pedestrian,The First Harmful Event was Not a Collision with a Motor Vehicle in Transport,Dark - Not Lighted,Clear
California,61939,3,CONTRA COSTA (13),WALNUT CREEK,May,Monday,Interstate,Urban,37.91630278,-122.0649556,Motor Vehicle In-Transport,Angle,Daylight,Cloudy
California,61941,3,SAN DIEGO (73),SAN DIEGO,July,Saturday,Interstate,Urban,32.83299722,-117.1660556,Pedalcyclist,The First Harmful Event was Not a Collision with a Motor Vehicle in Transport,Dark - Lighted,Cloudy
California,61944,1,SOLANO (95),FAIRFIELD,April,Sunday,Interstate,Urban,38.22358333,-122.1275444,Pedestrian,The First Harmful Event was Not a Collision with a Motor Vehicle in Transport,Dark - Not Lighted,Clear
California,61945,1,LOS ANGELES (37),LOS ANGELES,October,Sunday,State Highway,Urban,34.09258889,-118.2062083,Wall,The First Harmful Event was Not a Collision with a Motor Vehicle in Transport,Dark - Lighted,Clear
California,61953,2,SANTA CLARA (85),SAN JOSE,September,Friday,Interstate,Rural,37.40013611,-121.8758222,Tree (Standing Only),The First Harmful Event was Not a Collision with a Motor Vehicle in Transport,Dark - Lighted,Clear
California,61957,1,LOS ANGELES (37),LA MIRADA,April,Wednesday,Local Street - Municipality,Urban,33.91818889,-118.0119639,Pedestrian,The First Harmful Event was Not a Collision with a Motor Vehicle in Transport,Dark - Not Lighted,Clear
California,61958,1,RIVERSIDE (65),BEAUMONT,July,Friday,Interstate,Urban,33.92754444,-116.977225,Curb,The First Harmful Event was Not a Collision with a Motor Vehicle in Transport,Daylight,Clear
California,61980,3,SAN DIEGO (73),SAN DIEGO,June,Tuesday,Interstate,Urban,32.74106389,-117.1797972,Rollover/Overturn,The First Harmful Event was Not a Collision with a Motor Vehicle in Transport,Dark - Lighted,Cloudy
California,61987,2,RIVERSIDE (65),CORONA,September,Friday,State Highway,Urban,33.88087222,-117.6507306,Rollover/Overturn,The First Harmful Event was Not a Collision with a Motor Vehicle in Transport,Daylight,Clear
California,61996,9,SAN DIEGO (73),ENCINITAS,October,Sunday,Interstate,Urban,33.06385278,-117.2917306,Motor Vehicle In-Transport,Front-to-Rear,Dark - Not Lighted,Clear
California,61997,4,SAN DIEGO (73),ESCONDIDO,October,Tuesday,State Highway,Urban,33.1291,-117.0984917,Motor Vehicle In-Transport,Front-to-Rear,Daylight,Clear
California,61999,2,SAN DIEGO (73),EL CAJON,October,Friday,Interstate,Urban,32.79661944,-116.9772,Motor Vehicle In-Transport,Front-to-Rear,Daylight,Clear
California,62003,3,SAN DIEGO (73),SAN DIEGO,June,Thursday,Interstate,Urban,32.57315278,-117.0396056,Motor Vehicle In-Transport,Front-to-Front,Dark - Lighted,Cloudy
California,62007,2,SAN BERNARDINO (71),YUCCA VALLEY,April,Wednesday,Local Street - Municipality,Rural,34.16404722,-116.3957917,Motor Vehicle In-Transport,Angle,Daylight,Clear
California,62010,1,LOS ANGELES (37),LOS ANGELES,July,Tuesday,Interstate,Urban,34.11432778,-118.267725,Pedestrian,The First Harmful Event was Not a Collision with a Motor Vehicle in Transport,Daylight,Clear
California,62013,2,RIVERSIDE (65),RIVERSIDE,August,Tuesday,Interstate,Urban,33.99609722,-117.3553694,Rollover/Overturn,The First Harmful Event was Not a Collision with a Motor Vehicle in Transport,Dark - Lighted,Clear
California,62014,2,SAN BERNARDINO (71),VICTORVILLE,May,Saturday,Local Street - Municipality,Urban,34.48529444,-117.3124222,Motor Vehicle In-Transport,Angle,Dusk,Clear
California,62015,1,RIVERSIDE (65),MORENO VALLEY,May,Sunday,Local Street - Municipality,Urban,33.95698333,-117.2309167,Fell/Jumped from Vehicle,The First Harmful Event was Not a Collision with a Motor Vehicle in Transport,Dusk,Clear
California,62016,1,SANTA CLARA (85),PALO ALTO,May,Wednesday,State Highway,Rural,37.30978611,-122.1692389,Embankment,The First Harmful Event was Not a Collision with a Motor Vehicle in Transport,Daylight,Clear
California,62021,2,SANTA CLARA (85),SAN JOSE,November,Monday,U.S. Highway,Rural,37.36141111,-121.87745,Tree (Standing Only),The First Harmful Event was Not a Collision with a Motor Vehicle in Transport,Dark - Not Lighted,Clear
California,62024,3,LOS ANGELES (37),LOS ANGELES,August,Tuesday,Interstate,Urban,34.03798056,-118.2778111,Motor Vehicle In-Transport,Sideswipe - Same Direction,Daylight,Clear
California,62026,3,RIVERSIDE (65),INDIO,September,Sunday,Interstate,Urban,33.73854444,-116.2387778,Pedestrian,The First Harmful Event was Not a Collision with a Motor Vehicle in Transport,Dark - Not Lighted,Clear
California,62039,1,LOS ANGELES (37),POMONA,August,Sunday,Interstate,Urban,34.06554444,-117.8040667,Rollover/Overturn,The First Harmful Event was Not a Collision with a Motor Vehicle in Transport,Daylight,Clear
California,62043,4,MERCED (47),LOS BANOS,August,Tuesday,State Highway,Urban,37.05678889,-120.8174083,Motor Vehicle In-Transport,Angle,Daylight,Clear
California,62047,2,LOS ANGELES (37),LOS ANGELES,July,Friday,Interstate,Urban,34.21915833,-118.4734583,Curb,The First Harmful Event was Not a Collision with a Motor Vehicle in Transport,Dark - Not Lighted,Cloudy
California,62051,1,SANTA CLARA (85),PALO ALTO,August,Sunday,U.S. Highway,Urban,37.44818889,-122.1224694,Motor Vehicle In-Transport,Front-to-Rear,Dark - Not Lighted,Clear
California,62052,4,SOLANO (95),FAIRFIELD,January,Saturday,Interstate,Urban,38.21821667,-122.1355028,Motor Vehicle In-Transport,Front-to-Rear,Dark - Not Lighted,Rain
California,62058,1,RIVERSIDE (65),RIVERSIDE,June,Wednesday,State Highway,Urban,33.91311389,-117.4453694,Wall,The First Harmful Event was Not a Collision with a Motor Vehicle in Transport,Dark - Lighted,Clear
California,62060,1,SAN BERNARDINO (71),FONTANA,September,Saturday,State Highway,Urban,34.10634444,-117.5068278,Pedestrian,The First Harmful Event was Not a Collision with a Motor Vehicle in Transport,Dark - Not Lighted,Clear
California,62061,3,LOS ANGELES (37),LAKEWOOD,October,Sunday,Local Street - Municipality,Urban,33.83145,-118.0818361,Motor Vehicle In-Transport,Angle,Dark - Not Lighted,Clear
California,62070,1,LOS ANGELES (37),LOS ANGELES,October,Monday,State Highway,Urban,33.79062778,-118.2826611,Pedestrian,The First Harmful Event was Not a Collision with a Motor Vehicle in Transport,Dark - Lighted,Clear
California,62073,7,SANTA CLARA (85),SAN JOSE,December,Sunday,U.S. Highway,Urban,37.33086111,-121.8431778,Motor Vehicle In-Transport,Front-to-Rear,Dark - Not Lighted,Rain
California,62078,4,LOS ANGELES (37),LOS ANGELES,October,Wednesday,Local Street - Municipality,Urban,34.05264722,-118.3000278,Pedestrian,The First Harmful Event was Not a Collision with a Motor Vehicle in Transport,Dawn,Clear
California,62086,1,SAN BERNARDINO (71),ONTARIO,July,Wednesday,Interstate,Urban,34.06781944,-117.5829806,Guardrail Face,The First Harmful Event was Not a Collision with a Motor Vehicle in Transport,Dark - Not Lighted,Clear
California,62087,2,SAN BERNARDINO (71),COLTON,October,Saturday,Interstate,Urban,34.02172222,-117.3376333,Parked Motor Vehicle,The First Harmful Event was Not a Collision with a Motor Vehicle in Transport,Dark - Not Lighted,Clear
California,62089,5,SOLANO (95),FAIRFIELD,May,Wednesday,State Highway,Urban,38.24020833,-122.0681861,Motor Vehicle In-Transport,Front-to-Rear,Daylight,Clear
California,62090,1,ORANGE (59),TUSTIN,June,Sunday,Interstate,Urban,33.74121111,-117.8345611,Guardrail Face,The First Harmful Event was Not a Collision with a Motor Vehicle in Transport,Dark - Not Lighted,Clear
California,62091,1,SAN BERNARDINO (71),YUCAIPA,August,Wednesday,Interstate,Urban,34.01535278,-117.0915806,Impact Attenuator/Crash Cushion,The First Harmful Event was Not a Collision with a Motor Vehicle in Transport,Dark - Lighted,Clear
California,62106,4,LOS ANGELES (37),PASADENA,July,Tuesday,Interstate,Urban,34.15218611,-118.1257722,Motor Vehicle In-Transport,Sideswipe - Same Direction,Daylight,Clear
California,62110,3,SOLANO (95),VACAVILLE,January,Saturday,Interstate,Urban,38.36898333,-121.9583722,Motor Vehicle In-Transport,Front-to-Front,Dark - Lighted,Clear
California,62112,2,ORANGE (59),DANA POINT,August,Friday,Interstate,Urban,33.46502778,-117.6667417,Motor Vehicle In-Transport,Front-to-Rear,Dark - Lighted,Clear
California,62117,3,LOS ANGELES (37),LOS ANGELES,October,Saturday,Local Street - Municipality,Urban,34.00006944,-118.3094472,Motor Vehicle In-Transport,Front-to-Front,Dark - Not Lighted,Clear
California,62119,2,SAN BERNARDINO (71),YUCCA VALLEY,June,Tuesday,State Highway,Urban,34.12351944,-116.4139056,Non-Motorist on Personal Conveyance,The First Harmful Event was Not a Collision with a Motor Vehicle in Transport,Dark - Lighted,Clear
California,62120,3,LOS ANGELES (37),WEST COVINA,June,Monday,Local Street - Municipality,Urban,34.074475,-117.9430556,Parked Motor Vehicle,The First Harmful Event was Not a Collision with a Motor Vehicle in Transport,Daylight,Cloudy
California,62122,2,SAN BERNARDINO (71),SAN BERNARDINO,June,Sunday,Local Street - Municipality,Urban,34.09234722,-117.2597472,Motor Vehicle In-Transport,Front-to-Rear,Dark - Not Lighted,Cloudy
California,62126,2,LOS ANGELES (37),DOWNEY,November,Sunday,Interstate,Urban,33.93571389,-118.0994111,Curb,The First Harmful Event was Not a Collision with a Motor Vehicle in Transport,Dark - Lighted,Clear
California,62129,2,CONTRA COSTA (13),CONCORD,June,Sunday,State Highway,Urban,38.01171111,-122.0110611,Concrete Traffic Barrier,The First Harmful Event was Not a Collision with a Motor Vehicle in Transport,Dark - Lighted,Clear
California,62131,2,SANTA CLARA (85),MOUNTAIN VIEW,September,Friday,State Highway,Urban,37.39191667,-122.0683917,Motor Vehicle In-Transport,Front-to-Front,Dark - Not Lighted,Clear
California,62134,1,BUTTE (7),CHICO,October,Saturday,State Highway,Urban,39.72557222,-121.8348361,Pedestrian,The First Harmful Event was Not a Collision with a Motor Vehicle in Transport,Dawn,Clear
California,62137,2,SAN MATEO (81),WOODSIDE,July,Friday,State Highway,Urban,37.41593333,-122.2652528,Rollover/Overturn,The First Harmful Event was Not a Collision with a Motor Vehicle in Transport,Daylight,Clear
California,62145,1,LOS ANGELES (37),LOS ANGELES,September,Thursday,Interstate,Urban,34.25150278,-118.4288889,Wall,The First Harmful Event was Not a Collision with a Motor Vehicle in Transport,Dark - Lighted,Cloudy
California,62146,8,RIVERSIDE (65),TEMECULA,June,Tuesday,Interstate,Urban,33.49521667,-117.1471444,Motor Vehicle In-Transport,Front-to-Rear,Daylight,Clear
California,62152,4,SAN BERNARDINO (71),SAN BERNARDINO,September,Saturday,Interstate,Urban,34.13080278,-117.3048917,Pedestrian,The First Harmful Event was Not a Collision with a Motor Vehicle in Transport,Dark - Not Lighted,Clear
California,62170,2,SACRAMENTO (67),ELK GROVE,October,Thursday,Interstate,Urban,38.4062,-121.4831,Motor Vehicle In-Transport,Front-to-Rear,Daylight,Clear
California,62174,1,RIVERSIDE (65),NORCO,October,Thursday,Interstate,Urban,33.91259167,-117.55815,Pedestrian,The First Harmful Event was Not a Collision with a Motor Vehicle in Transport,Dark - Not Lighted,Severe Crosswinds
California,62179,1,LOS ANGELES (37),SOUTH GATE,June,Saturday,Interstate,Urban,33.93432778,-118.1769194,Pedalcyclist,The First Harmful Event was Not a Collision with a Motor Vehicle in Transport,Dark - Lighted,Clear
California,62186,1,SACRAMENTO (67),GALT,November,Thursday,State Highway,Urban,38.28713889,-121.3099444,Fence,The First Harmful Event was Not a Collision with a Motor Vehicle in Transport,Daylight,Clear
California,62187,4,LOS ANGELES (37),LOS ANGELES,June,Saturday,Interstate,Urban,34.01894444,-118.4239333,Motor Vehicle In-Transport,Front-to-Rear,Dark - Not Lighted,Clear
California,62190,1,FRESNO (19),FRESNO,December,Wednesday,State Highway,Urban,36.83305,-119.9190333,Tree (Standing Only),The First Harmful Event was Not a Collision with a Motor Vehicle in Transport,Dark - Not Lighted,Rain
California,62193,3,STANISLAUS (99),TURLOCK,October,Tuesday,State Highway,Urban,37.47433056,-120.8503806,Pedestrian,The First Harmful Event was Not a Collision with a Motor Vehicle in Transport,Dark - Not Lighted,Clear
California,62204,3,LOS ANGELES (37),DIAMOND BAR,August,Sunday,State Highway,Urban,34.01078333,-117.8224694,Motor Vehicle In-Transport,Front-to-Rear,Dark - Lighted,Clear
California,62205,2,LOS ANGELES (37),SANTA CLARITA,January,Wednesday,State Highway,Urban,34.42045278,-118.4339806,Motor Vehicle In-Transport,Front-to-Rear,Daylight,Clear
California,62211,1,ORANGE (59),GARDEN GROVE,June,Sunday,State Highway,Urban,33.77426667,-118.0304361,Motor Vehicle In-Transport,Front-to-Front,Dark - Lighted,Clear
California,62213,2,CONTRA COSTA (13),BRENTWOOD,September,Thursday,State Highway,Urban,37.92535278,-121.7333222,Motor Vehicle In-Transport,Angle,Daylight,Clear
California,62214,2,RIVERSIDE (65),BLYTHE,October,Sunday,Local Street - Municipality,Urban,33.66099167,-114.6155361,Utility Pole/Light Support,The First Harmful Event was Not a Collision with a Motor Vehicle in Transport,Dark - Lighted,Clear
California,62215,1,SAN DIEGO (73),SAN DIEGO,October,Monday,Local Street - Municipality,Urban,32.91723056,-117.1256333,Pedestrian,The First Harmful Event was Not a Collision with a Motor Vehicle in Transport,Dark - Lighted,Clear
California,62220,1,SAN JOAQUIN (77),LATHROP,November,Saturday,Interstate,Rural,37.78100833,-121.3124889,Pedestrian,The First Harmful Event was Not a Collision with a Motor Vehicle in Transport,Dark - Not Lighted,Clear
California,62222,6,ORANGE (59),ANAHEIM,August,Tuesday,State Highway,Urban,33.84387222,-117.8277028,Motor Vehicle In-Transport,Front-to-Rear,Daylight,Clear
California,62223,1,SOLANO (95),BENICIA,October,Monday,Interstate,Urban,38.07644167,-122.1893972,Pedestrian,The First Harmful Event was Not a Collision with a Motor Vehicle in Transport,Dark - Lighted,Clear
California,62224,4,LOS ANGELES (37),ALHAMBRA,August,Monday,Interstate,Urban,34.06863889,-118.1504111,Pedestrian,The First Harmful Event was Not a Collision with a Motor Vehicle in Transport,Dark - Lighted,Clear
California,62226,9,SANTA CLARA (85),SAN JOSE,October,Saturday,U.S. Highway,Urban,37.24366111,-121.7720194,Motor Vehicle In-Transport,Angle,Dark - Not Lighted,Clear
California,62229,3,SUTTER (101),YUBA CITY,October,Sunday,State Highway,Urban,39.14199722,-121.6346472,Motor Vehicle In-Transport,Front-to-Rear,Daylight,Clear
California,62239,3,SACRAMENTO (67),SACRAMENTO,October,Sunday,U.S. Highway,Urban,38.57106667,-121.5158028,Motor Vehicle In-Transport,Front-to-Rear,Dark - Not Lighted,Clear
California,62241,1,LOS ANGELES (37),BURBANK,September,Sunday,Interstate,Urban,34.18631389,-118.3205306,Pedestrian,The First Harmful Event was Not a Collision with a Motor Vehicle in Transport,Dark - Not Lighted,Clear
California,62244,2,BUTTE (7),OROVILLE,October,Friday,State Highway,Urban,39.49805833,-121.5915861,Pedestrian,The First Harmful Event was Not a Collision with a Motor Vehicle in Transport,Dark - Not Lighted,Clear
California,62245,4,ALAMEDA (1),OAKLAND,April,Saturday,Local Street - Municipality,Urban,37.78456944,-122.2288833,Pedestrian,The First Harmful Event was Not a Collision with a Motor Vehicle in Transport,Dusk,Clear
California,62261,1,RIVERSIDE (65),COACHELLA,April,Saturday,State Highway,Urban,33.69619167,-116.1881694,Pedalcyclist,The First Harmful Event was Not a Collision with a Motor Vehicle in Transport,Dark - Not Lighted,Clear
California,62263,3,ALAMEDA (1),BERKELEY,May,Wednesday,Local Street - Municipality,Urban,37.84969444,-122.2782389,Pedestrian,The First Harmful Event was Not a Collision with a Motor Vehicle in Transport,Dark - Not Lighted,Clear
California,62265,1,ALAMEDA (1),ALBANY,September,Sunday,Interstate,Urban,37.8845,-122.3086,Motor Vehicle In-Transport,Front-to-Rear,Dark - Not Lighted,Clear
California,62269,2,LOS ANGELES (37),LYNWOOD,January,Sunday,Interstate,Urban,33.90845556,-118.1811444,Guardrail Face,The First Harmful Event was Not a Collision with a Motor Vehicle in Transport,Dark - Lighted,Clear
California,62272,1,ALAMEDA (1),OAKLAND,October,Saturday,Interstate,Urban,37.72995833,-122.1871361,Pedestrian,The First Harmful Event was Not a Collision with a Motor Vehicle in Transport,Dark - Not Lighted,Clear
California,62284,4,RIVERSIDE (65),RIVERSIDE,May,Saturday,Local Street - Municipality,Urban,33.92905278,-117.5992056,Motor Vehicle In-Transport,Front-to-Front,Daylight,Clear
California,62286,2,SANTA CLARA (85),SANTA CLARA,July,Monday,Local Street - Municipality,Urban,37.35995556,-121.9884472,Parked Motor Vehicle,The First Harmful Event was Not a Collision with a Motor Vehicle in Transport,Dark - Not Lighted,Clear
California,62292,2,LOS ANGELES (37),LOS ANGELES,September,Monday,Local Street - Municipality,Urban,34.19393611,-118.4268861,Pedestrian,The First Harmful Event was Not a Collision with a Motor Vehicle in Transport,Daylight,Clear
California,62294,3,SAN FRANCISCO (75),SAN FRANCISCO,July,Sunday,Local Street - Municipality,Urban,37.78603889,-122.4113139,Motor Vehicle In-Transport,Angle,Daylight,Clear
California,62307,1,LOS ANGELES (37),LOS ANGELES,August,Sunday,U.S. Highway,Urban,34.16220278,-118.6297306,Pedestrian,The First Harmful Event was Not a Collision with a Motor Vehicle in Transport,Dark - Not Lighted,Clear