State,Case Number,Persons,County,City,Month,Day,Route,Rural/Urban,Latitude,Longitude,First Harmful Event,Manner of Collision,Light Conditions,Weather
California,62308,6,SAN DIEGO (73),SAN DIEGO,July,Sunday,Interstate,Urban,32.55635278,-117.0574306,Motor Vehicle In-Transport,Front-to-Rear,Dark - Not Lighted,Clear
California,62310,1,RIVERSIDE (65),GARNET,October,Monday,Local Street - Municipality,Urban,33.807,-116.5456083,Pedalcyclist,The First Harmful Event was Not a Collision with a Motor Vehicle in Transport,Dark - Not Lighted,Clear
California,62317,3,SAN DIEGO (73),LA MESA,October,Thursday,Interstate,Urban,32.77858889,-117.002125,Guardrail Face,The First Harmful Event was Not a Collision with a Motor Vehicle in Transport,Dark - Lighted,Clear
California,62318,4,SAN BERNARDINO (71),SAN BERNARDINO,October,Friday,Local Street - Municipality,Urban,34.10834444,-117.3121333,Motor Vehicle In-Transport,Front-to-Rear,Dark - Not Lighted,Clear
California,62320,4,RIVERSIDE (65),HEMET,October,Thursday,Local Street - Municipality,Urban,33.758875,-116.9717833,Motor Vehicle In-Transport,Sideswipe - Same Direction,Daylight,Clear
California,62324,7,RIVERSIDE (65),RIVERSIDE,November,Tuesday,Local Street - Municipality,Urban,34.01562222,-117.3627694,Motor Vehicle In-Transport,Front-to-Front,Dark - Not Lighted,Clear
California,62331,2,LOS ANGELES (37),WESTLAKE VILLAGE,September,Sunday,U.S. Highway,Urban,34.14826944,-118.8033306,Utility Pole/Light Support,The First Harmful Event was Not a Collision with a Motor Vehicle in Transport,Dawn,Clear
California,62334,2,LOS ANGELES (37),MALIBU,November,Friday,State Highway,Urban,34.03420833,-118.7102694,Motor Vehicle In-Transport,Angle,Daylight,Clear
California,62335,1,SAN DIEGO (73),SAN DIEGO,November,Thursday,Local Street - Municipality,Urban,32.78528611,-117.2064611,Pedalcyclist,The First Harmful Event was Not a Collision with a Motor Vehicle in Transport,Dark - Not Lighted,Clear
California,62337,1,LAKE (33),CLEARLAKE,November,Friday,State Highway,Urban,38.95376389,-122.6228333,Pedestrian,The First Harmful Event was Not a Collision with a Motor Vehicle in Transport,Dark - Lighted,Clear
California,62339,1,LOS ANGELES (37),LOS ANGELES,November,Saturday,Local Street - Municipality,Urban,34.23542222,-118.4516417,Pedestrian,The First Harmful Event was Not a Collision with a Motor Vehicle in Transport,Dark - Not Lighted,Clear
California,62342,1,SAN DIEGO (73),SAN DIEGO,November,Sunday,Local Street - Municipality,Urban,32.76101111,-117.1388389,Pedestrian,The First Harmful Event was Not a Collision with a Motor Vehicle in Transport,Dark - Not Lighted,Clear
California,62344,3,SAN BERNARDINO (71),TWENTYNINE PALMS,September,Saturday,State Highway,Urban,34.135125,-116.170625,Motor Vehicle In-Transport,Front-to-Front,Daylight,Clear
California,62352,1,ALAMEDA (1),HAYWARD,October,Thursday,Interstate,Urban,37.63268611,-122.0839306,Pedestrian,The First Harmful Event was Not a Collision with a Motor Vehicle in Transport,Dark - Not Lighted,Clear
California,62355,4,ALAMEDA (1),OAKLAND,October,Wednesday,Interstate,Urban,37.79278889,-122.2631611,Motor Vehicle In-Transport,Sideswipe - Same Direction,Daylight,Clear
California,62356,1,LOS ANGELES (37),LOS ANGELES,August,Tuesday,U.S. Highway,Urban,34.09071944,-118.30655,Pedestrian,The First Harmful Event was Not a Collision with a Motor Vehicle in Transport,Dark - Lighted,Clear
California,62360,2,LOS ANGELES (37),LOS ANGELES,April,Thursday,State Highway,Urban,33.98130556,-118.4196111,Other Fixed Object,The First Harmful Event was Not a Collision with a Motor Vehicle in Transport,Dark - Not Lighted,Clear
California,62361,2,LOS ANGELES (37),LOS ANGELES,November,Friday,U.S. Highway,Urban,34.10401111,-118.3194389,Pedestrian,The First Harmful Event was Not a Collision with a Motor Vehicle in Transport,Dark - Lighted,Clear
California,62364,12,CONTRA COSTA (13),RICHMOND,October,Sunday,Interstate,Urban,37.90956389,-122.3166167,Rollover/Overturn,The First Harmful Event was Not a Collision with a Motor Vehicle in Transport,Daylight,Clear
California,62365,4,KERN (29),BAKERSFIELD,October,Tuesday,State Highway,Urban,35.3622,-119.0397,Motor Vehicle In-Transport,Front-to-Rear,Dark - Not Lighted,Clear
California,62366,2,LOS ANGELES (37),LONG BEACH,January,Monday,State Highway,Urban,33.87699167,-118.18215,Motor Vehicle In-Transport,Angle,Dark - Not Lighted,Cloudy
California,62367,2,SAN LUIS OBISPO (79),PASO ROBLES,November,Monday,State Highway,Urban,35.64463056,-120.6721944,Motor Vehicle In-Transport,Angle,Daylight,Clear
California,62369,1,SAN DIEGO (73),CARLSBAD,November,Monday,Local Street - Municipality,Urban,33.10650278,-117.2322056,Curb,The First Harmful Event was Not a Collision with a Motor Vehicle in Transport,Dark - Not Lighted,Clear
California,62371,1,LOS ANGELES (37),LOS ANGELES,November,Tuesday,State Highway,Urban,34.234,-118.6040361,Pedestrian,The First Harmful Event was Not a Collision with a Motor Vehicle in Transport,Daylight,Clear
California,62372,1,RIVERSIDE (65),GARNET,November,Saturday,State Highway,Urban,33.91310833,-116.6623944,Rollover/Overturn,The First Harmful Event was Not a Collision with a Motor Vehicle in Transport,Daylight,Clear
California,62373,2,LOS ANGELES (37),LOS ANGELES,November,Wednesday,Local Street - Municipality,Urban,34.25001667,-118.5712056,Motor Vehicle In-Transport,Angle,Daylight,Rain
California,62376,1,SAN DIEGO (73),SAN DIEGO,November,Saturday,Local Street - Municipality,Urban,32.83445,-117.1903306,Pedestrian,The First Harmful Event was Not a Collision with a Motor Vehicle in Transport,Dark - Not Lighted,Clear
California,62377,1,SAN DIEGO (73),ESCONDIDO,November,Wednesday,Local Street - Municipality,Urban,33.138325,-117.0932917,Pedestrian,The First Harmful Event was Not a Collision with a Motor Vehicle in Transport,Dark - Not Lighted,Rain
California,62387,3,MADERA (39),CHOWCHILLA,May,Friday,Local Street - Municipality,Rural,37.10468333,-120.2567083,Motor Vehicle In-Transport,Front-to-Front,Dark - Lighted,Clear
California,62388,3,SANTA CLARA (85),SAN JOSE,June,Thursday,Local Street - Municipality,Rural,37.18390278,-121.7057583,Guardrail Face,The First Harmful Event was Not a Collision with a Motor Vehicle in Transport,Dark - Not Lighted,Clear
California,62389,2,SHASTA (89),REDDING,November,Sunday,Interstate,Urban,40.58241944,-122.3583194,Tree (Standing Only),The First Harmful Event was Not a Collision with a Motor Vehicle in Transport,Dark - Not Lighted,Clear
California,62395,3,VENTURA (111),OXNARD,August,Sunday,Local Street - Municipality,Urban,34.21945556,-119.207,Motor Vehicle In-Transport,Angle,Daylight,Clear
California,62398,1,ORANGE (59),ORANGE,November,Saturday,Local Street - Municipality,Urban,33.78773889,-117.8036139,Pedestrian,The First Harmful Event was Not a Collision with a Motor Vehicle in Transport,Dark - Not Lighted,"Fog, Smog, Smoke"
California,62400,1,LOS ANGELES (37),PARAMOUNT,December,Sunday,Local Street - Municipality,Urban,33.88919722,-118.1486556,Pedestrian,The First Harmful Event was Not a Collision with a Motor Vehicle in Transport,Daylight,Clear
California,62402,1,RIVERSIDE (65),PALM DESERT,September,Monday,State Highway,Urban,33.70279444,-116.3973778,Curb,The First Harmful Event was Not a Collision with a Motor Vehicle in Transport,Daylight,Clear
California,62419,3,ORANGE (59),FULLERTON,May,Wednesday,Local Street - Municipality,Urban,33.85691944,-117.9417556,Motor Vehicle In-Transport,Angle,Dark - Not Lighted,Cloudy
California,62420,5,ORANGE (59),DANA POINT,February,Saturday,Local Street - Municipality,Urban,33.45325556,-117.6639361,Pedestrian,The First Harmful Event was Not a Collision with a Motor Vehicle in Transport,Dusk,Clear
California,62421,2,SAN DIEGO (73),VISTA,May,Monday,Local Street - Municipality,Urban,33.19548889,-117.2546056,Pedestrian,The First Harmful Event was Not a Collision with a Motor Vehicle in Transport,Dark - Not Lighted,Clear
California,62423,2,SANTA CLARA (85),SAN JOSE,August,Thursday,Local Street - Municipality,Urban,37.34705833,-121.8327167,Pedalcyclist,The First Harmful Event was Not a Collision with a Motor Vehicle in Transport,Daylight,Clear
California,62430,1,LOS ANGELES (37),LOS ANGELES,July,Saturday,U.S. Highway,Urban,34.11158611,-118.33525,Pedestrian,The First Harmful Event was Not a Collision with a Motor Vehicle in Transport,Dusk,Clear
California,62435,10,LOS ANGELES (37),PALMDALE,May,Saturday,State Highway,Urban,34.563225,-118.1328611,Motor Vehicle In-Transport,Front-to-Rear,Dark - Lighted,Clear
California,62440,2,RIVERSIDE (65),BLYTHE,November,Monday,Interstate,Urban,33.60724722,-114.5951167,Bridge Rail (Includes parapet),The First Harmful Event was Not a Collision with a Motor Vehicle in Transport,Daylight,Clear
California,62446,2,SAN BERNARDINO (71),HESPERIA,September,Monday,Local Street - Municipality,Urban,34.41864444,-117.281925,Motor Vehicle In-Transport,Angle,Daylight,Clear
California,62452,1,FRESNO (19),SELMA,December,Monday,Local Street - Municipality,Rural,36.58261944,-119.6299389,Pedestrian,The First Harmful Event was Not a Collision with a Motor Vehicle in Transport,Dark - Lighted,Clear
California,62453,1,SAN DIEGO (73),CARLSBAD,December,Monday,Local Street - Municipality,Urban,33.1101,-117.3165472,Parked Motor Vehicle,The First Harmful Event was Not a Collision with a Motor Vehicle in Transport,Dark - Not Lighted,Clear
California,62457,3,ORANGE (59),FULLERTON,April,Monday,Local Street - Municipality,Urban,33.86659444,-117.9419444,Motor Vehicle In-Transport,Angle,Daylight,Clear
California,62459,2,SAN MATEO (81),HALF MOON BAY,November,Monday,State Highway,Urban,37.46779722,-122.4307611,Rollover/Overturn,The First Harmful Event was Not a Collision with a Motor Vehicle in Transport,Daylight,Clear
California,62460,1,RIVERSIDE (65),HEMET,June,Sunday,State Highway,Urban,33.74355833,-117.0614917,Curb,The First Harmful Event was Not a Collision with a Motor Vehicle in Transport,Dark - Lighted,Clear
California,62461,2,SAN JOAQUIN (77),MANTECA,July,Friday,Local Street - Municipality,Urban,37.78935,-121.1972778,Motor Vehicle In-Transport,Angle,Daylight,Clear
California,62464,1,LOS ANGELES (37),BELLFLOWER,November,Sunday,State Highway,Urban,33.87033333,-118.1425667,Pedestrian,The First Harmful Event was Not a Collision with a Motor Vehicle in Transport,Dark - Lighted,Clear
California,62470,3,SAN BERNARDINO (71),VICTORVILLE,October,Thursday,Interstate,Urban,34.57423056,-117.2747833,Motor Vehicle In-Transport,Front-to-Rear,Dark - Not Lighted,Clear
California,62475,1,KERN (29),WASCO,October,Saturday,Local Street - Municipality,Rural,35.60155278,-119.3334611,Pedestrian,The First Harmful Event was Not a Collision with a Motor Vehicle in Transport,Daylight,Clear
California,62476,2,LOS ANGELES (37),PALMDALE,October,Saturday,State Highway,Urban,34.58011944,-118.0884722,Non-Motorist on Personal Conveyance,The First Harmful Event was Not a Collision with a Motor Vehicle in Transport,Dark - Lighted,Clear
California,62477,6,MADERA (39),CHOWCHILLA,November,Friday,Local Street - Municipality,Rural,37.12506389,-120.2679778,Motor Vehicle In-Transport,Angle,Dark - Not Lighted,Clear
California,62490,2,CONTRA COSTA (13),WALNUT CREEK,September,Friday,Interstate,Urban,37.93675,-122.0603889,Motor Vehicle In-Transport,Front-to-Rear,Dark - Lighted,Clear
California,62498,2,SAN DIEGO (73),SAN DIEGO,August,Sunday,Interstate,Urban,32.79853056,-117.2101639,Pedestrian,The First Harmful Event was Not a Collision with a Motor Vehicle in Transport,Daylight,Clear
California,62499,1,SAN DIEGO (73),ESCONDIDO,December,Monday,Interstate,Urban,33.06626944,-117.06945,Guardrail Face,The First Harmful Event was Not a Collision with a Motor Vehicle in Transport,Dawn,"Fog, Smog, Smoke"
California,62500,2,RIVERSIDE (65),BANNING,December,Wednesday,Interstate,Urban,33.92608056,-116.8535472,Concrete Traffic Barrier,The First Harmful Event was Not a Collision with a Motor Vehicle in Transport,Daylight,Rain
California,62503,3,RIVERSIDE (65),CORONA,May,Thursday,State Highway,Urban,33.87118889,-117.6665306,Parked Motor Vehicle,The First Harmful Event was Not a Collision with a Motor Vehicle in Transport,Dark - Not Lighted,Clear
California,62508,3,KERN (29),BAKERSFIELD,October,Thursday,State Highway,Urban,35.41660833,-118.8314528,Motor Vehicle In-Transport,Angle,Daylight,Clear
California,62518,2,KERN (29),WASCO,October,Sunday,State Highway,Urban,35.57515278,-119.334,Pedestrian,The First Harmful Event was Not a Collision with a Motor Vehicle in Transport,Dark - Not Lighted,Clear
California,62521,1,CONTRA COSTA (13),RICHMOND,October,Monday,Interstate,Urban,37.92660833,-122.3662694,Pedestrian,The First Harmful Event was Not a Collision with a Motor Vehicle in Transport,Dark - Lighted,Clear
California,62529,1,SAN BERNARDINO (71),APPLE VALLEY,January,Sunday,State Highway,Urban,34.50053611,-117.1781361,Pedestrian,The First Harmful Event was Not a Collision with a Motor Vehicle in Transport,Dark - Not Lighted,Clear
California,62530,2,SAN BERNARDINO (71),CHINO,April,Wednesday,Local Street - Municipality,Rural,33.96840278,-117.6485583,Motor Vehicle In-Transport,Front-to-Front,Daylight,Clear
California,62531,1,ALAMEDA (1),OAKLAND,December,Wednesday,Interstate,Urban,37.80944444,-122.245175,Motor Vehicle In-Transport,Front-to-Rear,Dark - Not Lighted,Rain
California,62550,3,STANISLAUS (99),TURLOCK,October,Saturday,Local Street - Municipality,Urban,37.48676944,-120.85805,Motor Vehicle In-Transport,Angle,Daylight,Clear
California,62557,3,LOS ANGELES (37),BELL,June,Sunday,Interstate,Urban,33.96628611,-118.1687,Motor Vehicle In-Transport,Sideswipe - Same Direction,Daylight,Clear
California,62559,2,RIVERSIDE (65),CORONA,November,Tuesday,State Highway,Urban,33.88025,-117.5643611,Motor Vehicle In-Transport,Angle,Dark - Lighted,Clear
California,62568,1,SAN DIEGO (73),SAN DIEGO,July,Friday,Interstate,Urban,33.05376111,-117.0720694,Pedestrian,The First Harmful Event was Not a Collision with a Motor Vehicle in Transport,Dark - Not Lighted,"Fog, Smog, Smoke"
California,62569,2,SAN DIEGO (73),SAN DIEGO,August,Sunday,Interstate,Urban,32.89682222,-117.1158639,Fence,The First Harmful Event was Not a Collision with a Motor Vehicle in Transport,Dark - Lighted,Clear
California,62570,4,SAN DIEGO (73),ESCONDIDO,December,Monday,Interstate,Urban,33.12656944,-117.1045611,Motor Vehicle In-Transport,Angle,Daylight,Rain
California,62574,2,SANTA CLARA (85),SUNNYVALE,October,Sunday,U.S. Highway,Urban,37.4015,-122.0346,Rollover/Overturn,The First Harmful Event was Not a Collision with a Motor Vehicle in Transport,Dark - Not Lighted,Clear
California,62576,2,SAN DIEGO (73),SAN DIEGO,April,Sunday,State Highway,Urban,32.85340833,-117.0501111,Other Fixed Object,The First Harmful Event was Not a Collision with a Motor Vehicle in Transport,Dark - Not Lighted,Cloudy
California,62577,1,SAN DIEGO (73),SAN DIEGO,May,Saturday,Interstate,Urban,32.77960278,-117.1088444,Pedestrian,The First Harmful Event was Not a Collision with a Motor Vehicle in Transport,Dark - Not Lighted,Clear
California,62578,3,SAN DIEGO (73),SAN DIEGO,June,Sunday,State Highway,Urban,32.84153333,-117.0990472,Motor Vehicle In-Transport,Front-to-Rear,Dark - Not Lighted,Clear
California,62579,2,RIVERSIDE (65),RIVERSIDE,October,Saturday,State Highway,Urban,33.99526389,-117.3619611,Pedestrian,The First Harmful Event was Not a Collision with a Motor Vehicle in Transport,Dark - Lighted,Clear
California,62584,2,LOS ANGELES (37),ALHAMBRA,October,Saturday,Interstate,Urban,34.07153056,-118.1610806,Pedestrian,The First Harmful Event was Not a Collision with a Motor Vehicle in Transport,Dark - Not Lighted,Clear
California,62591,4,SACRAMENTO (67),SACRAMENTO,March,Tuesday,Interstate,Urban,38.57089444,-121.5151639,Motor Vehicle In-Transport,Sideswipe - Same Direction,Dark - Lighted,Cloudy
California,62592,1,SAN DIEGO (73),SAN DIEGO,August,Tuesday,State Highway,Urban,32.71805,-117.0933194,Pedestrian,The First Harmful Event was Not a Collision with a Motor Vehicle in Transport,Daylight,Clear
California,62598,2,SAN BERNARDINO (71),BARSTOW,November,Monday,Interstate,Rural,34.83519444,-117.0901194,Traffic Sign Support,The First Harmful Event was Not a Collision with a Motor Vehicle in Transport,Dark - Not Lighted,Clear
California,62600,1,LOS ANGELES (37),LOS ANGELES,August,Saturday,Interstate,Urban,34.01784167,-118.2802694,Pedestrian,The First Harmful Event was Not a Collision with a Motor Vehicle in Transport,Dark - Lighted,Clear
California,62601,3,SONOMA (97),SANTA ROSA,August,Monday,U.S. Highway,Urban,38.4622,-122.7263,Motor Vehicle In-Transport,Front-to-Rear,Dark - Lighted,Clear
California,62602,1,SONOMA (97),HEALDSBURG,August,Thursday,County Road,Rural,38.60426944,-122.8831083,Pedalcyclist,The First Harmful Event was Not a Collision with a Motor Vehicle in Transport,Daylight,Clear
California,62608,2,SAN DIEGO (73),SAN DIEGO,November,Sunday,Interstate,Urban,32.82023611,-117.1617361,Fell/Jumped from Vehicle,The First Harmful Event was Not a Collision with a Motor Vehicle in Transport,Dark - Not Lighted,"Fog, Smog, Smoke"
California,62610,1,SAN BERNARDINO (71),HESPERIA,September,Friday,Local Street - Municipality,Urban,34.44189722,-117.2978528,"Post, Pole or Other Supports",The First Harmful Event was Not a Collision with a Motor Vehicle in Transport,Dark - Lighted,Clear
California,62611,3,LOS ANGELES (37),BURBANK,September,Saturday,Local Street - Municipality,Urban,34.18448611,-118.3307583,Motor Vehicle In-Transport,Sideswipe - Opposite Direction,Daylight,Clear
California,62613,1,LOS ANGELES (37),BELL GARDENS,October,Tuesday,Local Street - Municipality,Urban,33.95985833,-118.1654722,Pedestrian,The First Harmful Event was Not a Collision with a Motor Vehicle in Transport,Dark - Not Lighted,Clear
California,62618,5,SAN DIEGO (73),SAN DIEGO,August,Friday,Interstate,Urban,33.00860278,-117.0799694,Fell/Jumped from Vehicle,The First Harmful Event was Not a Collision with a Motor Vehicle in Transport,Daylight,Clear
California,62621,3,ALAMEDA (1),BERKELEY,December,Wednesday,Interstate,Urban,37.87291944,-122.3054889,Motor Vehicle In-Transport,Sideswipe - Same Direction,Dark - Lighted,Rain
California,62625,5,SAN BERNARDINO (71),HESPERIA,October,Tuesday,Local Street - Municipality,Urban,34.47058333,-117.3280361,Motor Vehicle In-Transport,Angle,Dark - Not Lighted,Clear
California,62627,1,LOS ANGELES (37),ROSEMEAD,January,Saturday,State Highway,Urban,34.069025,-118.0717222,Pedalcyclist,The First Harmful Event was Not a Collision with a Motor Vehicle in Transport,Daylight,Cloudy
California,62632,2,LOS ANGELES (37),LONG BEACH,October,Monday,Local Street - Municipality,Urban,33.76621111,-118.2018389,"Post, Pole or Other Supports",The First Harmful Event was Not a Collision with a Motor Vehicle in Transport,Dark - Not Lighted,Cloudy
California,62633,2,SAN LUIS OBISPO (79),ATASCADERO,July,Saturday,State Highway,Urban,35.45092222,-120.6965861,Culvert,The First Harmful Event was Not a Collision with a Motor Vehicle in Transport,Dark - Not Lighted,Clear
California,62638,4,LOS ANGELES (37),GLENDALE,October,Friday,Local Street - Municipality,Urban,34.13763333,-118.2335972,Motor Vehicle In-Transport,Front-to-Front,Daylight,Clear
California,62640,2,FRESNO (19),FRESNO,December,Sunday,State Highway,Urban,36.77105833,-119.8379333,Wall,The First Harmful Event was Not a Collision with a Motor Vehicle in Transport,Dark - Lighted,Rain
California,62647,3,LOS ANGELES (37),BALDWIN PARK,April,Friday,Interstate,Urban,34.06841111,-117.9742833,Pedestrian,The First Harmful Event was Not a Collision with a Motor Vehicle in Transport,Dark - Not Lighted,Clear
California,62648,2,LOS ANGELES (37),SOUTH GATE,March,Saturday,Interstate,Urban,33.97240833,-118.1681833,Motor Vehicle In-Transport,Front-to-Rear,Dark - Lighted,Clear
California,62652,5,NAPA (55),CALISTOGA,July,Thursday,State Highway,Urban,38.57701944,-122.5855917,Pedestrian,The First Harmful Event was Not a Collision with a Motor Vehicle in Transport,Dark - Lighted,Clear
California,62661,2,SAN BERNARDINO (71),SAN BERNARDINO,November,Thursday,Local Street - Municipality,Urban,34.08586389,-117.2557639,Motor Vehicle In-Transport,Front-to-Rear,Dark - Not Lighted,Clear
California,62662,1,LOS ANGELES (37),MONTEREY PARK,November,Monday,Local Street - Municipality,Urban,34.05978889,-118.1336111,Non-Motorist on Personal Conveyance,The First Harmful Event was Not a Collision with a Motor Vehicle in Transport,Dark - Not Lighted,Clear
California,62664,1,MERCED (47),MERCED,September,Wednesday,State Highway,Urban,37.31903889,-120.5049611,Pedalcyclist,The First Harmful Event was Not a Collision with a Motor Vehicle in Transport,Daylight,Clear
California,62666,1,LOS ANGELES (37),LOS ANGELES,November,Thursday,Local Street - Municipality,Urban,33.97458611,-118.3139611,Pedestrian,The First Harmful Event was Not a Collision with a Motor Vehicle in Transport,Daylight,Clear
California,62668,1,LOS ANGELES (37),LOS ANGELES,November,Thursday,Local Street - Municipality,Urban,34.03253611,-118.3481583,Pedestrian,The First Harmful Event was Not a Collision with a Motor Vehicle in Transport,Dark - Not Lighted,Rain
California,62670,3,LOS ANGELES (37),LANCASTER,November,Monday,State Highway,Rural,34.77668056,-118.23735,Motor Vehicle In-Transport,Angle,Dusk,Clear
California,62673,3,LOS ANGELES (37),POMONA,June,Sunday,Interstate,Urban,34.072775,-117.7785,Motor Vehicle In-Transport,Front-to-Rear,Dark - Lighted,Clear
California,62677,2,LOS ANGELES (37),PALMDALE,December,Friday,State Highway,Urban,34.57149722,-118.1333972,Motor Vehicle In-Transport,Front-to-Rear,Dark - Not Lighted,Cloudy
California,62678,1,SAN BERNARDINO (71),SAN BERNARDINO,December,Thursday,State Highway,Urban,34.14490556,-117.2710944,Pedestrian,The First Harmful Event was Not a Collision with a Motor Vehicle in Transport,Dark - Not Lighted,Cloudy
California,62686,2,ALAMEDA (1),BERKELEY,November,Monday,Interstate,Urban,37.88308056,-122.3083389,Motor Vehicle In-Transport,Front-to-Rear,Dark - Not Lighted,Clear
California,62688,6,LOS ANGELES (37),LOS ANGELES,November,Friday,Interstate,Urban,34.29836111,-118.47505,Motor Vehicle In-Transport,Front-to-Rear,Dark - Lighted,Clear
California,62691,1,ORANGE (59),LA HABRA,November,Friday,Local Street - Municipality,Urban,33.93185556,-117.9330639,Pedestrian,The First Harmful Event was Not a Collision with a Motor Vehicle in Transport,Dark - Not Lighted,Cloudy
California,62692,4,LOS ANGELES (37),LOS ANGELES,November,Friday,Local Street - Municipality,Urban,33.94927222,-118.2608361,Motor Vehicle In-Transport,Angle,Dark - Not Lighted,Clear
California,62694,1,LOS ANGELES (37),BELL,November,Saturday,Local Street - Municipality,Urban,33.9786,-118.1924278,Pedestrian,The First Harmful Event was Not a Collision with a Motor Vehicle in Transport,Dark - Not Lighted,Clear
California,62695,1,LOS ANGELES (37),LOS ANGELES,December,Wednesday,Local Street - Municipality,Urban,33.9654,-118.2651528,Pedestrian,The First Harmful Event was Not a Collision with a Motor Vehicle in Transport,Dark - Not Lighted,Clear
California,62698,2,SAN JOAQUIN (77),STOCKTON,December,Friday,State Highway,Urban,37.90591944,-121.2234472,Fire/Explosion,The First Harmful Event was Not a Collision with a Motor Vehicle in Transport,Dark - Not Lighted,Rain
California,62701,2,LOS ANGELES (37),LOS ANGELES,July,Tuesday,State Highway,Urban,34.15347222,-118.2874556,Motor Vehicle In-Transport,Sideswipe - Same Direction,Daylight,Clear
California,62704,1,SAN DIEGO (73),SAN DIEGO,December,Monday,Local Street - Municipality,Urban,32.70553611,-117.0850444,Non-Motorist on Personal Conveyance,The First Harmful Event was Not a Collision with a Motor Vehicle in Transport,Dark - Not Lighted,Cloudy
California,62706,6,SHASTA (89),REDDING,November,Monday,State Highway,Urban,40.57698056,-122.3326944,Guardrail Face,The First Harmful Event was Not a Collision with a Motor Vehicle in Transport,Dusk,Clear
California,62708,2,LOS ANGELES (37),SANTA FE SPRINGS,December,Friday,Local Street - Municipality,Urban,33.94886389,-118.07275,Motor Vehicle In-Transport,Angle,Dark - Not Lighted,Clear
California,62709,1,TUOLUMNE (109),SONORA,January,Saturday,State Highway,Rural,37.96822778,-120.3949361,Pedalcyclist,The First Harmful Event was Not a Collision with a Motor Vehicle in Transport,Dark - Lighted,Clear
California,62710,1,CONTRA COSTA (13),ANTIOCH,May,Sunday,Local Street - Municipality,Urban,38.00488611,-121.7928333,Curb,The First Harmful Event was Not a Collision with a Motor Vehicle in Transport,Daylight,Clear
California,62712,1,LOS ANGELES (37),LONG BEACH,September,Thursday,Interstate,Urban,33.86392778,-118.1990111,Tree (Standing Only),The First Harmful Event was Not a Collision with a Motor Vehicle in Transport,Daylight,Clear
California,62714,1,LOS ANGELES (37),COMPTON,October,Thursday,State Highway,Urban,33.87371111,-118.2318028,Pedalcyclist,The First Harmful Event was Not a Collision with a Motor Vehicle in Transport,Dawn,Clear