State,Case Number,Persons,County,City,Month,Day,Route,Rural/Urban,Latitude,Longitude,First Harmful Event,Manner of Collision,Light Conditions,Weather
California,62720,1,SAN BERNARDINO (71),REDLANDS,December,Sunday,Interstate,Urban,34.06778333,-117.2013472,Guardrail End,The First Harmful Event was Not a Collision with a Motor Vehicle in Transport,Dark - Not Lighted,Rain
California,62721,2,FRESNO (19),SELMA,August,Wednesday,Local Street - Municipality,Urban,36.58184722,-119.6285111,Railway Vehicle,The First Harmful Event was Not a Collision with a Motor Vehicle in Transport,Daylight,Clear
California,62722,2,SAN BERNARDINO (71),ADELANTO,October,Saturday,U.S. Highway,Urban,34.60091667,-117.4194361,Pedestrian,The First Harmful Event was Not a Collision with a Motor Vehicle in Transport,Dark - Not Lighted,Clear
California,62723,5,SAN BERNARDINO (71),YUCCA VALLEY,May,Monday,State Highway,Urban,34.17161389,-116.4247417,Motor Vehicle In-Transport,Front-to-Rear,Daylight,Clear
California,62727,6,SAN BERNARDINO (71),YUCAIPA,July,Wednesday,Local Street - Municipality,Urban,34.01523333,-117.0917444,Motor Vehicle In-Transport,Front-to-Front,Daylight,Clear
California,62731,1,SAN JOAQUIN (77),LATHROP,December,Thursday,Interstate,Urban,37.79786944,-121.3004972,Concrete Traffic Barrier,The First Harmful Event was Not a Collision with a Motor Vehicle in Transport,Dark - Lighted,Clear
California,62732,4,ALAMEDA (1),HAYWARD,July,Wednesday,Interstate,Urban,37.62313333,-122.0784944,Motor Vehicle In-Transport,Front-to-Rear,Daylight,Clear
California,62734,3,SAN FRANCISCO (75),SAN FRANCISCO,April,Tuesday,Interstate,Urban,37.78619444,-122.3907056,Motor Vehicle In-Transport,Front-to-Rear,Daylight,Clear
California,62737,1,SAN BERNARDINO (71),REDLANDS,November,Sunday,Interstate,Urban,34.06189167,-117.1799222,Pedestrian,The First Harmful Event was Not a Collision with a Motor Vehicle in Transport,Dark - Not Lighted,Clear
California,62738,1,SAN BERNARDINO (71),VICTORVILLE,October,Friday,State Highway,Urban,34.55228611,-117.3040528,Utility Pole/Light Support,The First Harmful Event was Not a Collision with a Motor Vehicle in Transport,Dark - Not Lighted,Clear
California,62742,1,AMADOR (5),JACKSON,December,Monday,State Highway,Urban,38.351725,-120.7759417,Pedestrian,The First Harmful Event was Not a Collision with a Motor Vehicle in Transport,Dawn,Rain
California,62744,1,LOS ANGELES (37),LOS ANGELES,November,Thursday,Interstate,Urban,34.23503333,-118.2952472,Other Fixed Object,The First Harmful Event was Not a Collision with a Motor Vehicle in Transport,Daylight,Rain
California,62746,2,LOS ANGELES (37),LOS ANGELES,December,Wednesday,Local Street - Municipality,Urban,34.19835556,-118.5622306,Motor Vehicle In-Transport,Angle,Daylight,Clear
California,62747,4,RIVERSIDE (65),PERRIS,November,Friday,State Highway,Urban,33.78110556,-117.2433611,Motor Vehicle In-Transport,Front-to-Front,Daylight,Clear
California,62751,4,LOS ANGELES (37),LONG BEACH,September,Sunday,Interstate,Urban,33.49988056,-118.1129833,Concrete Traffic Barrier,The First Harmful Event was Not a Collision with a Motor Vehicle in Transport,Daylight,Clear
California,62753,3,LOS ANGELES (37),GARDENA,December,Sunday,Local Street - Municipality,Urban,33.87295833,-118.2989056,Motor Vehicle In-Transport,Front-to-Rear,Dark - Not Lighted,Clear
California,62757,1,SACRAMENTO (67),SACRAMENTO,December,Friday,Local Street - Municipality,Urban,38.53463056,-121.3707889,Pedestrian,The First Harmful Event was Not a Collision with a Motor Vehicle in Transport,Dark - Lighted,Clear
California,62758,4,LOS ANGELES (37),LOS ANGELES,December,Sunday,State Highway,Urban,33.87286667,-118.290925,Motor Vehicle In-Transport,Angle,Dark - Lighted,Clear
California,62761,5,SANTA CLARA (85),SAN JOSE,August,Thursday,U.S. Highway,Urban,37.23400278,-121.7547,Motor Vehicle In-Transport,Front-to-Rear,Dark - Lighted,Clear
California,62766,2,SAN DIEGO (73),SAN DIEGO,December,Saturday,Local Street - Municipality,Urban,32.91830556,-117.124875,Pedestrian,The First Harmful Event was Not a Collision with a Motor Vehicle in Transport,Daylight,Clear
California,62768,5,PLACER (61),ROSEVILLE,May,Monday,Local Street - Municipality,Urban,38.75491667,-121.283675,Motor Vehicle In-Transport,Sideswipe - Opposite Direction,Dark - Not Lighted,Rain
California,62772,2,SAN BERNARDINO (71),CHINO HILLS,October,Saturday,State Highway,Urban,34.00285,-117.725125,Motor Vehicle In-Transport,Front-to-Front,Dark - Lighted,Clear
California,62780,1,SAN BERNARDINO (71),CHINO HILLS,September,Saturday,Local Street - Municipality,Urban,33.98789167,-117.737,Pedestrian,The First Harmful Event was Not a Collision with a Motor Vehicle in Transport,Dark - Not Lighted,Clear
California,62781,1,SAN JOAQUIN (77),STOCKTON,September,Wednesday,Local Street - Municipality,Urban,37.96708889,-121.2964306,Pedestrian,The First Harmful Event was Not a Collision with a Motor Vehicle in Transport,Daylight,Clear
California,62782,2,SONOMA (97),SANTA ROSA,October,Monday,Local Street - Municipality,Urban,38.43799444,-122.6818917,Parked Motor Vehicle,The First Harmful Event was Not a Collision with a Motor Vehicle in Transport,Dark - Not Lighted,Clear
California,62783,3,ALAMEDA (1),HAYWARD,October,Thursday,Local Street - Municipality,Urban,37.6648,-122.1022667,Pedalcyclist,The First Harmful Event was Not a Collision with a Motor Vehicle in Transport,Dark - Not Lighted,Clear
California,62784,1,SAN JOAQUIN (77),STOCKTON,November,Sunday,Local Street - Municipality,Urban,37.96056389,-121.2639361,Pedalcyclist,The First Harmful Event was Not a Collision with a Motor Vehicle in Transport,Dark - Not Lighted,Clear
California,62792,2,RIVERSIDE (65),CORONA,May,Sunday,Interstate,Urban,33.79371667,-117.4993139,Motor Vehicle In-Transport,Front-to-Rear,Dark - Not Lighted,Clear
California,62793,5,SOLANO (95),SUISUN,December,Sunday,Local Street - Municipality,Urban,38.24468056,-122.0315222,Pedalcyclist,The First Harmful Event was Not a Collision with a Motor Vehicle in Transport,Dark - Not Lighted,Rain
California,62795,2,SAN JOAQUIN (77),STOCKTON,December,Tuesday,Local Street - Municipality,Urban,37.96240833,-121.2938083,Pedestrian,The First Harmful Event was Not a Collision with a Motor Vehicle in Transport,Dark - Not Lighted,Rain
California,62802,1,LOS ANGELES (37),LOS ANGELES,November,Sunday,State Highway,Urban,34.2726,-118.4291694,Bridge Rail (Includes parapet),The First Harmful Event was Not a Collision with a Motor Vehicle in Transport,Dark - Lighted,Clear
California,62803,2,ORANGE (59),COSTA MESA,March,Wednesday,Interstate,Urban,33.68805,-117.9125111,Pedestrian,The First Harmful Event was Not a Collision with a Motor Vehicle in Transport,Dark - Lighted,Clear
California,62804,5,SAN BERNARDINO (71),FONTANA,October,Saturday,State Highway,Urban,34.13658611,-117.4424722,Motor Vehicle In-Transport,Angle,Dark - Lighted,Clear
California,62806,4,LOS ANGELES (37),CERRITOS,September,Sunday,State Highway,Urban,33.87623056,-118.0999611,Parked Motor Vehicle,The First Harmful Event was Not a Collision with a Motor Vehicle in Transport,Dark - Lighted,Clear
California,62816,2,LOS ANGELES (37),INGLEWOOD,September,Friday,Interstate,Urban,33.94634167,-118.3685639,Pedestrian,The First Harmful Event was Not a Collision with a Motor Vehicle in Transport,Dark - Lighted,Clear
California,62820,2,SAN BERNARDINO (71),HIGHLAND,July,Wednesday,State Highway,Urban,34.13583056,-117.2308472,Motor Vehicle In-Transport,Front-to-Rear,Dark - Lighted,Clear
California,62824,1,SONOMA (97),SANTA ROSA,October,Saturday,State Highway,Urban,38.45490833,-122.6256833,Pedestrian,The First Harmful Event was Not a Collision with a Motor Vehicle in Transport,Dark - Lighted,Clear
California,62825,1,RIVERSIDE (65),RIVERSIDE,October,Wednesday,Local Street - Municipality,Urban,33.909925,-117.4588083,Pedestrian,The First Harmful Event was Not a Collision with a Motor Vehicle in Transport,Daylight,Clear
California,62836,1,SANTA CLARA (85),SUNNYVALE,September,Monday,U.S. Highway,Urban,37.39040833,-121.9971694,Embankment,The First Harmful Event was Not a Collision with a Motor Vehicle in Transport,Dark - Not Lighted,Clear
California,62840,6,SANTA CLARA (85),CUPERTINO,November,Tuesday,Interstate,Urban,37.3317,-122.053,Tree (Standing Only),The First Harmful Event was Not a Collision with a Motor Vehicle in Transport,Daylight,Cloudy
California,62844,2,SACRAMENTO (67),SACRAMENTO,September,Wednesday,State Highway,Urban,38.29260833,-121.1777472,Motor Vehicle In-Transport,Sideswipe - Opposite Direction,Daylight,Clear
California,62846,1,SAN DIEGO (73),NATIONAL CITY,November,Saturday,Interstate,Urban,32.67860833,-117.1093944,Curb,The First Harmful Event was Not a Collision with a Motor Vehicle in Transport,Daylight,Clear
California,62847,2,SAN MATEO (81),REDWOOD CITY,September,Tuesday,Local Street - Municipality,Rural,37.50522778,-122.4930556,Fell/Jumped from Vehicle,The First Harmful Event was Not a Collision with a Motor Vehicle in Transport,Dark - Unknown Lighting,Clear
California,62854,1,ORANGE (59),MISSION VIEJO,September,Monday,Interstate,Urban,33.60203611,-117.6857611,Fell/Jumped from Vehicle,The First Harmful Event was Not a Collision with a Motor Vehicle in Transport,Dark - Not Lighted,Clear
California,62858,1,SAN FRANCISCO (75),SAN FRANCISCO,September,Sunday,Interstate,Urban,37.76926389,-122.4060361,Concrete Traffic Barrier,The First Harmful Event was Not a Collision with a Motor Vehicle in Transport,Dark - Lighted,Cloudy
California,62866,3,VENTURA (111),CAMARILLO,August,Wednesday,Local Street - Municipality,Urban,34.20553889,-119.0523278,Motor Vehicle In-Transport,Front-to-Front,Daylight,Clear
California,62867,1,RIVERSIDE (65),WILDOMAR,October,Tuesday,Local Street - Municipality,Urban,33.62691389,-117.2869778,Pedestrian,The First Harmful Event was Not a Collision with a Motor Vehicle in Transport,Dark - Lighted,Clear
California,62888,3,SAN DIEGO (73),EL CAJON,November,Saturday,Interstate,Urban,32.78109722,-116.9815917,Motor Vehicle In-Transport,Front-to-Rear,Dark - Lighted,Clear
California,62890,1,RIVERSIDE (65),CORONA,October,Friday,State Highway,Urban,33.88301111,-117.5432028,Traffic Sign Support,The First Harmful Event was Not a Collision with a Motor Vehicle in Transport,Dark - Lighted,Clear
California,62896,4,SACRAMENTO (67),ELK GROVE,November,Sunday,Interstate,Urban,38.40356389,-121.48295,Motor Vehicle In-Transport,Front-to-Rear,Dark - Lighted,Clear
California,62899,4,LOS ANGELES (37),BELL,May,Wednesday,Interstate,Rural,33.57270833,-118.1012833,Guardrail Face,The First Harmful Event was Not a Collision with a Motor Vehicle in Transport,Dark - Not Lighted,Clear
California,62902,1,STANISLAUS (99),MODESTO,October,Friday,State Highway,Urban,37.65731944,-120.993825,Pedestrian,The First Harmful Event was Not a Collision with a Motor Vehicle in Transport,Dark - Lighted,Clear
California,62905,3,CONTRA COSTA (13),ORINDA,December,Saturday,State Highway,Urban,37.88705833,-122.1780278,Tree (Standing Only),The First Harmful Event was Not a Collision with a Motor Vehicle in Transport,Dark - Not Lighted,Rain
California,62911,1,RIVERSIDE (65),MURRIETA,November,Saturday,Interstate,Urban,33.54877222,-117.1815583,Bridge Pier or Support,The First Harmful Event was Not a Collision with a Motor Vehicle in Transport,Dark - Not Lighted,Clear
California,62912,3,LOS ANGELES (37),LOS ANGELES,October,Sunday,Local Street - Municipality,Urban,33.97118333,-118.2608194,Motor Vehicle In-Transport,Angle,Daylight,Clear
California,62917,3,SAN DIEGO (73),SAN DIEGO,November,Thursday,Interstate,Urban,32.77693889,-117.2085111,Pedestrian,The First Harmful Event was Not a Collision with a Motor Vehicle in Transport,Dark - Not Lighted,Cloudy
California,62931,4,RIVERSIDE (65),MENIFEE,July,Friday,Local Street - Municipality,Rural,33.64158611,-117.1913528,Motor Vehicle In-Transport,Sideswipe - Same Direction,Daylight,Clear
California,62942,1,SANTA BARBARA (83),CARPINTERIA,September,Saturday,U.S. Highway,Urban,34.4011,-119.5165694,Concrete Traffic Barrier,The First Harmful Event was Not a Collision with a Motor Vehicle in Transport,Dark - Not Lighted,Clear
California,62943,1,SAN BERNARDINO (71),NEEDLES,December,Wednesday,Interstate,Rural,34.84653056,-114.6148722,Rollover/Overturn,The First Harmful Event was Not a Collision with a Motor Vehicle in Transport,Daylight,Rain
California,62948,5,SAN JOAQUIN (77),MANTECA,December,Monday,State Highway,Urban,37.78318611,-121.2091917,Motor Vehicle In-Transport,Front-to-Rear,Daylight,Clear
California,62952,1,LOS ANGELES (37),LONG BEACH,December,Monday,Interstate,Urban,33.87582222,-118.1921417,Pedestrian,The First Harmful Event was Not a Collision with a Motor Vehicle in Transport,Dark - Lighted,Clear
California,62956,1,SAN DIEGO (73),SAN DIEGO,August,Thursday,Interstate,Urban,32.712425,-117.1474778,Pedestrian,The First Harmful Event was Not a Collision with a Motor Vehicle in Transport,Dark - Not Lighted,Clear
California,62958,11,SAN BERNARDINO (71),FONTANA,December,Sunday,State Highway,Urban,34.13656944,-117.4826889,Motor Vehicle In-Transport,Front-to-Rear,Dark - Lighted,Cloudy
California,62959,1,RIVERSIDE (65),SAN JACINTO,November,Tuesday,Local Street - Municipality,Urban,33.75948889,-116.9324861,Pedestrian,The First Harmful Event was Not a Collision with a Motor Vehicle in Transport,Dark - Lighted,Clear
California,62965,3,SAN DIEGO (73),SAN DIEGO,October,Tuesday,Interstate,Urban,32.86813889,-117.1077139,Motor Vehicle In-Transport,Sideswipe - Same Direction,Dark - Lighted,Clear
California,62966,1,CONTRA COSTA (13),PINOLE,November,Saturday,Interstate,Urban,37.98888889,-122.3131889,Pedestrian,The First Harmful Event was Not a Collision with a Motor Vehicle in Transport,Dark - Not Lighted,Clear
California,62971,2,SAN BERNARDINO (71),SAN BERNARDINO,December,Sunday,Interstate,Urban,34.0699,-117.2958,Pedestrian,The First Harmful Event was Not a Collision with a Motor Vehicle in Transport,Dark - Lighted,Cloudy
California,62972,1,SANTA CLARA (85),SAN JOSE,July,Sunday,State Highway,Urban,37.41938056,-121.9540833,Pedestrian,The First Harmful Event was Not a Collision with a Motor Vehicle in Transport,Dark - Not Lighted,Clear
California,62975,1,SANTA BARBARA (83),SANTA BARBARA,December,Friday,U.S. Highway,Urban,34.41563333,-119.6924028,Pedestrian,The First Harmful Event was Not a Collision with a Motor Vehicle in Transport,Dark - Lighted,Clear
California,62979,2,LOS ANGELES (37),LOS ANGELES,November,Friday,U.S. Highway,Urban,34.05908889,-118.2452611,Pedestrian,The First Harmful Event was Not a Collision with a Motor Vehicle in Transport,Dark - Lighted,Clear
California,62980,1,SAN DIEGO (73),SAN DIEGO,November,Saturday,Interstate,Urban,32.719025,-117.105525,Pedestrian,The First Harmful Event was Not a Collision with a Motor Vehicle in Transport,Dark - Not Lighted,Clear
California,62984,1,SACRAMENTO (67),ELK GROVE,September,Sunday,State Highway,Urban,38.378875,-121.3643472,Pedestrian,The First Harmful Event was Not a Collision with a Motor Vehicle in Transport,Dark - Lighted,Clear
California,62985,3,SOLANO (95),FAIRFIELD,September,Wednesday,Interstate,Urban,38.27290833,-122.0500167,Motor Vehicle In-Transport,Front-to-Rear,Dark - Lighted,Clear
California,62988,2,ORANGE (59),BREA,July,Wednesday,State Highway,Urban,33.92200556,-117.8803333,Motor Vehicle In-Transport,Sideswipe - Same Direction,Daylight,Cloudy
California,62990,5,ORANGE (59),SAN CLEMENTE,November,Friday,Interstate,Urban,33.40459444,-117.5878833,"Cargo/Equipment Loss, Shift, or Damage [harmful]",The First Harmful Event was Not a Collision with a Motor Vehicle in Transport,Daylight,Clear
California,62994,1,SAN FRANCISCO (75),SAN FRANCISCO,December,Sunday,Interstate,Urban,37.75347778,-122.3921111,Concrete Traffic Barrier,The First Harmful Event was Not a Collision with a Motor Vehicle in Transport,Dark - Not Lighted,Rain
California,62998,2,SAN DIEGO (73),SAN DIEGO,December,Wednesday,Interstate,Urban,32.72301944,-117.16315,Concrete Traffic Barrier,The First Harmful Event was Not a Collision with a Motor Vehicle in Transport,Daylight,Rain
California,63000,1,SAN JOAQUIN (77),STOCKTON,November,Monday,State Highway,Urban,37.94954167,-121.2942556,Pedestrian,The First Harmful Event was Not a Collision with a Motor Vehicle in Transport,Dark - Not Lighted,Clear
California,63001,2,SANTA CLARA (85),SAN JOSE,October,Saturday,U.S. Highway,Urban,37.35906667,-121.8723278,Motor Vehicle In-Transport,Front-to-Rear,Dark - Not Lighted,Clear
California,63005,4,ORANGE (59),WESTMINSTER,November,Thursday,State Highway,Urban,33.74792778,-117.9896306,Motor Vehicle In-Transport,Front-to-Front,Daylight,Clear
California,63007,7,RIVERSIDE (65),MURRIETA,October,Monday,Interstate,Urban,33.57285833,-117.1809444,Motor Vehicle In-Transport,Front-to-Rear,Dark - Not Lighted,Clear
California,63009,8,SAN BERNARDINO (71),ONTARIO,November,Wednesday,Interstate,Urban,34.08720556,-117.6710861,Motor Vehicle In-Transport,Front-to-Rear,Daylight,Clear
California,63012,5,ORANGE (59),HUNTINGTON BEACH,July,Monday,State Highway,Urban,33.69758333,-117.989125,Motor Vehicle In-Transport,Angle,Dark - Lighted,Cloudy
California,63014,3,SAN MATEO (81),REDWOOD CITY,September,Wednesday,State Highway,Urban,37.48407778,-122.2324306,Pedestrian,The First Harmful Event was Not a Collision with a Motor Vehicle in Transport,Daylight,Rain
California,63016,2,LOS ANGELES (37),HERMOSA BEACH,October,Wednesday,State Highway,Urban,33.87249167,-118.3951361,Curb,The First Harmful Event was Not a Collision with a Motor Vehicle in Transport,Dark - Not Lighted,Clear
California,63035,1,SAN BERNARDINO (71),REDLANDS,December,Wednesday,Interstate,Urban,34.06705278,-117.2112472,Pedestrian,The First Harmful Event was Not a Collision with a Motor Vehicle in Transport,Dark - Not Lighted,Clear
California,63037,5,ALAMEDA (1),SAN LEANDRO,September,Sunday,Interstate,Urban,37.69613056,-122.1457472,Unknown Object Not Fixed,The First Harmful Event was Not a Collision with a Motor Vehicle in Transport,Daylight,Clear
California,63038,1,LOS ANGELES (37),LONG BEACH,September,Friday,Interstate,Urban,33.79960833,-118.1113167,Pedalcyclist,The First Harmful Event was Not a Collision with a Motor Vehicle in Transport,Dark - Not Lighted,Clear
California,63040,2,ORANGE (59),EAST IRVINE,June,Friday,Interstate,Urban,33.64925278,-117.7385667,Rollover/Overturn,The First Harmful Event was Not a Collision with a Motor Vehicle in Transport,Dark - Lighted,Clear
California,63041,4,CONTRA COSTA (13),PINOLE,December,Monday,Interstate,Urban,37.99218889,-122.3068944,Motor Vehicle In-Transport,Front-to-Front,Dark - Lighted,Cloudy
California,63046,4,LOS ANGELES (37),SAN DIMAS,July,Wednesday,State Highway,Urban,34.10911667,-117.8230361,Motor Vehicle In-Transport,Front-to-Rear,Dark - Lighted,Clear
California,63049,4,ALAMEDA (1),ALBANY,November,Monday,Interstate,Urban,37.89628611,-122.3086722,Motor Vehicle In-Transport,Front-to-Rear,Daylight,Clear
California,63051,5,SANTA CLARA (85),SAN JOSE,August,Saturday,U.S. Highway,Urban,37.23854167,-121.7628944,Impact Attenuator/Crash Cushion,The First Harmful Event was Not a Collision with a Motor Vehicle in Transport,Daylight,Clear
California,63053,5,LOS ANGELES (37),LOS ANGELES,December,Thursday,State Highway,Urban,34.26603056,-118.4635806,Motor Vehicle In-Transport,Sideswipe - Same Direction,Daylight,Cloudy
California,63055,3,RIVERSIDE (65),RIVERSIDE,November,Saturday,Interstate,Urban,33.92271111,-117.2887806,Motor Vehicle In-Transport,Sideswipe - Same Direction,Dark - Unknown Lighting,Cloudy
California,63056,2,RIVERSIDE (65),MENIFEE,October,Tuesday,State Highway,Urban,33.74294167,-117.1364083,Traffic Signal Support,The First Harmful Event was Not a Collision with a Motor Vehicle in Transport,Daylight,Clear
California,63061,3,RIVERSIDE (65),RIVERSIDE,November,Friday,State Highway,Urban,33.92356944,-117.4264194,Motor Vehicle In-Transport,Front-to-Rear,Daylight,Clear
California,63073,6,SANTA BARBARA (83),SANTA BARBARA,October,Wednesday,Local Street - Municipality,Urban,34.42126389,-119.7044417,Pedestrian,The First Harmful Event was Not a Collision with a Motor Vehicle in Transport,Daylight,Clear
California,63074,4,SAN FRANCISCO (75),SAN FRANCISCO,October,Thursday,U.S. Highway,Urban,37.71616111,-122.3985306,Motor Vehicle In-Transport,Front-to-Front,Dark - Lighted,Clear
California,63076,2,ORANGE (59),EAST IRVINE,October,Tuesday,Interstate,Urban,33.64363889,-117.7333194,Curb,The First Harmful Event was Not a Collision with a Motor Vehicle in Transport,Dark - Not Lighted,Clear
California,63077,1,SAN BERNARDINO (71),ONTARIO,December,Saturday,Interstate,Urban,34.06693889,-117.5404194,Curb,The First Harmful Event was Not a Collision with a Motor Vehicle in Transport,Dark - Lighted,Rain
California,63083,1,LOS ANGELES (37),LOS ANGELES,October,Wednesday,Local Street - Municipality,Urban,34.04492222,-118.3919861,Curb,The First Harmful Event was Not a Collision with a Motor Vehicle in Transport,Dark - Not Lighted,Clear
California,63084,3,KERN (29),DELANO,November,Saturday,Local Street - Municipality,Rural,35.79041944,-119.2674667,Motor Vehicle In-Transport,Angle,Dark - Not Lighted,Clear
California,63085,3,RIVERSIDE (65),PERRIS,November,Monday,Local Street - Municipality,Rural,33.85737778,-117.2260861,Motor Vehicle In-Transport,Angle,Dark - Not Lighted,Clear
California,63086,3,SAN BERNARDINO (71),YUCCA VALLEY,October,Saturday,State Highway,Urban,34.13495,-116.3777917,Motor Vehicle In-Transport,Angle,Dawn,Clear
California,63087,2,SAN BERNARDINO (71),HESPERIA,October,Saturday,Local Street - Municipality,Urban,34.42666944,-117.3775528,Motor Vehicle In-Transport,Angle,Dark - Not Lighted,Clear
California,63092,1,LOS ANGELES (37),LOS ANGELES,November,Wednesday,State Highway,Urban,34.27218889,-118.43055,Curb,The First Harmful Event was Not a Collision with a Motor Vehicle in Transport,Daylight,Cloudy
California,63093,6,RIVERSIDE (65),RIVERSIDE,December,Friday,State Highway,Urban,33.73005278,-117.2905611,Pedestrian,The First Harmful Event was Not a Collision with a Motor Vehicle in Transport,Dark - Not Lighted,Clear
California,63095,2,SAN BERNARDINO (71),YUCAIPA,December,Tuesday,Interstate,Urban,34.01031111,-117.0686389,Fence,The First Harmful Event was Not a Collision with a Motor Vehicle in Transport,Dark - Not Lighted,Cloudy
California,63100,5,SAN BERNARDINO (71),MONTCLAIR,November,Saturday,Interstate,Urban,34.08543611,-117.6901083,Pedestrian,The First Harmful Event was Not a Collision with a Motor Vehicle in Transport,Dark - Not Lighted,Cloudy
California,63103,1,SAN DIEGO (73),SAN DIEGO,December,Sunday,Interstate,Urban,32.75944444,-117.1794278,Pedestrian,The First Harmful Event was Not a Collision with a Motor Vehicle in Transport,Dark - Lighted,Cloudy
California,63108,3,FRESNO (19),FRESNO,November,Monday,State Highway,Urban,36.75420833,-119.7779722,Motor Vehicle In-Transport,Front-to-Rear,Dark - Not Lighted,Clear
California,63110,1,ORANGE (59),COSTA MESA,October,Friday,State Highway,Urban,33.67125556,-117.8887056,Rollover/Overturn,The First Harmful Event was Not a Collision with a Motor Vehicle in Transport,Dark - Lighted,Clear
California,63111,1,ORANGE (59),COSTA MESA,October,Saturday,State Highway,Urban,33.67512778,-117.8829722,Curb,The First Harmful Event was Not a Collision with a Motor Vehicle in Transport,Daylight,Clear
California,63113,1,BUTTE (7),OROVILLE,December,Tuesday,State Highway,Urban,39.50144722,-121.5314444,Ground,The First Harmful Event was Not a Collision with a Motor Vehicle in Transport,Dark - Lighted,Clear
California,63114,3,SACRAMENTO (67),SACRAMENTO,October,Monday,U.S. Highway,Urban,38.56403611,-121.4941583,Ground,The First Harmful Event was Not a Collision with a Motor Vehicle in Transport,Dark - Lighted,Clear
California,63123,5,SAN DIEGO (73),SAN DIEGO,November,Friday,Interstate,Urban,32.897525,-117.11655,Parked Motor Vehicle,The First Harmful Event was Not a Collision with a Motor Vehicle in Transport,Dark - Lighted,Clear
California,63126,2,SAN DIEGO (73),SAN DIEGO,October,Friday,State Highway,Urban,32.70318889,-117.1206111,Motor Vehicle In-Transport,Angle,Dark - Lighted,Clear
California,63127,2,LOS ANGELES (37),PARAMOUNT,April,Monday,Interstate,Urban,33.90559444,-118.1832972,Motor Vehicle In-Transport,Front-to-Rear,Dark - Lighted,Clear
California,63131,2,ALAMEDA (1),OAKLAND,December,Sunday,Interstate,Urban,37.73793056,-122.1419944,Curb,The First Harmful Event was Not a Collision with a Motor Vehicle in Transport,Dark - Lighted,Cloudy
California,63132,1,SAN DIEGO (73),SAN DIEGO,October,Monday,Interstate,Urban,32.731675,-117.112225,Curb,The First Harmful Event was Not a Collision with a Motor Vehicle in Transport,Dark - Not Lighted,Clear
California,63141,1,LOS ANGELES (37),LOS ANGELES,November,Monday,Interstate,Urban,33.91661389,-118.2860083,Pedestrian,The First Harmful Event was Not a Collision with a Motor Vehicle in Transport,Dark - Lighted,Cloudy
California,63143,1,SAN BERNARDINO (71),VICTORVILLE,November,Saturday,State Highway,Urban,34.53479722,-117.290825,Motor Vehicle In-Transport,Front-to-Rear,Dark - Lighted,Cloudy