State,Case Number,Persons,County,City,Month,Day,Route,Rural/Urban,Latitude,Longitude,First Harmful Event,Manner of Collision,Light Conditions,Weather
California,63145,1,SAN DIEGO (73),SAN DIEGO,December,Sunday,Interstate,Urban,32.747425,-117.1086083,Pedestrian,The First Harmful Event was Not a Collision with a Motor Vehicle in Transport,Dark - Lighted,Clear
California,63146,2,ORANGE (59),SANTA ANA,August,Friday,Interstate,Urban,33.77838333,-117.8768861,Motor Vehicle In-Transport,Front-to-Rear,Dark - Not Lighted,Clear
California,63153,1,RIVERSIDE (65),MURRIETA,November,Sunday,State Highway,Urban,33.59014444,-117.1269333,Pedestrian,The First Harmful Event was Not a Collision with a Motor Vehicle in Transport,Dusk,Clear
California,63165,1,TULARE (107),VISALIA,December,Monday,State Highway,Urban,36.31467778,-119.3139306,Pedalcyclist,The First Harmful Event was Not a Collision with a Motor Vehicle in Transport,Dark - Lighted,Rain
California,63166,2,ORANGE (59),BREA,October,Friday,State Highway,Urban,33.93364444,-117.8786361,Parked Motor Vehicle,The First Harmful Event was Not a Collision with a Motor Vehicle in Transport,Dark - Lighted,Clear
California,63168,2,SAN DIEGO (73),EL CAJON,July,Wednesday,Local Street - Municipality,Urban,32.81159722,-116.9167028,Motor Vehicle In-Transport,Angle,Daylight,Clear
California,63169,1,LOS ANGELES (37),ARTESIA,August,Wednesday,State Highway,Urban,33.87634722,-118.0873972,Motor Vehicle In-Transport,Angle,Dark - Not Lighted,Cloudy
California,63170,1,SHASTA (89),REDDING,December,Friday,State Highway,Urban,40.56991111,-122.388025,Pedestrian,The First Harmful Event was Not a Collision with a Motor Vehicle in Transport,Dark - Lighted,Clear
California,63173,2,MERCED (47),MERCED,December,Wednesday,State Highway,Urban,37.29520556,-120.4560361,Pedestrian,The First Harmful Event was Not a Collision with a Motor Vehicle in Transport,Dark - Lighted,Clear
California,63178,1,KERN (29),BAKERSFIELD,July,Tuesday,Local Street - Frontage Road,Urban,35.36959722,-118.9955333,Pedalcyclist,The First Harmful Event was Not a Collision with a Motor Vehicle in Transport,Dark - Lighted,Clear
California,63179,2,KERN (29),BAKERSFIELD,June,Sunday,Local Street - Municipality,Urban,35.37999444,-119.0158528,Motor Vehicle In-Transport,Front-to-Front,Daylight,Clear
California,63181,1,ORANGE (59),NEWPORT BEACH,November,Sunday,State Highway,Urban,33.62600278,-117.9484278,Curb,The First Harmful Event was Not a Collision with a Motor Vehicle in Transport,Dark - Lighted,Clear
California,63184,1,KERN (29),BAKERSFIELD,November,Sunday,Local Street - Municipality,Urban,35.28140278,-119.0323111,Pedestrian,The First Harmful Event was Not a Collision with a Motor Vehicle in Transport,Dark - Not Lighted,Clear
California,63186,2,LOS ANGELES (37),SAN DIMAS,June,Wednesday,State Highway,Urban,34.10593889,-117.8213917,Motor Vehicle In-Transport,Angle,Dark - Lighted,Clear
California,63189,1,SAN BERNARDINO (71),TWENTYNINE PALMS,March,Tuesday,State Highway,Urban,34.13543611,-116.0969556,Pedestrian,The First Harmful Event was Not a Collision with a Motor Vehicle in Transport,Dawn,Rain
California,63192,4,SANTA CLARA (85),SAN JOSE,June,Monday,State Highway,Urban,37.29442222,-121.8103361,Motor Vehicle In-Transport,Angle,Dark - Lighted,Clear
California,63193,1,LOS ANGELES (37),POMONA,December,Monday,State Highway,Urban,34.04368889,-117.8009583,Pedestrian,The First Harmful Event was Not a Collision with a Motor Vehicle in Transport,Dark - Lighted,Cloudy
California,63206,3,STANISLAUS (99),MODESTO,December,Thursday,State Highway,Urban,37.68612778,-120.9942472,Pedestrian,The First Harmful Event was Not a Collision with a Motor Vehicle in Transport,Dark - Lighted,Clear
California,63207,8,SAN MATEO (81),MENLO PARK,September,Wednesday,U.S. Highway,Urban,37.48268889,-122.1791722,Motor Vehicle In-Transport,Front-to-Rear,Dark - Not Lighted,Clear
California,63209,5,KERN (29),BAKERSFIELD,November,Sunday,Local Street - Municipality,Urban,35.33973889,-119.1146389,Motor Vehicle In-Transport,Front-to-Rear,Daylight,Clear
California,63212,2,KERN (29),BAKERSFIELD,November,Sunday,Local Street - Municipality,Urban,35.33618056,-119.0300528,Motor Vehicle In-Transport,Angle,Daylight,Clear
California,63213,2,SAN DIEGO (73),NATIONAL CITY,November,Sunday,Interstate,Urban,32.66326111,-117.0786,Pedestrian,The First Harmful Event was Not a Collision with a Motor Vehicle in Transport,Dark - Lighted,Clear
California,63216,1,KERN (29),BAKERSFIELD,February,Tuesday,State Highway,Urban,35.38339167,-119.1099944,Pedestrian,The First Harmful Event was Not a Collision with a Motor Vehicle in Transport,Daylight,Clear
California,63217,1,KERN (29),BAKERSFIELD,April,Thursday,State Highway,Urban,35.38359722,-119.1159833,Pedestrian,The First Harmful Event was Not a Collision with a Motor Vehicle in Transport,Dark - Lighted,Clear
California,63218,1,ORANGE (59),STANTON,June,Saturday,State Highway,Urban,33.80034167,-117.9932167,Pedestrian,The First Harmful Event was Not a Collision with a Motor Vehicle in Transport,Daylight,Clear
California,63220,2,KERN (29),BAKERSFIELD,June,Wednesday,State Highway,Urban,35.26705833,-119.0641472,Motor Vehicle In-Transport,Front-to-Front,Daylight,Clear
California,63223,5,ORANGE (59),NEWPORT BEACH,June,Wednesday,State Highway,Urban,33.65997222,-117.8712194,Motor Vehicle In-Transport,Sideswipe - Opposite Direction,Daylight,Clear
California,63239,6,SANTA CLARA (85),SAN JOSE,November,Tuesday,Local Street - Municipality,Urban,37.35854444,-121.84355,Motor Vehicle In-Transport,Front-to-Rear,Dark - Not Lighted,Clear
California,63246,2,SANTA CLARA (85),SAN JOSE,December,Sunday,U.S. Highway,Rural,37.36991389,-121.9106972,Pedestrian,The First Harmful Event was Not a Collision with a Motor Vehicle in Transport,Dark - Lighted,Cloudy
California,63248,4,SAN BERNARDINO (71),SAN BERNARDINO,December,Monday,Interstate,Urban,34.12147778,-117.3023444,Wall,The First Harmful Event was Not a Collision with a Motor Vehicle in Transport,Dark - Not Lighted,Cloudy
California,63253,1,SACRAMENTO (67),SACRAMENTO,June,Monday,Interstate,Urban,38.57535278,-121.5076639,Concrete Traffic Barrier,The First Harmful Event was Not a Collision with a Motor Vehicle in Transport,Daylight,Clear
California,63254,1,LOS ANGELES (37),LONG BEACH,July,Sunday,Interstate,Urban,33.87618056,-118.1929194,Concrete Traffic Barrier,The First Harmful Event was Not a Collision with a Motor Vehicle in Transport,Dark - Not Lighted,Clear
California,63256,3,LOS ANGELES (37),LOS ANGELES,October,Tuesday,Interstate,Urban,34.10851944,-118.4801889,Motor Vehicle In-Transport,Front-to-Rear,Dark - Not Lighted,Clear
California,63261,2,SANTA CLARA (85),CUPERTINO,December,Wednesday,Interstate,Urban,37.32557222,-122.0049667,Motor Vehicle In-Transport,Front-to-Rear,Dark - Not Lighted,Clear
California,63270,5,KERN (29),BAKERSFIELD,November,Friday,State Highway,Urban,35.35266111,-119.0396528,Motor Vehicle In-Transport,Front-to-Rear,Daylight,Clear
California,63271,2,TULARE (107),TULARE,December,Sunday,Local Street - Municipality,Urban,36.19669722,-119.3379361,Pedestrian,The First Harmful Event was Not a Collision with a Motor Vehicle in Transport,Dark - Not Lighted,Cloudy
California,63272,4,LOS ANGELES (37),LOS ANGELES,July,Friday,Local Street - Municipality,Urban,34.00355278,-118.3091278,Motor Vehicle In-Transport,Angle,Daylight,Clear
California,63273,1,FRESNO (19),FRESNO,July,Sunday,Local Street - Municipality,Urban,36.7792,-119.8266556,Pedestrian,The First Harmful Event was Not a Collision with a Motor Vehicle in Transport,Dark - Not Lighted,Clear
California,63276,8,FRESNO (19),FRESNO,August,Saturday,Local Street - Municipality,Urban,36.80833611,-119.8746139,Motor Vehicle In-Transport,Angle,Daylight,Clear
California,63279,5,ORANGE (59),ANAHEIM,August,Sunday,State Highway,Urban,33.83379722,-117.7177444,Motor Vehicle In-Transport,Front-to-Rear,Daylight,Clear
California,63293,1,LOS ANGELES (37),LOS ANGELES,December,Monday,State Highway,Urban,34.03359444,-118.0296083,Traffic Sign Support,The First Harmful Event was Not a Collision with a Motor Vehicle in Transport,Dark - Lighted,Cloudy
California,63311,1,SOLANO (95),FAIRFIELD,July,Wednesday,Interstate,Urban,38.29321111,-122.0336861,Embankment,The First Harmful Event was Not a Collision with a Motor Vehicle in Transport,Dark - Not Lighted,Clear
California,63316,1,SOLANO (95),BENICIA,August,Monday,Interstate,Urban,38.059825,-122.1515306,Curb,The First Harmful Event was Not a Collision with a Motor Vehicle in Transport,Dusk,Clear
California,63320,2,ORANGE (59),HUNTINGTON BEACH,August,Friday,State Highway,Urban,33.68307778,-117.9888083,Motor Vehicle In-Transport,Angle,Daylight,Clear
California,63323,5,STANISLAUS (99),RIVERBANK,December,Friday,State Highway,Urban,37.73264444,-120.9586861,Motor Vehicle In-Transport,Angle,Dark - Lighted,Clear
California,63332,6,CONTRA COSTA (13),EL CERRITO,September,Sunday,Interstate,Urban,37.93419722,-122.3269,Motor Vehicle In-Transport,Front-to-Front,Dark - Not Lighted,Clear
California,63333,2,SANTA CLARA (85),SAN JOSE,December,Saturday,Interstate,Urban,37.31665278,-121.9109611,Pedestrian,The First Harmful Event was Not a Collision with a Motor Vehicle in Transport,Dark - Not Lighted,Cloudy
California,63360,1,LOS ANGELES (37),CARSON,October,Monday,State Highway,Urban,33.87141389,-118.2722667,Pedestrian,The First Harmful Event was Not a Collision with a Motor Vehicle in Transport,Dark - Lighted,Clear
California,63377,2,SOLANO (95),DIXON,November,Tuesday,Interstate,Urban,38.47449722,-121.8216972,Motor Vehicle In-Transport,Front-to-Rear,Dark - Lighted,Clear
California,63378,1,LOS ANGELES (37),LOS ANGELES,November,Thursday,U.S. Highway,Urban,34.16820278,-118.5882694,Motor Vehicle In-Transport,Sideswipe - Opposite Direction,Dark - Lighted,Cloudy
California,63380,2,SOLANO (95),VALLEJO,November,Sunday,State Highway,Urban,38.14231944,-122.2459861,Pedestrian,The First Harmful Event was Not a Collision with a Motor Vehicle in Transport,Dark - Not Lighted,Clear
California,63381,4,LOS ANGELES (37),DUARTE,December,Sunday,Interstate,Urban,34.13548056,-117.9751444,Motor Vehicle In-Transport,Front-to-Rear,Dark - Lighted,Clear
California,63382,1,LOS ANGELES (37),SOUTH GATE,July,Thursday,Interstate,Urban,33.93125278,-118.1786194,Pedestrian,The First Harmful Event was Not a Collision with a Motor Vehicle in Transport,Dark - Not Lighted,Clear
California,63383,3,SACRAMENTO (67),ELK GROVE,November,Saturday,Interstate,Urban,38.41451667,-121.4848611,Motor Vehicle In-Transport,Front-to-Rear,Daylight,Clear
Nevada,320002,1,CLARK (3),LAS VEGAS,January,Friday,Local Street - Township,Urban,36.17373056,-115.1095972,Pedestrian,The First Harmful Event was Not a Collision with a Motor Vehicle in Transport,Dark - Lighted,Clear
Nevada,320003,1,CLARK (3),LAS VEGAS,January,Wednesday,Local Street - Township,Urban,36.1773,-115.1468611,Pedestrian,The First Harmful Event was Not a Collision with a Motor Vehicle in Transport,Dark - Lighted,Clear
Nevada,320012,1,CLARK (3),NORTH LAS VEGAS,February,Saturday,State Highway,Urban,36.20201667,-115.1200472,Non-Motorist on Personal Conveyance,The First Harmful Event was Not a Collision with a Motor Vehicle in Transport,Dark - Lighted,Clear
Nevada,320013,1,CLARK (3),LAS VEGAS,February,Thursday,Local Street - Township,Urban,36.16640833,-115.2059583,Pedestrian,The First Harmful Event was Not a Collision with a Motor Vehicle in Transport,Dark - Lighted,Clear
Nevada,320018,1,WASHOE (31),RENO,January,Friday,Local Street - Municipality,Urban,39.53389167,-119.8077306,Pedestrian,The First Harmful Event was Not a Collision with a Motor Vehicle in Transport,Dark - Not Lighted,Clear
Nevada,320019,2,WASHOE (31),RENO,January,Sunday,Local Street - Municipality,Urban,39.45216389,-119.7368722,Pedestrian,The First Harmful Event was Not a Collision with a Motor Vehicle in Transport,Daylight,Clear
Nevada,320020,3,CLARK (3),NORTH LAS VEGAS,February,Sunday,Local Street - Municipality,Urban,36.19593333,-115.1050028,Motor Vehicle In-Transport,Angle,Dark - Lighted,Clear
Nevada,320021,1,CLARK (3),LAS VEGAS,February,Wednesday,State Highway,Urban,36.14422778,-115.177725,Pedestrian,The First Harmful Event was Not a Collision with a Motor Vehicle in Transport,Dark - Lighted,Clear
Nevada,320025,1,CLARK (3),NORTH LAS VEGAS,March,Tuesday,Local Street - Township,Urban,36.18845,-115.1398139,Pedestrian,The First Harmful Event was Not a Collision with a Motor Vehicle in Transport,Dawn,Rain
Nevada,320028,3,CLARK (3),HENDERSON,March,Thursday,Local Street - Township,Urban,35.96286944,-115.1594167,Motor Vehicle In-Transport,Front-to-Front,Dark - Not Lighted,Clear
Nevada,320038,2,CLARK (3),LAS VEGAS,April,Sunday,Local Street - Municipality,Urban,36.16246944,-115.0803972,Pedestrian,The First Harmful Event was Not a Collision with a Motor Vehicle in Transport,Daylight,Clear
Nevada,320039,1,WASHOE (31),RENO,March,Friday,Local Street - Municipality,Urban,39.50873056,-119.7778389,Pedestrian,The First Harmful Event was Not a Collision with a Motor Vehicle in Transport,Dark - Lighted,Clear
Nevada,320040,1,CLARK (3),HENDERSON,April,Wednesday,Local Street - Municipality,Urban,36.03241389,-114.9814944,Pedestrian,The First Harmful Event was Not a Collision with a Motor Vehicle in Transport,Dark - Lighted,Clear
Nevada,320041,1,CLARK (3),LAS VEGAS,April,Tuesday,Local Street - Municipality,Urban,36.18123889,-115.1880083,Pedestrian,The First Harmful Event was Not a Collision with a Motor Vehicle in Transport,Daylight,Clear
Nevada,320044,1,CLARK (3),LAS VEGAS,January,Sunday,Interstate,Urban,36.06309167,-115.1504833,Concrete Traffic Barrier,The First Harmful Event was Not a Collision with a Motor Vehicle in Transport,Daylight,Clear
Nevada,320045,3,WASHOE (31),SPARKS,March,Thursday,Local Street - Municipality,Urban,39.55006111,-119.7712389,Motor Vehicle In-Transport,Angle,Dusk,Clear
Nevada,320048,1,WASHOE (31),RENO,February,Thursday,Local Street - Municipality,Urban,39.513375,-119.7891472,Pedestrian,The First Harmful Event was Not a Collision with a Motor Vehicle in Transport,Dark - Lighted,Rain
Nevada,320050,4,CLARK (3),LAS VEGAS,February,Tuesday,Local Street - Township,Urban,36.18113333,-115.1205639,Motor Vehicle In-Transport,Angle,Dark - Lighted,Cloudy
Nevada,320052,2,CLARK (3),NORTH LAS VEGAS,April,Saturday,Local Street - Municipality,Urban,36.22486667,-115.1615333,Motor Vehicle In-Transport,Angle,Dark - Lighted,Clear
Nevada,320058,3,CLARK (3),LAS VEGAS,April,Sunday,Local Street - Municipality,Urban,36.15178889,-115.2080639,Motor Vehicle In-Transport,Angle,Dark - Lighted,Clear
Nevada,320059,4,WASHOE (31),SPARKS,March,Tuesday,Local Street - Municipality,Urban,39.56111944,-119.7054639,Motor Vehicle In-Transport,Angle,Daylight,Cloudy
Nevada,320060,2,ELKO (7),CARLIN,January,Friday,Local Street - Township,Rural,40.71703611,-116.1320972,Other Fixed Object,The First Harmful Event was Not a Collision with a Motor Vehicle in Transport,Dark - Not Lighted,Cloudy
Nevada,320062,1,CLARK (3),LAS VEGAS,May,Friday,Local Street - Township,Urban,36.31393611,-115.2876917,Pedestrian,The First Harmful Event was Not a Collision with a Motor Vehicle in Transport,Dark - Lighted,Clear
Nevada,320067,4,CLARK (3),HENDERSON,April,Friday,State Highway,Urban,36.06578611,-115.0113083,Pedestrian,The First Harmful Event was Not a Collision with a Motor Vehicle in Transport,Dusk,Clear
Nevada,320068,5,CLARK (3),LAS VEGAS,May,Saturday,State Highway,Urban,36.15884722,-115.3231944,Motor Vehicle In-Transport,Angle,Daylight,Clear
Nevada,320069,3,CLARK (3),LAS VEGAS,May,Sunday,State Highway,Urban,36.24061389,-115.2422944,Motor Vehicle In-Transport,Angle,Dark - Lighted,Clear
Nevada,320072,1,WASHOE (31),SPARKS,January,Wednesday,Local Street - Municipality,Urban,39.61803889,-119.6816917,Pedestrian,The First Harmful Event was Not a Collision with a Motor Vehicle in Transport,Daylight,Clear
Nevada,320077,1,CLARK (3),HENDERSON,May,Monday,State Highway,Rural,36.06479167,-115.0105472,Non-Motorist on Personal Conveyance,The First Harmful Event was Not a Collision with a Motor Vehicle in Transport,Daylight,Clear
Nevada,320078,1,CLARK (3),HENDERSON,May,Saturday,State Highway,Urban,36.07090556,-115.0721,Pedestrian,The First Harmful Event was Not a Collision with a Motor Vehicle in Transport,Daylight,Clear
Nevada,320079,1,CLARK (3),HENDERSON,May,Monday,Local Street - Township,Urban,36.04961389,-115.1092611,Fence,The First Harmful Event was Not a Collision with a Motor Vehicle in Transport,Dark - Lighted,Clear
Nevada,320083,3,CLARK (3),HENDERSON,January,Monday,Local Street - Municipality,Urban,36.03277222,-114.9753389,Motor Vehicle In-Transport,Angle,Daylight,Cloudy
Nevada,320088,2,CLARK (3),LAS VEGAS,June,Tuesday,Local Street - Municipality,Urban,36.30195556,-115.2626139,Motor Vehicle In-Transport,Angle,Dark - Lighted,Clear
Nevada,320089,6,CLARK (3),LAS VEGAS,June,Sunday,Local Street - Municipality,Urban,36.26982778,-115.3426333,Rollover/Overturn,The First Harmful Event was Not a Collision with a Motor Vehicle in Transport,Dark - Not Lighted,Clear
Nevada,320095,2,CLARK (3),LAS VEGAS,April,Sunday,State Highway,Urban,36.19578056,-115.2298889,Motor Vehicle In-Transport,Angle,Daylight,Clear
Nevada,320099,1,WASHOE (31),RENO,May,Friday,Local Street - Municipality,Urban,39.53429444,-119.7982333,Other Fixed Object,The First Harmful Event was Not a Collision with a Motor Vehicle in Transport,Dark - Lighted,Clear
Nevada,320107,3,WASHOE (31),RENO,May,Friday,Local Street - Township,Urban,39.51458611,-119.7936861,Motor Vehicle In-Transport,Angle,Daylight,Clear
Nevada,320109,5,CLARK (3),LAS VEGAS,July,Tuesday,Local Street - Municipality,Urban,36.18110833,-115.1979167,Other Object (not fixed),The First Harmful Event was Not a Collision with a Motor Vehicle in Transport,Daylight,Clear
Nevada,320113,1,WASHOE (31),RENO,April,Friday,Local Street - Municipality,Urban,39.49120833,-119.8079,Pedalcyclist,The First Harmful Event was Not a Collision with a Motor Vehicle in Transport,Daylight,Clear
Nevada,320115,4,LYON (19),FERNLEY,April,Friday,U.S. Highway,Rural,39.59264722,-119.155,Motor Vehicle In-Transport,Angle,Daylight,Cloudy
Nevada,320121,3,CLARK (3),LAS VEGAS,May,Friday,Local Street - Municipality,Urban,36.19571389,-115.1695222,Motor Vehicle In-Transport,Angle,Daylight,Clear
Nevada,320122,1,CLARK (3),LAS VEGAS,May,Wednesday,Local Street - Municipality,Urban,36.172925,-115.1454694,Pedestrian,The First Harmful Event was Not a Collision with a Motor Vehicle in Transport,Daylight,Cloudy
Nevada,320123,5,WASHOE (31),RENO,July,Friday,Local Street - Municipality,Urban,39.57023611,-119.8253306,Motor Vehicle In-Transport,Angle,Daylight,Cloudy
Nevada,320124,1,CLARK (3),LAS VEGAS,August,Friday,Local Street - Township,Urban,36.15534167,-115.1368556,Curb,The First Harmful Event was Not a Collision with a Motor Vehicle in Transport,Dark - Lighted,Clear
Nevada,320125,2,CLARK (3),NORTH LAS VEGAS,August,Friday,State Highway,Urban,36.19590833,-115.1068306,Motor Vehicle In-Transport,Angle,Dark - Lighted,Clear
Nevada,320131,1,CLARK (3),LAS VEGAS,June,Thursday,State Highway,Urban,36.15913333,-115.2010389,Pedestrian,The First Harmful Event was Not a Collision with a Motor Vehicle in Transport,Dark - Lighted,Clear
Nevada,320133,2,WASHOE (31),RENO,May,Monday,U.S. Highway,Urban,39.55343889,-119.8261611,Motor Vehicle In-Transport,Angle,Dark - Not Lighted,Rain
Nevada,320136,2,CLARK (3),LAS VEGAS,August,Friday,Local Street - Municipality,Urban,36.19083333,-115.1607972,Motor Vehicle In-Transport,Angle,Daylight,Clear
Nevada,320141,2,CLARK (3),LAS VEGAS,July,Tuesday,Local Street - Township,Urban,36.23344722,-115.269875,Motor Vehicle In-Transport,Angle,Dark - Lighted,Clear
Nevada,320145,2,WASHOE (31),RENO,June,Wednesday,Local Street - Municipality,Urban,39.47894444,-119.7549139,Motor Vehicle In-Transport,Angle,Daylight,Clear
Nevada,320149,1,LYON (19),DAYTON,August,Thursday,State Highway,Rural,39.300725,-119.5290333,Pedestrian,The First Harmful Event was Not a Collision with a Motor Vehicle in Transport,Dawn,Clear
Nevada,320151,2,WASHOE (31),SPARKS,September,Monday,Local Street - Municipality,Urban,39.54107778,-119.7486889,Parked Motor Vehicle,The First Harmful Event was Not a Collision with a Motor Vehicle in Transport,Dark - Lighted,Clear
Nevada,320152,4,CLARK (3),LAS VEGAS,September,Sunday,State Highway,Urban,36.21834167,-115.2650444,Motor Vehicle In-Transport,Angle,Daylight,Clear
Nevada,320154,5,CLARK (3),LAS VEGAS,September,Wednesday,State Highway,Urban,36.14422778,-115.2294,Motor Vehicle In-Transport,Front-to-Front,Daylight,Clear
Nevada,320161,2,CLARK (3),NORTH LAS VEGAS,October,Friday,Local Street - Township,Urban,36.20282222,-115.1917028,Motor Vehicle In-Transport,Angle,Daylight,Clear
Nevada,320163,1,CLARK (3),LAS VEGAS,October,Saturday,Local Street - Township,Urban,36.17370278,-115.1476722,Curb,The First Harmful Event was Not a Collision with a Motor Vehicle in Transport,Dark - Lighted,Clear
Nevada,320164,1,CLARK (3),HENDERSON,September,Sunday,State Highway,Urban,36.07079722,-115.0808222,Pedestrian,The First Harmful Event was Not a Collision with a Motor Vehicle in Transport,Dark - Lighted,Clear
Nevada,320172,1,CLARK (3),NORTH LAS VEGAS,October,Friday,Local Street - Township,Urban,36.26053056,-115.15575,Pedestrian,The First Harmful Event was Not a Collision with a Motor Vehicle in Transport,Dark - Lighted,Clear
Nevada,320176,1,WASHOE (31),RENO,October,Tuesday,Local Street - Municipality,Urban,39.50521111,-119.7858306,Pedestrian,The First Harmful Event was Not a Collision with a Motor Vehicle in Transport,Dark - Lighted,Clear
Nevada,320177,1,WASHOE (31),RENO,September,Sunday,Local Street - Municipality,Urban,39.53055,-119.81085,Pedestrian,The First Harmful Event was Not a Collision with a Motor Vehicle in Transport,Dark - Lighted,Cloudy
Nevada,320178,2,WASHOE (31),RENO,October,Saturday,Local Street - Municipality,Urban,39.53115833,-119.8076972,Pedestrian,The First Harmful Event was Not a Collision with a Motor Vehicle in Transport,Dark - Lighted,Clear
Nevada,320196,3,CLARK (3),LAS VEGAS,August,Friday,State Highway,Urban,36.14429722,-115.1254556,Motor Vehicle In-Transport,Angle,Daylight,Clear
Nevada,320200,3,CLARK (3),NORTH LAS VEGAS,November,Saturday,Local Street - Township,Urban,36.29698056,-115.1885694,Motor Vehicle In-Transport,Angle,Dark - Lighted,Clear
Nevada,320212,2,WASHOE (31),SPARKS,November,Tuesday,Local Street - Municipality,Urban,39.58034722,-119.7179194,Pedestrian,The First Harmful Event was Not a Collision with a Motor Vehicle in Transport,Dark - Lighted,Cloudy
Nevada,320214,2,CLARK (3),NORTH LAS VEGAS,November,Friday,State Highway,Urban,36.21768056,-115.1271972,Motor Vehicle In-Transport,Angle,Daylight,Clear
Nevada,320217,2,CLARK (3),HENDERSON,November,Wednesday,Local Street - Township,Urban,36.05660833,-115.0892194,Motor Vehicle In-Transport,Front-to-Rear,Dark - Lighted,Cloudy
Nevada,320232,6,WASHOE (31),RENO,September,Friday,State Highway,Urban,39.55234444,-119.8122639,Motor Vehicle In-Transport,Front-to-Rear,Daylight,Clear
Nevada,320236,1,CLARK (3),HENDERSON,October,Sunday,State Highway,Rural,36.06430556,-115.0095778,Tree (Standing Only),The First Harmful Event was Not a Collision with a Motor Vehicle in Transport,Dark - Lighted,Clear
Nevada,320238,1,CLARK (3),LAS VEGAS,October,Wednesday,Local Street - Municipality,Urban,36.20833333,-115.2606306,Pedestrian,The First Harmful Event was Not a Collision with a Motor Vehicle in Transport,Dark - Lighted,Clear
Nevada,320240,2,CLARK (3),LAS VEGAS,November,Tuesday,Local Street - Municipality,Urban,36.17403889,-115.2871556,Motor Vehicle In-Transport,Angle,Daylight,Clear
Nevada,320241,1,CLARK (3),LAS VEGAS,November,Friday,Local Street - Municipality,Urban,36.16906389,-115.1333,Pedestrian,The First Harmful Event was Not a Collision with a Motor Vehicle in Transport,Dark - Lighted,Clear
Nevada,320244,1,CLARK (3),LAS VEGAS,December,Monday,State Highway,Urban,36.24023056,-115.2379778,Pedestrian,The First Harmful Event was Not a Collision with a Motor Vehicle in Transport,Dark - Lighted,Clear
Nevada,320249,2,CLARK (3),LAS VEGAS,December,Monday,Local Street - Municipality,Urban,36.26898056,-115.2333889,Motor Vehicle In-Transport,Angle,Dusk,Clear
Nevada,320258,3,CLARK (3),LAS VEGAS,December,Saturday,Local Street - Municipality,Rural,36.20936944,-115.2605806,Motor Vehicle In-Transport,Angle,Daylight,Clear
Nevada,320266,2,WASHOE (31),RENO,July,Tuesday,Local Street - Township,Urban,39.50245833,-119.7961444,Motor Vehicle In-Transport,Angle,Daylight,Cloudy
Nevada,320272,2,CLARK (3),NORTH LAS VEGAS,November,Tuesday,Local Street - Township,Urban,36.26181667,-115.1625722,Motor Vehicle In-Transport,Angle,Daylight,Clear
Nevada,320283,1,CLARK (3),NORTH LAS VEGAS,May,Friday,Local Street - Municipality,Urban,36.2856,-115.2064833,Pedalcyclist,The First Harmful Event was Not a Collision with a Motor Vehicle in Transport,Dark - Lighted,Clear